{
"type": "FeatureCollection",
"name": "access_near_leases",
"crs": { "type": "name", "properties": { "name": "urn:ogc:def:crs:OGC:1.3:CRS84" } },
"features": [
{ "type": "Feature", "properties": { "ACCESS_ID": "Leland Access", "OBJECTID": 59, "PLACE": "Ocean Isle Beach", "ACCESS_LOC": "E First St & Leland St", "LOCL_SPONS": " ", "CAMA_SIGN": "Yes", "PARKING": 25.0, "DUNE_WALK": "Y", "OVERLOOK": "No", "HAND_DUNE": "No", "HAND_OVRLK": "No", "HAND_BEACH": "No", "HAND_PRKG": 2.0, "RESTRM": "N", "SHOWER": "N", "PIC_TABLE": "No", "VEH_ACCESS": "No", "BIKE_RACK": "Yes", "SURV_DATE": 1628677185000.0, "COMMENT_": " ", "PRKG_COMMENTS": "Parking on Leland St", "COUNTY": "Brunswick", "DCM_RO": "WILM", "NCDCM_ID": 372.0, "PHOTO": "OC58.png", "PRK_FEE": "No", "DCM_Funded": "Y", "CONTRACT_YR": null, "CONTRACT_NUM": null, "ACESS_TYPE": "Beach", "KayakCanoeLaunch": "No", "PARKING_OPTIONS": "Both Parking Options", "BeachWheelchair": "Y", "BWC_Info": "https://www.oibgov.com/pview.aspx?id=20773&catid=0", "PaidParkURL": "n/a", "WaterAccessTYPE": "Ocean", "BeachMat": null, "Land_Status": "Municipality", "NEAR_FID": 566.0, "NEAR_DIST": 1098.9097071662072, "ACCESSIBILITY_NOTES": null, "LIFEGUARDS": null }, "geometry": { "type": "Point", "coordinates": [ -78.419003915598594, 33.891840097640717 ] } },
{ "type": "Feature", "properties": { "ACCESS_ID": "Goldsboro Access", "OBJECTID": 566, "PLACE": "Ocean Isle Beach", "ACCESS_LOC": "East First St & Goldsboro St", "LOCL_SPONS": " ", "CAMA_SIGN": "Yes", "PARKING": 21.0, "DUNE_WALK": "Y", "OVERLOOK": "No", "HAND_DUNE": "No", "HAND_OVRLK": "No", "HAND_BEACH": "No", "HAND_PRKG": 2.0, "RESTRM": "N", "SHOWER": "N", "PIC_TABLE": "No", "VEH_ACCESS": " ", "BIKE_RACK": "Yes", "SURV_DATE": 1628677185000.0, "COMMENT_": " ", "PRKG_COMMENTS": "Parking on Goldsboro St", "COUNTY": "Brunswick", "DCM_RO": "WILM", "NCDCM_ID": 371.0, "PHOTO": "OC57.png", "PRK_FEE": "No", "DCM_Funded": "Y", "CONTRACT_YR": null, "CONTRACT_NUM": null, "ACESS_TYPE": "Beach", "KayakCanoeLaunch": "No", "PARKING_OPTIONS": "Both Parking Options", "BeachWheelchair": "Y", "BWC_Info": "https://www.oibgov.com/pview.aspx?id=20773&catid=0", "PaidParkURL": "n/a", "WaterAccessTYPE": "Ocean", "BeachMat": null, "Land_Status": "Municipality", "NEAR_FID": 59.0, "NEAR_DIST": 1098.9097071662072, "ACCESSIBILITY_NOTES": null, "LIFEGUARDS": null }, "geometry": { "type": "Point", "coordinates": [ -78.415554902337206, 33.892758231123288 ] } },
{ "type": "Feature", "properties": { "ACCESS_ID": "Chadbourn Access", "OBJECTID": 564, "PLACE": "Ocean Isle Beach", "ACCESS_LOC": "East First Street and Chadbourn Street", "LOCL_SPONS": "Ocean Isle Beach", "CAMA_SIGN": "Yes", "PARKING": 25.0, "DUNE_WALK": "Y", "OVERLOOK": "No", "HAND_DUNE": "No", "HAND_OVRLK": "No", "HAND_BEACH": "No", "HAND_PRKG": null, "RESTRM": "N", "SHOWER": "N", "PIC_TABLE": "No", "VEH_ACCESS": "No", "BIKE_RACK": "N", "SURV_DATE": 1628677185000.0, "COMMENT_": " ", "PRKG_COMMENTS": "https://www.oibgov.com/20698/Public-Beach-Access", "COUNTY": "Brunswick", "DCM_RO": "WILM", "NCDCM_ID": 370.0, "PHOTO": "OC56.png", "PRK_FEE": "No", "DCM_Funded": "Y", "CONTRACT_YR": null, "CONTRACT_NUM": null, "ACESS_TYPE": "Beach", "KayakCanoeLaunch": "No", "PARKING_OPTIONS": "Both Parking Options", "BeachWheelchair": "Y", "BWC_Info": "https://www.oibgov.com/pview.aspx?id=20773&catid=0", "PaidParkURL": "n/a", "WaterAccessTYPE": "Ocean", "BeachMat": null, "Land_Status": "Municipality", "NEAR_FID": 562.0, "NEAR_DIST": 1098.3493340628361, "ACCESSIBILITY_NOTES": null, "LIFEGUARDS": null }, "geometry": { "type": "Point", "coordinates": [ -78.412081978617806, 33.893618572888101 ] } },
{ "type": "Feature", "properties": { "ACCESS_ID": "Winnabow Access", "OBJECTID": 562, "PLACE": "Ocean Isle Beach", "ACCESS_LOC": "East First Street and Winnabow Street", "LOCL_SPONS": " ", "CAMA_SIGN": "Yes", "PARKING": 25.0, "DUNE_WALK": "Y", "OVERLOOK": "No", "HAND_DUNE": "No", "HAND_OVRLK": "No", "HAND_BEACH": "No", "HAND_PRKG": 2.0, "RESTRM": "N", "SHOWER": "N", "PIC_TABLE": "No", "VEH_ACCESS": "E", "BIKE_RACK": "Yes", "SURV_DATE": 1628677185000.0, "COMMENT_": " ", "PRKG_COMMENTS": "Additional parking on Winnabow St", "COUNTY": "Brunswick", "DCM_RO": "WILM", "NCDCM_ID": 369.0, "PHOTO": "OC55.png", "PRK_FEE": "No", "DCM_Funded": "Y", "CONTRACT_YR": null, "CONTRACT_NUM": null, "ACESS_TYPE": "Beach", "KayakCanoeLaunch": "No", "PARKING_OPTIONS": "Both Parking Options", "BeachWheelchair": "Y", "BWC_Info": "https://www.oibgov.com/pview.aspx?id=20773&catid=0", "PaidParkURL": "n/a", "WaterAccessTYPE": "Ocean", "BeachMat": null, "Land_Status": "Municipality", "NEAR_FID": 564.0, "NEAR_DIST": 1098.3493340628361, "ACCESSIBILITY_NOTES": null, "LIFEGUARDS": null }, "geometry": { "type": "Point", "coordinates": [ -78.408619080097097, 33.894494517877007 ] } },
{ "type": "Feature", "properties": { "ACCESS_ID": "Greensboro Access", "OBJECTID": 560, "PLACE": "Ocean Isle Beach", "ACCESS_LOC": "East First Street and Greensboro Street", "LOCL_SPONS": " ", "CAMA_SIGN": "Yes", "PARKING": null, "DUNE_WALK": "Y", "OVERLOOK": "No", "HAND_DUNE": "No", "HAND_OVRLK": "No", "HAND_BEACH": "No", "HAND_PRKG": null, "RESTRM": "N", "SHOWER": "N", "PIC_TABLE": "No", "VEH_ACCESS": "E", "BIKE_RACK": "No", "SURV_DATE": 1628677185000.0, "COMMENT_": " ", "PRKG_COMMENTS": null, "COUNTY": "Brunswick", "DCM_RO": "WILM", "NCDCM_ID": 368.0, "PHOTO": "OC54.png", "PRK_FEE": null, "DCM_Funded": "Y", "CONTRACT_YR": null, "CONTRACT_NUM": null, "ACESS_TYPE": "Beach", "KayakCanoeLaunch": "No", "PARKING_OPTIONS": "No Parking", "BeachWheelchair": "Y", "BWC_Info": "https://www.oibgov.com/pview.aspx?id=20773&catid=0", "PaidParkURL": "n/a", "WaterAccessTYPE": "Ocean", "BeachMat": null, "Land_Status": "Municipality", "NEAR_FID": 557.0, "NEAR_DIST": 840.96249750845618, "ACCESSIBILITY_NOTES": null, "LIFEGUARDS": null }, "geometry": { "type": "Point", "coordinates": [ -78.405068055050293, 33.89528795848701 ] } },
{ "type": "Feature", "properties": { "ACCESS_ID": "391 E. First Street Access", "OBJECTID": 557, "PLACE": "Ocean Isle Beach", "ACCESS_LOC": "391 E. First Street", "LOCL_SPONS": " ", "CAMA_SIGN": "Yes", "PARKING": null, "DUNE_WALK": "Y", "OVERLOOK": "No", "HAND_DUNE": "No", "HAND_OVRLK": "No", "HAND_BEACH": "No", "HAND_PRKG": null, "RESTRM": "N", "SHOWER": "N", "PIC_TABLE": "No", "VEH_ACCESS": "No", "BIKE_RACK": "No", "SURV_DATE": 1628677185000.0, "COMMENT_": " ", "PRKG_COMMENTS": null, "COUNTY": "Brunswick", "DCM_RO": "WILM", "NCDCM_ID": 367.0, "PHOTO": "OC53.png", "PRK_FEE": null, "DCM_Funded": "N", "CONTRACT_YR": null, "CONTRACT_NUM": null, "ACESS_TYPE": "Beach", "KayakCanoeLaunch": "No", "PARKING_OPTIONS": "No Parking", "BeachWheelchair": "Y", "BWC_Info": "https://www.oibgov.com/pview.aspx?id=20773&catid=0", "PaidParkURL": "n/a", "WaterAccessTYPE": "Ocean", "BeachMat": null, "Land_Status": "Municipality", "NEAR_FID": 555.0, "NEAR_DIST": 257.697006550232, "ACCESSIBILITY_NOTES": null, "LIFEGUARDS": null }, "geometry": { "type": "Point", "coordinates": [ -78.402382186673904, 33.895855472309094 ] } },
{ "type": "Feature", "properties": { "ACCESS_ID": "Highpoint Street", "OBJECTID": 555, "PLACE": "Ocean Isle Beach", "ACCESS_LOC": "E 1st St & Highpoint St", "LOCL_SPONS": " ", "CAMA_SIGN": "No", "PARKING": null, "DUNE_WALK": "Y", "OVERLOOK": "No", "HAND_DUNE": "No", "HAND_OVRLK": "No", "HAND_BEACH": "No", "HAND_PRKG": null, "RESTRM": "N", "SHOWER": "N", "PIC_TABLE": "No", "VEH_ACCESS": "No", "BIKE_RACK": "No", "SURV_DATE": 1628677185000.0, "COMMENT_": " ", "PRKG_COMMENTS": null, "COUNTY": "Brunswick", "DCM_RO": "WILM", "NCDCM_ID": 366.0, "PHOTO": "OC52.png", "PRK_FEE": null, "DCM_Funded": "Y", "CONTRACT_YR": null, "CONTRACT_NUM": null, "ACESS_TYPE": "Beach", "KayakCanoeLaunch": "No", "PARKING_OPTIONS": "No Parking", "BeachWheelchair": "Y", "BWC_Info": "https://www.oibgov.com/pview.aspx?id=20773&catid=0", "PaidParkURL": "n/a", "WaterAccessTYPE": "Ocean", "BeachMat": null, "Land_Status": "Municipality", "NEAR_FID": 557.0, "NEAR_DIST": 257.697006550232, "ACCESSIBILITY_NOTES": null, "LIFEGUARDS": null }, "geometry": { "type": "Point", "coordinates": [ -78.4015509458971, 33.895999709031095 ] } },
{ "type": "Feature", "properties": { "ACCESS_ID": "Lumberton Access", "OBJECTID": 553, "PLACE": "Ocean Isle Beach", "ACCESS_LOC": "Lumberton Street", "LOCL_SPONS": " ", "CAMA_SIGN": "Yes", "PARKING": null, "DUNE_WALK": "Y", "OVERLOOK": "No", "HAND_DUNE": "No", "HAND_OVRLK": "No", "HAND_BEACH": "No", "HAND_PRKG": null, "RESTRM": "N", "SHOWER": "N", "PIC_TABLE": "No", "VEH_ACCESS": "No", "BIKE_RACK": "No", "SURV_DATE": 1628677185000.0, "COMMENT_": " ", "PRKG_COMMENTS": "12 Golf Park Parking Spots", "COUNTY": "Brunswick", "DCM_RO": "WILM", "NCDCM_ID": 365.0, "PHOTO": "OC51.png", "PRK_FEE": null, "DCM_Funded": "N", "CONTRACT_YR": null, "CONTRACT_NUM": null, "ACESS_TYPE": "Beach", "KayakCanoeLaunch": "No", "PARKING_OPTIONS": "No Parking", "BeachWheelchair": "Y", "BWC_Info": "https://www.oibgov.com/pview.aspx?id=20773&catid=0", "PaidParkURL": "n/a", "WaterAccessTYPE": "Ocean", "BeachMat": null, "Land_Status": "Municipality", "NEAR_FID": 842.0, "NEAR_DIST": 553.78964966988178, "ACCESSIBILITY_NOTES": null, "LIFEGUARDS": null }, "geometry": { "type": "Point", "coordinates": [ -78.399755999670006, 33.89659866708471 ] } },
{ "type": "Feature", "properties": { "ACCESS_ID": "Durham St", "OBJECTID": 842, "PLACE": "Ocean Isle Beach", "ACCESS_LOC": "E 2nd St & Durham St", "LOCL_SPONS": "Ocean Isle Beach", "CAMA_SIGN": "Yes", "PARKING": 2.0, "DUNE_WALK": "Y", "OVERLOOK": "Y", "HAND_DUNE": "N", "HAND_OVRLK": "Y", "HAND_BEACH": "N", "HAND_PRKG": null, "RESTRM": "N", "SHOWER": "N", "PIC_TABLE": "N", "VEH_ACCESS": "No", "BIKE_RACK": "N", "SURV_DATE": 1628674755000.0, "COMMENT_": "Handicap access to gazebo only", "PRKG_COMMENTS": "https://www.oibgov.com/20698/Public-Beach-Access", "COUNTY": "Brunswick", "DCM_RO": "WILM", "NCDCM_ID": null, "PHOTO": null, "PRK_FEE": null, "DCM_Funded": "Y", "CONTRACT_YR": null, "CONTRACT_NUM": null, "ACESS_TYPE": "Beach", "KayakCanoeLaunch": "N", "PARKING_OPTIONS": "Onsite Parking", "BeachWheelchair": "Y", "BWC_Info": "https://www.oibgov.com/pview.aspx?id=20773&catid=0", "PaidParkURL": "n/a", "WaterAccessTYPE": "Ocean", "BeachMat": null, "Land_Status": "Municipality", "NEAR_FID": 551.0, "NEAR_DIST": 544.87059977592116, "ACCESSIBILITY_NOTES": null, "LIFEGUARDS": null }, "geometry": { "type": "Point", "coordinates": [ -78.3979933559622, 33.896991842703898 ] } },
{ "type": "Feature", "properties": { "ACCESS_ID": "Charlotte Street - TEMP CLOSED", "OBJECTID": 551, "PLACE": "Ocean Isle Beach", "ACCESS_LOC": "East 2nd St & Charlotte St", "LOCL_SPONS": " ", "CAMA_SIGN": "Yes", "PARKING": 16.0, "DUNE_WALK": "N", "OVERLOOK": "No", "HAND_DUNE": "No", "HAND_OVRLK": "No", "HAND_BEACH": "N", "HAND_PRKG": 3.0, "RESTRM": "N", "SHOWER": "N", "PIC_TABLE": "No", "VEH_ACCESS": "No", "BIKE_RACK": "No", "SURV_DATE": 1628677185000.0, "COMMENT_": "Handicap accessible to beach", "PRKG_COMMENTS": "Parking on Charlotte St", "COUNTY": "Brunswick", "DCM_RO": "WILM", "NCDCM_ID": 364.0, "PHOTO": "OC49.png", "PRK_FEE": "No", "DCM_Funded": "Y", "CONTRACT_YR": null, "CONTRACT_NUM": null, "ACESS_TYPE": "Beach", "KayakCanoeLaunch": "No", "PARKING_OPTIONS": "On-Street Parking", "BeachWheelchair": "Y", "BWC_Info": "https://www.oibgov.com/pview.aspx?id=20773&catid=0", "PaidParkURL": "n/a", "WaterAccessTYPE": "Ocean", "BeachMat": null, "Land_Status": "Municipality", "NEAR_FID": 842.0, "NEAR_DIST": 544.87059977592116, "ACCESSIBILITY_NOTES": null, "LIFEGUARDS": null }, "geometry": { "type": "Point", "coordinates": [ -78.396211374221295, 33.897173410832806 ] } },
{ "type": "Feature", "properties": { "ACCESS_ID": "Shalotte Blvd", "OBJECTID": 841, "PLACE": "Ocean Isle Beach", "ACCESS_LOC": "E 3rd St & Shallotte Blvd", "LOCL_SPONS": null, "CAMA_SIGN": "Yes", "PARKING": 61.0, "DUNE_WALK": "Y", "OVERLOOK": "N", "HAND_DUNE": "N", "HAND_OVRLK": "N", "HAND_BEACH": "N", "HAND_PRKG": 6.0, "RESTRM": "N", "SHOWER": "N", "PIC_TABLE": "Y", "VEH_ACCESS": "No", "BIKE_RACK": "N", "SURV_DATE": 1628677185000.0, "COMMENT_": null, "PRKG_COMMENTS": "Parking on E 3rd St", "COUNTY": "Brunswick", "DCM_RO": "WILM", "NCDCM_ID": null, "PHOTO": null, "PRK_FEE": "N", "DCM_Funded": "Y", "CONTRACT_YR": null, "CONTRACT_NUM": null, "ACESS_TYPE": "Beach", "KayakCanoeLaunch": "N", "PARKING_OPTIONS": "On-Street Parking", "BeachWheelchair": "Y", "BWC_Info": "https://www.oibgov.com/pview.aspx?id=20773&catid=0", "PaidParkURL": "n/a", "WaterAccessTYPE": "Ocean", "BeachMat": null, "Land_Status": "Municipality", "NEAR_FID": 551.0, "NEAR_DIST": 716.53755251927942, "ACCESSIBILITY_NOTES": null, "LIFEGUARDS": null }, "geometry": { "type": "Point", "coordinates": [ -78.394120513058198, 33.898087631995224 ] } },
{ "type": "Feature", "properties": { "ACCESS_ID": "Fourth Street", "OBJECTID": 840, "PLACE": "Ocean Isle Beach", "ACCESS_LOC": "E 4th St", "LOCL_SPONS": "Ocean Isle Beach", "CAMA_SIGN": "Yes", "PARKING": null, "DUNE_WALK": "N", "OVERLOOK": "N", "HAND_DUNE": "N", "HAND_OVRLK": "N", "HAND_BEACH": "N", "HAND_PRKG": null, "RESTRM": "N", "SHOWER": "N", "PIC_TABLE": "N", "VEH_ACCESS": "No", "BIKE_RACK": "N", "SURV_DATE": 1628677185000.0, "COMMENT_": "Sand path ", "PRKG_COMMENTS": "https://www.oibgov.com/20698/Public-Beach-Access", "COUNTY": "Brunswick", "DCM_RO": "WILM", "NCDCM_ID": null, "PHOTO": null, "PRK_FEE": null, "DCM_Funded": "N", "CONTRACT_YR": null, "CONTRACT_NUM": null, "ACESS_TYPE": "Beach", "KayakCanoeLaunch": "N", "PARKING_OPTIONS": "No Parking", "BeachWheelchair": "Y", "BWC_Info": "https://www.oibgov.com/pview.aspx?id=20773&catid=0", "PaidParkURL": "n/a", "WaterAccessTYPE": "Ocean", "BeachMat": null, "Land_Status": "Municipality", "NEAR_FID": 841.0, "NEAR_DIST": 982.14870480976094, "ACCESSIBILITY_NOTES": null, "LIFEGUARDS": null }, "geometry": { "type": "Point", "coordinates": [ -78.391179183577904, 33.899212754797915 ] } },
{ "type": "Feature", "properties": { "ACCESS_ID": "Ferry Landing Park", "OBJECTID": 870, "PLACE": "Ocean Isle Beach", "ACCESS_LOC": "End of Shallottee Blvd", "LOCL_SPONS": "Ocean Isle Beach", "CAMA_SIGN": "No", "PARKING": 32.0, "DUNE_WALK": "N", "OVERLOOK": "Y", "HAND_DUNE": "N", "HAND_OVRLK": "Y", "HAND_BEACH": "N", "HAND_PRKG": 2.0, "RESTRM": "N", "SHOWER": "N", "PIC_TABLE": "Y", "VEH_ACCESS": "E", "BIKE_RACK": "N", "SURV_DATE": 1657626971000.0, "COMMENT_": "Gazebo & Pier overlooking the AIWW", "PRKG_COMMENTS": "https://www.oibgov.com/20698/Public-Beach-Access", "COUNTY": "Brunswick", "DCM_RO": "WILM", "NCDCM_ID": null, "PHOTO": null, "PRK_FEE": "N", "DCM_Funded": "Y", "CONTRACT_YR": null, "CONTRACT_NUM": "980\r\n", "ACESS_TYPE": "Shoreline", "KayakCanoeLaunch": "N", "PARKING_OPTIONS": "Onsite Parking", "BeachWheelchair": "N", "BWC_Info": null, "PaidParkURL": "n/a", "WaterAccessTYPE": "Estuarine", "BeachMat": null, "Land_Status": "Municipality", "NEAR_FID": 840.0, "NEAR_DIST": 1683.4050326310785, "ACCESSIBILITY_NOTES": null, "LIFEGUARDS": null }, "geometry": { "type": "Point", "coordinates": [ -78.394082264489597, 33.903153850491584 ] } },
{ "type": "Feature", "properties": { "ACCESS_ID": "PW500", "OBJECTID": 787, "PLACE": "Holden Beach", "ACCESS_LOC": "Adjacent to 1089 Ocean Blvd West", "LOCL_SPONS": "Holden Beach", "CAMA_SIGN": null, "PARKING": null, "DUNE_WALK": "Y", "OVERLOOK": "No", "HAND_DUNE": "No", "HAND_OVRLK": "No", "HAND_BEACH": "No", "HAND_PRKG": null, "RESTRM": "N", "SHOWER": "N", "PIC_TABLE": "No", "VEH_ACCESS": "No", "BIKE_RACK": "No", "SURV_DATE": 1713484800000.0, "COMMENT_": "", "PRKG_COMMENTS": null, "COUNTY": "Brunswick", "DCM_RO": "Wilmington Regional Office", "NCDCM_ID": null, "PHOTO": null, "PRK_FEE": null, "DCM_Funded": "N", "CONTRACT_YR": null, "CONTRACT_NUM": null, "ACESS_TYPE": "Beach", "KayakCanoeLaunch": "No", "PARKING_OPTIONS": "No Parking", "BeachWheelchair": "N", "BWC_Info": "n/a", "PaidParkURL": "n/a", "WaterAccessTYPE": "Ocean", "BeachMat": null, "Land_Status": "Municipality", "NEAR_FID": 519.0, "NEAR_DIST": 1707.2106010696114, "ACCESSIBILITY_NOTES": null, "LIFEGUARDS": null }, "geometry": { "type": "Point", "coordinates": [ -78.349266098396214, 33.90633871116232 ] } },
{ "type": "Feature", "properties": { "ACCESS_ID": "PW460", "OBJECTID": 519, "PLACE": "Holden Beach", "ACCESS_LOC": "1017 Ocean Blvd West", "LOCL_SPONS": " ", "CAMA_SIGN": "Yes", "PARKING": null, "DUNE_WALK": "Y", "OVERLOOK": "No", "HAND_DUNE": "No", "HAND_OVRLK": "No", "HAND_BEACH": "No", "HAND_PRKG": null, "RESTRM": "N", "SHOWER": "N", "PIC_TABLE": "No", "VEH_ACCESS": " ", "BIKE_RACK": "Yes", "SURV_DATE": 1713484800000.0, "COMMENT_": " ", "PRKG_COMMENTS": null, "COUNTY": "Brunswick", "DCM_RO": "Wilmington Regional Office", "NCDCM_ID": 521.0, "PHOTO": "Local.png", "PRK_FEE": null, "DCM_Funded": "Y", "CONTRACT_YR": null, "CONTRACT_NUM": null, "ACESS_TYPE": "Beach", "KayakCanoeLaunch": "No", "PARKING_OPTIONS": "No Parking", "BeachWheelchair": "N", "BWC_Info": "n/a", "PaidParkURL": "n/a", "WaterAccessTYPE": "Ocean", "BeachMat": null, "Land_Status": "Municipality", "NEAR_FID": 787.0, "NEAR_DIST": 1707.2106010696114, "ACCESSIBILITY_NOTES": null, "LIFEGUARDS": null }, "geometry": { "type": "Point", "coordinates": [ -78.343685005673194, 33.906927249070989 ] } },
{ "type": "Feature", "properties": { "ACCESS_ID": "PW440", "OBJECTID": 516, "PLACE": "Holden Beach", "ACCESS_LOC": "917 Ocean Blvd West", "LOCL_SPONS": " ", "CAMA_SIGN": "Yes", "PARKING": null, "DUNE_WALK": "Y", "OVERLOOK": "Yes", "HAND_DUNE": "Yes", "HAND_OVRLK": "Yes", "HAND_BEACH": "No", "HAND_PRKG": null, "RESTRM": "N", "SHOWER": "N", "PIC_TABLE": "No", "VEH_ACCESS": "No", "BIKE_RACK": "Yes", "SURV_DATE": 1713484800000.0, "COMMENT_": " ", "PRKG_COMMENTS": "Street Parking Only on Marlin Dr", "COUNTY": "Brunswick", "DCM_RO": "Wilmington Regional Office", "NCDCM_ID": 520.0, "PHOTO": "Local.png", "PRK_FEE": null, "DCM_Funded": "N", "CONTRACT_YR": null, "CONTRACT_NUM": null, "ACESS_TYPE": "Beach", "KayakCanoeLaunch": "No", "PARKING_OPTIONS": "On-Street Parking", "BeachWheelchair": "N", "BWC_Info": "n/a", "PaidParkURL": "n/a", "WaterAccessTYPE": "Ocean", "BeachMat": null, "Land_Status": "Municipality", "NEAR_FID": 839.0, "NEAR_DIST": 805.02889296956971, "ACCESSIBILITY_NOTES": null, "LIFEGUARDS": null }, "geometry": { "type": "Point", "coordinates": [ -78.335361208165693, 33.907802545155988 ] } },
{ "type": "Feature", "properties": { "ACCESS_ID": "PW420", "OBJECTID": 839, "PLACE": "Holden Beach", "ACCESS_LOC": "883 Ocean Blnd W", "LOCL_SPONS": "Holden Beach", "CAMA_SIGN": "No", "PARKING": null, "DUNE_WALK": "Y", "OVERLOOK": "N", "HAND_DUNE": "Y", "HAND_OVRLK": "N", "HAND_BEACH": "Y", "HAND_PRKG": null, "RESTRM": "N", "SHOWER": "N", "PIC_TABLE": "N", "VEH_ACCESS": "No", "BIKE_RACK": "N", "SURV_DATE": 1713484800000.0, "COMMENT_": null, "PRKG_COMMENTS": null, "COUNTY": "Brunswick", "DCM_RO": "WILM", "NCDCM_ID": null, "PHOTO": null, "PRK_FEE": null, "DCM_Funded": "N", "CONTRACT_YR": null, "CONTRACT_NUM": null, "ACESS_TYPE": "Beach", "KayakCanoeLaunch": "N", "PARKING_OPTIONS": "No Parking", "BeachWheelchair": "N", "BWC_Info": "n/a", "PaidParkURL": "n/a", "WaterAccessTYPE": "Ocean", "BeachMat": null, "Land_Status": "Municipality", "NEAR_FID": 516.0, "NEAR_DIST": 805.02889296956971, "ACCESSIBILITY_NOTES": null, "LIFEGUARDS": null }, "geometry": { "type": "Point", "coordinates": [ -78.332746257289401, 33.908174607573287 ] } },
{ "type": "Feature", "properties": { "ACCESS_ID": "PW400", "OBJECTID": 512, "PLACE": "Holden Beach", "ACCESS_LOC": "801 Ocean Blvd West", "LOCL_SPONS": " ", "CAMA_SIGN": "Yes", "PARKING": 12.0, "DUNE_WALK": "Y", "OVERLOOK": "Yes", "HAND_DUNE": "Yes", "HAND_OVRLK": "Yes", "HAND_BEACH": "No", "HAND_PRKG": 1.0, "RESTRM": "N", "SHOWER": "N", "PIC_TABLE": "Yes", "VEH_ACCESS": "No", "BIKE_RACK": "Yes", "SURV_DATE": 1713484800000.0, "COMMENT_": " ", "PRKG_COMMENTS": "Parking across the street on north side of road", "COUNTY": "Brunswick", "DCM_RO": "Wilmington Regional Office", "NCDCM_ID": 519.0, "PHOTO": "Neighborhood.png", "PRK_FEE": "No", "DCM_Funded": "N", "CONTRACT_YR": null, "CONTRACT_NUM": null, "ACESS_TYPE": "Beach", "KayakCanoeLaunch": "No", "PARKING_OPTIONS": "Parking off-site", "BeachWheelchair": "N", "BWC_Info": "n/a", "PaidParkURL": "n/a", "WaterAccessTYPE": "Ocean", "BeachMat": null, "Land_Status": "Municipality", "NEAR_FID": 839.0, "NEAR_DIST": 2022.3481077973211, "ACCESSIBILITY_NOTES": null, "LIFEGUARDS": null }, "geometry": { "type": "Point", "coordinates": [ -78.326129241753705, 33.908834184602192 ] } },
{ "type": "Feature", "properties": { "ACCESS_ID": "Federal Point, Buzzard Bay", "OBJECTID": 911, "PLACE": "NC WRC", "ACCESS_LOC": "2515 S FORT FISHER BLVD", "LOCL_SPONS": "Military Ocean Termilnal Sunny Point", "CAMA_SIGN": "No", "PARKING": 13.0, "DUNE_WALK": "N", "OVERLOOK": "N", "HAND_DUNE": "N", "HAND_OVRLK": "N", "HAND_BEACH": "N", "HAND_PRKG": 2.0, "RESTRM": "N", "SHOWER": "N", "PIC_TABLE": "N", "VEH_ACCESS": "No", "BIKE_RACK": "N", "SURV_DATE": 1700524800000.0, "COMMENT_": null, "PRKG_COMMENTS": "Canoes, kayaks and other non-trailered vehicles mu", "COUNTY": "New Hanover", "DCM_RO": "WILM", "NCDCM_ID": null, "PHOTO": null, "PRK_FEE": "N", "DCM_Funded": "Y", "CONTRACT_YR": "2009", "CONTRACT_NUM": "2874", "ACESS_TYPE": "Shoreline", "KayakCanoeLaunch": "Y", "PARKING_OPTIONS": "Onsite Parking", "BeachWheelchair": "N", "BWC_Info": null, "PaidParkURL": null, "WaterAccessTYPE": "Estuarine", "BeachMat": "No", "Land_Status": "Federal", "NEAR_FID": 201.0, "NEAR_DIST": 6180.2456929233067, "ACCESSIBILITY_NOTES": null, "LIFEGUARDS": null }, "geometry": { "type": "Point", "coordinates": [ -77.941577020218503, 33.959185319939607 ] } },
{ "type": "Feature", "properties": { "ACCESS_ID": "Fort Fisher Aquarium", "OBJECTID": 201, "PLACE": "Kure Beach", "ACCESS_LOC": "Loggerhead Road", "LOCL_SPONS": "New Hanover County", "CAMA_SIGN": "Yes", "PARKING": 200.0, "DUNE_WALK": "Y", "OVERLOOK": "Yes", "HAND_DUNE": "Yes", "HAND_OVRLK": "Yes", "HAND_BEACH": "No", "HAND_PRKG": null, "RESTRM": "Y", "SHOWER": "Y", "PIC_TABLE": "No", "VEH_ACCESS": " ", "BIKE_RACK": "No", "SURV_DATE": 1733788800000.0, "COMMENT_": "", "PRKG_COMMENTS": null, "COUNTY": "New Hanover", "DCM_RO": "Wilmington Regional Office", "NCDCM_ID": 590.0, "PHOTO": "OD120.png", "PRK_FEE": "Y", "DCM_Funded": "Y", "CONTRACT_YR": null, "CONTRACT_NUM": null, "ACESS_TYPE": "Beach", "KayakCanoeLaunch": "No", "PARKING_OPTIONS": "Both Parking Options", "BeachWheelchair": "Y", "BWC_Info": "https://www.townofkurebeach.org/beach-wheelchairs", "PaidParkURL": "https://www.townofkurebeach.org/parking", "WaterAccessTYPE": "Ocean", "BeachMat": null, "Land_Status": "STATE-NCDCR", "NEAR_FID": 91.0, "NEAR_DIST": 4593.9779065157909, "ACCESSIBILITY_NOTES": null, "LIFEGUARDS": null }, "geometry": { "type": "Point", "coordinates": [ -77.922277997199501, 33.964638787757814 ] } },
{ "type": "Feature", "properties": { "ACCESS_ID": "Surfrider Court (Beach Access #1347)", "OBJECTID": 91, "PLACE": "Kure Beach", "ACCESS_LOC": "1347 Fort Fisher Blvd South", "LOCL_SPONS": " ", "CAMA_SIGN": "Yes", "PARKING": 16.0, "DUNE_WALK": "Y", "OVERLOOK": "No", "HAND_DUNE": "No", "HAND_OVRLK": "No", "HAND_BEACH": "No", "HAND_PRKG": 2.0, "RESTRM": "N", "SHOWER": "N", "PIC_TABLE": "No", "VEH_ACCESS": " ", "BIKE_RACK": "No", "SURV_DATE": 1733788800000.0, "COMMENT_": " ", "PRKG_COMMENTS": "Parking lot is across the street. ", "COUNTY": "New Hanover", "DCM_RO": "Wilmington Regional Office", "NCDCM_ID": 413.0, "PHOTO": "Neighborhood.png", "PRK_FEE": "Y", "DCM_Funded": "N", "CONTRACT_YR": null, "CONTRACT_NUM": null, "ACESS_TYPE": "Beach", "KayakCanoeLaunch": "No", "PARKING_OPTIONS": "Both Parking Options", "BeachWheelchair": "Y", "BWC_Info": "https://www.townofkurebeach.org/beach-wheelchairs", "PaidParkURL": "https://www.townofkurebeach.org/parking", "WaterAccessTYPE": "Ocean", "BeachMat": null, "Land_Status": "Municipality", "NEAR_FID": 90.0, "NEAR_DIST": 799.00989576580082, "ACCESSIBILITY_NOTES": null, "LIFEGUARDS": null }, "geometry": { "type": "Point", "coordinates": [ -77.913931146226901, 33.975172384798292 ] } },
{ "type": "Feature", "properties": { "ACCESS_ID": "Assembly Avenue", "OBJECTID": 90, "PLACE": "Kure Beach", "ACCESS_LOC": "Fort Fisher Blvd. S and Assembly Avenue", "LOCL_SPONS": " ", "CAMA_SIGN": "Yes", "PARKING": 0.0, "DUNE_WALK": "Y", "OVERLOOK": "No", "HAND_DUNE": "No", "HAND_OVRLK": "No", "HAND_BEACH": "No", "HAND_PRKG": 0.0, "RESTRM": "N", "SHOWER": "N", "PIC_TABLE": "No", "VEH_ACCESS": " ", "BIKE_RACK": "No", "SURV_DATE": 1733788800000.0, "COMMENT_": " ", "PRKG_COMMENTS": null, "COUNTY": "New Hanover", "DCM_RO": "Wilmington Regional Office", "NCDCM_ID": 412.0, "PHOTO": "Local.png", "PRK_FEE": null, "DCM_Funded": "N", "CONTRACT_YR": null, "CONTRACT_NUM": null, "ACESS_TYPE": "Beach", "KayakCanoeLaunch": "No", "PARKING_OPTIONS": "No Parking", "BeachWheelchair": "Y", "BWC_Info": "https://www.townofkurebeach.org/beach-wheelchairs", "PaidParkURL": "n/a", "WaterAccessTYPE": "Ocean", "BeachMat": null, "Land_Status": "Municipality", "NEAR_FID": 91.0, "NEAR_DIST": 799.00989576580082, "ACCESSIBILITY_NOTES": null, "LIFEGUARDS": null }, "geometry": { "type": "Point", "coordinates": [ -77.913209567288405, 33.977283800146104 ] } },
{ "type": "Feature", "properties": { "ACCESS_ID": "Stormy Petrel (Beach Access #1207)", "OBJECTID": 89, "PLACE": "Kure Beach", "ACCESS_LOC": "Fort Fisher Blvd. S. and Stormy Petrel Court", "LOCL_SPONS": " ", "CAMA_SIGN": "Yes", "PARKING": 0.0, "DUNE_WALK": "Y", "OVERLOOK": "No", "HAND_DUNE": "No", "HAND_OVRLK": "No", "HAND_BEACH": "No", "HAND_PRKG": 0.0, "RESTRM": "N", "SHOWER": "N", "PIC_TABLE": "No", "VEH_ACCESS": " ", "BIKE_RACK": "No", "SURV_DATE": 1733788800000.0, "COMMENT_": " ", "PRKG_COMMENTS": null, "COUNTY": "New Hanover", "DCM_RO": "Wilmington Regional Office", "NCDCM_ID": 411.0, "PHOTO": "Local.png", "PRK_FEE": null, "DCM_Funded": "N", "CONTRACT_YR": null, "CONTRACT_NUM": null, "ACESS_TYPE": "Beach", "KayakCanoeLaunch": "No", "PARKING_OPTIONS": "No Parking", "BeachWheelchair": "Y", "BWC_Info": "https://www.townofkurebeach.org/beach-wheelchairs", "PaidParkURL": "n/a", "WaterAccessTYPE": "Ocean", "BeachMat": null, "Land_Status": "Municipality", "NEAR_FID": 90.0, "NEAR_DIST": 916.4826698576785, "ACCESSIBILITY_NOTES": null, "LIFEGUARDS": null }, "geometry": { "type": "Point", "coordinates": [ -77.912481869924505, 33.979727826274406 ] } },
{ "type": "Feature", "properties": { "ACCESS_ID": "Riverfront Road", "OBJECTID": 88, "PLACE": "Kure Beach", "ACCESS_LOC": "1045 Fort Fisher Blvd. S.", "LOCL_SPONS": " ", "CAMA_SIGN": "Yes", "PARKING": 0.0, "DUNE_WALK": "Y", "OVERLOOK": "No", "HAND_DUNE": "No", "HAND_OVRLK": "No", "HAND_BEACH": "No", "HAND_PRKG": 0.0, "RESTRM": "N", "SHOWER": "N", "PIC_TABLE": "No", "VEH_ACCESS": " ", "BIKE_RACK": "No", "SURV_DATE": 1733788800000.0, "COMMENT_": " ", "PRKG_COMMENTS": null, "COUNTY": "New Hanover", "DCM_RO": "Wilmington Regional Office", "NCDCM_ID": 410.0, "PHOTO": "Local.png", "PRK_FEE": null, "DCM_Funded": "N", "CONTRACT_YR": null, "CONTRACT_NUM": null, "ACESS_TYPE": "Beach", "KayakCanoeLaunch": "No", "PARKING_OPTIONS": "No Parking", "BeachWheelchair": "Y", "BWC_Info": "https://www.townofkurebeach.org/beach-wheelchairs", "PaidParkURL": "n/a", "WaterAccessTYPE": "Ocean", "BeachMat": null, "Land_Status": "Municipality", "NEAR_FID": 89.0, "NEAR_DIST": 1056.2673512645704, "ACCESSIBILITY_NOTES": null, "LIFEGUARDS": null }, "geometry": { "type": "Point", "coordinates": [ -77.911676095487707, 33.982551289577081 ] } },
{ "type": "Feature", "properties": { "ACCESS_ID": "Davis Road", "OBJECTID": 87, "PLACE": "Kure Beach", "ACCESS_LOC": "Fort Fisher Blvd. S. and Davis Road", "LOCL_SPONS": " ", "CAMA_SIGN": "Yes", "PARKING": 0.0, "DUNE_WALK": "Y", "OVERLOOK": "No", "HAND_DUNE": "No", "HAND_OVRLK": "No", "HAND_BEACH": "No", "HAND_PRKG": 0.0, "RESTRM": "N", "SHOWER": "N", "PIC_TABLE": "No", "VEH_ACCESS": "E", "BIKE_RACK": "No", "SURV_DATE": 1733788800000.0, "COMMENT_": " ", "PRKG_COMMENTS": null, "COUNTY": "New Hanover", "DCM_RO": "Wilmington Regional Office", "NCDCM_ID": 409.0, "PHOTO": "Local.png", "PRK_FEE": null, "DCM_Funded": "N", "CONTRACT_YR": null, "CONTRACT_NUM": null, "ACESS_TYPE": "Beach", "KayakCanoeLaunch": "No", "PARKING_OPTIONS": "On-Street Parking", "BeachWheelchair": "Y", "BWC_Info": "https://www.townofkurebeach.org/beach-wheelchairs", "PaidParkURL": "n/a", "WaterAccessTYPE": "Ocean", "BeachMat": null, "Land_Status": "Municipality", "NEAR_FID": 86.0, "NEAR_DIST": 346.26599250754839, "ACCESSIBILITY_NOTES": null, "LIFEGUARDS": null }, "geometry": { "type": "Point", "coordinates": [ -77.9097824226142, 33.988095541530193 ] } },
{ "type": "Feature", "properties": { "ACCESS_ID": "E Avenue (Beach Access #643)", "OBJECTID": 86, "PLACE": "Kure Beach", "ACCESS_LOC": "643 Fort Fisher Blvd. S.", "LOCL_SPONS": " ", "CAMA_SIGN": "Yes", "PARKING": 11.0, "DUNE_WALK": "Y", "OVERLOOK": "No", "HAND_DUNE": "Y", "HAND_OVRLK": "Yes", "HAND_BEACH": "Y", "HAND_PRKG": 1.0, "RESTRM": "N", "SHOWER": "N", "PIC_TABLE": "No", "VEH_ACCESS": "No", "BIKE_RACK": "Y", "SURV_DATE": 1733788800000.0, "COMMENT_": "Public beach access with parking and ADA ramp access", "PRKG_COMMENTS": "Additional parking on west side of E Ave ", "COUNTY": "New Hanover", "DCM_RO": "Wilmington Regional Office", "NCDCM_ID": 408.0, "PHOTO": "Neighborhood.png", "PRK_FEE": "Y", "DCM_Funded": "Y", "CONTRACT_YR": null, "CONTRACT_NUM": null, "ACESS_TYPE": "Beach", "KayakCanoeLaunch": "No", "PARKING_OPTIONS": "Both Parking Options", "BeachWheelchair": "Y", "BWC_Info": "https://www.townofkurebeach.org/beach-wheelchairs", "PaidParkURL": "https://www.townofkurebeach.org/parking", "WaterAccessTYPE": "Ocean", "BeachMat": null, "Land_Status": "Municipality", "NEAR_FID": 87.0, "NEAR_DIST": 346.26599250754839, "ACCESSIBILITY_NOTES": null, "LIFEGUARDS": null }, "geometry": { "type": "Point", "coordinates": [ -77.909480865359896, 33.989013170102808 ] } },
{ "type": "Feature", "properties": { "ACCESS_ID": "F Avenue (Beach Access #541)", "OBJECTID": 85, "PLACE": "Kure Beach", "ACCESS_LOC": "541 Fort Fisher Blvd. S.", "LOCL_SPONS": " ", "CAMA_SIGN": "Yes", "PARKING": 10.0, "DUNE_WALK": "Y", "OVERLOOK": "Yes", "HAND_DUNE": "Y", "HAND_OVRLK": "Yes", "HAND_BEACH": "Y", "HAND_PRKG": 1.0, "RESTRM": "N", "SHOWER": "N", "PIC_TABLE": "No", "VEH_ACCESS": "No", "BIKE_RACK": "No", "SURV_DATE": 1733788800000.0, "COMMENT_": "", "PRKG_COMMENTS": null, "COUNTY": "New Hanover", "DCM_RO": "Wilmington Regional Office", "NCDCM_ID": 407.0, "PHOTO": "Neighborhood.png", "PRK_FEE": "Y", "DCM_Funded": "Y", "CONTRACT_YR": null, "CONTRACT_NUM": null, "ACESS_TYPE": "Beach", "KayakCanoeLaunch": "No", "PARKING_OPTIONS": "Both Parking Options", "BeachWheelchair": "Y", "BWC_Info": "https://www.townofkurebeach.org/beach-wheelchairs", "PaidParkURL": "https://www.townofkurebeach.org/parking", "WaterAccessTYPE": "Ocean", "BeachMat": null, "Land_Status": "Municipality", "NEAR_FID": 84.0, "NEAR_DIST": 607.23953810163857, "ACCESSIBILITY_NOTES": null, "LIFEGUARDS": null }, "geometry": { "type": "Point", "coordinates": [ -77.908946263561305, 33.990621586185206 ] } },
{ "type": "Feature", "properties": { "ACCESS_ID": "G Avenue (Beach Access #443)", "OBJECTID": 84, "PLACE": "Kure Beach", "ACCESS_LOC": "443 Fort Fisher Blvd. S.", "LOCL_SPONS": " ", "CAMA_SIGN": "Yes", "PARKING": 12.0, "DUNE_WALK": "Y", "OVERLOOK": "Yes", "HAND_DUNE": "Yes", "HAND_OVRLK": "Yes", "HAND_BEACH": "No", "HAND_PRKG": 1.0, "RESTRM": "N", "SHOWER": "N", "PIC_TABLE": "No", "VEH_ACCESS": "No", "BIKE_RACK": "Y", "SURV_DATE": 1733788800000.0, "COMMENT_": " ", "PRKG_COMMENTS": null, "COUNTY": "New Hanover", "DCM_RO": "Wilmington Regional Office", "NCDCM_ID": 406.0, "PHOTO": "Neighborhood.png", "PRK_FEE": "Y", "DCM_Funded": "Y", "CONTRACT_YR": null, "CONTRACT_NUM": null, "ACESS_TYPE": "Beach", "KayakCanoeLaunch": "No", "PARKING_OPTIONS": "Both Parking Options", "BeachWheelchair": "Y", "BWC_Info": "https://www.townofkurebeach.org/beach-wheelchairs", "PaidParkURL": "https://www.townofkurebeach.org/parking", "WaterAccessTYPE": "Ocean", "BeachMat": null, "Land_Status": "Municipality", "NEAR_FID": 83.0, "NEAR_DIST": 591.39624026106446, "ACCESSIBILITY_NOTES": null, "LIFEGUARDS": null }, "geometry": { "type": "Point", "coordinates": [ -77.908429685560506, 33.992233578170591 ] } },
{ "type": "Feature", "properties": { "ACCESS_ID": "Trails End Park", "OBJECTID": 927, "PLACE": "Wilmington", "ACCESS_LOC": "613 Trails End Road\r\nWilmington, NC 28409", "LOCL_SPONS": "New Hanover County", "CAMA_SIGN": null, "PARKING": null, "DUNE_WALK": "N", "OVERLOOK": "Y", "HAND_DUNE": "N", "HAND_OVRLK": "Y", "HAND_BEACH": "N", "HAND_PRKG": null, "RESTRM": "N", "SHOWER": "N", "PIC_TABLE": "Y", "VEH_ACCESS": "No", "BIKE_RACK": "N", "SURV_DATE": 1756984045494.0, "COMMENT_": "Fishing Pier. Provides water access for kayaks or boats 22ft or less. ", "PRKG_COMMENTS": null, "COUNTY": "New Hanover", "DCM_RO": "WILM", "NCDCM_ID": null, "PHOTO": null, "PRK_FEE": "N", "DCM_Funded": "Y", "CONTRACT_YR": "2025-2026", "CONTRACT_NUM": null, "ACESS_TYPE": "Shoreline", "KayakCanoeLaunch": "Y", "PARKING_OPTIONS": "Onsite Parking", "BeachWheelchair": "N", "BWC_Info": null, "PaidParkURL": null, "WaterAccessTYPE": null, "BeachMat": "No", "Land_Status": null, "NEAR_FID": null, "NEAR_DIST": null, "ACCESSIBILITY_NOTES": null, "LIFEGUARDS": null }, "geometry": { "type": "Point", "coordinates": [ -77.857308927597501, 34.15627553914829 ] } },
{ "type": "Feature", "properties": { "ACCESS_ID": "43", "OBJECTID": 48, "PLACE": "Wrightsville Beach", "ACCESS_LOC": "South Lumina Ave & Jack Parker Blvd", "LOCL_SPONS": "Wrightsville Beach", "CAMA_SIGN": "Yes", "PARKING": 27.0, "DUNE_WALK": "Y", "OVERLOOK": "Yes", "HAND_DUNE": "Y", "HAND_OVRLK": "Yes", "HAND_BEACH": "Y", "HAND_PRKG": 2.0, "RESTRM": "N", "SHOWER": "N", "PIC_TABLE": "No", "VEH_ACCESS": "E", "BIKE_RACK": "No", "SURV_DATE": 1628679443071.0, "COMMENT_": "Handicap accessible to beach", "PRKG_COMMENTS": null, "COUNTY": "New Hanover", "DCM_RO": "WILM", "NCDCM_ID": 50.0, "PHOTO": "WB01.png", "PRK_FEE": "Y", "DCM_Funded": "N", "CONTRACT_YR": null, "CONTRACT_NUM": null, "ACESS_TYPE": "Beach", "KayakCanoeLaunch": "No", "PARKING_OPTIONS": "Both Parking Options", "BeachWheelchair": "Y", "BWC_Info": "https://www.townofwrightsvillebeach.com/321/Accessibility", "PaidParkURL": "https://www.townofwrightsvillebeach.com/163/Parking/", "WaterAccessTYPE": "Ocean", "BeachMat": null, "Land_Status": "Municipality", "NEAR_FID": 47.0, "NEAR_DIST": 40.261614573441875, "ACCESSIBILITY_NOTES": null, "LIFEGUARDS": null }, "geometry": { "type": "Point", "coordinates": [ -77.811084412753601, 34.1875428892453 ] } },
{ "type": "Feature", "properties": { "ACCESS_ID": "42", "OBJECTID": 47, "PLACE": "Wrightsville Beach", "ACCESS_LOC": "Jack Parker Blvd and Lumina Ave", "LOCL_SPONS": "Wrightsville Beach", "CAMA_SIGN": "Yes", "PARKING": 7.0, "DUNE_WALK": "N", "OVERLOOK": "No", "HAND_DUNE": "No", "HAND_OVRLK": "No", "HAND_BEACH": "No", "HAND_PRKG": null, "RESTRM": "N", "SHOWER": "N", "PIC_TABLE": "No", "VEH_ACCESS": " ", "BIKE_RACK": "Yes", "SURV_DATE": 1628679443071.0, "COMMENT_": " ", "PRKG_COMMENTS": null, "COUNTY": "New Hanover", "DCM_RO": "WILM", "NCDCM_ID": 49.0, "PHOTO": "WB02.png", "PRK_FEE": "Y", "DCM_Funded": "N", "CONTRACT_YR": null, "CONTRACT_NUM": null, "ACESS_TYPE": "Beach", "KayakCanoeLaunch": "No", "PARKING_OPTIONS": "Both Parking Options", "BeachWheelchair": "Y", "BWC_Info": "https://www.townofwrightsvillebeach.com/321/Accessibility", "PaidParkURL": "https://www.townofwrightsvillebeach.com/163/Parking/", "WaterAccessTYPE": "Ocean", "BeachMat": null, "Land_Status": "Municipality", "NEAR_FID": 48.0, "NEAR_DIST": 40.261614573441875, "ACCESSIBILITY_NOTES": null, "LIFEGUARDS": null }, "geometry": { "type": "Point", "coordinates": [ -77.810964642173403, 34.187591173661019 ] } },
{ "type": "Feature", "properties": { "ACCESS_ID": "44", "OBJECTID": 49, "PLACE": "Wrightsville Beach", "ACCESS_LOC": "Schloss Street", "LOCL_SPONS": "Wrightsville Beach", "CAMA_SIGN": "Yes", "PARKING": 6.0, "DUNE_WALK": "N", "OVERLOOK": "No", "HAND_DUNE": "No", "HAND_OVRLK": "No", "HAND_BEACH": "No", "HAND_PRKG": null, "RESTRM": "N", "SHOWER": "N", "PIC_TABLE": "No", "VEH_ACCESS": " ", "BIKE_RACK": "No", "SURV_DATE": 1628679443071.0, "COMMENT_": " ", "PRKG_COMMENTS": null, "COUNTY": "New Hanover", "DCM_RO": "WILM", "NCDCM_ID": 51.0, "PHOTO": "WB03.png", "PRK_FEE": "Y", "DCM_Funded": "N", "CONTRACT_YR": null, "CONTRACT_NUM": null, "ACESS_TYPE": "Beach", "KayakCanoeLaunch": "No", "PARKING_OPTIONS": "Both Parking Options", "BeachWheelchair": "Y", "BWC_Info": "https://www.townofwrightsvillebeach.com/321/Accessibility", "PaidParkURL": "https://www.townofwrightsvillebeach.com/163/Parking/", "WaterAccessTYPE": "Ocean", "BeachMat": null, "Land_Status": "Municipality", "NEAR_FID": 48.0, "NEAR_DIST": 291.67710463691378, "ACCESSIBILITY_NOTES": null, "LIFEGUARDS": null }, "geometry": { "type": "Point", "coordinates": [ -77.811917246243397, 34.187946987443212 ] } },
{ "type": "Feature", "properties": { "ACCESS_ID": "41", "OBJECTID": 46, "PLACE": "Wrightsville Beach", "ACCESS_LOC": "Northrop St", "LOCL_SPONS": "Wrightsville Beach", "CAMA_SIGN": "Yes", "PARKING": 0.0, "DUNE_WALK": "N", "OVERLOOK": "No", "HAND_DUNE": "No", "HAND_OVRLK": "No", "HAND_BEACH": "No", "HAND_PRKG": 0.0, "RESTRM": "N", "SHOWER": "N", "PIC_TABLE": "No", "VEH_ACCESS": " ", "BIKE_RACK": "No", "SURV_DATE": 1628679443071.0, "COMMENT_": " ", "PRKG_COMMENTS": null, "COUNTY": "New Hanover", "DCM_RO": "WILM", "NCDCM_ID": 48.0, "PHOTO": "WB04.png", "PRK_FEE": null, "DCM_Funded": "N", "CONTRACT_YR": null, "CONTRACT_NUM": null, "ACESS_TYPE": "Beach", "KayakCanoeLaunch": "No", "PARKING_OPTIONS": "On-Street Parking", "BeachWheelchair": "Y", "BWC_Info": "https://www.townofwrightsvillebeach.com/321/Accessibility", "PaidParkURL": "n/a", "WaterAccessTYPE": "Ocean", "BeachMat": null, "Land_Status": "Municipality", "NEAR_FID": 45.0, "NEAR_DIST": 515.07379207770907, "ACCESSIBILITY_NOTES": null, "LIFEGUARDS": null }, "geometry": { "type": "Point", "coordinates": [ -77.810037322983703, 34.188827666021588 ] } },
{ "type": "Feature", "properties": { "ACCESS_ID": "40", "OBJECTID": 45, "PLACE": "Wrightsville Beach", "ACCESS_LOC": "Albright St", "LOCL_SPONS": "Wrightsville Beach", "CAMA_SIGN": "Yes", "PARKING": 0.0, "DUNE_WALK": "N", "OVERLOOK": "No", "HAND_DUNE": "No", "HAND_OVRLK": "No", "HAND_BEACH": "No", "HAND_PRKG": 0.0, "RESTRM": "N", "SHOWER": "N", "PIC_TABLE": "No", "VEH_ACCESS": " ", "BIKE_RACK": "No", "SURV_DATE": 1628679443071.0, "COMMENT_": " ", "PRKG_COMMENTS": null, "COUNTY": "New Hanover", "DCM_RO": "WILM", "NCDCM_ID": 47.0, "PHOTO": "WB05.png", "PRK_FEE": null, "DCM_Funded": "N", "CONTRACT_YR": null, "CONTRACT_NUM": null, "ACESS_TYPE": "Beach", "KayakCanoeLaunch": "No", "PARKING_OPTIONS": "On-Street Parking", "BeachWheelchair": "Y", "BWC_Info": "https://www.townofwrightsvillebeach.com/321/Accessibility", "PaidParkURL": "n/a", "WaterAccessTYPE": "Ocean", "BeachMat": null, "Land_Status": "Municipality", "NEAR_FID": 46.0, "NEAR_DIST": 515.07379207770907, "ACCESSIBILITY_NOTES": null, "LIFEGUARDS": null }, "geometry": { "type": "Point", "coordinates": [ -77.809127322414398, 34.190023946283382 ] } },
{ "type": "Feature", "properties": { "ACCESS_ID": "39", "OBJECTID": 44, "PLACE": "Wrightsville Beach", "ACCESS_LOC": "Corbett St", "LOCL_SPONS": "Wrightsville Beach", "CAMA_SIGN": "Yes", "PARKING": 0.0, "DUNE_WALK": "N", "OVERLOOK": "No", "HAND_DUNE": "No", "HAND_OVRLK": "No", "HAND_BEACH": "No", "HAND_PRKG": 0.0, "RESTRM": "N", "SHOWER": "N", "PIC_TABLE": "No", "VEH_ACCESS": " ", "BIKE_RACK": "No", "SURV_DATE": 1628679443071.0, "COMMENT_": " ", "PRKG_COMMENTS": null, "COUNTY": "New Hanover", "DCM_RO": "WILM", "NCDCM_ID": 46.0, "PHOTO": "WB06.png", "PRK_FEE": null, "DCM_Funded": "N", "CONTRACT_YR": null, "CONTRACT_NUM": null, "ACESS_TYPE": "Beach", "KayakCanoeLaunch": "No", "PARKING_OPTIONS": "On-Street Parking", "BeachWheelchair": "Y", "BWC_Info": "https://www.townofwrightsvillebeach.com/321/Accessibility", "PaidParkURL": "n/a", "WaterAccessTYPE": "Ocean", "BeachMat": null, "Land_Status": "Municipality", "NEAR_FID": 45.0, "NEAR_DIST": 526.85098301431447, "ACCESSIBILITY_NOTES": null, "LIFEGUARDS": null }, "geometry": { "type": "Point", "coordinates": [ -77.808221844862402, 34.191260643729301 ] } },
{ "type": "Feature", "properties": { "ACCESS_ID": "38", "OBJECTID": 43, "PLACE": "Wrightsville Beach", "ACCESS_LOC": "Wright St", "LOCL_SPONS": "Wrightsville Beach", "CAMA_SIGN": "Yes", "PARKING": 0.0, "DUNE_WALK": "N", "OVERLOOK": "No", "HAND_DUNE": "No", "HAND_OVRLK": "No", "HAND_BEACH": "No", "HAND_PRKG": 0.0, "RESTRM": "N", "SHOWER": "N", "PIC_TABLE": "No", "VEH_ACCESS": " ", "BIKE_RACK": "No", "SURV_DATE": 1628679443071.0, "COMMENT_": " ", "PRKG_COMMENTS": null, "COUNTY": "New Hanover", "DCM_RO": "WILM", "NCDCM_ID": 45.0, "PHOTO": "WB07.png", "PRK_FEE": null, "DCM_Funded": "N", "CONTRACT_YR": null, "CONTRACT_NUM": null, "ACESS_TYPE": "Beach", "KayakCanoeLaunch": "No", "PARKING_OPTIONS": "On-Street Parking", "BeachWheelchair": "Y", "BWC_Info": "https://www.townofwrightsvillebeach.com/321/Accessibility", "PaidParkURL": "n/a", "WaterAccessTYPE": "Ocean", "BeachMat": null, "Land_Status": "Municipality", "NEAR_FID": 42.0, "NEAR_DIST": 296.37431095688925, "ACCESSIBILITY_NOTES": null, "LIFEGUARDS": null }, "geometry": { "type": "Point", "coordinates": [ -77.806805682258101, 34.192244851496312 ] } },
{ "type": "Feature", "properties": { "ACCESS_ID": "37", "OBJECTID": 42, "PLACE": "Wrightsville Beach", "ACCESS_LOC": "Meier Ave", "LOCL_SPONS": "Wrightsville Beach", "CAMA_SIGN": "Yes", "PARKING": 0.0, "DUNE_WALK": "N", "OVERLOOK": "No", "HAND_DUNE": "No", "HAND_OVRLK": "No", "HAND_BEACH": "No", "HAND_PRKG": 0.0, "RESTRM": "N", "SHOWER": "N", "PIC_TABLE": "No", "VEH_ACCESS": " ", "BIKE_RACK": "No", "SURV_DATE": 1628679443071.0, "COMMENT_": " ", "PRKG_COMMENTS": null, "COUNTY": "New Hanover", "DCM_RO": "WILM", "NCDCM_ID": 44.0, "PHOTO": "WB08.png", "PRK_FEE": null, "DCM_Funded": "N", "CONTRACT_YR": null, "CONTRACT_NUM": null, "ACESS_TYPE": "Beach", "KayakCanoeLaunch": "No", "PARKING_OPTIONS": "On-Street Parking", "BeachWheelchair": "Y", "BWC_Info": "https://www.townofwrightsvillebeach.com/321/Accessibility", "PaidParkURL": "n/a", "WaterAccessTYPE": "Ocean", "BeachMat": null, "Land_Status": "Municipality", "NEAR_FID": 43.0, "NEAR_DIST": 296.37431095688925, "ACCESSIBILITY_NOTES": null, "LIFEGUARDS": null }, "geometry": { "type": "Point", "coordinates": [ -77.806766878631095, 34.193058552154277 ] } },
{ "type": "Feature", "properties": { "ACCESS_ID": "36", "OBJECTID": 41, "PLACE": "Wrightsville Beach", "ACCESS_LOC": "Across from 650 S Lumina Ave", "LOCL_SPONS": "Wrightsville Beach", "CAMA_SIGN": "Yes", "PARKING": 86.0, "DUNE_WALK": "Y", "OVERLOOK": "No", "HAND_DUNE": "Y", "HAND_OVRLK": "No", "HAND_BEACH": "Y", "HAND_PRKG": 2.0, "RESTRM": "Y", "SHOWER": "Y", "PIC_TABLE": "No", "VEH_ACCESS": "No", "BIKE_RACK": "No", "SURV_DATE": 1628679443071.0, "COMMENT_": "Handicap accessible to beach", "PRKG_COMMENTS": null, "COUNTY": "New Hanover", "DCM_RO": "WILM", "NCDCM_ID": 43.0, "PHOTO": "WB09.png", "PRK_FEE": "Y", "DCM_Funded": "N", "CONTRACT_YR": null, "CONTRACT_NUM": null, "ACESS_TYPE": "Beach", "KayakCanoeLaunch": "No", "PARKING_OPTIONS": "Both Parking Options", "BeachWheelchair": "Y", "BWC_Info": "https://www.townofwrightsvillebeach.com/321/Accessibility", "PaidParkURL": "https://www.townofwrightsvillebeach.com/163/Parking/", "WaterAccessTYPE": "Ocean", "BeachMat": null, "Land_Status": "Municipality", "NEAR_FID": 42.0, "NEAR_DIST": 603.49780417722354, "ACCESSIBILITY_NOTES": null, "LIFEGUARDS": null }, "geometry": { "type": "Point", "coordinates": [ -77.805508823109903, 34.194345733313 ] } },
{ "type": "Feature", "properties": { "ACCESS_ID": "35", "OBJECTID": 40, "PLACE": "Wrightsville Beach", "ACCESS_LOC": "Bridgers St", "LOCL_SPONS": "Wrightsville Beach", "CAMA_SIGN": "Yes", "PARKING": 0.0, "DUNE_WALK": "N", "OVERLOOK": "No", "HAND_DUNE": "No", "HAND_OVRLK": "No", "HAND_BEACH": "No", "HAND_PRKG": 0.0, "RESTRM": "N", "SHOWER": "N", "PIC_TABLE": "No", "VEH_ACCESS": " ", "BIKE_RACK": "No", "SURV_DATE": 1628679443071.0, "COMMENT_": " ", "PRKG_COMMENTS": null, "COUNTY": "New Hanover", "DCM_RO": "WILM", "NCDCM_ID": 42.0, "PHOTO": "WB11.png", "PRK_FEE": null, "DCM_Funded": "N", "CONTRACT_YR": null, "CONTRACT_NUM": null, "ACESS_TYPE": "Beach", "KayakCanoeLaunch": "No", "PARKING_OPTIONS": "On-Street Parking", "BeachWheelchair": "Y", "BWC_Info": "https://www.townofwrightsvillebeach.com/321/Accessibility", "PaidParkURL": "n/a", "WaterAccessTYPE": "Ocean", "BeachMat": null, "Land_Status": "Municipality", "NEAR_FID": 39.0, "NEAR_DIST": 1084.3133250850526, "ACCESSIBILITY_NOTES": null, "LIFEGUARDS": null }, "geometry": { "type": "Point", "coordinates": [ -77.8020339626229, 34.199213100410702 ] } },
{ "type": "Feature", "properties": { "ACCESS_ID": "34", "OBJECTID": 39, "PLACE": "Wrightsville Beach", "ACCESS_LOC": "Taylor St", "LOCL_SPONS": "Wrightsville Beach", "CAMA_SIGN": "Yes", "PARKING": 0.0, "DUNE_WALK": "N", "OVERLOOK": "No", "HAND_DUNE": "No", "HAND_OVRLK": "No", "HAND_BEACH": "No", "HAND_PRKG": 0.0, "RESTRM": "N", "SHOWER": "N", "PIC_TABLE": "No", "VEH_ACCESS": " ", "BIKE_RACK": "No", "SURV_DATE": 1628679443071.0, "COMMENT_": " ", "PRKG_COMMENTS": null, "COUNTY": "New Hanover", "DCM_RO": "WILM", "NCDCM_ID": 41.0, "PHOTO": "WB12.png", "PRK_FEE": null, "DCM_Funded": "N", "CONTRACT_YR": null, "CONTRACT_NUM": null, "ACESS_TYPE": "Beach", "KayakCanoeLaunch": "No", "PARKING_OPTIONS": "On-Street Parking", "BeachWheelchair": "Y", "BWC_Info": "https://www.townofwrightsvillebeach.com/321/Accessibility", "PaidParkURL": "n/a", "WaterAccessTYPE": "Ocean", "BeachMat": null, "Land_Status": "Municipality", "NEAR_FID": 38.0, "NEAR_DIST": 597.62381947015547, "ACCESSIBILITY_NOTES": null, "LIFEGUARDS": null }, "geometry": { "type": "Point", "coordinates": [ -77.800244708121397, 34.20179501468899 ] } },
{ "type": "Feature", "properties": { "ACCESS_ID": "Arlie Gardens", "OBJECTID": 878, "PLACE": "Wilmington", "ACCESS_LOC": "300 Airlie Road", "LOCL_SPONS": "New Hanover", "CAMA_SIGN": "No", "PARKING": null, "DUNE_WALK": "N", "OVERLOOK": "N", "HAND_DUNE": "N", "HAND_OVRLK": "N", "HAND_BEACH": "N", "HAND_PRKG": null, "RESTRM": "Y", "SHOWER": "N", "PIC_TABLE": "Y", "VEH_ACCESS": "No", "BIKE_RACK": "N", "SURV_DATE": 1657798667488.0, "COMMENT_": "Paid Admission to formal gardens along Bradley Creek", "PRKG_COMMENTS": null, "COUNTY": "New Hanover", "DCM_RO": "WILM", "NCDCM_ID": null, "PHOTO": null, "PRK_FEE": null, "DCM_Funded": "Y", "CONTRACT_YR": null, "CONTRACT_NUM": null, "ACESS_TYPE": "Shoreline", "KayakCanoeLaunch": null, "PARKING_OPTIONS": "Onsite Parking", "BeachWheelchair": "N", "BWC_Info": null, "PaidParkURL": "n/a", "WaterAccessTYPE": "Estuarine", "BeachMat": null, "Land_Status": "Municipality", "NEAR_FID": 40.0, "NEAR_DIST": 9761.2221112048519, "ACCESSIBILITY_NOTES": null, "LIFEGUARDS": null }, "geometry": { "type": "Point", "coordinates": [ -77.829433027457696, 34.213395847449398 ] } },
{ "type": "Feature", "properties": { "ACCESS_ID": "14", "OBJECTID": 19, "PLACE": "Wrightsville Beach", "ACCESS_LOC": "Shearwater St", "LOCL_SPONS": "Wrightsville Beach", "CAMA_SIGN": "Yes", "PARKING": 0.0, "DUNE_WALK": "N", "OVERLOOK": "No", "HAND_DUNE": "No", "HAND_OVRLK": "No", "HAND_BEACH": "No", "HAND_PRKG": 0.0, "RESTRM": "N", "SHOWER": "N", "PIC_TABLE": "No", "VEH_ACCESS": " ", "BIKE_RACK": "No", "SURV_DATE": 1628679443071.0, "COMMENT_": " ", "PRKG_COMMENTS": null, "COUNTY": "New Hanover", "DCM_RO": "WILM", "NCDCM_ID": 21.0, "PHOTO": "WB34.png", "PRK_FEE": null, "DCM_Funded": "N", "CONTRACT_YR": null, "CONTRACT_NUM": null, "ACESS_TYPE": "Beach", "KayakCanoeLaunch": "No", "PARKING_OPTIONS": "On-Street Parking", "BeachWheelchair": "Y", "BWC_Info": "https://www.townofwrightsvillebeach.com/321/Accessibility", "PaidParkURL": "n/a", "WaterAccessTYPE": "Ocean", "BeachMat": null, "Land_Status": "Municipality", "NEAR_FID": 18.0, "NEAR_DIST": 212.69084848672858, "ACCESSIBILITY_NOTES": null, "LIFEGUARDS": null }, "geometry": { "type": "Point", "coordinates": [ -77.788720107255401, 34.215495180937189 ] } },
{ "type": "Feature", "properties": { "ACCESS_ID": "13", "OBJECTID": 18, "PLACE": "Wrightsville Beach", "ACCESS_LOC": "Heron St", "LOCL_SPONS": "Wrightsville Beach", "CAMA_SIGN": "Yes", "PARKING": 0.0, "DUNE_WALK": "N", "OVERLOOK": "No", "HAND_DUNE": "No", "HAND_OVRLK": "No", "HAND_BEACH": "No", "HAND_PRKG": 0.0, "RESTRM": "N", "SHOWER": "N", "PIC_TABLE": "No", "VEH_ACCESS": " ", "BIKE_RACK": "No", "SURV_DATE": 1628679443071.0, "COMMENT_": " ", "PRKG_COMMENTS": null, "COUNTY": "New Hanover", "DCM_RO": "WILM", "NCDCM_ID": 20.0, "PHOTO": "WB35.png", "PRK_FEE": null, "DCM_Funded": "N", "CONTRACT_YR": null, "CONTRACT_NUM": null, "ACESS_TYPE": "Beach", "KayakCanoeLaunch": "No", "PARKING_OPTIONS": "On-Street Parking", "BeachWheelchair": "Y", "BWC_Info": "https://www.townofwrightsvillebeach.com/321/Accessibility", "PaidParkURL": "n/a", "WaterAccessTYPE": "Ocean", "BeachMat": null, "Land_Status": "Municipality", "NEAR_FID": 17.0, "NEAR_DIST": 209.21931139955154, "ACCESSIBILITY_NOTES": null, "LIFEGUARDS": null }, "geometry": { "type": "Point", "coordinates": [ -77.788375471291602, 34.216004653496093 ] } },
{ "type": "Feature", "properties": { "ACCESS_ID": "12", "OBJECTID": 17, "PLACE": "Wrightsville Beach", "ACCESS_LOC": "Sandpiper St", "LOCL_SPONS": "Wrightsville Beach", "CAMA_SIGN": "Yes", "PARKING": 0.0, "DUNE_WALK": "N", "OVERLOOK": "No", "HAND_DUNE": "No", "HAND_OVRLK": "No", "HAND_BEACH": "No", "HAND_PRKG": 0.0, "RESTRM": "N", "SHOWER": "N", "PIC_TABLE": "No", "VEH_ACCESS": " ", "BIKE_RACK": "No", "SURV_DATE": 1628679443071.0, "COMMENT_": " ", "PRKG_COMMENTS": null, "COUNTY": "New Hanover", "DCM_RO": "WILM", "NCDCM_ID": 19.0, "PHOTO": "WB36.png", "PRK_FEE": null, "DCM_Funded": "N", "CONTRACT_YR": null, "CONTRACT_NUM": null, "ACESS_TYPE": "Beach", "KayakCanoeLaunch": "No", "PARKING_OPTIONS": "On-Street Parking", "BeachWheelchair": "Y", "BWC_Info": "https://www.townofwrightsvillebeach.com/321/Accessibility", "PaidParkURL": "n/a", "WaterAccessTYPE": "Ocean", "BeachMat": null, "Land_Status": "Municipality", "NEAR_FID": 18.0, "NEAR_DIST": 209.21931139955154, "ACCESSIBILITY_NOTES": null, "LIFEGUARDS": null }, "geometry": { "type": "Point", "coordinates": [ -77.788016377841601, 34.21649606394579 ] } },
{ "type": "Feature", "properties": { "ACCESS_ID": "11", "OBJECTID": 16, "PLACE": "Wrightsville Beach", "ACCESS_LOC": "Crane St", "LOCL_SPONS": "Wrightsville Beach", "CAMA_SIGN": "Yes", "PARKING": 0.0, "DUNE_WALK": "N", "OVERLOOK": "No", "HAND_DUNE": "No", "HAND_OVRLK": "No", "HAND_BEACH": "No", "HAND_PRKG": 0.0, "RESTRM": "N", "SHOWER": "N", "PIC_TABLE": "No", "VEH_ACCESS": " ", "BIKE_RACK": "No", "SURV_DATE": 1628679443071.0, "COMMENT_": " ", "PRKG_COMMENTS": null, "COUNTY": "New Hanover", "DCM_RO": "WILM", "NCDCM_ID": 18.0, "PHOTO": "WB37.png", "PRK_FEE": null, "DCM_Funded": "N", "CONTRACT_YR": null, "CONTRACT_NUM": null, "ACESS_TYPE": "Beach", "KayakCanoeLaunch": "No", "PARKING_OPTIONS": "No Parking", "BeachWheelchair": "Y", "BWC_Info": "https://www.townofwrightsvillebeach.com/321/Accessibility", "PaidParkURL": "n/a", "WaterAccessTYPE": "Ocean", "BeachMat": null, "Land_Status": "Municipality", "NEAR_FID": 17.0, "NEAR_DIST": 209.47127346477083, "ACCESSIBILITY_NOTES": null, "LIFEGUARDS": null }, "geometry": { "type": "Point", "coordinates": [ -77.787643340741795, 34.216981076511097 ] } },
{ "type": "Feature", "properties": { "ACCESS_ID": "10", "OBJECTID": 15, "PLACE": "Wrightsville Beach", "ACCESS_LOC": "Mallard St", "LOCL_SPONS": "Wrightsville Beach", "CAMA_SIGN": "Yes", "PARKING": 0.0, "DUNE_WALK": "N", "OVERLOOK": "No", "HAND_DUNE": "No", "HAND_OVRLK": "No", "HAND_BEACH": "No", "HAND_PRKG": 0.0, "RESTRM": "N", "SHOWER": "N", "PIC_TABLE": "No", "VEH_ACCESS": "E", "BIKE_RACK": "No", "SURV_DATE": 1628679443071.0, "COMMENT_": " ", "PRKG_COMMENTS": null, "COUNTY": "New Hanover", "DCM_RO": "WILM", "NCDCM_ID": 17.0, "PHOTO": "WB38.png", "PRK_FEE": null, "DCM_Funded": "N", "CONTRACT_YR": null, "CONTRACT_NUM": null, "ACESS_TYPE": "Beach", "KayakCanoeLaunch": "No", "PARKING_OPTIONS": "On-Street Parking", "BeachWheelchair": "Y", "BWC_Info": "https://www.townofwrightsvillebeach.com/321/Accessibility", "PaidParkURL": "n/a", "WaterAccessTYPE": "Ocean", "BeachMat": null, "Land_Status": "Municipality", "NEAR_FID": 16.0, "NEAR_DIST": 222.77275287572132, "ACCESSIBILITY_NOTES": null, "LIFEGUARDS": null }, "geometry": { "type": "Point", "coordinates": [ -77.7870917589877, 34.217386933026191 ] } },
{ "type": "Feature", "properties": { "ACCESS_ID": "9", "OBJECTID": 14, "PLACE": "Wrightsville Beach", "ACCESS_LOC": "1700 N Lumina", "LOCL_SPONS": "Wrightsville Beach", "CAMA_SIGN": "Yes", "PARKING": 0.0, "DUNE_WALK": "Y", "OVERLOOK": "Yes", "HAND_DUNE": "Yes", "HAND_OVRLK": "Yes", "HAND_BEACH": "No", "HAND_PRKG": 0.0, "RESTRM": "N", "SHOWER": "N", "PIC_TABLE": "No", "VEH_ACCESS": " ", "BIKE_RACK": "No", "SURV_DATE": 1628679443071.0, "COMMENT_": " ", "PRKG_COMMENTS": null, "COUNTY": "New Hanover", "DCM_RO": "WILM", "NCDCM_ID": 16.0, "PHOTO": "WB39.png", "PRK_FEE": null, "DCM_Funded": "N", "CONTRACT_YR": null, "CONTRACT_NUM": null, "ACESS_TYPE": "Beach", "KayakCanoeLaunch": "No", "PARKING_OPTIONS": "On-Street Parking", "BeachWheelchair": "Y", "BWC_Info": "https://www.townofwrightsvillebeach.com/321/Accessibility", "PaidParkURL": "n/a", "WaterAccessTYPE": "Ocean", "BeachMat": null, "Land_Status": "Municipality", "NEAR_FID": 15.0, "NEAR_DIST": 622.53551498694264, "ACCESSIBILITY_NOTES": null, "LIFEGUARDS": null }, "geometry": { "type": "Point", "coordinates": [ -77.787742560563203, 34.219009780199215 ] } },
{ "type": "Feature", "properties": { "ACCESS_ID": "8", "OBJECTID": 13, "PLACE": "Wrightsville Beach", "ACCESS_LOC": "1800 North Lumina Ave", "LOCL_SPONS": "Wrightsville Beach", "CAMA_SIGN": "Yes", "PARKING": 59.0, "DUNE_WALK": "Y", "OVERLOOK": "No", "HAND_DUNE": "Y", "HAND_OVRLK": "No", "HAND_BEACH": "Y", "HAND_PRKG": 4.0, "RESTRM": "N", "SHOWER": "N", "PIC_TABLE": "No", "VEH_ACCESS": "E", "BIKE_RACK": "Yes", "SURV_DATE": 1628679443071.0, "COMMENT_": "Handicap accessible to beach", "PRKG_COMMENTS": null, "COUNTY": "New Hanover", "DCM_RO": "WILM", "NCDCM_ID": 15.0, "PHOTO": "WB40.png", "PRK_FEE": "Y", "DCM_Funded": "N", "CONTRACT_YR": null, "CONTRACT_NUM": null, "ACESS_TYPE": "Beach", "KayakCanoeLaunch": "No", "PARKING_OPTIONS": "Both Parking Options", "BeachWheelchair": "Y", "BWC_Info": "https://www.townofwrightsvillebeach.com/321/Accessibility", "PaidParkURL": "https://www.townofwrightsvillebeach.com/163/Parking/", "WaterAccessTYPE": "Ocean", "BeachMat": null, "Land_Status": "Municipality", "NEAR_FID": 14.0, "NEAR_DIST": 929.18456437857412, "ACCESSIBILITY_NOTES": null, "LIFEGUARDS": null }, "geometry": { "type": "Point", "coordinates": [ -77.785633347717194, 34.220866778959696 ] } },
{ "type": "Feature", "properties": { "ACCESS_ID": "7", "OBJECTID": 12, "PLACE": "Wrightsville Beach", "ACCESS_LOC": "2200 North Lumina Ave", "LOCL_SPONS": "Wrightsville Beach", "CAMA_SIGN": "Yes", "PARKING": 0.0, "DUNE_WALK": "N", "OVERLOOK": "No", "HAND_DUNE": "No", "HAND_OVRLK": "No", "HAND_BEACH": "No", "HAND_PRKG": 0.0, "RESTRM": "N", "SHOWER": "N", "PIC_TABLE": "No", "VEH_ACCESS": " ", "BIKE_RACK": "No", "SURV_DATE": 1628679443071.0, "COMMENT_": " ", "PRKG_COMMENTS": null, "COUNTY": "New Hanover", "DCM_RO": "WILM", "NCDCM_ID": 14.0, "PHOTO": "WB41.png", "PRK_FEE": null, "DCM_Funded": "N", "CONTRACT_YR": null, "CONTRACT_NUM": null, "ACESS_TYPE": "Beach", "KayakCanoeLaunch": "No", "PARKING_OPTIONS": "On-Street Parking", "BeachWheelchair": "Y", "BWC_Info": "https://www.townofwrightsvillebeach.com/321/Accessibility", "PaidParkURL": "n/a", "WaterAccessTYPE": "Ocean", "BeachMat": null, "Land_Status": "Municipality", "NEAR_FID": 11.0, "NEAR_DIST": 472.55572540380126, "ACCESSIBILITY_NOTES": null, "LIFEGUARDS": null }, "geometry": { "type": "Point", "coordinates": [ -77.784194855689705, 34.224960724356585 ] } },
{ "type": "Feature", "properties": { "ACCESS_ID": "6", "OBJECTID": 11, "PLACE": "Wrightsville Beach", "ACCESS_LOC": "South Ridge Lane", "LOCL_SPONS": "Wrightsville Beach", "CAMA_SIGN": "Yes", "PARKING": 0.0, "DUNE_WALK": "Y", "OVERLOOK": " ", "HAND_DUNE": "Y", "HAND_OVRLK": "No", "HAND_BEACH": "Y", "HAND_PRKG": 0.0, "RESTRM": "N", "SHOWER": "N", "PIC_TABLE": "No", "VEH_ACCESS": " ", "BIKE_RACK": "No", "SURV_DATE": 1628679443071.0, "COMMENT_": "Handicap accessible to beach", "PRKG_COMMENTS": null, "COUNTY": "New Hanover", "DCM_RO": "WILM", "NCDCM_ID": 13.0, "PHOTO": "WB42.png", "PRK_FEE": null, "DCM_Funded": "N", "CONTRACT_YR": null, "CONTRACT_NUM": null, "ACESS_TYPE": "Beach", "KayakCanoeLaunch": "No", "PARKING_OPTIONS": "No Parking", "BeachWheelchair": "Y", "BWC_Info": "https://www.townofwrightsvillebeach.com/321/Accessibility", "PaidParkURL": "n/a", "WaterAccessTYPE": "Ocean", "BeachMat": null, "Land_Status": "Municipality", "NEAR_FID": 10.0, "NEAR_DIST": 252.33172112153329, "ACCESSIBILITY_NOTES": null, "LIFEGUARDS": null }, "geometry": { "type": "Point", "coordinates": [ -77.782635586070697, 34.2250523347262 ] } },
{ "type": "Feature", "properties": { "ACCESS_ID": "5", "OBJECTID": 10, "PLACE": "Wrightsville Beach", "ACCESS_LOC": "North Ridge Lane", "LOCL_SPONS": "Wrightsville Beach", "CAMA_SIGN": "Yes", "PARKING": 0.0, "DUNE_WALK": "Y", "OVERLOOK": "No", "HAND_DUNE": "Y", "HAND_OVRLK": "No", "HAND_BEACH": "Y", "HAND_PRKG": 0.0, "RESTRM": "N", "SHOWER": "N", "PIC_TABLE": "No", "VEH_ACCESS": " ", "BIKE_RACK": "No", "SURV_DATE": 1628679443071.0, "COMMENT_": "Handicap accessible to beach", "PRKG_COMMENTS": null, "COUNTY": "New Hanover", "DCM_RO": "WILM", "NCDCM_ID": 12.0, "PHOTO": "WB43.png", "PRK_FEE": null, "DCM_Funded": "Y", "CONTRACT_YR": null, "CONTRACT_NUM": null, "ACESS_TYPE": "Beach", "KayakCanoeLaunch": "No", "PARKING_OPTIONS": "No Parking", "BeachWheelchair": "Y", "BWC_Info": "https://www.townofwrightsvillebeach.com/321/Accessibility", "PaidParkURL": "n/a", "WaterAccessTYPE": "Ocean", "BeachMat": null, "Land_Status": "Municipality", "NEAR_FID": 11.0, "NEAR_DIST": 252.33172112153329, "ACCESSIBILITY_NOTES": null, "LIFEGUARDS": null }, "geometry": { "type": "Point", "coordinates": [ -77.782228135425299, 34.226163440618407 ] } },
{ "type": "Feature", "properties": { "ACCESS_ID": "4", "OBJECTID": 9, "PLACE": "Wrightsville Beach", "ACCESS_LOC": "2398 North Lumina Ave", "LOCL_SPONS": "Wrightsville Beach", "CAMA_SIGN": "Yes", "PARKING": 99.0, "DUNE_WALK": "Y", "OVERLOOK": "Yes", "HAND_DUNE": "Y", "HAND_OVRLK": "Yes", "HAND_BEACH": "Y", "HAND_PRKG": 4.0, "RESTRM": "Y", "SHOWER": "Y", "PIC_TABLE": "No", "VEH_ACCESS": "No", "BIKE_RACK": "Yes", "SURV_DATE": 1628679443071.0, "COMMENT_": "Handicap accessible to beach", "PRKG_COMMENTS": "L-shaped lot", "COUNTY": "New Hanover", "DCM_RO": "WILM", "NCDCM_ID": 11.0, "PHOTO": "WB44.png", "PRK_FEE": "Y", "DCM_Funded": "Y", "CONTRACT_YR": null, "CONTRACT_NUM": null, "ACESS_TYPE": "Beach", "KayakCanoeLaunch": "No", "PARKING_OPTIONS": "Onsite Parking", "BeachWheelchair": "Y", "BWC_Info": "https://www.townofwrightsvillebeach.com/321/Accessibility", "PaidParkURL": "https://www.townofwrightsvillebeach.com/163/Parking/", "WaterAccessTYPE": "Ocean", "BeachMat": null, "Land_Status": "Municipality", "NEAR_FID": 10.0, "NEAR_DIST": 425.61666011142302, "ACCESSIBILITY_NOTES": null, "LIFEGUARDS": null }, "geometry": { "type": "Point", "coordinates": [ -77.782091982254698, 34.226859527918506 ] } },
{ "type": "Feature", "properties": { "ACCESS_ID": "3", "OBJECTID": 8, "PLACE": "Wrightsville Beach", "ACCESS_LOC": "2498 North Lumina Ave", "LOCL_SPONS": "Wrightsville Beach", "CAMA_SIGN": "Yes", "PARKING": 29.0, "DUNE_WALK": "Y", "OVERLOOK": "Yes", "HAND_DUNE": "Y", "HAND_OVRLK": "Yes", "HAND_BEACH": "Y", "HAND_PRKG": 2.0, "RESTRM": "N", "SHOWER": "N", "PIC_TABLE": "No", "VEH_ACCESS": " ", "BIKE_RACK": "No", "SURV_DATE": 1628679443071.0, "COMMENT_": "Handicap accessible to beach", "PRKG_COMMENTS": null, "COUNTY": "New Hanover", "DCM_RO": "WILM", "NCDCM_ID": 10.0, "PHOTO": "WB45.png", "PRK_FEE": "Y", "DCM_Funded": "N", "CONTRACT_YR": null, "CONTRACT_NUM": null, "ACESS_TYPE": "Beach", "KayakCanoeLaunch": "No", "PARKING_OPTIONS": "Onsite Parking", "BeachWheelchair": "Y", "BWC_Info": "https://www.townofwrightsvillebeach.com/321/Accessibility", "PaidParkURL": "https://www.townofwrightsvillebeach.com/163/Parking/", "WaterAccessTYPE": "Ocean", "BeachMat": null, "Land_Status": "Municipality", "NEAR_FID": 9.0, "NEAR_DIST": 1260.0374768752895, "ACCESSIBILITY_NOTES": null, "LIFEGUARDS": null }, "geometry": { "type": "Point", "coordinates": [ -77.779965853233506, 34.229837453128987 ] } },
{ "type": "Feature", "properties": { "ACCESS_ID": "2", "OBJECTID": 7, "PLACE": "Wrightsville Beach", "ACCESS_LOC": "2698 North Lumina Ave", "LOCL_SPONS": "Wrightsville Beach", "CAMA_SIGN": "Yes", "PARKING": 30.0, "DUNE_WALK": "Y", "OVERLOOK": "Yes", "HAND_DUNE": "Y", "HAND_OVRLK": "Yes", "HAND_BEACH": "Y", "HAND_PRKG": 2.0, "RESTRM": "Y", "SHOWER": "Y", "PIC_TABLE": "No", "VEH_ACCESS": "E", "BIKE_RACK": "No", "SURV_DATE": 1628679443071.0, "COMMENT_": "Handicap accessible to beach", "PRKG_COMMENTS": null, "COUNTY": "New Hanover", "DCM_RO": "WILM", "NCDCM_ID": 9.0, "PHOTO": "WB46.png", "PRK_FEE": "Y", "DCM_Funded": "N", "CONTRACT_YR": null, "CONTRACT_NUM": null, "ACESS_TYPE": "Beach", "KayakCanoeLaunch": "No", "PARKING_OPTIONS": "Onsite Parking", "BeachWheelchair": "Y", "BWC_Info": "https://www.townofwrightsvillebeach.com/321/Accessibility", "PaidParkURL": "https://www.townofwrightsvillebeach.com/163/Parking/", "WaterAccessTYPE": "Ocean", "BeachMat": null, "Land_Status": "Municipality", "NEAR_FID": 6.0, "NEAR_DIST": 728.75256391328048, "ACCESSIBILITY_NOTES": null, "LIFEGUARDS": null }, "geometry": { "type": "Point", "coordinates": [ -77.776120873374595, 34.234941473540196 ] } },
{ "type": "Feature", "properties": { "ACCESS_ID": "1", "OBJECTID": 6, "PLACE": "Wrightsville Beach", "ACCESS_LOC": "2702 North Lumina Ave", "LOCL_SPONS": "Wrightsville Beach", "CAMA_SIGN": "No", "PARKING": 0.0, "DUNE_WALK": "Y", "OVERLOOK": "N", "HAND_DUNE": "N", "HAND_OVRLK": "N", "HAND_BEACH": "N", "HAND_PRKG": 0.0, "RESTRM": "N", "SHOWER": "N", "PIC_TABLE": "N", "VEH_ACCESS": "No", "BIKE_RACK": "No", "SURV_DATE": 1628679443071.0, "COMMENT_": " ", "PRKG_COMMENTS": null, "COUNTY": "New Hanover", "DCM_RO": "WILM", "NCDCM_ID": 8.0, "PHOTO": "WB47.png", "PRK_FEE": null, "DCM_Funded": "N", "CONTRACT_YR": null, "CONTRACT_NUM": null, "ACESS_TYPE": "Beach", "KayakCanoeLaunch": "No", "PARKING_OPTIONS": "On-Street Parking", "BeachWheelchair": "Y", "BWC_Info": "https://www.townofwrightsvillebeach.com/321/Accessibility", "PaidParkURL": "n/a", "WaterAccessTYPE": "Ocean", "BeachMat": null, "Land_Status": "Municipality", "NEAR_FID": 7.0, "NEAR_DIST": 728.75256391328048, "ACCESSIBILITY_NOTES": null, "LIFEGUARDS": null }, "geometry": { "type": "Point", "coordinates": [ -77.774166500439094, 34.23611399963729 ] } },
{ "type": "Feature", "properties": { "ACCESS_ID": "O-20", "OBJECTID": 126, "PLACE": "Topsail Beach", "ACCESS_LOC": "Ocean and Godwin", "LOCL_SPONS": " ", "CAMA_SIGN": "Yes", "PARKING": 0.0, "DUNE_WALK": "Y", "OVERLOOK": "No", "HAND_DUNE": "No", "HAND_OVRLK": "No", "HAND_BEACH": "No", "HAND_PRKG": 0.0, "RESTRM": "N", "SHOWER": "N", "PIC_TABLE": "No", "VEH_ACCESS": " ", "BIKE_RACK": "No", "SURV_DATE": 1054080000000.0, "COMMENT_": " ", "PRKG_COMMENTS": null, "COUNTY": "Pender", "DCM_RO": "Wilmington Regional Office", "NCDCM_ID": 70.0, "PHOTO": "Local.png", "PRK_FEE": null, "DCM_Funded": "Y", "CONTRACT_YR": null, "CONTRACT_NUM": null, "ACESS_TYPE": "Beach", "KayakCanoeLaunch": "No", "PARKING_OPTIONS": "On-Street Parking", "BeachWheelchair": "Y", "BWC_Info": "https://topsailbeachnc.gov/Departments/Police/Beach-Wheelchair", "PaidParkURL": "n/a", "WaterAccessTYPE": "Ocean", "BeachMat": null, "Land_Status": "Municipality", "NEAR_FID": 125.0, "NEAR_DIST": 425.40184819510898, "ACCESSIBILITY_NOTES": null, "LIFEGUARDS": null }, "geometry": { "type": "Point", "coordinates": [ -77.648909623373598, 34.34919416700189 ] } },
{ "type": "Feature", "properties": { "ACCESS_ID": "O-19", "OBJECTID": 125, "PLACE": "Topsail Beach", "ACCESS_LOC": "Ocean and McLeod", "LOCL_SPONS": "Topsail Beach", "CAMA_SIGN": "Yes", "PARKING": 0.0, "DUNE_WALK": "Y", "OVERLOOK": "No", "HAND_DUNE": "No", "HAND_OVRLK": "No", "HAND_BEACH": "No", "HAND_PRKG": 0.0, "RESTRM": "N", "SHOWER": "N", "PIC_TABLE": "No", "VEH_ACCESS": " ", "BIKE_RACK": "No", "SURV_DATE": 1054080000000.0, "COMMENT_": " ", "PRKG_COMMENTS": null, "COUNTY": "Pender", "DCM_RO": "Wilmington Regional Office", "NCDCM_ID": 69.0, "PHOTO": "Local.png", "PRK_FEE": null, "DCM_Funded": "Y", "CONTRACT_YR": null, "CONTRACT_NUM": null, "ACESS_TYPE": "Beach", "KayakCanoeLaunch": "No", "PARKING_OPTIONS": "On-Street Parking", "BeachWheelchair": "Y", "BWC_Info": "https://topsailbeachnc.gov/Departments/Police/Beach-Wheelchair", "PaidParkURL": "n/a", "WaterAccessTYPE": "Ocean", "BeachMat": null, "Land_Status": "Municipality", "NEAR_FID": 124.0, "NEAR_DIST": 408.79710429307698, "ACCESSIBILITY_NOTES": null, "LIFEGUARDS": null }, "geometry": { "type": "Point", "coordinates": [ -77.647731693270003, 34.349835892919373 ] } },
{ "type": "Feature", "properties": { "ACCESS_ID": "South End", "OBJECTID": 918, "PLACE": "Topsail Beach", "ACCESS_LOC": null, "LOCL_SPONS": "Topsail Beach", "CAMA_SIGN": "No", "PARKING": 27.0, "DUNE_WALK": "N", "OVERLOOK": "N", "HAND_DUNE": "N", "HAND_OVRLK": "N", "HAND_BEACH": "N", "HAND_PRKG": 2.0, "RESTRM": "Y", "SHOWER": "N", "PIC_TABLE": "N", "VEH_ACCESS": "No", "BIKE_RACK": "N", "SURV_DATE": 1716370828152.0, "COMMENT_": null, "PRKG_COMMENTS": "Paid Parking", "COUNTY": "Pender", "DCM_RO": "WARO", "NCDCM_ID": null, "PHOTO": null, "PRK_FEE": "Y", "DCM_Funded": "Y", "CONTRACT_YR": null, "CONTRACT_NUM": null, "ACESS_TYPE": null, "KayakCanoeLaunch": "N", "PARKING_OPTIONS": "Onsite Parking", "BeachWheelchair": "N", "BWC_Info": null, "PaidParkURL": "https://topsailbeachnc.gov/About-Topsail-Beach/News/ID/54/FAQs-for-the-%E2%80%9CSurfCAST-by-Otto-Connect%E2%80%9D-mobile-app-for-Topsail-Beach-parking", "WaterAccessTYPE": "Both", "BeachMat": "No", "Land_Status": "Municipality", "NEAR_FID": null, "NEAR_DIST": null, "ACCESSIBILITY_NOTES": null, "LIFEGUARDS": null }, "geometry": { "type": "Point", "coordinates": [ -77.653274699345701, 34.350035403538492 ] } },
{ "type": "Feature", "properties": { "ACCESS_ID": "Boryk Ave (O-18)", "OBJECTID": 124, "PLACE": "Topsail Beach", "ACCESS_LOC": "Ocean and Boryk", "LOCL_SPONS": "Topsail Beach", "CAMA_SIGN": "Yes", "PARKING": 0.0, "DUNE_WALK": "Y", "OVERLOOK": "No", "HAND_DUNE": "Y", "HAND_OVRLK": "No", "HAND_BEACH": "Y", "HAND_PRKG": 0.0, "RESTRM": "N", "SHOWER": "N", "PIC_TABLE": "No", "VEH_ACCESS": " ", "BIKE_RACK": "No", "SURV_DATE": 1054080000000.0, "COMMENT_": "Handicap accessible to beach", "PRKG_COMMENTS": null, "COUNTY": "Pender", "DCM_RO": "Wilmington Regional Office", "NCDCM_ID": 68.0, "PHOTO": "Local.png", "PRK_FEE": null, "DCM_Funded": "Y", "CONTRACT_YR": null, "CONTRACT_NUM": null, "ACESS_TYPE": "Beach", "KayakCanoeLaunch": "No", "PARKING_OPTIONS": "On-Street Parking", "BeachWheelchair": "Y", "BWC_Info": "https://topsailbeachnc.gov/Departments/Police/Beach-Wheelchair", "PaidParkURL": "n/a", "WaterAccessTYPE": "Ocean", "BeachMat": null, "Land_Status": "Municipality", "NEAR_FID": 123.0, "NEAR_DIST": 341.9694764652458, "ACCESSIBILITY_NOTES": null, "LIFEGUARDS": null }, "geometry": { "type": "Point", "coordinates": [ -77.646774603651494, 34.350630620554995 ] } },
{ "type": "Feature", "properties": { "ACCESS_ID": "Trout Ave (O-17)", "OBJECTID": 123, "PLACE": "Topsail Beach", "ACCESS_LOC": "Ocean and Trout", "LOCL_SPONS": " ", "CAMA_SIGN": "Yes", "PARKING": 0.0, "DUNE_WALK": "Y", "OVERLOOK": "No", "HAND_DUNE": "No", "HAND_OVRLK": "No", "HAND_BEACH": "No", "HAND_PRKG": 0.0, "RESTRM": "N", "SHOWER": "N", "PIC_TABLE": "No", "VEH_ACCESS": " ", "BIKE_RACK": "No", "SURV_DATE": 1054080000000.0, "COMMENT_": " ", "PRKG_COMMENTS": null, "COUNTY": "Pender", "DCM_RO": "Wilmington Regional Office", "NCDCM_ID": 67.0, "PHOTO": "Local.png", "PRK_FEE": null, "DCM_Funded": "Y", "CONTRACT_YR": null, "CONTRACT_NUM": null, "ACESS_TYPE": "Beach", "KayakCanoeLaunch": "No", "PARKING_OPTIONS": "On-Street Parking", "BeachWheelchair": "Y", "BWC_Info": "https://topsailbeachnc.gov/Departments/Police/Beach-Wheelchair", "PaidParkURL": "n/a", "WaterAccessTYPE": "Ocean", "BeachMat": null, "Land_Status": "Municipality", "NEAR_FID": 124.0, "NEAR_DIST": 341.9694764652458, "ACCESSIBILITY_NOTES": null, "LIFEGUARDS": null }, "geometry": { "type": "Point", "coordinates": [ -77.645743960072394, 34.351020785212491 ] } },
{ "type": "Feature", "properties": { "ACCESS_ID": "Ocean Blvd (O-16)", "OBJECTID": 1, "PLACE": "Topsail Beach", "ACCESS_LOC": "Ocean and Florida", "LOCL_SPONS": "Topsail Beach", "CAMA_SIGN": "Yes", "PARKING": 0.0, "DUNE_WALK": "Y", "OVERLOOK": "No", "HAND_DUNE": "Y", "HAND_OVRLK": "No", "HAND_BEACH": "Y", "HAND_PRKG": 0.0, "RESTRM": "Y", "SHOWER": "N", "PIC_TABLE": "No", "VEH_ACCESS": "No", "BIKE_RACK": "No", "SURV_DATE": 1778630400000.0, "COMMENT_": "Handicap accessible to beach", "PRKG_COMMENTS": " ", "COUNTY": "Pender", "DCM_RO": "Wilmington Regional Office", "NCDCM_ID": 1.0, "PHOTO": "Local.png", "PRK_FEE": null, "DCM_Funded": "N", "CONTRACT_YR": null, "CONTRACT_NUM": null, "ACESS_TYPE": "Beach", "KayakCanoeLaunch": "No", "PARKING_OPTIONS": "On-Street Parking", "BeachWheelchair": "Y", "BWC_Info": "https://topsailbeachnc.gov/Departments/Police/Beach-Wheelchair", "PaidParkURL": "n/a", "WaterAccessTYPE": "Ocean", "BeachMat": "Yes, Summer Only", "Land_Status": "Municipality", "NEAR_FID": 123.0, "NEAR_DIST": 792.49049151104271, "ACCESSIBILITY_NOTES": null, "LIFEGUARDS": null }, "geometry": { "type": "Point", "coordinates": [ -77.644213463491894, 34.352790089795391 ] } },
{ "type": "Feature", "properties": { "ACCESS_ID": "Smith Ave (O-15)", "OBJECTID": 122, "PLACE": "Topsail Beach", "ACCESS_LOC": "Anderson and Smith", "LOCL_SPONS": "Topsail Beach", "CAMA_SIGN": "Yes", "PARKING": 6.0, "DUNE_WALK": "Y", "OVERLOOK": "No", "HAND_DUNE": "No", "HAND_OVRLK": "No", "HAND_BEACH": "No", "HAND_PRKG": null, "RESTRM": "N", "SHOWER": "N", "PIC_TABLE": "No", "VEH_ACCESS": " ", "BIKE_RACK": "No", "SURV_DATE": 1054080000000.0, "COMMENT_": " ", "PRKG_COMMENTS": null, "COUNTY": "Pender", "DCM_RO": "Wilmington Regional Office", "NCDCM_ID": 66.0, "PHOTO": "Neighborhood.png", "PRK_FEE": "No", "DCM_Funded": "Y", "CONTRACT_YR": null, "CONTRACT_NUM": null, "ACESS_TYPE": "Beach", "KayakCanoeLaunch": "No", "PARKING_OPTIONS": "Both Parking Options", "BeachWheelchair": "Y", "BWC_Info": "https://topsailbeachnc.gov/Departments/Police/Beach-Wheelchair", "PaidParkURL": "n/a", "WaterAccessTYPE": "Ocean", "BeachMat": null, "Land_Status": "Municipality", "NEAR_FID": 886.0, "NEAR_DIST": 513.48331766826652, "ACCESSIBILITY_NOTES": null, "LIFEGUARDS": null }, "geometry": { "type": "Point", "coordinates": [ -77.6405823923036, 34.355840075660581 ] } },
{ "type": "Feature", "properties": { "ACCESS_ID": "Smith Avenue Soundside Access\r\n", "OBJECTID": 886, "PLACE": "Topsail Beach", "ACCESS_LOC": "Carolina Blvd & Smith Ave", "LOCL_SPONS": "Topdail Beach", "CAMA_SIGN": "No", "PARKING": 3.0, "DUNE_WALK": "N", "OVERLOOK": "N", "HAND_DUNE": "N", "HAND_OVRLK": "N", "HAND_BEACH": "N", "HAND_PRKG": 0.0, "RESTRM": "N", "SHOWER": "N", "PIC_TABLE": "N", "VEH_ACCESS": "No", "BIKE_RACK": "N", "SURV_DATE": 1657880691000.0, "COMMENT_": null, "PRKG_COMMENTS": null, "COUNTY": "Pender", "DCM_RO": "WILM", "NCDCM_ID": null, "PHOTO": null, "PRK_FEE": "N", "DCM_Funded": "Y", "CONTRACT_YR": null, "CONTRACT_NUM": null, "ACESS_TYPE": "Shoreline", "KayakCanoeLaunch": "N", "PARKING_OPTIONS": "Onsite Parking", "BeachWheelchair": "Y", "BWC_Info": "https://topsailbeachnc.gov/Departments/Police/Beach-Wheelchair", "PaidParkURL": "n/a", "WaterAccessTYPE": "Estuarine", "BeachMat": null, "Land_Status": "Municipality", "NEAR_FID": 122.0, "NEAR_DIST": 513.48331766826652, "ACCESSIBILITY_NOTES": null, "LIFEGUARDS": null }, "geometry": { "type": "Point", "coordinates": [ -77.641823355006693, 34.356805206502678 ] } },
{ "type": "Feature", "properties": { "ACCESS_ID": "Darden Ave (O-14)", "OBJECTID": 121, "PLACE": "Topsail Beach", "ACCESS_LOC": "Anderson and Darden", "LOCL_SPONS": " ", "CAMA_SIGN": "Yes", "PARKING": 6.0, "DUNE_WALK": "Y", "OVERLOOK": "No", "HAND_DUNE": "Y", "HAND_OVRLK": "No", "HAND_BEACH": "Y", "HAND_PRKG": null, "RESTRM": "N", "SHOWER": "N", "PIC_TABLE": "No", "VEH_ACCESS": " ", "BIKE_RACK": "No", "SURV_DATE": 1612915200000.0, "COMMENT_": " ", "PRKG_COMMENTS": null, "COUNTY": "Pender", "DCM_RO": "Wilmington Regional Office", "NCDCM_ID": 65.0, "PHOTO": "Neighborhood.png", "PRK_FEE": "No", "DCM_Funded": "Y", "CONTRACT_YR": "2014-15", "CONTRACT_NUM": null, "ACESS_TYPE": "Beach", "KayakCanoeLaunch": "No", "PARKING_OPTIONS": "Both Parking Options", "BeachWheelchair": "Y", "BWC_Info": "https://topsailbeachnc.gov/Departments/Police/Beach-Wheelchair", "PaidParkURL": "n/a", "WaterAccessTYPE": "Ocean", "BeachMat": "Yes, Summer Only", "Land_Status": "Municipality", "NEAR_FID": 120.0, "NEAR_DIST": 774.52031394357368, "ACCESSIBILITY_NOTES": null, "LIFEGUARDS": null }, "geometry": { "type": "Point", "coordinates": [ -77.638053455890201, 34.357983598276491 ] } },
{ "type": "Feature", "properties": { "ACCESS_ID": "O-13", "OBJECTID": 120, "PLACE": "Topsail Beach", "ACCESS_LOC": "Anderson and Crocker", "LOCL_SPONS": " ", "CAMA_SIGN": "Yes", "PARKING": 6.0, "DUNE_WALK": "Y", "OVERLOOK": "No", "HAND_DUNE": "No", "HAND_OVRLK": "No", "HAND_BEACH": "No", "HAND_PRKG": null, "RESTRM": "N", "SHOWER": "N", "PIC_TABLE": "No", "VEH_ACCESS": " ", "BIKE_RACK": "No", "SURV_DATE": 1054080000000.0, "COMMENT_": " ", "PRKG_COMMENTS": null, "COUNTY": "Pender", "DCM_RO": "Wilmington Regional Office", "NCDCM_ID": 64.0, "PHOTO": "Neighborhood.png", "PRK_FEE": "No", "DCM_Funded": "Y", "CONTRACT_YR": null, "CONTRACT_NUM": null, "ACESS_TYPE": "Beach", "KayakCanoeLaunch": "No", "PARKING_OPTIONS": "Both Parking Options", "BeachWheelchair": "Y", "BWC_Info": "https://topsailbeachnc.gov/Departments/Police/Beach-Wheelchair", "PaidParkURL": "n/a", "WaterAccessTYPE": "Ocean", "BeachMat": null, "Land_Status": "Municipality", "NEAR_FID": 119.0, "NEAR_DIST": 725.30784887952177, "ACCESSIBILITY_NOTES": null, "LIFEGUARDS": null }, "geometry": { "type": "Point", "coordinates": [ -77.636264995242598, 34.359509792381814 ] } },
{ "type": "Feature", "properties": { "ACCESS_ID": "O-12", "OBJECTID": 119, "PLACE": "Topsail Beach", "ACCESS_LOC": "Anderson and Scott", "LOCL_SPONS": " ", "CAMA_SIGN": "Yes", "PARKING": 6.0, "DUNE_WALK": "Y", "OVERLOOK": "No", "HAND_DUNE": "No", "HAND_OVRLK": "No", "HAND_BEACH": "No", "HAND_PRKG": null, "RESTRM": "N", "SHOWER": "N", "PIC_TABLE": "No", "VEH_ACCESS": " ", "BIKE_RACK": "Yes", "SURV_DATE": 1054080000000.0, "COMMENT_": " ", "PRKG_COMMENTS": null, "COUNTY": "Pender", "DCM_RO": "Wilmington Regional Office", "NCDCM_ID": 63.0, "PHOTO": "Neighborhood.png", "PRK_FEE": "No", "DCM_Funded": "Y", "CONTRACT_YR": null, "CONTRACT_NUM": null, "ACESS_TYPE": "Beach", "KayakCanoeLaunch": "No", "PARKING_OPTIONS": "Both Parking Options", "BeachWheelchair": "Y", "BWC_Info": "https://topsailbeachnc.gov/Departments/Police/Beach-Wheelchair", "PaidParkURL": "n/a", "WaterAccessTYPE": "Ocean", "BeachMat": null, "Land_Status": "Municipality", "NEAR_FID": 120.0, "NEAR_DIST": 725.30784887952177, "ACCESSIBILITY_NOTES": null, "LIFEGUARDS": null }, "geometry": { "type": "Point", "coordinates": [ -77.63442936106992, 34.360796065562894 ] } },
{ "type": "Feature", "properties": { "ACCESS_ID": "Hines Ave (O-11)", "OBJECTID": 118, "PLACE": "Topsail Beach", "ACCESS_LOC": "Anderson and Hines", "LOCL_SPONS": "Topsail Beach", "CAMA_SIGN": "Yes", "PARKING": 6.0, "DUNE_WALK": "Y", "OVERLOOK": "No", "HAND_DUNE": "Yes", "HAND_OVRLK": "No", "HAND_BEACH": "No", "HAND_PRKG": null, "RESTRM": "N", "SHOWER": "N", "PIC_TABLE": "No", "VEH_ACCESS": " ", "BIKE_RACK": "Yes", "SURV_DATE": 1054080000000.0, "COMMENT_": " ", "PRKG_COMMENTS": null, "COUNTY": "Pender", "DCM_RO": "Wilmington Regional Office", "NCDCM_ID": 62.0, "PHOTO": "Neighborhood.png", "PRK_FEE": "No", "DCM_Funded": "Y", "CONTRACT_YR": null, "CONTRACT_NUM": null, "ACESS_TYPE": "Beach", "KayakCanoeLaunch": "No", "PARKING_OPTIONS": "Both Parking Options", "BeachWheelchair": "Y", "BWC_Info": "https://topsailbeachnc.gov/Departments/Police/Beach-Wheelchair", "PaidParkURL": "n/a", "WaterAccessTYPE": "Ocean", "BeachMat": null, "Land_Status": "Municipality", "NEAR_FID": 893.0, "NEAR_DIST": 639.42422968445123, "ACCESSIBILITY_NOTES": null, "LIFEGUARDS": null }, "geometry": { "type": "Point", "coordinates": [ -77.631668612462605, 34.363146897248093 ] } },
{ "type": "Feature", "properties": { "ACCESS_ID": "Bush Marina", "OBJECTID": 893, "PLACE": "Topsail Beach", "ACCESS_LOC": "912 S. Anderson Blvd.", "LOCL_SPONS": "Topsail Beach", "CAMA_SIGN": null, "PARKING": null, "DUNE_WALK": "N", "OVERLOOK": null, "HAND_DUNE": null, "HAND_OVRLK": null, "HAND_BEACH": null, "HAND_PRKG": null, "RESTRM": null, "SHOWER": null, "PIC_TABLE": "N", "VEH_ACCESS": null, "BIKE_RACK": null, "SURV_DATE": null, "COMMENT_": null, "PRKG_COMMENTS": null, "COUNTY": null, "DCM_RO": null, "NCDCM_ID": null, "PHOTO": null, "PRK_FEE": "N", "DCM_Funded": "Y", "CONTRACT_YR": null, "CONTRACT_NUM": null, "ACESS_TYPE": "Shoreline", "KayakCanoeLaunch": null, "PARKING_OPTIONS": null, "BeachWheelchair": "Y", "BWC_Info": "https://topsailbeachnc.gov/Departments/Police/Beach-Wheelchair", "PaidParkURL": "n/a", "WaterAccessTYPE": "Estuarine", "BeachMat": null, "Land_Status": "Municipality", "NEAR_FID": 117.0, "NEAR_DIST": 454.6690250780801, "ACCESSIBILITY_NOTES": null, "LIFEGUARDS": null }, "geometry": { "type": "Point", "coordinates": [ -77.631086068972806, 34.364836147850696 ] } },
{ "type": "Feature", "properties": { "ACCESS_ID": "O-10", "OBJECTID": 117, "PLACE": "Topsail Beach", "ACCESS_LOC": "Anderson and Crews", "LOCL_SPONS": " ", "CAMA_SIGN": "Yes", "PARKING": 6.0, "DUNE_WALK": "Y", "OVERLOOK": "No", "HAND_DUNE": "No", "HAND_OVRLK": "No", "HAND_BEACH": "No", "HAND_PRKG": null, "RESTRM": "N", "SHOWER": "N", "PIC_TABLE": "No", "VEH_ACCESS": "E", "BIKE_RACK": "Yes", "SURV_DATE": 1054080000000.0, "COMMENT_": " ", "PRKG_COMMENTS": null, "COUNTY": "Pender", "DCM_RO": "Wilmington Regional Office", "NCDCM_ID": 61.0, "PHOTO": "Neighborhood.png", "PRK_FEE": "No", "DCM_Funded": "Y", "CONTRACT_YR": null, "CONTRACT_NUM": null, "ACESS_TYPE": "Beach", "KayakCanoeLaunch": "No", "PARKING_OPTIONS": "Both Parking Options", "BeachWheelchair": "Y", "BWC_Info": "https://topsailbeachnc.gov/Departments/Police/Beach-Wheelchair", "PaidParkURL": "n/a", "WaterAccessTYPE": "Ocean", "BeachMat": null, "Land_Status": "Municipality", "NEAR_FID": 893.0, "NEAR_DIST": 454.6690250780801, "ACCESSIBILITY_NOTES": null, "LIFEGUARDS": null }, "geometry": { "type": "Point", "coordinates": [ -77.629579578227194, 34.364824906642696 ] } },
{ "type": "Feature", "properties": { "ACCESS_ID": "Davis Ave (O-9)", "OBJECTID": 58, "PLACE": "Topsail Beach", "ACCESS_LOC": "Anderson and Davis", "LOCL_SPONS": " Topsail Beach", "CAMA_SIGN": "Yes", "PARKING": 6.0, "DUNE_WALK": "Y", "OVERLOOK": "No", "HAND_DUNE": "No", "HAND_OVRLK": "No", "HAND_BEACH": "No", "HAND_PRKG": null, "RESTRM": "Y", "SHOWER": "N", "PIC_TABLE": "No", "VEH_ACCESS": " ", "BIKE_RACK": "Yes", "SURV_DATE": 1657756800000.0, "COMMENT_": " ", "PRKG_COMMENTS": null, "COUNTY": "Pender", "DCM_RO": "Wilmington Regional Office", "NCDCM_ID": 60.0, "PHOTO": "Neighborhood.png", "PRK_FEE": "No", "DCM_Funded": "Y", "CONTRACT_YR": null, "CONTRACT_NUM": null, "ACESS_TYPE": "Beach", "KayakCanoeLaunch": "No", "PARKING_OPTIONS": "Both Parking Options", "BeachWheelchair": "Y", "BWC_Info": "https://topsailbeachnc.gov/Departments/Police/Beach-Wheelchair", "PaidParkURL": "n/a", "WaterAccessTYPE": "Ocean", "BeachMat": null, "Land_Status": "Municipality", "NEAR_FID": 57.0, "NEAR_DIST": 885.32097455242933, "ACCESSIBILITY_NOTES": null, "LIFEGUARDS": null }, "geometry": { "type": "Point", "coordinates": [ -77.626789622561802, 34.367050336060828 ] } },
{ "type": "Feature", "properties": { "ACCESS_ID": "O-8", "OBJECTID": 57, "PLACE": "Topsail Beach", "ACCESS_LOC": "Anderson and Haywood", "LOCL_SPONS": " ", "CAMA_SIGN": "Yes", "PARKING": 5.0, "DUNE_WALK": "Y", "OVERLOOK": "No", "HAND_DUNE": "No", "HAND_OVRLK": "No", "HAND_BEACH": "No", "HAND_PRKG": null, "RESTRM": "N", "SHOWER": "N", "PIC_TABLE": "No", "VEH_ACCESS": " ", "BIKE_RACK": "Yes", "SURV_DATE": 1054080000000.0, "COMMENT_": " ", "PRKG_COMMENTS": null, "COUNTY": "Pender", "DCM_RO": "Wilmington Regional Office", "NCDCM_ID": 59.0, "PHOTO": "Neighborhood.png", "PRK_FEE": "No", "DCM_Funded": "Y", "CONTRACT_YR": null, "CONTRACT_NUM": null, "ACESS_TYPE": "Beach", "KayakCanoeLaunch": "No", "PARKING_OPTIONS": "Both Parking Options", "BeachWheelchair": "Y", "BWC_Info": "https://topsailbeachnc.gov/Departments/Police/Beach-Wheelchair", "PaidParkURL": "n/a", "WaterAccessTYPE": "Ocean", "BeachMat": null, "Land_Status": "Municipality", "NEAR_FID": 58.0, "NEAR_DIST": 885.32097455242933, "ACCESSIBILITY_NOTES": null, "LIFEGUARDS": null }, "geometry": { "type": "Point", "coordinates": [ -77.625021071055897, 34.368991212454688 ] } },
{ "type": "Feature", "properties": { "ACCESS_ID": "Empire Ave (O-7)", "OBJECTID": 56, "PLACE": "Topsail Beach", "ACCESS_LOC": "Anderson and Empie", "LOCL_SPONS": " ", "CAMA_SIGN": "Yes", "PARKING": 4.0, "DUNE_WALK": "Y", "OVERLOOK": "No", "HAND_DUNE": "No", "HAND_OVRLK": "No", "HAND_BEACH": "No", "HAND_PRKG": null, "RESTRM": "N", "SHOWER": "N", "PIC_TABLE": "No", "VEH_ACCESS": " ", "BIKE_RACK": "Yes", "SURV_DATE": 1054080000000.0, "COMMENT_": " ", "PRKG_COMMENTS": null, "COUNTY": "Pender", "DCM_RO": "Wilmington Regional Office", "NCDCM_ID": 58.0, "PHOTO": "Local.png", "PRK_FEE": "No", "DCM_Funded": "Y", "CONTRACT_YR": null, "CONTRACT_NUM": null, "ACESS_TYPE": "Beach", "KayakCanoeLaunch": "No", "PARKING_OPTIONS": "Both Parking Options", "BeachWheelchair": "Y", "BWC_Info": "https://topsailbeachnc.gov/Departments/Police/Beach-Wheelchair", "PaidParkURL": "n/a", "WaterAccessTYPE": "Ocean", "BeachMat": null, "Land_Status": "Municipality", "NEAR_FID": 55.0, "NEAR_DIST": 606.43528870490081, "ACCESSIBILITY_NOTES": null, "LIFEGUARDS": null }, "geometry": { "type": "Point", "coordinates": [ -77.622809942735998, 34.370862953793321 ] } },
{ "type": "Feature", "properties": { "ACCESS_ID": "Rocky Mount (#O-6)", "OBJECTID": 55, "PLACE": "Topsail Beach", "ACCESS_LOC": "Rocky Mount and Anderson Blvd", "LOCL_SPONS": "Topsail Beach", "CAMA_SIGN": "Yes", "PARKING": 5.0, "DUNE_WALK": "Y", "OVERLOOK": "No", "HAND_DUNE": "No", "HAND_OVRLK": "No", "HAND_BEACH": "No", "HAND_PRKG": null, "RESTRM": "N", "SHOWER": "N", "PIC_TABLE": "No", "VEH_ACCESS": "No", "BIKE_RACK": "N", "SURV_DATE": 1657756800000.0, "COMMENT_": " ", "PRKG_COMMENTS": null, "COUNTY": "Pender", "DCM_RO": "Wilmington Regional Office", "NCDCM_ID": 57.0, "PHOTO": "Neighborhood.png", "PRK_FEE": "No", "DCM_Funded": "Y", "CONTRACT_YR": null, "CONTRACT_NUM": null, "ACESS_TYPE": "Beach", "KayakCanoeLaunch": "No", "PARKING_OPTIONS": "Both Parking Options", "BeachWheelchair": "Y", "BWC_Info": "https://topsailbeachnc.gov/Departments/Police/Beach-Wheelchair", "PaidParkURL": "n/a", "WaterAccessTYPE": "Ocean", "BeachMat": null, "Land_Status": "Municipality", "NEAR_FID": 54.0, "NEAR_DIST": 588.30017258007081, "ACCESSIBILITY_NOTES": null, "LIFEGUARDS": null }, "geometry": { "type": "Point", "coordinates": [ -77.621299660717199, 34.371962212982297 ] } },
{ "type": "Feature", "properties": { "ACCESS_ID": "Barwick Ave (#O-5)", "OBJECTID": 54, "PLACE": "Topsail Beach", "ACCESS_LOC": "Anderson and Barwick", "LOCL_SPONS": "Topsail Beach", "CAMA_SIGN": "Yes", "PARKING": 6.0, "DUNE_WALK": "Y", "OVERLOOK": "No", "HAND_DUNE": "No", "HAND_OVRLK": "No", "HAND_BEACH": "No", "HAND_PRKG": null, "RESTRM": "N", "SHOWER": "N", "PIC_TABLE": "No", "VEH_ACCESS": "No", "BIKE_RACK": "Yes", "SURV_DATE": 1657756800000.0, "COMMENT_": " ", "PRKG_COMMENTS": null, "COUNTY": "Pender", "DCM_RO": "Wilmington Regional Office", "NCDCM_ID": 56.0, "PHOTO": "Neighborhood.png", "PRK_FEE": "No", "DCM_Funded": "Y", "CONTRACT_YR": null, "CONTRACT_NUM": null, "ACESS_TYPE": "Beach", "KayakCanoeLaunch": "No", "PARKING_OPTIONS": "Both Parking Options", "BeachWheelchair": "Y", "BWC_Info": "https://topsailbeachnc.gov/Departments/Police/Beach-Wheelchair", "PaidParkURL": "n/a", "WaterAccessTYPE": "Ocean", "BeachMat": null, "Land_Status": "Municipality", "NEAR_FID": 55.0, "NEAR_DIST": 588.30017258007081, "ACCESSIBILITY_NOTES": null, "LIFEGUARDS": null }, "geometry": { "type": "Point", "coordinates": [ -77.620091438136697, 34.373230832525891 ] } },
{ "type": "Feature", "properties": { "ACCESS_ID": "Gaye Ave (#O-4)", "OBJECTID": 53, "PLACE": "Topsail Beach", "ACCESS_LOC": "Anderson and Gaye", "LOCL_SPONS": "Topsail Beach", "CAMA_SIGN": "Yes", "PARKING": 0.0, "DUNE_WALK": "Y", "OVERLOOK": "No", "HAND_DUNE": "No", "HAND_OVRLK": "No", "HAND_BEACH": "No", "HAND_PRKG": 0.0, "RESTRM": "N", "SHOWER": "N", "PIC_TABLE": "No", "VEH_ACCESS": "No", "BIKE_RACK": "N", "SURV_DATE": 1657756800000.0, "COMMENT_": " ", "PRKG_COMMENTS": null, "COUNTY": "Pender", "DCM_RO": "Wilmington Regional Office", "NCDCM_ID": 55.0, "PHOTO": "Local.png", "PRK_FEE": null, "DCM_Funded": "N", "CONTRACT_YR": null, "CONTRACT_NUM": null, "ACESS_TYPE": "Beach", "KayakCanoeLaunch": "No", "PARKING_OPTIONS": "No Parking", "BeachWheelchair": "Y", "BWC_Info": "https://topsailbeachnc.gov/Departments/Police/Beach-Wheelchair", "PaidParkURL": "n/a", "WaterAccessTYPE": "Ocean", "BeachMat": null, "Land_Status": "Municipality", "NEAR_FID": 883.0, "NEAR_DIST": 901.18184804223392, "ACCESSIBILITY_NOTES": null, "LIFEGUARDS": null }, "geometry": { "type": "Point", "coordinates": [ -77.611428149594502, 34.379737989428776 ] } },
{ "type": "Feature", "properties": { "ACCESS_ID": "#0-3", "OBJECTID": 883, "PLACE": "Topsail Beach", "ACCESS_LOC": "915 N Anderson Blvd", "LOCL_SPONS": "Topsail Beach", "CAMA_SIGN": "Yes", "PARKING": 0.0, "DUNE_WALK": "Y", "OVERLOOK": "N", "HAND_DUNE": "N", "HAND_OVRLK": "N", "HAND_BEACH": "N", "HAND_PRKG": 0.0, "RESTRM": "N", "SHOWER": "N", "PIC_TABLE": "N", "VEH_ACCESS": "No", "BIKE_RACK": "N", "SURV_DATE": 1657813020000.0, "COMMENT_": null, "PRKG_COMMENTS": null, "COUNTY": "Pender", "DCM_RO": "WILM", "NCDCM_ID": null, "PHOTO": null, "PRK_FEE": null, "DCM_Funded": "N", "CONTRACT_YR": null, "CONTRACT_NUM": null, "ACESS_TYPE": "Beach", "KayakCanoeLaunch": "N", "PARKING_OPTIONS": "No Parking", "BeachWheelchair": "Y", "BWC_Info": "https://topsailbeachnc.gov/Departments/Police/Beach-Wheelchair", "PaidParkURL": "n/a", "WaterAccessTYPE": "Ocean", "BeachMat": null, "Land_Status": "Municipality", "NEAR_FID": 53.0, "NEAR_DIST": 901.18184804223392, "ACCESSIBILITY_NOTES": null, "LIFEGUARDS": null }, "geometry": { "type": "Point", "coordinates": [ -77.609240552791604, 34.381423822875597 ] } },
{ "type": "Feature", "properties": { "ACCESS_ID": "Sunset Ave (#0-2A)", "OBJECTID": 52, "PLACE": "Topsail Beach", "ACCESS_LOC": "Sunset and Anderson Blvd", "LOCL_SPONS": "Topsail Beach", "CAMA_SIGN": "Yes", "PARKING": 0.0, "DUNE_WALK": "Y", "OVERLOOK": "No", "HAND_DUNE": "No", "HAND_OVRLK": "No", "HAND_BEACH": "No", "HAND_PRKG": 0.0, "RESTRM": "N", "SHOWER": "N", "PIC_TABLE": "No", "VEH_ACCESS": "No", "BIKE_RACK": "Yes", "SURV_DATE": 1657756800000.0, "COMMENT_": " ", "PRKG_COMMENTS": null, "COUNTY": "Pender", "DCM_RO": "Wilmington Regional Office", "NCDCM_ID": 54.0, "PHOTO": "Local.png", "PRK_FEE": null, "DCM_Funded": "Y", "CONTRACT_YR": null, "CONTRACT_NUM": null, "ACESS_TYPE": "Beach", "KayakCanoeLaunch": "No", "PARKING_OPTIONS": "No Parking", "BeachWheelchair": "Y", "BWC_Info": "https://topsailbeachnc.gov/Departments/Police/Beach-Wheelchair", "PaidParkURL": "n/a", "WaterAccessTYPE": "Ocean", "BeachMat": null, "Land_Status": "Municipality", "NEAR_FID": 883.0, "NEAR_DIST": 1199.4306425624873, "ACCESSIBILITY_NOTES": null, "LIFEGUARDS": null }, "geometry": { "type": "Point", "coordinates": [ -77.606367655685204, 34.383701673249 ] } },
{ "type": "Feature", "properties": { "ACCESS_ID": "Catherine Avenue (#O-1A)\r\n", "OBJECTID": 882, "PLACE": "Topsail Beach", "ACCESS_LOC": "Catherines Ave & N Anderson Blvd", "LOCL_SPONS": "Topsail Beach", "CAMA_SIGN": "Yes", "PARKING": 2.0, "DUNE_WALK": "Y", "OVERLOOK": "N", "HAND_DUNE": "Y", "HAND_OVRLK": "N", "HAND_BEACH": "Y", "HAND_PRKG": 1.0, "RESTRM": "N", "SHOWER": "N", "PIC_TABLE": "N", "VEH_ACCESS": "No", "BIKE_RACK": "N", "SURV_DATE": 1657812289000.0, "COMMENT_": null, "PRKG_COMMENTS": null, "COUNTY": "Pender", "DCM_RO": "WILM", "NCDCM_ID": null, "PHOTO": null, "PRK_FEE": "N", "DCM_Funded": "Y", "CONTRACT_YR": null, "CONTRACT_NUM": null, "ACESS_TYPE": "Beach", "KayakCanoeLaunch": "N", "PARKING_OPTIONS": "On-Street Parking", "BeachWheelchair": "Y", "BWC_Info": "https://topsailbeachnc.gov/Departments/Police/Beach-Wheelchair", "PaidParkURL": "n/a", "WaterAccessTYPE": "Ocean", "BeachMat": "Yes, Summer Only", "Land_Status": "Municipality", "NEAR_FID": 50.0, "NEAR_DIST": 563.08518778037535, "ACCESSIBILITY_NOTES": null, "LIFEGUARDS": null }, "geometry": { "type": "Point", "coordinates": [ -77.597977822911204, 34.389773801821711 ] } },
{ "type": "Feature", "properties": { "ACCESS_ID": "O-1", "OBJECTID": 50, "PLACE": "Topsail Beach", "ACCESS_LOC": "Anderson and Fields", "LOCL_SPONS": "Topsail Beach", "CAMA_SIGN": "Yes", "PARKING": 0.0, "DUNE_WALK": "Y", "OVERLOOK": "No", "HAND_DUNE": "No", "HAND_OVRLK": "No", "HAND_BEACH": "No", "HAND_PRKG": 0.0, "RESTRM": "N", "SHOWER": "N", "PIC_TABLE": "No", "VEH_ACCESS": " ", "BIKE_RACK": "No", "SURV_DATE": 1054080000000.0, "COMMENT_": "", "PRKG_COMMENTS": null, "COUNTY": "Pender", "DCM_RO": "Wilmington Regional Office", "NCDCM_ID": 52.0, "PHOTO": "Local.png", "PRK_FEE": null, "DCM_Funded": "Y", "CONTRACT_YR": null, "CONTRACT_NUM": null, "ACESS_TYPE": "Beach", "KayakCanoeLaunch": "No", "PARKING_OPTIONS": "No Parking", "BeachWheelchair": "Y", "BWC_Info": "https://topsailbeachnc.gov/Departments/Police/Beach-Wheelchair", "PaidParkURL": "n/a", "WaterAccessTYPE": "Ocean", "BeachMat": null, "Land_Status": "Municipality", "NEAR_FID": 882.0, "NEAR_DIST": 563.08518778037535, "ACCESSIBILITY_NOTES": null, "LIFEGUARDS": null }, "geometry": { "type": "Point", "coordinates": [ -77.596526935623601, 34.390747034324015 ] } },
{ "type": "Feature", "properties": { "ACCESS_ID": "Beach Access #40", "OBJECTID": 157, "PLACE": "Surf City", "ACCESS_LOC": "3016 S Shore Dr", "LOCL_SPONS": " ", "CAMA_SIGN": "Yes", "PARKING": 10.0, "DUNE_WALK": "Y", "OVERLOOK": "No", "HAND_DUNE": " ", "HAND_OVRLK": " ", "HAND_BEACH": " ", "HAND_PRKG": 0.0, "RESTRM": "N", "SHOWER": "N", "PIC_TABLE": "No", "VEH_ACCESS": " ", "BIKE_RACK": "No", "SURV_DATE": 1359676800000.0, "COMMENT_": " ", "PRKG_COMMENTS": null, "COUNTY": "Pender", "DCM_RO": "Wilmington Regional Office", "NCDCM_ID": 101.0, "PHOTO": "Neighborhood.png", "PRK_FEE": "Y", "DCM_Funded": "N", "CONTRACT_YR": null, "CONTRACT_NUM": null, "ACESS_TYPE": "Shoreline", "KayakCanoeLaunch": "N", "PARKING_OPTIONS": "Onsite Parking", "BeachWheelchair": "Y", "BWC_Info": "https://www.surfcitync.gov/2413/Beach-Wheelchairs", "PaidParkURL": "https://www.surfcitync.gov/2425/Beach-Parking", "WaterAccessTYPE": "Estuarine", "BeachMat": null, "Land_Status": "Municipality", "NEAR_FID": 156.0, "NEAR_DIST": 1005.0898609214496, "ACCESSIBILITY_NOTES": null, "LIFEGUARDS": null }, "geometry": { "type": "Point", "coordinates": [ -77.593189481442309, 34.393185808674403 ] } },
{ "type": "Feature", "properties": { "ACCESS_ID": "Beach Access #39", "OBJECTID": 156, "PLACE": "Surf City", "ACCESS_LOC": "2808 S Shore Dr", "LOCL_SPONS": " ", "CAMA_SIGN": "Yes", "PARKING": 0.0, "DUNE_WALK": "Y", "OVERLOOK": "No", "HAND_DUNE": "N", "HAND_OVRLK": "N", "HAND_BEACH": "N", "HAND_PRKG": 0.0, "RESTRM": "N", "SHOWER": "N", "PIC_TABLE": "No", "VEH_ACCESS": "No", "BIKE_RACK": "No", "SURV_DATE": 1628640000000.0, "COMMENT_": " ", "PRKG_COMMENTS": null, "COUNTY": "Pender", "DCM_RO": "Wilmington Regional Office", "NCDCM_ID": 100.0, "PHOTO": "Local.png", "PRK_FEE": null, "DCM_Funded": "N", "CONTRACT_YR": null, "CONTRACT_NUM": null, "ACESS_TYPE": "Shoreline", "KayakCanoeLaunch": "No", "PARKING_OPTIONS": "No Parking", "BeachWheelchair": "Y", "BWC_Info": "https://www.surfcitync.gov/2413/Beach-Wheelchairs", "PaidParkURL": "n/a", "WaterAccessTYPE": "Estuarine", "BeachMat": null, "Land_Status": "Municipality", "NEAR_FID": 157.0, "NEAR_DIST": 1005.0898609214496, "ACCESSIBILITY_NOTES": null, "LIFEGUARDS": null }, "geometry": { "type": "Point", "coordinates": [ -77.590702793818906, 34.395023723055303 ] } },
{ "type": "Feature", "properties": { "ACCESS_ID": "Beach Access #38", "OBJECTID": 846, "PLACE": "Surf City", "ACCESS_LOC": "2500 S Shore Dr", "LOCL_SPONS": null, "CAMA_SIGN": "No", "PARKING": null, "DUNE_WALK": "Y", "OVERLOOK": "N", "HAND_DUNE": "N", "HAND_OVRLK": "N", "HAND_BEACH": "N", "HAND_PRKG": null, "RESTRM": "N", "SHOWER": "N", "PIC_TABLE": "N", "VEH_ACCESS": "No", "BIKE_RACK": "N", "SURV_DATE": 1628640000000.0, "COMMENT_": null, "PRKG_COMMENTS": null, "COUNTY": null, "DCM_RO": "WILM", "NCDCM_ID": null, "PHOTO": null, "PRK_FEE": null, "DCM_Funded": "N", "CONTRACT_YR": null, "CONTRACT_NUM": null, "ACESS_TYPE": "Beach", "KayakCanoeLaunch": "N", "PARKING_OPTIONS": "No Parking", "BeachWheelchair": "Y", "BWC_Info": "https://www.surfcitync.gov/2413/Beach-Wheelchairs", "PaidParkURL": "n/a", "WaterAccessTYPE": "Ocean", "BeachMat": null, "Land_Status": "Municipality", "NEAR_FID": 847.0, "NEAR_DIST": 532.8543721723205, "ACCESSIBILITY_NOTES": null, "LIFEGUARDS": null }, "geometry": { "type": "Point", "coordinates": [ -77.584443965333193, 34.399904511520909 ] } },
{ "type": "Feature", "properties": { "ACCESS_ID": "Beach Access #37", "OBJECTID": 847, "PLACE": "Surf City", "ACCESS_LOC": "2434 S Shore Dr", "LOCL_SPONS": "Surf City", "CAMA_SIGN": "Unknown", "PARKING": 10.0, "DUNE_WALK": "Y", "OVERLOOK": "N", "HAND_DUNE": "N", "HAND_OVRLK": "N", "HAND_BEACH": "N", "HAND_PRKG": null, "RESTRM": "N", "SHOWER": "N", "PIC_TABLE": "N", "VEH_ACCESS": "No", "BIKE_RACK": "N", "SURV_DATE": 1628640000000.0, "COMMENT_": null, "PRKG_COMMENTS": "Parking located across the street", "COUNTY": null, "DCM_RO": "WILM", "NCDCM_ID": null, "PHOTO": null, "PRK_FEE": "Y", "DCM_Funded": "N", "CONTRACT_YR": null, "CONTRACT_NUM": null, "ACESS_TYPE": "Beach", "KayakCanoeLaunch": "N", "PARKING_OPTIONS": "Parking off-site", "BeachWheelchair": "Y", "BWC_Info": "https://www.surfcitync.gov/2413/Beach-Wheelchairs", "PaidParkURL": "https://www.surfcitync.gov/2425/Beach-Parking", "WaterAccessTYPE": "Ocean", "BeachMat": null, "Land_Status": "Municipality", "NEAR_FID": 155.0, "NEAR_DIST": 285.04399580488928, "ACCESSIBILITY_NOTES": null, "LIFEGUARDS": null }, "geometry": { "type": "Point", "coordinates": [ -77.583112210229501, 34.400866364647392 ] } },
{ "type": "Feature", "properties": { "ACCESS_ID": "Beach Access #36", "OBJECTID": 155, "PLACE": "Surf City", "ACCESS_LOC": "2400 S Shore Dr", "LOCL_SPONS": " ", "CAMA_SIGN": "Yes", "PARKING": 0.0, "DUNE_WALK": "Y", "OVERLOOK": "No", "HAND_DUNE": "N", "HAND_OVRLK": "N", "HAND_BEACH": "N", "HAND_PRKG": 0.0, "RESTRM": "N", "SHOWER": "N", "PIC_TABLE": "No", "VEH_ACCESS": "No", "BIKE_RACK": "No", "SURV_DATE": 1628640000000.0, "COMMENT_": " ", "PRKG_COMMENTS": null, "COUNTY": "Pender", "DCM_RO": "Wilmington Regional Office", "NCDCM_ID": 99.0, "PHOTO": "Local.png", "PRK_FEE": null, "DCM_Funded": "N", "CONTRACT_YR": null, "CONTRACT_NUM": null, "ACESS_TYPE": "Beach", "KayakCanoeLaunch": "No", "PARKING_OPTIONS": "No Parking", "BeachWheelchair": "Y", "BWC_Info": "https://www.surfcitync.gov/2413/Beach-Wheelchairs", "PaidParkURL": "n/a", "WaterAccessTYPE": "Ocean", "BeachMat": null, "Land_Status": "Municipality", "NEAR_FID": 848.0, "NEAR_DIST": 229.79882493984459, "ACCESSIBILITY_NOTES": null, "LIFEGUARDS": null }, "geometry": { "type": "Point", "coordinates": [ -77.582407293242909, 34.401387941882 ] } },
{ "type": "Feature", "properties": { "ACCESS_ID": "Beach Access #35", "OBJECTID": 848, "PLACE": "Surf City", "ACCESS_LOC": "2318 S Shore Dr", "LOCL_SPONS": "Surf City", "CAMA_SIGN": "Unknown", "PARKING": null, "DUNE_WALK": "Y", "OVERLOOK": "N", "HAND_DUNE": null, "HAND_OVRLK": "N", "HAND_BEACH": "N", "HAND_PRKG": null, "RESTRM": "N", "SHOWER": "N", "PIC_TABLE": "N", "VEH_ACCESS": "No", "BIKE_RACK": "N", "SURV_DATE": 1628640000000.0, "COMMENT_": null, "PRKG_COMMENTS": null, "COUNTY": "Pender", "DCM_RO": null, "NCDCM_ID": null, "PHOTO": null, "PRK_FEE": null, "DCM_Funded": "N", "CONTRACT_YR": null, "CONTRACT_NUM": null, "ACESS_TYPE": "Beach", "KayakCanoeLaunch": "N", "PARKING_OPTIONS": "No Parking", "BeachWheelchair": "Y", "BWC_Info": "https://www.surfcitync.gov/2413/Beach-Wheelchairs", "PaidParkURL": "n/a", "WaterAccessTYPE": "Ocean", "BeachMat": null, "Land_Status": "Municipality", "NEAR_FID": 155.0, "NEAR_DIST": 229.79882493984459, "ACCESSIBILITY_NOTES": null, "LIFEGUARDS": null }, "geometry": { "type": "Point", "coordinates": [ -77.581799511087993, 34.401768607136304 ] } },
{ "type": "Feature", "properties": { "ACCESS_ID": "Beach Access #34", "OBJECTID": 154, "PLACE": "Surf City", "ACCESS_LOC": "2200 S Shore Dr", "LOCL_SPONS": " ", "CAMA_SIGN": "Yes", "PARKING": 0.0, "DUNE_WALK": "Y", "OVERLOOK": "No", "HAND_DUNE": "N", "HAND_OVRLK": "N", "HAND_BEACH": "N", "HAND_PRKG": 0.0, "RESTRM": "N", "SHOWER": "N", "PIC_TABLE": "No", "VEH_ACCESS": "No", "BIKE_RACK": "No", "SURV_DATE": 1628640000000.0, "COMMENT_": " ", "PRKG_COMMENTS": null, "COUNTY": "Pender", "DCM_RO": "Wilmington Regional Office", "NCDCM_ID": 98.0, "PHOTO": "Local.png", "PRK_FEE": null, "DCM_Funded": "N", "CONTRACT_YR": null, "CONTRACT_NUM": null, "ACESS_TYPE": "Shoreline", "KayakCanoeLaunch": "No", "PARKING_OPTIONS": "No Parking", "BeachWheelchair": "Y", "BWC_Info": "https://www.surfcitync.gov/2413/Beach-Wheelchairs", "PaidParkURL": "n/a", "WaterAccessTYPE": "Estuarine", "BeachMat": null, "Land_Status": "Municipality", "NEAR_FID": 153.0, "NEAR_DIST": 512.75973288131593, "ACCESSIBILITY_NOTES": null, "LIFEGUARDS": null }, "geometry": { "type": "Point", "coordinates": [ -77.579321838058405, 34.403428940271603 ] } },
{ "type": "Feature", "properties": { "ACCESS_ID": "Beach Access #33", "OBJECTID": 153, "PLACE": "Surf City", "ACCESS_LOC": "2100 S Shore Dr", "LOCL_SPONS": " ", "CAMA_SIGN": "Yes", "PARKING": 0.0, "DUNE_WALK": "Y", "OVERLOOK": "No", "HAND_DUNE": "N", "HAND_OVRLK": "N", "HAND_BEACH": "N", "HAND_PRKG": 0.0, "RESTRM": "N", "SHOWER": "N", "PIC_TABLE": "No", "VEH_ACCESS": "No", "BIKE_RACK": "No", "SURV_DATE": 1628640000000.0, "COMMENT_": " ", "PRKG_COMMENTS": null, "COUNTY": "Pender", "DCM_RO": "Wilmington Regional Office", "NCDCM_ID": 97.0, "PHOTO": "Local.png", "PRK_FEE": null, "DCM_Funded": "N", "CONTRACT_YR": null, "CONTRACT_NUM": null, "ACESS_TYPE": "Shoreline", "KayakCanoeLaunch": "No", "PARKING_OPTIONS": "No Parking", "BeachWheelchair": "Y", "BWC_Info": "https://www.surfcitync.gov/2413/Beach-Wheelchairs", "PaidParkURL": "n/a", "WaterAccessTYPE": "Estuarine", "BeachMat": null, "Land_Status": "Municipality", "NEAR_FID": 849.0, "NEAR_DIST": 490.49170570382728, "ACCESSIBILITY_NOTES": null, "LIFEGUARDS": null }, "geometry": { "type": "Point", "coordinates": [ -77.578039220800804, 34.404353540794105 ] } },
{ "type": "Feature", "properties": { "ACCESS_ID": "Beach Access #32", "OBJECTID": 849, "PLACE": "Surf City", "ACCESS_LOC": "2000 S Shore Dr", "LOCL_SPONS": null, "CAMA_SIGN": "Unknown", "PARKING": null, "DUNE_WALK": "Y", "OVERLOOK": "N", "HAND_DUNE": "N", "HAND_OVRLK": "N", "HAND_BEACH": "N", "HAND_PRKG": null, "RESTRM": "N", "SHOWER": "N", "PIC_TABLE": "N", "VEH_ACCESS": "No", "BIKE_RACK": "N", "SURV_DATE": 1628640000000.0, "COMMENT_": null, "PRKG_COMMENTS": null, "COUNTY": "Pender", "DCM_RO": "WILM", "NCDCM_ID": null, "PHOTO": null, "PRK_FEE": null, "DCM_Funded": "N", "CONTRACT_YR": null, "CONTRACT_NUM": null, "ACESS_TYPE": "Beach", "KayakCanoeLaunch": "N", "PARKING_OPTIONS": "No Parking", "BeachWheelchair": "Y", "BWC_Info": "https://www.surfcitync.gov/2413/Beach-Wheelchairs", "PaidParkURL": "n/a", "WaterAccessTYPE": "Ocean", "BeachMat": null, "Land_Status": "Municipality", "NEAR_FID": 153.0, "NEAR_DIST": 490.49170570382728, "ACCESSIBILITY_NOTES": null, "LIFEGUARDS": null }, "geometry": { "type": "Point", "coordinates": [ -77.576791987283897, 34.405218256779008 ] } },
{ "type": "Feature", "properties": { "ACCESS_ID": "Beach Access #31", "OBJECTID": 850, "PLACE": "Surf City", "ACCESS_LOC": "1900 S Shore Dr", "LOCL_SPONS": "Surf City", "CAMA_SIGN": "No", "PARKING": null, "DUNE_WALK": "N", "OVERLOOK": "N", "HAND_DUNE": "N", "HAND_OVRLK": "N", "HAND_BEACH": "N", "HAND_PRKG": null, "RESTRM": "N", "SHOWER": "N", "PIC_TABLE": "N", "VEH_ACCESS": "No", "BIKE_RACK": "N", "SURV_DATE": 1628640000000.0, "COMMENT_": "Unimproved access site", "PRKG_COMMENTS": null, "COUNTY": "Pender", "DCM_RO": "WILM", "NCDCM_ID": null, "PHOTO": null, "PRK_FEE": null, "DCM_Funded": "N", "CONTRACT_YR": null, "CONTRACT_NUM": null, "ACESS_TYPE": "Beach", "KayakCanoeLaunch": "N", "PARKING_OPTIONS": "No Parking", "BeachWheelchair": "Y", "BWC_Info": "https://www.surfcitync.gov/2413/Beach-Wheelchairs", "PaidParkURL": "n/a", "WaterAccessTYPE": "Ocean", "BeachMat": null, "Land_Status": "Municipality", "NEAR_FID": 849.0, "NEAR_DIST": 726.69439994287188, "ACCESSIBILITY_NOTES": null, "LIFEGUARDS": null }, "geometry": { "type": "Point", "coordinates": [ -77.574968827668698, 34.406523493006915 ] } },
{ "type": "Feature", "properties": { "ACCESS_ID": null, "OBJECTID": 851, "PLACE": "Surf City", "ACCESS_LOC": "1800 S. Shore Dr", "LOCL_SPONS": null, "CAMA_SIGN": "Yes", "PARKING": null, "DUNE_WALK": "Y", "OVERLOOK": "N", "HAND_DUNE": "N", "HAND_OVRLK": "N", "HAND_BEACH": "N", "HAND_PRKG": null, "RESTRM": "N", "SHOWER": "N", "PIC_TABLE": "N", "VEH_ACCESS": "No", "BIKE_RACK": "N", "SURV_DATE": 1628640000000.0, "COMMENT_": null, "PRKG_COMMENTS": null, "COUNTY": null, "DCM_RO": null, "NCDCM_ID": null, "PHOTO": null, "PRK_FEE": null, "DCM_Funded": "N", "CONTRACT_YR": null, "CONTRACT_NUM": null, "ACESS_TYPE": "Beach", "KayakCanoeLaunch": "N", "PARKING_OPTIONS": "No Parking", "BeachWheelchair": "Y", "BWC_Info": "https://www.surfcitync.gov/2413/Beach-Wheelchairs", "PaidParkURL": "n/a", "WaterAccessTYPE": "Ocean", "BeachMat": null, "Land_Status": "Municipality", "NEAR_FID": 852.0, "NEAR_DIST": 509.25780922336105, "ACCESSIBILITY_NOTES": null, "LIFEGUARDS": null }, "geometry": { "type": "Point", "coordinates": [ -77.573053985097303, 34.407906316852895 ] } },
{ "type": "Feature", "properties": { "ACCESS_ID": "Beach Acces #29", "OBJECTID": 853, "PLACE": "Surf City", "ACCESS_LOC": "1700 S Shore Dr", "LOCL_SPONS": "Surf City", "CAMA_SIGN": "Yes", "PARKING": null, "DUNE_WALK": "Y", "OVERLOOK": "N", "HAND_DUNE": "N", "HAND_OVRLK": "N", "HAND_BEACH": "N", "HAND_PRKG": null, "RESTRM": "N", "SHOWER": "N", "PIC_TABLE": "N", "VEH_ACCESS": "No", "BIKE_RACK": "N", "SURV_DATE": 1628640000000.0, "COMMENT_": null, "PRKG_COMMENTS": null, "COUNTY": null, "DCM_RO": null, "NCDCM_ID": null, "PHOTO": null, "PRK_FEE": null, "DCM_Funded": "N", "CONTRACT_YR": null, "CONTRACT_NUM": null, "ACESS_TYPE": "Beach", "KayakCanoeLaunch": "N", "PARKING_OPTIONS": "No Parking", "BeachWheelchair": "Y", "BWC_Info": "https://www.surfcitync.gov/2413/Beach-Wheelchairs", "PaidParkURL": "n/a", "WaterAccessTYPE": "Ocean", "BeachMat": null, "Land_Status": "Municipality", "NEAR_FID": 852.0, "NEAR_DIST": 0.0, "ACCESSIBILITY_NOTES": null, "LIFEGUARDS": null }, "geometry": { "type": "Point", "coordinates": [ -77.571760526970806, 34.408805650810606 ] } },
{ "type": "Feature", "properties": { "ACCESS_ID": "Beach Acces #28", "OBJECTID": 854, "PLACE": "Surf City", "ACCESS_LOC": "1600 S Shore Dr", "LOCL_SPONS": "Surf City", "CAMA_SIGN": "Yes", "PARKING": null, "DUNE_WALK": "Y", "OVERLOOK": "N", "HAND_DUNE": "N", "HAND_OVRLK": "N", "HAND_BEACH": "N", "HAND_PRKG": null, "RESTRM": "N", "SHOWER": "N", "PIC_TABLE": "N", "VEH_ACCESS": "No", "BIKE_RACK": "N", "SURV_DATE": 1628640000000.0, "COMMENT_": null, "PRKG_COMMENTS": null, "COUNTY": null, "DCM_RO": null, "NCDCM_ID": null, "PHOTO": null, "PRK_FEE": null, "DCM_Funded": "N", "CONTRACT_YR": null, "CONTRACT_NUM": null, "ACESS_TYPE": "Beach", "KayakCanoeLaunch": "N", "PARKING_OPTIONS": "No Parking", "BeachWheelchair": "Y", "BWC_Info": "https://www.surfcitync.gov/2413/Beach-Wheelchairs", "PaidParkURL": "n/a", "WaterAccessTYPE": "Ocean", "BeachMat": null, "Land_Status": "Municipality", "NEAR_FID": 152.0, "NEAR_DIST": 375.18968258651307, "ACCESSIBILITY_NOTES": null, "LIFEGUARDS": null }, "geometry": { "type": "Point", "coordinates": [ -77.569955441459101, 34.409963797422705 ] } },
{ "type": "Feature", "properties": { "ACCESS_ID": "Beach Access #27", "OBJECTID": 152, "PLACE": "Surf City", "ACCESS_LOC": "Oceanair Estates", "LOCL_SPONS": " ", "CAMA_SIGN": "Yes", "PARKING": 0.0, "DUNE_WALK": "Y", "OVERLOOK": "No", "HAND_DUNE": "N", "HAND_OVRLK": "N", "HAND_BEACH": "N", "HAND_PRKG": 0.0, "RESTRM": "N", "SHOWER": "N", "PIC_TABLE": "No", "VEH_ACCESS": "No", "BIKE_RACK": "No", "SURV_DATE": 1628640000000.0, "COMMENT_": " ", "PRKG_COMMENTS": null, "COUNTY": "Pender", "DCM_RO": "Wilmington Regional Office", "NCDCM_ID": 96.0, "PHOTO": "Local.png", "PRK_FEE": null, "DCM_Funded": "N", "CONTRACT_YR": null, "CONTRACT_NUM": null, "ACESS_TYPE": "Shoreline", "KayakCanoeLaunch": "N", "PARKING_OPTIONS": "No Parking", "BeachWheelchair": "Y", "BWC_Info": "https://www.surfcitync.gov/2413/Beach-Wheelchairs", "PaidParkURL": "n/a", "WaterAccessTYPE": "Estuarine", "BeachMat": null, "Land_Status": "Municipality", "NEAR_FID": 854.0, "NEAR_DIST": 375.18968258651307, "ACCESSIBILITY_NOTES": null, "LIFEGUARDS": null }, "geometry": { "type": "Point", "coordinates": [ -77.568975851099694, 34.410599138207601 ] } },
{ "type": "Feature", "properties": { "ACCESS_ID": "Beach Access #26", "OBJECTID": 151, "PLACE": "Surf City", "ACCESS_LOC": "1316 S Shore Dr", "LOCL_SPONS": " ", "CAMA_SIGN": "Yes", "PARKING": 0.0, "DUNE_WALK": "Y", "OVERLOOK": "No", "HAND_DUNE": "N", "HAND_OVRLK": "N", "HAND_BEACH": "N", "HAND_PRKG": 0.0, "RESTRM": "N", "SHOWER": "N", "PIC_TABLE": "No", "VEH_ACCESS": "No", "BIKE_RACK": "No", "SURV_DATE": 1628640000000.0, "COMMENT_": " ", "PRKG_COMMENTS": null, "COUNTY": "Pender", "DCM_RO": "Wilmington Regional Office", "NCDCM_ID": 95.0, "PHOTO": "Local.png", "PRK_FEE": null, "DCM_Funded": "N", "CONTRACT_YR": null, "CONTRACT_NUM": null, "ACESS_TYPE": "Shoreline", "KayakCanoeLaunch": "No", "PARKING_OPTIONS": "No Parking", "BeachWheelchair": "Y", "BWC_Info": "https://www.surfcitync.gov/2413/Beach-Wheelchairs", "PaidParkURL": "n/a", "WaterAccessTYPE": "Estuarine", "BeachMat": null, "Land_Status": "Municipality", "NEAR_FID": 150.0, "NEAR_DIST": 1113.6399866049967, "ACCESSIBILITY_NOTES": null, "LIFEGUARDS": null }, "geometry": { "type": "Point", "coordinates": [ -77.5632043254179, 34.414319484234092 ] } },
{ "type": "Feature", "properties": { "ACCESS_ID": "Beach Access #25", "OBJECTID": 150, "PLACE": "Surf City", "ACCESS_LOC": "1140 S. Shore Drive", "LOCL_SPONS": " ", "CAMA_SIGN": "Yes", "PARKING": 11.0, "DUNE_WALK": "Y", "OVERLOOK": "No", "HAND_DUNE": "N", "HAND_OVRLK": "N", "HAND_BEACH": "N", "HAND_PRKG": 0.0, "RESTRM": "N", "SHOWER": "N", "PIC_TABLE": "No", "VEH_ACCESS": "No", "BIKE_RACK": "No", "SURV_DATE": 1628640000000.0, "COMMENT_": " ", "PRKG_COMMENTS": "11 Spaces at 1213 S Shore Dr", "COUNTY": "Pender", "DCM_RO": "Wilmington Regional Office", "NCDCM_ID": 94.0, "PHOTO": "Local.png", "PRK_FEE": null, "DCM_Funded": "N", "CONTRACT_YR": null, "CONTRACT_NUM": null, "ACESS_TYPE": "Shoreline", "KayakCanoeLaunch": "No", "PARKING_OPTIONS": "On-Street Parking", "BeachWheelchair": "Y", "BWC_Info": "https://www.surfcitync.gov/2413/Beach-Wheelchairs", "PaidParkURL": "n/a", "WaterAccessTYPE": "Estuarine", "BeachMat": null, "Land_Status": "Municipality", "NEAR_FID": 149.0, "NEAR_DIST": 1012.7895519077301, "ACCESSIBILITY_NOTES": null, "LIFEGUARDS": null }, "geometry": { "type": "Point", "coordinates": [ -77.560342136615802, 34.4162526367436 ] } },
{ "type": "Feature", "properties": { "ACCESS_ID": "Beach Access #24 (Quarterhorse)", "OBJECTID": 149, "PLACE": "Surf City", "ACCESS_LOC": "1100 S Shore Dr", "LOCL_SPONS": " ", "CAMA_SIGN": "Yes", "PARKING": 0.0, "DUNE_WALK": "Y", "OVERLOOK": "No", "HAND_DUNE": " ", "HAND_OVRLK": " ", "HAND_BEACH": " ", "HAND_PRKG": 0.0, "RESTRM": "N", "SHOWER": "N", "PIC_TABLE": "No", "VEH_ACCESS": " ", "BIKE_RACK": "No", "SURV_DATE": 1359676800000.0, "COMMENT_": " ", "PRKG_COMMENTS": "Parking on Quarterhhorse Dr", "COUNTY": "Pender", "DCM_RO": "Wilmington Regional Office", "NCDCM_ID": 93.0, "PHOTO": "Local.png", "PRK_FEE": null, "DCM_Funded": "N", "CONTRACT_YR": null, "CONTRACT_NUM": null, "ACESS_TYPE": "Beach", "KayakCanoeLaunch": "No", "PARKING_OPTIONS": "On-Street Parking", "BeachWheelchair": "Y", "BWC_Info": "https://www.surfcitync.gov/2413/Beach-Wheelchairs", "PaidParkURL": "n/a", "WaterAccessTYPE": "Ocean", "BeachMat": null, "Land_Status": "Municipality", "NEAR_FID": 158.0, "NEAR_DIST": 934.41851028680856, "ACCESSIBILITY_NOTES": null, "LIFEGUARDS": null }, "geometry": { "type": "Point", "coordinates": [ -77.557660033977101, 34.417927128503898 ] } },
{ "type": "Feature", "properties": { "ACCESS_ID": "Kenneth D. Batts Family Park", "OBJECTID": 158, "PLACE": "Surf City", "ACCESS_LOC": "901 S. Topsail Dr", "LOCL_SPONS": " ", "CAMA_SIGN": "Yes", "PARKING": 18.0, "DUNE_WALK": "Y", "OVERLOOK": "No", "HAND_DUNE": " ", "HAND_OVRLK": " ", "HAND_BEACH": " ", "HAND_PRKG": null, "RESTRM": "N", "SHOWER": "N", "PIC_TABLE": "No", "VEH_ACCESS": " ", "BIKE_RACK": "No", "SURV_DATE": 1359676800000.0, "COMMENT_": " ", "PRKG_COMMENTS": null, "COUNTY": "Pender", "DCM_RO": "Wilmington Regional Office", "NCDCM_ID": 102.0, "PHOTO": "Neighborhood.png", "PRK_FEE": "No", "DCM_Funded": "Y", "CONTRACT_YR": null, "CONTRACT_NUM": null, "ACESS_TYPE": "Shoreline", "KayakCanoeLaunch": "No", "PARKING_OPTIONS": "Onsite Parking", "BeachWheelchair": "Y", "BWC_Info": "https://www.surfcitync.gov/2413/Beach-Wheelchairs", "PaidParkURL": "n/a", "WaterAccessTYPE": "Estuarine", "BeachMat": null, "Land_Status": "Municipality", "NEAR_FID": 149.0, "NEAR_DIST": 934.41851028680856, "ACCESSIBILITY_NOTES": null, "LIFEGUARDS": null }, "geometry": { "type": "Point", "coordinates": [ -77.556652529368506, 34.420355129720704 ] } },
{ "type": "Feature", "properties": { "ACCESS_ID": "Beach Access #23", "OBJECTID": 148, "PLACE": "Surf City", "ACCESS_LOC": "600 South Shore Drive", "LOCL_SPONS": " ", "CAMA_SIGN": "Yes", "PARKING": 22.0, "DUNE_WALK": "Y", "OVERLOOK": "No", "HAND_DUNE": "N", "HAND_OVRLK": "Y", "HAND_BEACH": "N", "HAND_PRKG": null, "RESTRM": "N", "SHOWER": "N", "PIC_TABLE": "No", "VEH_ACCESS": "No", "BIKE_RACK": "Yes", "SURV_DATE": 1628640000000.0, "COMMENT_": " ", "PRKG_COMMENTS": "Additional parking on Charlotte Ave", "COUNTY": "Pender", "DCM_RO": "Wilmington Regional Office", "NCDCM_ID": 92.0, "PHOTO": "Neighborhood.png", "PRK_FEE": "No", "DCM_Funded": "Y", "CONTRACT_YR": null, "CONTRACT_NUM": null, "ACESS_TYPE": "Beach", "KayakCanoeLaunch": "No", "PARKING_OPTIONS": "Both Parking Options", "BeachWheelchair": "Y", "BWC_Info": "https://www.surfcitync.gov/2413/Beach-Wheelchairs", "PaidParkURL": "n/a", "WaterAccessTYPE": "Ocean", "BeachMat": null, "Land_Status": "Municipality", "NEAR_FID": 147.0, "NEAR_DIST": 404.41191899317806, "ACCESSIBILITY_NOTES": null, "LIFEGUARDS": null }, "geometry": { "type": "Point", "coordinates": [ -77.550585994252401, 34.422128545795083 ] } },
{ "type": "Feature", "properties": { "ACCESS_ID": "Beach Access #22", "OBJECTID": 147, "PLACE": "Surf City", "ACCESS_LOC": "500 South Shore Drive", "LOCL_SPONS": " ", "CAMA_SIGN": "Yes", "PARKING": 13.0, "DUNE_WALK": "Y", "OVERLOOK": "No", "HAND_DUNE": "N", "HAND_OVRLK": "N", "HAND_BEACH": "N", "HAND_PRKG": null, "RESTRM": "N", "SHOWER": "N", "PIC_TABLE": "No", "VEH_ACCESS": "No", "BIKE_RACK": "No", "SURV_DATE": 1628640000000.0, "COMMENT_": " ", "PRKG_COMMENTS": null, "COUNTY": "Pender", "DCM_RO": "Wilmington Regional Office", "NCDCM_ID": 91.0, "PHOTO": "Neighborhood.png", "PRK_FEE": "Y", "DCM_Funded": "N", "CONTRACT_YR": null, "CONTRACT_NUM": null, "ACESS_TYPE": "Beach", "KayakCanoeLaunch": "N", "PARKING_OPTIONS": "Onsite Parking", "BeachWheelchair": "Y", "BWC_Info": "https://www.surfcitync.gov/2413/Beach-Wheelchairs", "PaidParkURL": "https://www.surfcitync.gov/2425/Beach-Parking", "WaterAccessTYPE": "Ocean", "BeachMat": null, "Land_Status": "Municipality", "NEAR_FID": 146.0, "NEAR_DIST": 397.91859572009957, "ACCESSIBILITY_NOTES": null, "LIFEGUARDS": null }, "geometry": { "type": "Point", "coordinates": [ -77.549522627907905, 34.422805544904598 ] } },
{ "type": "Feature", "properties": { "ACCESS_ID": "Beach Access #21", "OBJECTID": 146, "PLACE": "Surf City", "ACCESS_LOC": "400 South Shore Drive", "LOCL_SPONS": " ", "CAMA_SIGN": "Yes", "PARKING": 5.0, "DUNE_WALK": "Y", "OVERLOOK": "No", "HAND_DUNE": "N", "HAND_OVRLK": "N", "HAND_BEACH": "N", "HAND_PRKG": null, "RESTRM": "N", "SHOWER": "N", "PIC_TABLE": "No", "VEH_ACCESS": "No", "BIKE_RACK": "Yes", "SURV_DATE": 1628640000000.0, "COMMENT_": " ", "PRKG_COMMENTS": null, "COUNTY": "Pender", "DCM_RO": "Wilmington Regional Office", "NCDCM_ID": 90.0, "PHOTO": "Local.png", "PRK_FEE": "No", "DCM_Funded": "Y", "CONTRACT_YR": null, "CONTRACT_NUM": null, "ACESS_TYPE": "Beach", "KayakCanoeLaunch": "No", "PARKING_OPTIONS": "Onsite Parking", "BeachWheelchair": "Y", "BWC_Info": "https://www.surfcitync.gov/2413/Beach-Wheelchairs", "PaidParkURL": "n/a", "WaterAccessTYPE": "Ocean", "BeachMat": null, "Land_Status": "Municipality", "NEAR_FID": 147.0, "NEAR_DIST": 397.91859572009957, "ACCESSIBILITY_NOTES": null, "LIFEGUARDS": null }, "geometry": { "type": "Point", "coordinates": [ -77.548463459390703, 34.423457561506794 ] } },
{ "type": "Feature", "properties": { "ACCESS_ID": "Beach Access #20", "OBJECTID": 145, "PLACE": "Surf City", "ACCESS_LOC": "300 South Shore Drive,", "LOCL_SPONS": " ", "CAMA_SIGN": "Yes", "PARKING": 8.0, "DUNE_WALK": "Y", "OVERLOOK": "No", "HAND_DUNE": "N", "HAND_OVRLK": "N", "HAND_BEACH": "N", "HAND_PRKG": null, "RESTRM": "N", "SHOWER": "N", "PIC_TABLE": "No", "VEH_ACCESS": "No", "BIKE_RACK": "No", "SURV_DATE": 1359676800000.0, "COMMENT_": " ", "PRKG_COMMENTS": "Additional parking on High Point Ave", "COUNTY": "Pender", "DCM_RO": "Wilmington Regional Office", "NCDCM_ID": 89.0, "PHOTO": "Neighborhood.png", "PRK_FEE": "Y", "DCM_Funded": "N", "CONTRACT_YR": null, "CONTRACT_NUM": null, "ACESS_TYPE": "Beach", "KayakCanoeLaunch": "No", "PARKING_OPTIONS": "Both Parking Options", "BeachWheelchair": "Y", "BWC_Info": "https://www.surfcitync.gov/2413/Beach-Wheelchairs", "PaidParkURL": "https://www.surfcitync.gov/2425/Beach-Parking", "WaterAccessTYPE": "Ocean", "BeachMat": null, "Land_Status": "Municipality", "NEAR_FID": 146.0, "NEAR_DIST": 400.28904041047008, "ACCESSIBILITY_NOTES": null, "LIFEGUARDS": null }, "geometry": { "type": "Point", "coordinates": [ -77.547407115176696, 34.424123537879417 ] } },
{ "type": "Feature", "properties": { "ACCESS_ID": "Beach Access #19", "OBJECTID": 144, "PLACE": "Surf City", "ACCESS_LOC": "200 South Shore Drive", "LOCL_SPONS": "Surf City", "CAMA_SIGN": "Yes", "PARKING": 14.0, "DUNE_WALK": "N", "OVERLOOK": "No", "HAND_DUNE": "N", "HAND_OVRLK": "N", "HAND_BEACH": "N", "HAND_PRKG": null, "RESTRM": "Y", "SHOWER": "Y", "PIC_TABLE": "No", "VEH_ACCESS": "E", "BIKE_RACK": "Yes", "SURV_DATE": 1652779253091.0, "COMMENT_": "Access point for beach wheelchairs.", "PRKG_COMMENTS": "Additional parking locations along Kinston Ave", "COUNTY": "Pender", "DCM_RO": "Wilmington Regional Office", "NCDCM_ID": 88.0, "PHOTO": "Regional.png", "PRK_FEE": "Y", "DCM_Funded": "Y", "CONTRACT_YR": null, "CONTRACT_NUM": null, "ACESS_TYPE": "Beach", "KayakCanoeLaunch": "No", "PARKING_OPTIONS": "Both Parking Options", "BeachWheelchair": "Y", "BWC_Info": "https://www.surfcitync.gov/2413/Beach-Wheelchairs", "PaidParkURL": "https://www.surfcitync.gov/2425/Beach-Parking", "WaterAccessTYPE": "Ocean", "BeachMat": null, "Land_Status": "Municipality", "NEAR_FID": 145.0, "NEAR_DIST": 404.01530656198253, "ACCESSIBILITY_NOTES": null, "LIFEGUARDS": null }, "geometry": { "type": "Point", "coordinates": [ -77.546317816266608, 34.424769767424799 ] } },
{ "type": "Feature", "properties": { "ACCESS_ID": "Beach Access #18", "OBJECTID": 143, "PLACE": "Surf City", "ACCESS_LOC": "100 Roland Ave", "LOCL_SPONS": "Surf City", "CAMA_SIGN": "Yes", "PARKING": 32.0, "DUNE_WALK": "Y", "OVERLOOK": "No", "HAND_DUNE": "N", "HAND_OVRLK": "N", "HAND_BEACH": "N", "HAND_PRKG": null, "RESTRM": "Y", "SHOWER": "Y", "PIC_TABLE": "No", "VEH_ACCESS": "No", "BIKE_RACK": "Yes", "SURV_DATE": 1652779253091.0, "COMMENT_": "Access point for beach wheelchairs.", "PRKG_COMMENTS": "Addtnl parking in the vicinity", "COUNTY": "Pender", "DCM_RO": "Wilmington Regional Office", "NCDCM_ID": 87.0, "PHOTO": "Regional.png", "PRK_FEE": "Y", "DCM_Funded": "N", "CONTRACT_YR": null, "CONTRACT_NUM": null, "ACESS_TYPE": "Beach", "KayakCanoeLaunch": "No", "PARKING_OPTIONS": "Onsite Parking", "BeachWheelchair": "Y", "BWC_Info": "https://www.surfcitync.gov/2413/Beach-Wheelchairs", "PaidParkURL": "https://www.surfcitync.gov/2425/Beach-Parking", "WaterAccessTYPE": "Ocean", "BeachMat": null, "Land_Status": "Municipality", "NEAR_FID": 160.0, "NEAR_DIST": 430.56113649521171, "ACCESSIBILITY_NOTES": null, "LIFEGUARDS": null }, "geometry": { "type": "Point", "coordinates": [ -77.544840142421407, 34.425623123480719 ] } },
{ "type": "Feature", "properties": { "ACCESS_ID": "Soundside Park Boardwalk", "OBJECTID": 159, "PLACE": "Surf City", "ACCESS_LOC": "New River Dr. and Kinston Ave.", "LOCL_SPONS": " ", "CAMA_SIGN": "Yes", "PARKING": 0.0, "DUNE_WALK": "Y", "OVERLOOK": "No", "HAND_DUNE": " ", "HAND_OVRLK": " ", "HAND_BEACH": " ", "HAND_PRKG": 0.0, "RESTRM": "N", "SHOWER": "N", "PIC_TABLE": "No", "VEH_ACCESS": " ", "BIKE_RACK": "No", "SURV_DATE": 1359676800000.0, "COMMENT_": " ", "PRKG_COMMENTS": null, "COUNTY": "Pender", "DCM_RO": "Wilmington Regional Office", "NCDCM_ID": 103.0, "PHOTO": "Local.png", "PRK_FEE": null, "DCM_Funded": "Y", "CONTRACT_YR": null, "CONTRACT_NUM": null, "ACESS_TYPE": "Shoreline", "KayakCanoeLaunch": "No", "PARKING_OPTIONS": "No Parking", "BeachWheelchair": "Y", "BWC_Info": "https://www.surfcitync.gov/2413/Beach-Wheelchairs", "PaidParkURL": "n/a", "WaterAccessTYPE": "Estuarine", "BeachMat": null, "Land_Status": "Municipality", "NEAR_FID": 160.0, "NEAR_DIST": 463.16797600466759, "ACCESSIBILITY_NOTES": null, "LIFEGUARDS": null }, "geometry": { "type": "Point", "coordinates": [ -77.546907167686797, 34.42657387077459 ] } },
{ "type": "Feature", "properties": { "ACCESS_ID": "Roland Ave. and N. Topsail Dr.", "OBJECTID": 160, "PLACE": "Surf City", "ACCESS_LOC": "101 Roland Ave", "LOCL_SPONS": " ", "CAMA_SIGN": "Yes", "PARKING": 18.0, "DUNE_WALK": "N", "OVERLOOK": "No", "HAND_DUNE": "No", "HAND_OVRLK": "No", "HAND_BEACH": "No", "HAND_PRKG": 2.0, "RESTRM": "N", "SHOWER": "N", "PIC_TABLE": "No", "VEH_ACCESS": "No", "BIKE_RACK": "No", "SURV_DATE": 1564963200000.0, "COMMENT_": " ", "PRKG_COMMENTS": "Public Parking Lot", "COUNTY": "Pender", "DCM_RO": "Wilmington Regional Office", "NCDCM_ID": 104.0, "PHOTO": "Local.png", "PRK_FEE": "Y", "DCM_Funded": "N", "CONTRACT_YR": null, "CONTRACT_NUM": null, "ACESS_TYPE": null, "KayakCanoeLaunch": "No", "PARKING_OPTIONS": "Onsite Parking", "BeachWheelchair": "Y", "BWC_Info": "https://www.surfcitync.gov/2413/Beach-Wheelchairs", "PaidParkURL": "https://www.surfcitync.gov/2425/Beach-Parking", "WaterAccessTYPE": "Parking Lot", "BeachMat": null, "Land_Status": "Municipality", "NEAR_FID": 143.0, "NEAR_DIST": 430.56113649521171, "ACCESSIBILITY_NOTES": null, "LIFEGUARDS": null }, "geometry": { "type": "Point", "coordinates": [ -77.545381177954098, 34.426717962441806 ] } },
{ "type": "Feature", "properties": { "ACCESS_ID": "Beach Access #17", "OBJECTID": 142, "PLACE": "Surf City", "ACCESS_LOC": "200 North Shore Drive", "LOCL_SPONS": " ", "CAMA_SIGN": "Yes", "PARKING": 10.0, "DUNE_WALK": "Y", "OVERLOOK": "Y", "HAND_DUNE": "N", "HAND_OVRLK": "N", "HAND_BEACH": "N", "HAND_PRKG": null, "RESTRM": "Y", "SHOWER": "N", "PIC_TABLE": "No", "VEH_ACCESS": "No", "BIKE_RACK": "No", "SURV_DATE": 1628640000000.0, "COMMENT_": "Portable Restroom", "PRKG_COMMENTS": "Additional parking lot across the street", "COUNTY": "Pender", "DCM_RO": "Wilmington Regional Office", "NCDCM_ID": 86.0, "PHOTO": "Neighborhood.png", "PRK_FEE": "No", "DCM_Funded": "Y", "CONTRACT_YR": null, "CONTRACT_NUM": null, "ACESS_TYPE": "Beach", "KayakCanoeLaunch": "No", "PARKING_OPTIONS": "Both Parking Options", "BeachWheelchair": "Y", "BWC_Info": "https://www.surfcitync.gov/2413/Beach-Wheelchairs", "PaidParkURL": "n/a", "WaterAccessTYPE": "Ocean", "BeachMat": null, "Land_Status": "Municipality", "NEAR_FID": 141.0, "NEAR_DIST": 416.53570848850757, "ACCESSIBILITY_NOTES": null, "LIFEGUARDS": null }, "geometry": { "type": "Point", "coordinates": [ -77.542902240096694, 34.426805847255594 ] } },
{ "type": "Feature", "properties": { "ACCESS_ID": "Beach Access #16", "OBJECTID": 141, "PLACE": "Surf City", "ACCESS_LOC": "300 North Shore Drive", "LOCL_SPONS": " ", "CAMA_SIGN": "Yes", "PARKING": 11.0, "DUNE_WALK": "Y", "OVERLOOK": "No", "HAND_DUNE": "N", "HAND_OVRLK": "N", "HAND_BEACH": "N", "HAND_PRKG": null, "RESTRM": "Y", "SHOWER": "N", "PIC_TABLE": "No", "VEH_ACCESS": "No", "BIKE_RACK": "Yes", "SURV_DATE": 1359676800000.0, "COMMENT_": "Portable Restroom", "PRKG_COMMENTS": "Additional parking at 214 N New River Dr", "COUNTY": "Pender", "DCM_RO": "Wilmington Regional Office", "NCDCM_ID": 85.0, "PHOTO": "Neighborhood.png", "PRK_FEE": "Y", "DCM_Funded": "N", "CONTRACT_YR": null, "CONTRACT_NUM": null, "ACESS_TYPE": "Beach", "KayakCanoeLaunch": "No", "PARKING_OPTIONS": "Onsite Parking", "BeachWheelchair": "Y", "BWC_Info": "https://www.surfcitync.gov/2413/Beach-Wheelchairs", "PaidParkURL": "https://www.surfcitync.gov/2425/Beach-Parking", "WaterAccessTYPE": "Ocean", "BeachMat": null, "Land_Status": "Municipality", "NEAR_FID": 142.0, "NEAR_DIST": 416.53570848850757, "ACCESSIBILITY_NOTES": null, "LIFEGUARDS": null }, "geometry": { "type": "Point", "coordinates": [ -77.541766450675595, 34.427457158377585 ] } },
{ "type": "Feature", "properties": { "ACCESS_ID": "Public Parking", "OBJECTID": 161, "PLACE": "Surf City", "ACCESS_LOC": "214 N New River Dr", "LOCL_SPONS": "Surf City", "CAMA_SIGN": "Yes", "PARKING": 40.0, "DUNE_WALK": "Y", "OVERLOOK": null, "HAND_DUNE": null, "HAND_OVRLK": null, "HAND_BEACH": null, "HAND_PRKG": null, "RESTRM": null, "SHOWER": null, "PIC_TABLE": "N", "VEH_ACCESS": null, "BIKE_RACK": "No", "SURV_DATE": 1628640000000.0, "COMMENT_": "Nearest access site is at 300 N Shore Dr", "PRKG_COMMENTS": "Paved parking lot", "COUNTY": "Pender", "DCM_RO": "Wilmington Regional Office", "NCDCM_ID": 106.0, "PHOTO": "Neighborhood.png", "PRK_FEE": "Y", "DCM_Funded": "N", "CONTRACT_YR": null, "CONTRACT_NUM": null, "ACESS_TYPE": null, "KayakCanoeLaunch": "No", "PARKING_OPTIONS": "Onsite Parking", "BeachWheelchair": "Y", "BWC_Info": "https://www.surfcitync.gov/2413/Beach-Wheelchairs", "PaidParkURL": "https://www.surfcitync.gov/2425/Beach-Parking", "WaterAccessTYPE": "Parking Lot", "BeachMat": null, "Land_Status": "Municipality", "NEAR_FID": 141.0, "NEAR_DIST": 438.06053212980868, "ACCESSIBILITY_NOTES": null, "LIFEGUARDS": null }, "geometry": { "type": "Point", "coordinates": [ -77.542782671637397, 34.428317263090698 ] } },
{ "type": "Feature", "properties": { "ACCESS_ID": "Soundside Park", "OBJECTID": 782, "PLACE": "Surf City", "ACCESS_LOC": "517 Roland Ave", "LOCL_SPONS": "Surf City", "CAMA_SIGN": null, "PARKING": 60.0, "DUNE_WALK": "N", "OVERLOOK": "Yes", "HAND_DUNE": "No", "HAND_OVRLK": "Yes", "HAND_BEACH": "No", "HAND_PRKG": 15.0, "RESTRM": "Y", "SHOWER": "N", "PIC_TABLE": "Yes", "VEH_ACCESS": "No", "BIKE_RACK": "No", "SURV_DATE": 1564963200000.0, "COMMENT_": "", "PRKG_COMMENTS": "Canoes, kayaks and other non-trailered vehicles mu", "COUNTY": "Pender", "DCM_RO": "Wilmington Regional Office", "NCDCM_ID": null, "PHOTO": null, "PRK_FEE": null, "DCM_Funded": "Y", "CONTRACT_YR": null, "CONTRACT_NUM": null, "ACESS_TYPE": "Shoreline", "KayakCanoeLaunch": "No", "PARKING_OPTIONS": "Onsite Parking", "BeachWheelchair": "Y", "BWC_Info": "https://www.surfcitync.gov/2413/Beach-Wheelchairs", "PaidParkURL": "n/a", "WaterAccessTYPE": "Estuarine", "BeachMat": null, "Land_Status": "Municipality", "NEAR_FID": 159.0, "NEAR_DIST": 966.28188749535502, "ACCESSIBILITY_NOTES": null, "LIFEGUARDS": null }, "geometry": { "type": "Point", "coordinates": [ -77.548829443817198, 34.42869811551089 ] } },
{ "type": "Feature", "properties": { "ACCESS_ID": "Beach Access #15", "OBJECTID": 140, "PLACE": "Surf City", "ACCESS_LOC": "400 North Shore Drive", "LOCL_SPONS": " ", "CAMA_SIGN": "Yes", "PARKING": 16.0, "DUNE_WALK": "Y", "OVERLOOK": "Y", "HAND_DUNE": "N", "HAND_OVRLK": "N", "HAND_BEACH": "N", "HAND_PRKG": null, "RESTRM": "Y", "SHOWER": "Y", "PIC_TABLE": "No", "VEH_ACCESS": "No", "BIKE_RACK": "No", "SURV_DATE": 1628640000000.0, "COMMENT_": "", "PRKG_COMMENTS": null, "COUNTY": "Pender", "DCM_RO": "Wilmington Regional Office", "NCDCM_ID": 84.0, "PHOTO": "Regional.png", "PRK_FEE": "Y", "DCM_Funded": "Y", "CONTRACT_YR": null, "CONTRACT_NUM": null, "ACESS_TYPE": "Beach", "KayakCanoeLaunch": "No", "PARKING_OPTIONS": "Onsite Parking", "BeachWheelchair": "Y", "BWC_Info": "https://www.surfcitync.gov/2413/Beach-Wheelchairs", "PaidParkURL": "https://www.surfcitync.gov/2425/Beach-Parking", "WaterAccessTYPE": "Ocean", "BeachMat": null, "Land_Status": "Municipality", "NEAR_FID": 139.0, "NEAR_DIST": 720.63061548791893, "ACCESSIBILITY_NOTES": null, "LIFEGUARDS": null }, "geometry": { "type": "Point", "coordinates": [ -77.539182902206704, 34.42897007398529 ] } },
{ "type": "Feature", "properties": { "ACCESS_ID": "Beach Access #14", "OBJECTID": 139, "PLACE": "Surf City", "ACCESS_LOC": "500 North Shore Drive", "LOCL_SPONS": " ", "CAMA_SIGN": "Yes", "PARKING": 13.0, "DUNE_WALK": "Y", "OVERLOOK": "No", "HAND_DUNE": "N", "HAND_OVRLK": "N", "HAND_BEACH": "N", "HAND_PRKG": null, "RESTRM": "Y", "SHOWER": "N", "PIC_TABLE": "No", "VEH_ACCESS": "No", "BIKE_RACK": "No", "SURV_DATE": 1628640000000.0, "COMMENT_": "Portable Restroom", "PRKG_COMMENTS": "More parking in the vicinity at 423 Wilmington Ave", "COUNTY": "Pender", "DCM_RO": "Wilmington Regional Office", "NCDCM_ID": 83.0, "PHOTO": "Neighborhood.png", "PRK_FEE": "Y", "DCM_Funded": "Y", "CONTRACT_YR": null, "CONTRACT_NUM": null, "ACESS_TYPE": "Beach", "KayakCanoeLaunch": "No", "PARKING_OPTIONS": "Onsite Parking", "BeachWheelchair": "Y", "BWC_Info": "https://www.surfcitync.gov/2413/Beach-Wheelchairs", "PaidParkURL": "https://www.surfcitync.gov/2425/Beach-Parking", "WaterAccessTYPE": "Ocean", "BeachMat": null, "Land_Status": "Municipality", "NEAR_FID": 138.0, "NEAR_DIST": 260.26443786796483, "ACCESSIBILITY_NOTES": null, "LIFEGUARDS": null }, "geometry": { "type": "Point", "coordinates": [ -77.537251651906601, 34.430136296241287 ] } },
{ "type": "Feature", "properties": { "ACCESS_ID": "Beach Access #13", "OBJECTID": 138, "PLACE": "Surf City", "ACCESS_LOC": "510 N. Shore Dr.", "LOCL_SPONS": "Surf City", "CAMA_SIGN": "Yes", "PARKING": 13.0, "DUNE_WALK": "Y", "OVERLOOK": "No", "HAND_DUNE": "N", "HAND_OVRLK": "N", "HAND_BEACH": "N", "HAND_PRKG": null, "RESTRM": "Y", "SHOWER": "N", "PIC_TABLE": "No", "VEH_ACCESS": "No", "BIKE_RACK": "No", "SURV_DATE": 1652779253091.0, "COMMENT_": "Access point for beach wheelchairs.", "PRKG_COMMENTS": "15 parking spots across the street", "COUNTY": "Pender", "DCM_RO": "Wilmington Regional Office", "NCDCM_ID": 82.0, "PHOTO": "Neighborhood.png", "PRK_FEE": "Y", "DCM_Funded": "N", "CONTRACT_YR": null, "CONTRACT_NUM": null, "ACESS_TYPE": "Beach", "KayakCanoeLaunch": "No", "PARKING_OPTIONS": "Onsite Parking", "BeachWheelchair": "Y", "BWC_Info": "https://www.surfcitync.gov/2413/Beach-Wheelchairs", "PaidParkURL": "https://www.surfcitync.gov/2425/Beach-Parking", "WaterAccessTYPE": "Ocean", "BeachMat": null, "Land_Status": "Municipality", "NEAR_FID": 855.0, "NEAR_DIST": 248.69758752427393, "ACCESSIBILITY_NOTES": null, "LIFEGUARDS": null }, "geometry": { "type": "Point", "coordinates": [ -77.536541566912106, 34.430542799178589 ] } },
{ "type": "Feature", "properties": { "ACCESS_ID": "Beach Access #12", "OBJECTID": 855, "PLACE": "Surf City", "ACCESS_LOC": "507 N. Shore Dr.", "LOCL_SPONS": "Surf City", "CAMA_SIGN": "Unknown", "PARKING": null, "DUNE_WALK": "Y", "OVERLOOK": "No", "HAND_DUNE": "N", "HAND_OVRLK": "N", "HAND_BEACH": "N", "HAND_PRKG": null, "RESTRM": "N", "SHOWER": "N", "PIC_TABLE": "No", "VEH_ACCESS": "No", "BIKE_RACK": "No", "SURV_DATE": 1628640000000.0, "COMMENT_": null, "PRKG_COMMENTS": null, "COUNTY": "Pender", "DCM_RO": "Wilmington Regional Office", "NCDCM_ID": 82.0, "PHOTO": "Neighborhood.png", "PRK_FEE": null, "DCM_Funded": "N", "CONTRACT_YR": null, "CONTRACT_NUM": null, "ACESS_TYPE": "Beach", "KayakCanoeLaunch": "No", "PARKING_OPTIONS": "No Parking", "BeachWheelchair": "Y", "BWC_Info": "https://www.surfcitync.gov/2413/Beach-Wheelchairs", "PaidParkURL": "n/a", "WaterAccessTYPE": "Ocean", "BeachMat": null, "Land_Status": "Municipality", "NEAR_FID": 138.0, "NEAR_DIST": 248.69758752427393, "ACCESSIBILITY_NOTES": null, "LIFEGUARDS": null }, "geometry": { "type": "Point", "coordinates": [ -77.535835489302201, 34.43089592073899 ] } },
{ "type": "Feature", "properties": { "ACCESS_ID": "Beach Access # 11", "OBJECTID": 137, "PLACE": "Surf City", "ACCESS_LOC": "700 N Shore Dr", "LOCL_SPONS": "Surf City", "CAMA_SIGN": "Yes", "PARKING": 21.0, "DUNE_WALK": "Y", "OVERLOOK": "No", "HAND_DUNE": "N", "HAND_OVRLK": "N", "HAND_BEACH": "N", "HAND_PRKG": null, "RESTRM": "N", "SHOWER": "N", "PIC_TABLE": "No", "VEH_ACCESS": "No", "BIKE_RACK": "No", "SURV_DATE": 1359676800000.0, "COMMENT_": " ", "PRKG_COMMENTS": null, "COUNTY": "Pender", "DCM_RO": "Wilmington Regional Office", "NCDCM_ID": 81.0, "PHOTO": "Neighborhood.png", "PRK_FEE": "No", "DCM_Funded": "N", "CONTRACT_YR": null, "CONTRACT_NUM": null, "ACESS_TYPE": "Beach", "KayakCanoeLaunch": "No", "PARKING_OPTIONS": "Onsite Parking", "BeachWheelchair": "Y", "BWC_Info": "https://www.surfcitync.gov/2413/Beach-Wheelchairs", "PaidParkURL": "n/a", "WaterAccessTYPE": "Ocean", "BeachMat": null, "Land_Status": "Municipality", "NEAR_FID": 855.0, "NEAR_DIST": 667.93943503723062, "ACCESSIBILITY_NOTES": null, "LIFEGUARDS": null }, "geometry": { "type": "Point", "coordinates": [ -77.533951007990794, 34.431860442702707 ] } },
{ "type": "Feature", "properties": { "ACCESS_ID": "Beach Access #10", "OBJECTID": 136, "PLACE": "Surf City", "ACCESS_LOC": "1100 North Shore Drive", "LOCL_SPONS": " ", "CAMA_SIGN": "Yes", "PARKING": 0.0, "DUNE_WALK": "Y", "OVERLOOK": "No", "HAND_DUNE": "N", "HAND_OVRLK": "N", "HAND_BEACH": "N", "HAND_PRKG": 0.0, "RESTRM": "Y", "SHOWER": "N", "PIC_TABLE": "No", "VEH_ACCESS": "No", "BIKE_RACK": "No", "SURV_DATE": 1628640000000.0, "COMMENT_": " ", "PRKG_COMMENTS": "Portable Restroom", "COUNTY": "Pender", "DCM_RO": "Wilmington Regional Office", "NCDCM_ID": 80.0, "PHOTO": "Local.png", "PRK_FEE": null, "DCM_Funded": "N", "CONTRACT_YR": null, "CONTRACT_NUM": null, "ACESS_TYPE": "Beach", "KayakCanoeLaunch": "No", "PARKING_OPTIONS": "No Parking", "BeachWheelchair": "Y", "BWC_Info": "https://www.surfcitync.gov/2413/Beach-Wheelchairs", "PaidParkURL": "n/a", "WaterAccessTYPE": "Ocean", "BeachMat": null, "Land_Status": "Municipality", "NEAR_FID": 135.0, "NEAR_DIST": 604.84788807018867, "ACCESSIBILITY_NOTES": null, "LIFEGUARDS": null }, "geometry": { "type": "Point", "coordinates": [ -77.527877976258594, 34.435589090646907 ] } },
{ "type": "Feature", "properties": { "ACCESS_ID": "Beach Access #9", "OBJECTID": 135, "PLACE": "Surf City", "ACCESS_LOC": "1200 North Shore Drive", "LOCL_SPONS": " ", "CAMA_SIGN": "Yes", "PARKING": null, "DUNE_WALK": "Y", "OVERLOOK": "No", "HAND_DUNE": "N", "HAND_OVRLK": "N", "HAND_BEACH": "N", "HAND_PRKG": null, "RESTRM": "N", "SHOWER": "N", "PIC_TABLE": "No", "VEH_ACCESS": "No", "BIKE_RACK": "No", "SURV_DATE": 1628640000000.0, "COMMENT_": "Portable Restroom", "PRKG_COMMENTS": "Street parking alont Craven Ave", "COUNTY": "Pender", "DCM_RO": "Wilmington Regional Office", "NCDCM_ID": 79.0, "PHOTO": "Neighborhood.png", "PRK_FEE": "Y", "DCM_Funded": "N", "CONTRACT_YR": null, "CONTRACT_NUM": null, "ACESS_TYPE": "Beach", "KayakCanoeLaunch": "No", "PARKING_OPTIONS": "On-Street Parking", "BeachWheelchair": "Y", "BWC_Info": "https://www.surfcitync.gov/2413/Beach-Wheelchairs", "PaidParkURL": "https://www.surfcitync.gov/2425/Beach-Parking", "WaterAccessTYPE": "Ocean", "BeachMat": null, "Land_Status": "Municipality", "NEAR_FID": 136.0, "NEAR_DIST": 604.84788807018867, "ACCESSIBILITY_NOTES": null, "LIFEGUARDS": null }, "geometry": { "type": "Point", "coordinates": [ -77.526248536537693, 34.43655836977549 ] } },
{ "type": "Feature", "properties": { "ACCESS_ID": "Beach Access #8 (Jones Ave)", "OBJECTID": 2, "PLACE": "Surf City", "ACCESS_LOC": "1300 N Shore Dr", "LOCL_SPONS": "Surf City", "CAMA_SIGN": "Yes", "PARKING": 4.0, "DUNE_WALK": "Y", "OVERLOOK": "No", "HAND_DUNE": "N", "HAND_OVRLK": "N", "HAND_BEACH": "N", "HAND_PRKG": 1.0, "RESTRM": "N", "SHOWER": "N", "PIC_TABLE": "No", "VEH_ACCESS": "No", "BIKE_RACK": "No", "SURV_DATE": 1628640000000.0, "COMMENT_": " ", "PRKG_COMMENTS": null, "COUNTY": "Pender", "DCM_RO": "Wilmington Regional Office", "NCDCM_ID": 2.0, "PHOTO": "Neighborhood.png", "PRK_FEE": "Y", "DCM_Funded": "Y", "CONTRACT_YR": null, "CONTRACT_NUM": null, "ACESS_TYPE": "Beach", "KayakCanoeLaunch": "No", "PARKING_OPTIONS": "Onsite Parking", "BeachWheelchair": "Y", "BWC_Info": "https://www.surfcitync.gov/2413/Beach-Wheelchairs", "PaidParkURL": "https://www.surfcitync.gov/2425/Beach-Parking", "WaterAccessTYPE": "Ocean", "BeachMat": null, "Land_Status": "Municipality", "NEAR_FID": 134.0, "NEAR_DIST": 594.89753251243962, "ACCESSIBILITY_NOTES": null, "LIFEGUARDS": null }, "geometry": { "type": "Point", "coordinates": [ -77.524413865012093, 34.437614686510997 ] } },
{ "type": "Feature", "properties": { "ACCESS_ID": "Beach Access #7 (Lenoir Ave)", "OBJECTID": 134, "PLACE": "Surf City", "ACCESS_LOC": "1400 N Shore Dr ", "LOCL_SPONS": "Surf City", "CAMA_SIGN": "Yes", "PARKING": null, "DUNE_WALK": "Y", "OVERLOOK": "No", "HAND_DUNE": "N", "HAND_OVRLK": "N", "HAND_BEACH": "N", "HAND_PRKG": null, "RESTRM": "N", "SHOWER": "N", "PIC_TABLE": "No", "VEH_ACCESS": "No", "BIKE_RACK": "No", "SURV_DATE": 1628640000000.0, "COMMENT_": " ", "PRKG_COMMENTS": null, "COUNTY": "Pender", "DCM_RO": "Wilmington Regional Office", "NCDCM_ID": 78.0, "PHOTO": "Neighborhood.png", "PRK_FEE": "Y", "DCM_Funded": "N", "CONTRACT_YR": null, "CONTRACT_NUM": null, "ACESS_TYPE": "Beach", "KayakCanoeLaunch": "No", "PARKING_OPTIONS": "On-Street Parking", "BeachWheelchair": "Y", "BWC_Info": "https://www.surfcitync.gov/2413/Beach-Wheelchairs", "PaidParkURL": "https://www.surfcitync.gov/2425/Beach-Parking", "WaterAccessTYPE": "Ocean", "BeachMat": null, "Land_Status": "Municipality", "NEAR_FID": 2.0, "NEAR_DIST": 594.89753251243962, "ACCESSIBILITY_NOTES": null, "LIFEGUARDS": null }, "geometry": { "type": "Point", "coordinates": [ -77.522819230517001, 34.438577229119687 ] } },
{ "type": "Feature", "properties": { "ACCESS_ID": "Beach Access #6", "OBJECTID": 133, "PLACE": "Surf City", "ACCESS_LOC": "1500 North Shore Drive", "LOCL_SPONS": "Surf City", "CAMA_SIGN": "Yes", "PARKING": 3.0, "DUNE_WALK": "N", "OVERLOOK": "No", "HAND_DUNE": "N", "HAND_OVRLK": "N", "HAND_BEACH": "N", "HAND_PRKG": null, "RESTRM": "N", "SHOWER": "N", "PIC_TABLE": "No", "VEH_ACCESS": " ", "BIKE_RACK": "No", "SURV_DATE": 1652779253091.0, "COMMENT_": "Access point for beach wheelchairs.", "PRKG_COMMENTS": null, "COUNTY": "Pender", "DCM_RO": "Wilmington Regional Office", "NCDCM_ID": 77.0, "PHOTO": "Local.png", "PRK_FEE": "No", "DCM_Funded": "N", "CONTRACT_YR": null, "CONTRACT_NUM": null, "ACESS_TYPE": "Beach", "KayakCanoeLaunch": "No", "PARKING_OPTIONS": "No Parking", "BeachWheelchair": "Y", "BWC_Info": "https://www.surfcitync.gov/2413/Beach-Wheelchairs", "PaidParkURL": "n/a", "WaterAccessTYPE": "Ocean", "BeachMat": null, "Land_Status": "Municipality", "NEAR_FID": 134.0, "NEAR_DIST": 717.23548309470232, "ACCESSIBILITY_NOTES": null, "LIFEGUARDS": null }, "geometry": { "type": "Point", "coordinates": [ -77.520884777722898, 34.439724102374193 ] } },
{ "type": "Feature", "properties": { "ACCESS_ID": "Beach Access # 5 (Broadway Ave)", "OBJECTID": 132, "PLACE": "Surf City", "ACCESS_LOC": "1700 N Shore Dr", "LOCL_SPONS": "Surf City", "CAMA_SIGN": "Yes", "PARKING": 34.0, "DUNE_WALK": "Y", "OVERLOOK": "No", "HAND_DUNE": "N", "HAND_OVRLK": "N", "HAND_BEACH": "N", "HAND_PRKG": 2.0, "RESTRM": "Y", "SHOWER": "Y", "PIC_TABLE": "No", "VEH_ACCESS": "No", "BIKE_RACK": "Yes", "SURV_DATE": 1747785600000.0, "COMMENT_": "", "PRKG_COMMENTS": null, "COUNTY": "Onslow", "DCM_RO": "Wilmington Regional Office", "NCDCM_ID": 76.0, "PHOTO": "Regional.png", "PRK_FEE": "No", "DCM_Funded": "Y", "CONTRACT_YR": "2023", "CONTRACT_NUM": "", "ACESS_TYPE": "Beach", "KayakCanoeLaunch": "No", "PARKING_OPTIONS": "Onsite Parking", "BeachWheelchair": "Y", "BWC_Info": "https://www.surfcitync.gov/2413/Beach-Wheelchairs", "PaidParkURL": "n/a", "WaterAccessTYPE": "Ocean", "BeachMat": "Yes", "Land_Status": "Municipality", "NEAR_FID": 131.0, "NEAR_DIST": 617.51894559244045, "ACCESSIBILITY_NOTES": null, "LIFEGUARDS": null }, "geometry": { "type": "Point", "coordinates": [ -77.518611736423594, 34.441067238192609 ] } },
{ "type": "Feature", "properties": { "ACCESS_ID": "Beach Access #5", "OBJECTID": 131, "PLACE": "Surf City", "ACCESS_LOC": "1700 North Shore Drive", "LOCL_SPONS": "Surf City", "CAMA_SIGN": "Yes", "PARKING": 12.0, "DUNE_WALK": "Y", "OVERLOOK": "No", "HAND_DUNE": "N", "HAND_OVRLK": "N", "HAND_BEACH": "N", "HAND_PRKG": null, "RESTRM": "N", "SHOWER": "N", "PIC_TABLE": "No", "VEH_ACCESS": "No", "BIKE_RACK": "No", "SURV_DATE": 1652779253091.0, "COMMENT_": "Access point for beach wheelchairs.", "PRKG_COMMENTS": null, "COUNTY": "Onslow", "DCM_RO": "Wilmington Regional Office", "NCDCM_ID": 75.0, "PHOTO": "Neighborhood.png", "PRK_FEE": "Y", "DCM_Funded": "N", "CONTRACT_YR": null, "CONTRACT_NUM": null, "ACESS_TYPE": "Beach", "KayakCanoeLaunch": "No", "PARKING_OPTIONS": "On-Street Parking", "BeachWheelchair": "Y", "BWC_Info": "https://www.surfcitync.gov/2413/Beach-Wheelchairs", "PaidParkURL": "https://www.surfcitync.gov/2425/Beach-Parking", "WaterAccessTYPE": "Ocean", "BeachMat": null, "Land_Status": "Municipality", "NEAR_FID": 132.0, "NEAR_DIST": 617.51894559244045, "ACCESSIBILITY_NOTES": null, "LIFEGUARDS": null }, "geometry": { "type": "Point", "coordinates": [ -77.517040004476613, 34.442155121364898 ] } },
{ "type": "Feature", "properties": { "ACCESS_ID": "Beach Access #3", "OBJECTID": 130, "PLACE": "Surf City", "ACCESS_LOC": "1902 North Shore Drive", "LOCL_SPONS": "Surf City", "CAMA_SIGN": "Yes", "PARKING": 40.0, "DUNE_WALK": "Y", "OVERLOOK": "No", "HAND_DUNE": "N", "HAND_OVRLK": "N", "HAND_BEACH": "N", "HAND_PRKG": null, "RESTRM": "N", "SHOWER": "N", "PIC_TABLE": "No", "VEH_ACCESS": "No", "BIKE_RACK": "Yes", "SURV_DATE": 1628640000000.0, "COMMENT_": "Portable Restroom", "PRKG_COMMENTS": null, "COUNTY": "Onslow", "DCM_RO": "Wilmington Regional Office", "NCDCM_ID": 74.0, "PHOTO": "Neighborhood.png", "PRK_FEE": "Y", "DCM_Funded": "N", "CONTRACT_YR": null, "CONTRACT_NUM": null, "ACESS_TYPE": "Beach", "KayakCanoeLaunch": "No", "PARKING_OPTIONS": "On-Street Parking", "BeachWheelchair": "Y", "BWC_Info": "https://www.surfcitync.gov/2413/Beach-Wheelchairs", "PaidParkURL": "https://www.surfcitync.gov/2425/Beach-Parking", "WaterAccessTYPE": "Ocean", "BeachMat": null, "Land_Status": "Municipality", "NEAR_FID": 129.0, "NEAR_DIST": 560.85580912641842, "ACCESSIBILITY_NOTES": null, "LIFEGUARDS": null }, "geometry": { "type": "Point", "coordinates": [ -77.5147635459859, 34.4434901816159 ] } },
{ "type": "Feature", "properties": { "ACCESS_ID": "Beach Access #2", "OBJECTID": 129, "PLACE": "Surf City", "ACCESS_LOC": "2000 N. Shore Dr.", "LOCL_SPONS": "Surf City", "CAMA_SIGN": "Yes", "PARKING": 5.0, "DUNE_WALK": "Y", "OVERLOOK": "No", "HAND_DUNE": "N", "HAND_OVRLK": "N", "HAND_BEACH": "N", "HAND_PRKG": null, "RESTRM": "N", "SHOWER": "N", "PIC_TABLE": "No", "VEH_ACCESS": "No", "BIKE_RACK": "No", "SURV_DATE": 1628640000000.0, "COMMENT_": "", "PRKG_COMMENTS": null, "COUNTY": "Onslow", "DCM_RO": "Wilmington Regional Office", "NCDCM_ID": 73.0, "PHOTO": "Neighborhood.png", "PRK_FEE": "Y", "DCM_Funded": "N", "CONTRACT_YR": null, "CONTRACT_NUM": null, "ACESS_TYPE": "Beach", "KayakCanoeLaunch": "No", "PARKING_OPTIONS": "On-Street Parking", "BeachWheelchair": "Y", "BWC_Info": "https://www.surfcitync.gov/2413/Beach-Wheelchairs", "PaidParkURL": "https://www.surfcitync.gov/2425/Beach-Parking", "WaterAccessTYPE": "Ocean", "BeachMat": null, "Land_Status": "Municipality", "NEAR_FID": 130.0, "NEAR_DIST": 560.85580912641842, "ACCESSIBILITY_NOTES": null, "LIFEGUARDS": null }, "geometry": { "type": "Point", "coordinates": [ -77.513238340482403, 34.444372425900816 ] } },
{ "type": "Feature", "properties": { "ACCESS_ID": "Beach Access #1", "OBJECTID": 128, "PLACE": "Surf City", "ACCESS_LOC": "2100 North Shore Drive", "LOCL_SPONS": "Surf City", "CAMA_SIGN": "Yes", "PARKING": 6.0, "DUNE_WALK": "N", "OVERLOOK": "No", "HAND_DUNE": "N", "HAND_OVRLK": "N", "HAND_BEACH": "N", "HAND_PRKG": 0.0, "RESTRM": "N", "SHOWER": "N", "PIC_TABLE": "No", "VEH_ACCESS": "No", "BIKE_RACK": "No", "SURV_DATE": 1652779253091.0, "COMMENT_": "Access point for beach wheelchairs.", "PRKG_COMMENTS": "18 spaces at 2107 N New River Dr", "COUNTY": "Onslow", "DCM_RO": "Wilmington Regional Office", "NCDCM_ID": 72.0, "PHOTO": "Local.png", "PRK_FEE": "Y", "DCM_Funded": "Y", "CONTRACT_YR": null, "CONTRACT_NUM": null, "ACESS_TYPE": "Beach", "KayakCanoeLaunch": "No", "PARKING_OPTIONS": "On-Street Parking", "BeachWheelchair": "Y", "BWC_Info": "https://www.surfcitync.gov/2413/Beach-Wheelchairs", "PaidParkURL": "https://www.surfcitync.gov/2425/Beach-Parking", "WaterAccessTYPE": "Ocean", "BeachMat": null, "Land_Status": "Municipality", "NEAR_FID": 127.0, "NEAR_DIST": 347.4610052738729, "ACCESSIBILITY_NOTES": null, "LIFEGUARDS": null }, "geometry": { "type": "Point", "coordinates": [ -77.511292920057898, 34.445370572250489 ] } },
{ "type": "Feature", "properties": { "ACCESS_ID": "9th Street  and  N. Shore Dr.", "OBJECTID": 127, "PLACE": "Surf City", "ACCESS_LOC": "9th Street  and  N. Shore Dr.", "LOCL_SPONS": " ", "CAMA_SIGN": "Yes", "PARKING": 8.0, "DUNE_WALK": "Y", "OVERLOOK": "No", "HAND_DUNE": " ", "HAND_OVRLK": " ", "HAND_BEACH": " ", "HAND_PRKG": null, "RESTRM": "N", "SHOWER": "N", "PIC_TABLE": "No", "VEH_ACCESS": " ", "BIKE_RACK": "No", "SURV_DATE": 1359676800000.0, "COMMENT_": " ", "PRKG_COMMENTS": null, "COUNTY": "Onslow", "DCM_RO": "Wilmington Regional Office", "NCDCM_ID": 71.0, "PHOTO": "Neighborhood.png", "PRK_FEE": "No", "DCM_Funded": "N", "CONTRACT_YR": null, "CONTRACT_NUM": null, "ACESS_TYPE": "Beach", "KayakCanoeLaunch": "No", "PARKING_OPTIONS": "Onsite Parking", "BeachWheelchair": "Y", "BWC_Info": "https://www.surfcitync.gov/2413/Beach-Wheelchairs", "PaidParkURL": "n/a", "WaterAccessTYPE": "Ocean", "BeachMat": null, "Land_Status": "Municipality", "NEAR_FID": 128.0, "NEAR_DIST": 347.4610052738729, "ACCESSIBILITY_NOTES": null, "LIFEGUARDS": null }, "geometry": { "type": "Point", "coordinates": [ -77.510390053109404, 34.445963916953119 ] } },
{ "type": "Feature", "properties": { "ACCESS_ID": "Beach Access #6", "OBJECTID": 912, "PLACE": "North Topsail Beach", "ACCESS_LOC": null, "LOCL_SPONS": null, "CAMA_SIGN": null, "PARKING": null, "DUNE_WALK": "N", "OVERLOOK": null, "HAND_DUNE": null, "HAND_OVRLK": null, "HAND_BEACH": null, "HAND_PRKG": null, "RESTRM": null, "SHOWER": null, "PIC_TABLE": null, "VEH_ACCESS": null, "BIKE_RACK": null, "SURV_DATE": 1706140800000.0, "COMMENT_": "At the end of Seashore Drive", "PRKG_COMMENTS": null, "COUNTY": null, "DCM_RO": null, "NCDCM_ID": null, "PHOTO": null, "PRK_FEE": null, "DCM_Funded": "N", "CONTRACT_YR": null, "CONTRACT_NUM": null, "ACESS_TYPE": "Beach", "KayakCanoeLaunch": null, "PARKING_OPTIONS": null, "BeachWheelchair": null, "BWC_Info": null, "PaidParkURL": null, "WaterAccessTYPE": "Ocean", "BeachMat": null, "Land_Status": "Municipality", "NEAR_FID": 366.0, "NEAR_DIST": 291.16225829273668, "ACCESSIBILITY_NOTES": null, "LIFEGUARDS": null }, "geometry": { "type": "Point", "coordinates": [ -77.508570621219107, 34.447207308637616 ] } },
{ "type": "Feature", "properties": { "ACCESS_ID": "Beach Access #5", "OBJECTID": 366, "PLACE": "North Topsail Beach", "ACCESS_LOC": "2234 Island Dr", "LOCL_SPONS": "North Topsail Beach", "CAMA_SIGN": "Yes", "PARKING": 0.0, "DUNE_WALK": "Y", "OVERLOOK": "No", "HAND_DUNE": "No", "HAND_OVRLK": "No", "HAND_BEACH": "No", "HAND_PRKG": 0.0, "RESTRM": "N", "SHOWER": "N", "PIC_TABLE": "No", "VEH_ACCESS": "No", "BIKE_RACK": "No", "SURV_DATE": 1706140800000.0, "COMMENT_": " ", "PRKG_COMMENTS": null, "COUNTY": "Onslow", "DCM_RO": "Wilmington Regional Office", "NCDCM_ID": 249.0, "PHOTO": "Neighborhood.png", "PRK_FEE": null, "DCM_Funded": "Y", "CONTRACT_YR": null, "CONTRACT_NUM": null, "ACESS_TYPE": "Beach", "KayakCanoeLaunch": "No", "PARKING_OPTIONS": "No Parking", "BeachWheelchair": "Y", "BWC_Info": "https://www.ntbnc.org/_files/ugd/e4899e_ed33ab4a6e3447c6b025bdf7a4ad346e.pdf", "PaidParkURL": "n/a", "WaterAccessTYPE": "Ocean", "BeachMat": null, "Land_Status": "Municipality", "NEAR_FID": 912.0, "NEAR_DIST": 291.16225829273668, "ACCESSIBILITY_NOTES": null, "LIFEGUARDS": null }, "geometry": { "type": "Point", "coordinates": [ -77.509363139199607, 34.447664496461009 ] } },
{ "type": "Feature", "properties": { "ACCESS_ID": "Beach Access # 7", "OBJECTID": 804, "PLACE": "North Topsail Beach", "ACCESS_LOC": "226 Seashore Dr", "LOCL_SPONS": "North Topsail Beach", "CAMA_SIGN": null, "PARKING": 0.0, "DUNE_WALK": "N", "OVERLOOK": "No", "HAND_DUNE": "No", "HAND_OVRLK": "No", "HAND_BEACH": "No", "HAND_PRKG": 0.0, "RESTRM": "N", "SHOWER": "N", "PIC_TABLE": "No", "VEH_ACCESS": "No", "BIKE_RACK": "No", "SURV_DATE": 1706140800000.0, "COMMENT_": null, "PRKG_COMMENTS": null, "COUNTY": "Onslow", "DCM_RO": "WILM", "NCDCM_ID": null, "PHOTO": null, "PRK_FEE": null, "DCM_Funded": "N", "CONTRACT_YR": null, "CONTRACT_NUM": null, "ACESS_TYPE": "Beach", "KayakCanoeLaunch": "No", "PARKING_OPTIONS": "No Parking", "BeachWheelchair": "Y", "BWC_Info": "https://www.ntbnc.org/_files/ugd/e4899e_ed33ab4a6e3447c6b025bdf7a4ad346e.pdf", "PaidParkURL": "n/a", "WaterAccessTYPE": "Ocean", "BeachMat": null, "Land_Status": "Municipality", "NEAR_FID": 912.0, "NEAR_DIST": 753.39812973416667, "ACCESSIBILITY_NOTES": null, "LIFEGUARDS": null }, "geometry": { "type": "Point", "coordinates": [ -77.506552274081997, 34.448427886533196 ] } },
{ "type": "Feature", "properties": { "ACCESS_ID": "Beach Access # 8", "OBJECTID": 364, "PLACE": "North Topsail Beach", "ACCESS_LOC": "322 Sea Shore Dr", "LOCL_SPONS": "Onslow County", "CAMA_SIGN": "Yes", "PARKING": 10.0, "DUNE_WALK": "Y", "OVERLOOK": "No", "HAND_DUNE": "No", "HAND_OVRLK": "No", "HAND_BEACH": "No", "HAND_PRKG": null, "RESTRM": "N", "SHOWER": "N", "PIC_TABLE": "No", "VEH_ACCESS": "No", "BIKE_RACK": "No", "SURV_DATE": 1706140800000.0, "COMMENT_": null, "PRKG_COMMENTS": null, "COUNTY": "Onslow", "DCM_RO": "Wilmington Regional Office", "NCDCM_ID": 248.0, "PHOTO": "Local.png", "PRK_FEE": null, "DCM_Funded": "N", "CONTRACT_YR": null, "CONTRACT_NUM": null, "ACESS_TYPE": "Beach", "KayakCanoeLaunch": "No", "PARKING_OPTIONS": "No Parking", "BeachWheelchair": "Y", "BWC_Info": "https://www.ntbnc.org/_files/ugd/e4899e_ed33ab4a6e3447c6b025bdf7a4ad346e.pdf", "PaidParkURL": "n/a", "WaterAccessTYPE": "Ocean", "BeachMat": null, "Land_Status": "Municipality", "NEAR_FID": 804.0, "NEAR_DIST": 1198.417000644841, "ACCESSIBILITY_NOTES": null, "LIFEGUARDS": null }, "geometry": { "type": "Point", "coordinates": [ -77.503315563655207, 34.450339467509089 ] } },
{ "type": "Feature", "properties": { "ACCESS_ID": "Beach Access # 8", "OBJECTID": 362, "PLACE": "North Topsail Beach", "ACCESS_LOC": "540 Ocean Drive", "LOCL_SPONS": "North Topsail BEach", "CAMA_SIGN": "Yes", "PARKING": 0.0, "DUNE_WALK": "N", "OVERLOOK": "No", "HAND_DUNE": "No", "HAND_OVRLK": "No", "HAND_BEACH": "No", "HAND_PRKG": 0.0, "RESTRM": "N", "SHOWER": "N", "PIC_TABLE": "No", "VEH_ACCESS": "Emergency Only", "BIKE_RACK": "No", "SURV_DATE": 1706140800000.0, "COMMENT_": " ", "PRKG_COMMENTS": null, "COUNTY": "Onslow", "DCM_RO": "Wilmington Regional Office", "NCDCM_ID": 247.0, "PHOTO": "Neighborhood.png", "PRK_FEE": null, "DCM_Funded": "N", "CONTRACT_YR": null, "CONTRACT_NUM": null, "ACESS_TYPE": "Beach", "KayakCanoeLaunch": "No", "PARKING_OPTIONS": "No Parking", "BeachWheelchair": "Y", "BWC_Info": "https://www.ntbnc.org/_files/ugd/e4899e_ed33ab4a6e3447c6b025bdf7a4ad346e.pdf", "PaidParkURL": "n/a", "WaterAccessTYPE": "Ocean", "BeachMat": null, "Land_Status": "Municipality", "NEAR_FID": 359.0, "NEAR_DIST": 570.32914178047076, "ACCESSIBILITY_NOTES": null, "LIFEGUARDS": null }, "geometry": { "type": "Point", "coordinates": [ -77.492012020786206, 34.45669075482791 ] } },
{ "type": "Feature", "properties": { "ACCESS_ID": "Beach Access #10", "OBJECTID": 359, "PLACE": "North Topsail Beach", "ACCESS_LOC": "590 Ocean Dr (Chestnut St & Ocean Dr)", "LOCL_SPONS": "Onslow County", "CAMA_SIGN": "Yes", "PARKING": 12.0, "DUNE_WALK": "Y", "OVERLOOK": "No", "HAND_DUNE": "No", "HAND_OVRLK": "No", "HAND_BEACH": "No", "HAND_PRKG": null, "RESTRM": "N", "SHOWER": "N", "PIC_TABLE": "No", "VEH_ACCESS": "No", "BIKE_RACK": "No", "SURV_DATE": 1706140800000.0, "COMMENT_": " ", "PRKG_COMMENTS": null, "COUNTY": "Onslow", "DCM_RO": "Wilmington Regional Office", "NCDCM_ID": 246.0, "PHOTO": "Neighborhood.png", "PRK_FEE": "No", "DCM_Funded": "N", "CONTRACT_YR": null, "CONTRACT_NUM": null, "ACESS_TYPE": "Beach", "KayakCanoeLaunch": "No", "PARKING_OPTIONS": "On-Street Parking", "BeachWheelchair": "Y", "BWC_Info": "https://www.ntbnc.org/_files/ugd/e4899e_ed33ab4a6e3447c6b025bdf7a4ad346e.pdf", "PaidParkURL": "n/a", "WaterAccessTYPE": "Ocean", "BeachMat": null, "Land_Status": "Municipality", "NEAR_FID": 356.0, "NEAR_DIST": 568.97666336413306, "ACCESSIBILITY_NOTES": null, "LIFEGUARDS": null }, "geometry": { "type": "Point", "coordinates": [ -77.490404272684515, 34.457516793729809 ] } },
{ "type": "Feature", "properties": { "ACCESS_ID": "Beach Access #11", "OBJECTID": 356, "PLACE": "North Topsail Beach", "ACCESS_LOC": "636 Ocean Dr", "LOCL_SPONS": "Onslow County", "CAMA_SIGN": "Yes", "PARKING": 0.0, "DUNE_WALK": "Y", "OVERLOOK": "No", "HAND_DUNE": "No", "HAND_OVRLK": "No", "HAND_BEACH": "No", "HAND_PRKG": 0.0, "RESTRM": "N", "SHOWER": "N", "PIC_TABLE": "No", "VEH_ACCESS": "No", "BIKE_RACK": "No", "SURV_DATE": 1706140800000.0, "COMMENT_": null, "PRKG_COMMENTS": null, "COUNTY": "Onslow", "DCM_RO": "Wilmington Regional Office", "NCDCM_ID": 245.0, "PHOTO": "Neighborhood.png", "PRK_FEE": null, "DCM_Funded": "N", "CONTRACT_YR": null, "CONTRACT_NUM": null, "ACESS_TYPE": "Beach", "KayakCanoeLaunch": "No", "PARKING_OPTIONS": "No Parking", "BeachWheelchair": "Y", "BWC_Info": "https://www.ntbnc.org/_files/ugd/e4899e_ed33ab4a6e3447c6b025bdf7a4ad346e.pdf", "PaidParkURL": "n/a", "WaterAccessTYPE": "Ocean", "BeachMat": null, "Land_Status": "Municipality", "NEAR_FID": 359.0, "NEAR_DIST": 568.97666336413306, "ACCESSIBILITY_NOTES": null, "LIFEGUARDS": null }, "geometry": { "type": "Point", "coordinates": [ -77.488838877453503, 34.458390266694693 ] } },
{ "type": "Feature", "properties": { "ACCESS_ID": "Onslow Co. Beach Access #2", "OBJECTID": 353, "PLACE": "North Topsail Beach", "ACCESS_LOC": "2950 Island Drive", "LOCL_SPONS": "Onslow County", "CAMA_SIGN": "Yes", "PARKING": 250.0, "DUNE_WALK": "Y", "OVERLOOK": "Yes", "HAND_DUNE": "Yes", "HAND_OVRLK": "Yes", "HAND_BEACH": "Y", "HAND_PRKG": 2.0, "RESTRM": "Y", "SHOWER": "Y", "PIC_TABLE": "Yes", "VEH_ACCESS": "No", "BIKE_RACK": "No", "SURV_DATE": 1706140800000.0, "COMMENT_": "Handicap accessible to beach. Businesses on-site that provide kayak rentals and concession stand.", "PRKG_COMMENTS": "Two soundside parking lots across the street.", "COUNTY": "Onslow", "DCM_RO": "Wilmington Regional Office", "NCDCM_ID": 244.0, "PHOTO": "Regional.png", "PRK_FEE": "No", "DCM_Funded": "Y", "CONTRACT_YR": null, "CONTRACT_NUM": null, "ACESS_TYPE": "Beach", "KayakCanoeLaunch": "No", "PARKING_OPTIONS": "Onsite Parking", "BeachWheelchair": "Y", "BWC_Info": "https://www.ntbnc.org/_files/ugd/e4899e_ed33ab4a6e3447c6b025bdf7a4ad346e.pdf", "PaidParkURL": "n/a", "WaterAccessTYPE": "Ocean", "BeachMat": null, "Land_Status": "Municipality", "NEAR_FID": 805.0, "NEAR_DIST": 1266.5285766039208, "ACCESSIBILITY_NOTES": null, "LIFEGUARDS": null }, "geometry": { "type": "Point", "coordinates": [ -77.485011949240302, 34.460815106664107 ] } },
{ "type": "Feature", "properties": { "ACCESS_ID": "Beach Access # 12", "OBJECTID": 805, "PLACE": "North Topsail Beach", "ACCESS_LOC": "3058 Island Dr", "LOCL_SPONS": "Onslow County", "CAMA_SIGN": null, "PARKING": 0.0, "DUNE_WALK": "Y", "OVERLOOK": "No", "HAND_DUNE": "No", "HAND_OVRLK": "No", "HAND_BEACH": "No", "HAND_PRKG": 0.0, "RESTRM": "N", "SHOWER": "N", "PIC_TABLE": "No", "VEH_ACCESS": "No", "BIKE_RACK": "No", "SURV_DATE": 1706140800000.0, "COMMENT_": null, "PRKG_COMMENTS": null, "COUNTY": "Onslow", "DCM_RO": "WILM", "NCDCM_ID": null, "PHOTO": null, "PRK_FEE": null, "DCM_Funded": "N", "CONTRACT_YR": null, "CONTRACT_NUM": null, "ACESS_TYPE": "Beach", "KayakCanoeLaunch": "No", "PARKING_OPTIONS": "No Parking", "BeachWheelchair": "Y", "BWC_Info": "https://www.ntbnc.org/_files/ugd/e4899e_ed33ab4a6e3447c6b025bdf7a4ad346e.pdf", "PaidParkURL": "n/a", "WaterAccessTYPE": "Ocean", "BeachMat": null, "Land_Status": "Municipality", "NEAR_FID": 350.0, "NEAR_DIST": 590.90223520906477, "ACCESSIBILITY_NOTES": null, "LIFEGUARDS": null }, "geometry": { "type": "Point", "coordinates": [ -77.481769176591698, 34.463028023703387 ] } },
{ "type": "Feature", "properties": { "ACCESS_ID": "Beach Access # 13", "OBJECTID": 350, "PLACE": "North Topsail Beach", "ACCESS_LOC": "124 Topsail Rd", "LOCL_SPONS": "Onslow County", "CAMA_SIGN": "Yes", "PARKING": 12.0, "DUNE_WALK": "Y", "OVERLOOK": "No", "HAND_DUNE": "No", "HAND_OVRLK": "No", "HAND_BEACH": "No", "HAND_PRKG": null, "RESTRM": "N", "SHOWER": "N", "PIC_TABLE": "No", "VEH_ACCESS": "No", "BIKE_RACK": "No", "SURV_DATE": 1706140800000.0, "COMMENT_": "", "PRKG_COMMENTS": "Parking across the street.", "COUNTY": "Onslow", "DCM_RO": "Wilmington Regional Office", "NCDCM_ID": 243.0, "PHOTO": "Local.png", "PRK_FEE": "Y", "DCM_Funded": "N", "CONTRACT_YR": null, "CONTRACT_NUM": null, "ACESS_TYPE": "Beach", "KayakCanoeLaunch": "No", "PARKING_OPTIONS": "Onsite Parking", "BeachWheelchair": "Y", "BWC_Info": "https://www.ntbnc.org/_files/ugd/e4899e_ed33ab4a6e3447c6b025bdf7a4ad346e.pdf", "PaidParkURL": "https://www.northtopsailbeachnc.gov/beach-accesses", "WaterAccessTYPE": "Ocean", "BeachMat": null, "Land_Status": "Municipality", "NEAR_FID": 805.0, "NEAR_DIST": 590.90223520906477, "ACCESSIBILITY_NOTES": null, "LIFEGUARDS": null }, "geometry": { "type": "Point", "coordinates": [ -77.479974688505493, 34.463681578082401 ] } },
{ "type": "Feature", "properties": { "ACCESS_ID": "Beach Access # 14", "OBJECTID": 346, "PLACE": "North Topsail Beach", "ACCESS_LOC": "198 Topsail Rd", "LOCL_SPONS": "Onslow County", "CAMA_SIGN": "Yes", "PARKING": 0.0, "DUNE_WALK": "Y", "OVERLOOK": "No", "HAND_DUNE": "No", "HAND_OVRLK": "No", "HAND_BEACH": "No", "HAND_PRKG": 0.0, "RESTRM": "N", "SHOWER": "N", "PIC_TABLE": "No", "VEH_ACCESS": "No", "BIKE_RACK": "No", "SURV_DATE": 1706140800000.0, "COMMENT_": "", "PRKG_COMMENTS": null, "COUNTY": "Onslow", "DCM_RO": "Wilmington Regional Office", "NCDCM_ID": 241.0, "PHOTO": "Local.png", "PRK_FEE": null, "DCM_Funded": "Y", "CONTRACT_YR": null, "CONTRACT_NUM": null, "ACESS_TYPE": "Beach", "KayakCanoeLaunch": "No", "PARKING_OPTIONS": "No Parking", "BeachWheelchair": "Y", "BWC_Info": "https://www.ntbnc.org/_files/ugd/e4899e_ed33ab4a6e3447c6b025bdf7a4ad346e.pdf", "PaidParkURL": "n/a", "WaterAccessTYPE": "Ocean", "BeachMat": null, "Land_Status": "Municipality", "NEAR_FID": 343.0, "NEAR_DIST": 730.43546372005824, "ACCESSIBILITY_NOTES": null, "LIFEGUARDS": null }, "geometry": { "type": "Point", "coordinates": [ -77.477290813490598, 34.464792834530392 ] } },
{ "type": "Feature", "properties": { "ACCESS_ID": "Beach Access # 15", "OBJECTID": 343, "PLACE": "North Topsail Beach", "ACCESS_LOC": "15th Avenue & Topsail Rd", "LOCL_SPONS": "Onslow County", "CAMA_SIGN": "Yes", "PARKING": 0.0, "DUNE_WALK": "Y", "OVERLOOK": "No", "HAND_DUNE": "No", "HAND_OVRLK": "No", "HAND_BEACH": "No", "HAND_PRKG": 0.0, "RESTRM": "N", "SHOWER": "N", "PIC_TABLE": "No", "VEH_ACCESS": "No", "BIKE_RACK": "No", "SURV_DATE": 1706140800000.0, "COMMENT_": null, "PRKG_COMMENTS": null, "COUNTY": "Onslow", "DCM_RO": "Wilmington Regional Office", "NCDCM_ID": 240.0, "PHOTO": "Local.png", "PRK_FEE": null, "DCM_Funded": "N", "CONTRACT_YR": null, "CONTRACT_NUM": null, "ACESS_TYPE": "Beach", "KayakCanoeLaunch": "No", "PARKING_OPTIONS": "No Parking", "BeachWheelchair": "Y", "BWC_Info": "https://www.ntbnc.org/_files/ugd/e4899e_ed33ab4a6e3447c6b025bdf7a4ad346e.pdf", "PaidParkURL": "n/a", "WaterAccessTYPE": "Ocean", "BeachMat": null, "Land_Status": "Municipality", "NEAR_FID": 341.0, "NEAR_DIST": 255.3825849093281, "ACCESSIBILITY_NOTES": null, "LIFEGUARDS": null }, "geometry": { "type": "Point", "coordinates": [ -77.475198281461104, 34.465805031969886 ] } },
{ "type": "Feature", "properties": { "ACCESS_ID": "Beach Access # 16", "OBJECTID": 341, "PLACE": "North Topsail Beach", "ACCESS_LOC": "278 Topsail Rd (14th Ave & Topsail Rd)", "LOCL_SPONS": null, "CAMA_SIGN": "Yes", "PARKING": 0.0, "DUNE_WALK": "Y", "OVERLOOK": "No", "HAND_DUNE": "No", "HAND_OVRLK": "No", "HAND_BEACH": "No", "HAND_PRKG": 0.0, "RESTRM": "N", "SHOWER": "N", "PIC_TABLE": "No", "VEH_ACCESS": "No", "BIKE_RACK": "No", "SURV_DATE": 1706140800000.0, "COMMENT_": null, "PRKG_COMMENTS": null, "COUNTY": "Onslow", "DCM_RO": "Wilmington Regional Office", "NCDCM_ID": 239.0, "PHOTO": "Local.png", "PRK_FEE": null, "DCM_Funded": "N", "CONTRACT_YR": null, "CONTRACT_NUM": null, "ACESS_TYPE": "Beach", "KayakCanoeLaunch": "No", "PARKING_OPTIONS": "No Parking", "BeachWheelchair": "Y", "BWC_Info": "https://www.ntbnc.org/_files/ugd/e4899e_ed33ab4a6e3447c6b025bdf7a4ad346e.pdf", "PaidParkURL": "n/a", "WaterAccessTYPE": "Ocean", "BeachMat": null, "Land_Status": "Municipality", "NEAR_FID": 343.0, "NEAR_DIST": 255.3825849093281, "ACCESSIBILITY_NOTES": null, "LIFEGUARDS": null }, "geometry": { "type": "Point", "coordinates": [ -77.474478297032206, 34.466174934444226 ] } },
{ "type": "Feature", "properties": { "ACCESS_ID": "Beach Access # 17", "OBJECTID": 339, "PLACE": "North Topsail Beach", "ACCESS_LOC": "296 Topsail Rd (13th Ave & Topsail Rd)", "LOCL_SPONS": " ", "CAMA_SIGN": "Yes", "PARKING": null, "DUNE_WALK": "Y", "OVERLOOK": "No", "HAND_DUNE": "No", "HAND_OVRLK": "No", "HAND_BEACH": "No", "HAND_PRKG": null, "RESTRM": "N", "SHOWER": "N", "PIC_TABLE": "No", "VEH_ACCESS": "No", "BIKE_RACK": "No", "SURV_DATE": 1706140800000.0, "COMMENT_": "", "PRKG_COMMENTS": "Paid parking across the street. ", "COUNTY": "Onslow", "DCM_RO": "Wilmington Regional Office", "NCDCM_ID": 238.0, "PHOTO": "Local.png", "PRK_FEE": "Y", "DCM_Funded": "N", "CONTRACT_YR": null, "CONTRACT_NUM": null, "ACESS_TYPE": "Beach", "KayakCanoeLaunch": "No", "PARKING_OPTIONS": "On-Street Parking", "BeachWheelchair": "Y", "BWC_Info": "https://www.ntbnc.org/_files/ugd/e4899e_ed33ab4a6e3447c6b025bdf7a4ad346e.pdf", "PaidParkURL": "https://www.northtopsailbeachnc.gov/beach-accesses", "WaterAccessTYPE": "Ocean", "BeachMat": null, "Land_Status": "Municipality", "NEAR_FID": 337.0, "NEAR_DIST": 239.10802171216619, "ACCESSIBILITY_NOTES": null, "LIFEGUARDS": null }, "geometry": { "type": "Point", "coordinates": [ -77.473701662146595, 34.466544396090292 ] } },
{ "type": "Feature", "properties": { "ACCESS_ID": "Beach Access # 18", "OBJECTID": 337, "PLACE": "North Topsail Beach", "ACCESS_LOC": "316 Topsail Rd (Topsail Rd & 12th Ave)", "LOCL_SPONS": " ", "CAMA_SIGN": "Yes", "PARKING": 0.0, "DUNE_WALK": "Y", "OVERLOOK": "No", "HAND_DUNE": "No", "HAND_OVRLK": "No", "HAND_BEACH": "No", "HAND_PRKG": 0.0, "RESTRM": "N", "SHOWER": "N", "PIC_TABLE": "No", "VEH_ACCESS": "No", "BIKE_RACK": "No", "SURV_DATE": 1706140800000.0, "COMMENT_": null, "PRKG_COMMENTS": null, "COUNTY": "Onslow", "DCM_RO": "Wilmington Regional Office", "NCDCM_ID": 237.0, "PHOTO": "Local.png", "PRK_FEE": null, "DCM_Funded": "N", "CONTRACT_YR": null, "CONTRACT_NUM": null, "ACESS_TYPE": "Beach", "KayakCanoeLaunch": "No", "PARKING_OPTIONS": "No Parking", "BeachWheelchair": "Y", "BWC_Info": "https://www.ntbnc.org/_files/ugd/e4899e_ed33ab4a6e3447c6b025bdf7a4ad346e.pdf", "PaidParkURL": "n/a", "WaterAccessTYPE": "Ocean", "BeachMat": null, "Land_Status": "Municipality", "NEAR_FID": 335.0, "NEAR_DIST": 235.09958910525805, "ACCESSIBILITY_NOTES": null, "LIFEGUARDS": null }, "geometry": { "type": "Point", "coordinates": [ -77.473031447977704, 34.466895870911102 ] } },
{ "type": "Feature", "properties": { "ACCESS_ID": "Beach Access # 19", "OBJECTID": 335, "PLACE": "North Topsail Beach", "ACCESS_LOC": "338 Topsail Rd", "LOCL_SPONS": "Onslow County", "CAMA_SIGN": "Yes", "PARKING": 0.0, "DUNE_WALK": "Y", "OVERLOOK": "No", "HAND_DUNE": "No", "HAND_OVRLK": "No", "HAND_BEACH": "No", "HAND_PRKG": 0.0, "RESTRM": "N", "SHOWER": "N", "PIC_TABLE": "No", "VEH_ACCESS": "No", "BIKE_RACK": "No", "SURV_DATE": 1706140800000.0, "COMMENT_": null, "PRKG_COMMENTS": null, "COUNTY": "Onslow", "DCM_RO": "Wilmington Regional Office", "NCDCM_ID": 236.0, "PHOTO": "Local.png", "PRK_FEE": null, "DCM_Funded": "N", "CONTRACT_YR": null, "CONTRACT_NUM": null, "ACESS_TYPE": "Beach", "KayakCanoeLaunch": "No", "PARKING_OPTIONS": "No Parking", "BeachWheelchair": "Y", "BWC_Info": "https://www.ntbnc.org/_files/ugd/e4899e_ed33ab4a6e3447c6b025bdf7a4ad346e.pdf", "PaidParkURL": "n/a", "WaterAccessTYPE": "Ocean", "BeachMat": null, "Land_Status": "Municipality", "NEAR_FID": 337.0, "NEAR_DIST": 235.09958910525805, "ACCESSIBILITY_NOTES": null, "LIFEGUARDS": null }, "geometry": { "type": "Point", "coordinates": [ -77.472348902635005, 34.467208510789291 ] } },
{ "type": "Feature", "properties": { "ACCESS_ID": "Beach Access #20", "OBJECTID": 332, "PLACE": "North Topsail Beach", "ACCESS_LOC": "352 Topsail Rd & 10th Ave", "LOCL_SPONS": " ", "CAMA_SIGN": "Yes", "PARKING": 0.0, "DUNE_WALK": "Y", "OVERLOOK": "No", "HAND_DUNE": "No", "HAND_OVRLK": "No", "HAND_BEACH": "No", "HAND_PRKG": 0.0, "RESTRM": "N", "SHOWER": "N", "PIC_TABLE": "No", "VEH_ACCESS": "No", "BIKE_RACK": "No", "SURV_DATE": 1706140800000.0, "COMMENT_": null, "PRKG_COMMENTS": null, "COUNTY": "Onslow", "DCM_RO": "Wilmington Regional Office", "NCDCM_ID": 235.0, "PHOTO": "Local.png", "PRK_FEE": null, "DCM_Funded": "N", "CONTRACT_YR": null, "CONTRACT_NUM": null, "ACESS_TYPE": "Beach", "KayakCanoeLaunch": "No", "PARKING_OPTIONS": "No Parking", "BeachWheelchair": "Y", "BWC_Info": "https://www.ntbnc.org/_files/ugd/e4899e_ed33ab4a6e3447c6b025bdf7a4ad346e.pdf", "PaidParkURL": "n/a", "WaterAccessTYPE": "Ocean", "BeachMat": null, "Land_Status": "Municipality", "NEAR_FID": 335.0, "NEAR_DIST": 246.36663468426218, "ACCESSIBILITY_NOTES": null, "LIFEGUARDS": null }, "geometry": { "type": "Point", "coordinates": [ -77.471664930767503, 34.467579140250912 ] } },
{ "type": "Feature", "properties": { "ACCESS_ID": "Beach Access #21", "OBJECTID": 330, "PLACE": "North Topsail Beach", "ACCESS_LOC": "378 Topsail Rd", "LOCL_SPONS": "Onslow County", "CAMA_SIGN": "Yes", "PARKING": 0.0, "DUNE_WALK": "Y", "OVERLOOK": "No", "HAND_DUNE": "No", "HAND_OVRLK": "No", "HAND_BEACH": "No", "HAND_PRKG": 0.0, "RESTRM": "N", "SHOWER": "N", "PIC_TABLE": "No", "VEH_ACCESS": "No", "BIKE_RACK": "No", "SURV_DATE": 1706140800000.0, "COMMENT_": null, "PRKG_COMMENTS": null, "COUNTY": "Onslow", "DCM_RO": "Wilmington Regional Office", "NCDCM_ID": 234.0, "PHOTO": "Local.png", "PRK_FEE": null, "DCM_Funded": "N", "CONTRACT_YR": null, "CONTRACT_NUM": null, "ACESS_TYPE": "Beach", "KayakCanoeLaunch": "No", "PARKING_OPTIONS": "No Parking", "BeachWheelchair": "Y", "BWC_Info": "https://www.ntbnc.org/_files/ugd/e4899e_ed33ab4a6e3447c6b025bdf7a4ad346e.pdf", "PaidParkURL": "n/a", "WaterAccessTYPE": "Ocean", "BeachMat": null, "Land_Status": "Municipality", "NEAR_FID": 806.0, "NEAR_DIST": 229.17173497809668, "ACCESSIBILITY_NOTES": null, "LIFEGUARDS": null }, "geometry": { "type": "Point", "coordinates": [ -77.470961846344096, 34.467924781374293 ] } },
{ "type": "Feature", "properties": { "ACCESS_ID": "Beach Access #22", "OBJECTID": 806, "PLACE": "North Topsail Beach", "ACCESS_LOC": "394 Topsail Rd (9th Ave & Topsail Rd)", "LOCL_SPONS": null, "CAMA_SIGN": "Unknown", "PARKING": 0.0, "DUNE_WALK": "N", "OVERLOOK": "No", "HAND_DUNE": "No", "HAND_OVRLK": "No", "HAND_BEACH": "No", "HAND_PRKG": 0.0, "RESTRM": "N", "SHOWER": "N", "PIC_TABLE": "No", "VEH_ACCESS": "Yes", "BIKE_RACK": "No", "SURV_DATE": 1706140800000.0, "COMMENT_": null, "PRKG_COMMENTS": null, "COUNTY": "Onslow", "DCM_RO": "Wilmington Regional Office", "NCDCM_ID": 234.0, "PHOTO": "Local.png", "PRK_FEE": null, "DCM_Funded": "N", "CONTRACT_YR": null, "CONTRACT_NUM": null, "ACESS_TYPE": "Beach", "KayakCanoeLaunch": "No", "PARKING_OPTIONS": "No Parking", "BeachWheelchair": "Y", "BWC_Info": "https://www.ntbnc.org/_files/ugd/e4899e_ed33ab4a6e3447c6b025bdf7a4ad346e.pdf", "PaidParkURL": "n/a", "WaterAccessTYPE": "Ocean", "BeachMat": null, "Land_Status": "Municipality", "NEAR_FID": 330.0, "NEAR_DIST": 229.17173497809668, "ACCESSIBILITY_NOTES": null, "LIFEGUARDS": null }, "geometry": { "type": "Point", "coordinates": [ -77.470287266363002, 34.468215278427692 ] } },
{ "type": "Feature", "properties": { "ACCESS_ID": "OC BA-23", "OBJECTID": 3, "PLACE": "North Topsail Beach", "ACCESS_LOC": "7th Ave & Topsail Rd", "LOCL_SPONS": "Onslow County", "CAMA_SIGN": "Yes", "PARKING": 0.0, "DUNE_WALK": "Y", "OVERLOOK": "No", "HAND_DUNE": "No", "HAND_OVRLK": "No", "HAND_BEACH": "No", "HAND_PRKG": 0.0, "RESTRM": "N", "SHOWER": "N", "PIC_TABLE": "No", "VEH_ACCESS": "No", "BIKE_RACK": "No", "SURV_DATE": 1706140800000.0, "COMMENT_": null, "PRKG_COMMENTS": " ", "COUNTY": "Onslow", "DCM_RO": "Wilmington Regional Office", "NCDCM_ID": 3.0, "PHOTO": "Local.png", "PRK_FEE": null, "DCM_Funded": "N", "CONTRACT_YR": null, "CONTRACT_NUM": null, "ACESS_TYPE": "Beach", "KayakCanoeLaunch": "No", "PARKING_OPTIONS": "No Parking", "BeachWheelchair": "Y", "BWC_Info": "https://www.ntbnc.org/_files/ugd/e4899e_ed33ab4a6e3447c6b025bdf7a4ad346e.pdf", "PaidParkURL": "n/a", "WaterAccessTYPE": "Ocean", "BeachMat": null, "Land_Status": "Municipality", "NEAR_FID": 326.0, "NEAR_DIST": 246.30949045829186, "ACCESSIBILITY_NOTES": null, "LIFEGUARDS": null }, "geometry": { "type": "Point", "coordinates": [ -77.469611872508196, 34.468602835846504 ] } },
{ "type": "Feature", "properties": { "ACCESS_ID": "Beach Access #24", "OBJECTID": 326, "PLACE": "North Topsail Beach", "ACCESS_LOC": "430 Topsail Rd (6th Ave & Topsail Rd)", "LOCL_SPONS": " ", "CAMA_SIGN": "Yes", "PARKING": 0.0, "DUNE_WALK": "Y", "OVERLOOK": "No", "HAND_DUNE": "No", "HAND_OVRLK": "No", "HAND_BEACH": "No", "HAND_PRKG": 0.0, "RESTRM": "N", "SHOWER": "N", "PIC_TABLE": "No", "VEH_ACCESS": " ", "BIKE_RACK": "No", "SURV_DATE": 1706140800000.0, "COMMENT_": null, "PRKG_COMMENTS": null, "COUNTY": "Onslow", "DCM_RO": "Wilmington Regional Office", "NCDCM_ID": 233.0, "PHOTO": "Local.png", "PRK_FEE": null, "DCM_Funded": "N", "CONTRACT_YR": null, "CONTRACT_NUM": null, "ACESS_TYPE": "Beach", "KayakCanoeLaunch": "No", "PARKING_OPTIONS": "No Parking", "BeachWheelchair": "Y", "BWC_Info": "https://www.ntbnc.org/_files/ugd/e4899e_ed33ab4a6e3447c6b025bdf7a4ad346e.pdf", "PaidParkURL": "n/a", "WaterAccessTYPE": "Ocean", "BeachMat": null, "Land_Status": "Municipality", "NEAR_FID": 323.0, "NEAR_DIST": 236.66333547701169, "ACCESSIBILITY_NOTES": null, "LIFEGUARDS": null }, "geometry": { "type": "Point", "coordinates": [ -77.468915144563695, 34.4689565089895 ] } },
{ "type": "Feature", "properties": { "ACCESS_ID": "Beach Access #25", "OBJECTID": 323, "PLACE": "North Topsail Beach", "ACCESS_LOC": "460 Topsail Rd (5th Ave and Topsail Rd)", "LOCL_SPONS": "Onslow County", "CAMA_SIGN": "Yes", "PARKING": 0.0, "DUNE_WALK": "Y", "OVERLOOK": "No", "HAND_DUNE": "No", "HAND_OVRLK": "No", "HAND_BEACH": "No", "HAND_PRKG": 0.0, "RESTRM": "N", "SHOWER": "N", "PIC_TABLE": "No", "VEH_ACCESS": " ", "BIKE_RACK": "No", "SURV_DATE": 1706140800000.0, "COMMENT_": null, "PRKG_COMMENTS": null, "COUNTY": "Onslow", "DCM_RO": "Wilmington Regional Office", "NCDCM_ID": 232.0, "PHOTO": "Local.png", "PRK_FEE": null, "DCM_Funded": "N", "CONTRACT_YR": null, "CONTRACT_NUM": null, "ACESS_TYPE": "Beach", "KayakCanoeLaunch": "No", "PARKING_OPTIONS": "No Parking", "BeachWheelchair": "Y", "BWC_Info": "https://www.ntbnc.org/_files/ugd/e4899e_ed33ab4a6e3447c6b025bdf7a4ad346e.pdf", "PaidParkURL": "n/a", "WaterAccessTYPE": "Ocean", "BeachMat": null, "Land_Status": "Municipality", "NEAR_FID": 326.0, "NEAR_DIST": 236.66333547701169, "ACCESSIBILITY_NOTES": null, "LIFEGUARDS": null }, "geometry": { "type": "Point", "coordinates": [ -77.468242107888202, 34.469291428700991 ] } },
{ "type": "Feature", "properties": { "ACCESS_ID": "Morris Landing", "OBJECTID": 811, "PLACE": "Holly Ridge", "ACCESS_LOC": "Morris Landing Rd", "LOCL_SPONS": "Holly Ridge", "CAMA_SIGN": null, "PARKING": 5.0, "DUNE_WALK": "N", "OVERLOOK": "Y", "HAND_DUNE": "N", "HAND_OVRLK": "Y", "HAND_BEACH": "N", "HAND_PRKG": 1.0, "RESTRM": "Y", "SHOWER": "N", "PIC_TABLE": "N", "VEH_ACCESS": "No", "BIKE_RACK": "N", "SURV_DATE": 1719495693751.0, "COMMENT_": "Restroom located .02 from the community-fishing pier ", "PRKG_COMMENTS": "Unimproved Parking", "COUNTY": "Onslow", "DCM_RO": "WILM", "NCDCM_ID": null, "PHOTO": null, "PRK_FEE": null, "DCM_Funded": "Y", "CONTRACT_YR": "2020-21", "CONTRACT_NUM": null, "ACESS_TYPE": "Shoreline", "KayakCanoeLaunch": null, "PARKING_OPTIONS": null, "BeachWheelchair": "N", "BWC_Info": "n/a", "PaidParkURL": "n/a", "WaterAccessTYPE": "Estuarine", "BeachMat": null, "Land_Status": "County", "NEAR_FID": 362.0, "NEAR_DIST": 7047.2528513188781, "ACCESSIBILITY_NOTES": null, "LIFEGUARDS": null }, "geometry": { "type": "Point", "coordinates": [ -77.508725866803005, 34.469975684692692 ] } },
{ "type": "Feature", "properties": { "ACCESS_ID": "Beach Access #26", "OBJECTID": 807, "PLACE": "North Topsail Beach", "ACCESS_LOC": "4th Ave and Topsail Rd", "LOCL_SPONS": "Onslow County", "CAMA_SIGN": "Yes", "PARKING": 0.0, "DUNE_WALK": "Y", "OVERLOOK": "No", "HAND_DUNE": "No", "HAND_OVRLK": "No", "HAND_BEACH": "No", "HAND_PRKG": 0.0, "RESTRM": "N", "SHOWER": "N", "PIC_TABLE": "No", "VEH_ACCESS": " ", "BIKE_RACK": "No", "SURV_DATE": 1706140800000.0, "COMMENT_": null, "PRKG_COMMENTS": null, "COUNTY": "Onslow", "DCM_RO": "Wilmington Regional Office", "NCDCM_ID": 232.0, "PHOTO": "Local.png", "PRK_FEE": null, "DCM_Funded": "Y", "CONTRACT_YR": null, "CONTRACT_NUM": null, "ACESS_TYPE": "Beach", "KayakCanoeLaunch": "No", "PARKING_OPTIONS": "No Parking", "BeachWheelchair": "Y", "BWC_Info": "https://www.ntbnc.org/_files/ugd/e4899e_ed33ab4a6e3447c6b025bdf7a4ad346e.pdf", "PaidParkURL": "n/a", "WaterAccessTYPE": "Ocean", "BeachMat": null, "Land_Status": "Municipality", "NEAR_FID": 808.0, "NEAR_DIST": 230.78001739237129, "ACCESSIBILITY_NOTES": null, "LIFEGUARDS": null }, "geometry": { "type": "Point", "coordinates": [ -77.467604643599699, 34.469694285502712 ] } },
{ "type": "Feature", "properties": { "ACCESS_ID": "3rd Ave (NTB BA-27)", "OBJECTID": 808, "PLACE": "North Topsail Beach", "ACCESS_LOC": "3rd Ave and Topsail Rd", "LOCL_SPONS": "Onslow County", "CAMA_SIGN": "Yes", "PARKING": 0.0, "DUNE_WALK": "Y", "OVERLOOK": "No", "HAND_DUNE": "No", "HAND_OVRLK": "No", "HAND_BEACH": "No", "HAND_PRKG": 0.0, "RESTRM": "N", "SHOWER": "N", "PIC_TABLE": "No", "VEH_ACCESS": " ", "BIKE_RACK": "No", "SURV_DATE": 1706140800000.0, "COMMENT_": null, "PRKG_COMMENTS": null, "COUNTY": "Onslow", "DCM_RO": "Wilmington Regional Office", "NCDCM_ID": 232.0, "PHOTO": "Local.png", "PRK_FEE": null, "DCM_Funded": "N", "CONTRACT_YR": null, "CONTRACT_NUM": null, "ACESS_TYPE": "Beach", "KayakCanoeLaunch": "No", "PARKING_OPTIONS": "No Parking", "BeachWheelchair": "Y", "BWC_Info": "https://www.ntbnc.org/_files/ugd/e4899e_ed33ab4a6e3447c6b025bdf7a4ad346e.pdf", "PaidParkURL": "n/a", "WaterAccessTYPE": "Ocean", "BeachMat": null, "Land_Status": "Municipality", "NEAR_FID": 807.0, "NEAR_DIST": 230.78001739237129, "ACCESSIBILITY_NOTES": null, "LIFEGUARDS": null }, "geometry": { "type": "Point", "coordinates": [ -77.466950413154706, 34.470023731506195 ] } },
{ "type": "Feature", "properties": { "ACCESS_ID": "Beach Access #28", "OBJECTID": 320, "PLACE": "North Topsail Beach", "ACCESS_LOC": "518 Topsal Rd (2nd Ave & Topsail Rd)", "LOCL_SPONS": "Onslow County", "CAMA_SIGN": "Yes", "PARKING": 0.0, "DUNE_WALK": "Y", "OVERLOOK": "No", "HAND_DUNE": "No", "HAND_OVRLK": "No", "HAND_BEACH": "No", "HAND_PRKG": 0.0, "RESTRM": "N", "SHOWER": "N", "PIC_TABLE": "No", "VEH_ACCESS": "No", "BIKE_RACK": "No", "SURV_DATE": 1706140800000.0, "COMMENT_": null, "PRKG_COMMENTS": null, "COUNTY": "Onslow", "DCM_RO": "Wilmington Regional Office", "NCDCM_ID": 231.0, "PHOTO": "Local.png", "PRK_FEE": null, "DCM_Funded": "N", "CONTRACT_YR": null, "CONTRACT_NUM": null, "ACESS_TYPE": "Beach", "KayakCanoeLaunch": "No", "PARKING_OPTIONS": "No Parking", "BeachWheelchair": "Y", "BWC_Info": "https://www.ntbnc.org/_files/ugd/e4899e_ed33ab4a6e3447c6b025bdf7a4ad346e.pdf", "PaidParkURL": "n/a", "WaterAccessTYPE": "Ocean", "BeachMat": null, "Land_Status": "Municipality", "NEAR_FID": 808.0, "NEAR_DIST": 247.98296813907942, "ACCESSIBILITY_NOTES": null, "LIFEGUARDS": null }, "geometry": { "type": "Point", "coordinates": [ -77.466221801305807, 34.47034022628069 ] } },
{ "type": "Feature", "properties": { "ACCESS_ID": "Beach Access #28", "OBJECTID": 801, "PLACE": "North Topsail Beach", "ACCESS_LOC": "3623 Island Drive", "LOCL_SPONS": null, "CAMA_SIGN": null, "PARKING": 0.0, "DUNE_WALK": "N", "OVERLOOK": "No", "HAND_DUNE": "No", "HAND_OVRLK": "No", "HAND_BEACH": "No", "HAND_PRKG": 0.0, "RESTRM": "N", "SHOWER": "N", "PIC_TABLE": "No", "VEH_ACCESS": "No", "BIKE_RACK": "No", "SURV_DATE": 1706140800000.0, "COMMENT_": "", "PRKG_COMMENTS": "Parking across the street", "COUNTY": "Onslow ", "DCM_RO": "Wilmington Regional Office", "NCDCM_ID": null, "PHOTO": null, "PRK_FEE": null, "DCM_Funded": "N", "CONTRACT_YR": null, "CONTRACT_NUM": null, "ACESS_TYPE": "Beach", "KayakCanoeLaunch": "No", "PARKING_OPTIONS": "Parking off-site", "BeachWheelchair": "Y", "BWC_Info": "https://www.ntbnc.org/_files/ugd/e4899e_ed33ab4a6e3447c6b025bdf7a4ad346e.pdf", "PaidParkURL": "n/a", "WaterAccessTYPE": "Ocean", "BeachMat": null, "Land_Status": "Municipality", "NEAR_FID": 800.0, "NEAR_DIST": 174.48462800348122, "ACCESSIBILITY_NOTES": null, "LIFEGUARDS": null }, "geometry": { "type": "Point", "coordinates": [ -77.461426880881717, 34.473586828067496 ] } },
{ "type": "Feature", "properties": { "ACCESS_ID": "Rodney Knowles Memorial Park", "OBJECTID": 800, "PLACE": "North Topsail Beach", "ACCESS_LOC": "3623 Island Drive", "LOCL_SPONS": null, "CAMA_SIGN": null, "PARKING": 10.0, "DUNE_WALK": "n/a", "OVERLOOK": "n/a", "HAND_DUNE": "n/a", "HAND_OVRLK": "n/a", "HAND_BEACH": "n/a", "HAND_PRKG": null, "RESTRM": "N", "SHOWER": "N", "PIC_TABLE": "Yes", "VEH_ACCESS": "No", "BIKE_RACK": "No", "SURV_DATE": 1706140800000.0, "COMMENT_": "Soundside observation deck.", "PRKG_COMMENTS": "", "COUNTY": "Onslow", "DCM_RO": "Wilmington Regional Office", "NCDCM_ID": null, "PHOTO": null, "PRK_FEE": "Y", "DCM_Funded": "Y", "CONTRACT_YR": null, "CONTRACT_NUM": null, "ACESS_TYPE": "Shoreline", "KayakCanoeLaunch": "Yes", "PARKING_OPTIONS": "Onsite Parking", "BeachWheelchair": "Y", "BWC_Info": "https://www.ntbnc.org/_files/ugd/e4899e_ed33ab4a6e3447c6b025bdf7a4ad346e.pdf", "PaidParkURL": "https://www.northtopsailbeachnc.gov/beach-accesses", "WaterAccessTYPE": "Estuarine", "BeachMat": null, "Land_Status": "Municipality", "NEAR_FID": 801.0, "NEAR_DIST": 174.48462800348122, "ACCESSIBILITY_NOTES": null, "LIFEGUARDS": null }, "geometry": { "type": "Point", "coordinates": [ -77.461959765101597, 34.473774194628177 ] } },
{ "type": "Feature", "properties": { "ACCESS_ID": "Beach Access #30", "OBJECTID": 318, "PLACE": "North Topsail Beach", "ACCESS_LOC": "1 Myrtle Drive", "LOCL_SPONS": " ", "CAMA_SIGN": "Yes", "PARKING": 15.0, "DUNE_WALK": "Y", "OVERLOOK": "No", "HAND_DUNE": "No", "HAND_OVRLK": "No", "HAND_BEACH": "No", "HAND_PRKG": null, "RESTRM": "N", "SHOWER": "N", "PIC_TABLE": "No", "VEH_ACCESS": " ", "BIKE_RACK": "No", "SURV_DATE": 1706140800000.0, "COMMENT_": "", "PRKG_COMMENTS": "", "COUNTY": "Onslow", "DCM_RO": "Wilmington Regional Office", "NCDCM_ID": 230.0, "PHOTO": "Neighborhood.png", "PRK_FEE": "Y", "DCM_Funded": "N", "CONTRACT_YR": null, "CONTRACT_NUM": null, "ACESS_TYPE": "Beach", "KayakCanoeLaunch": "No", "PARKING_OPTIONS": "Onsite Parking", "BeachWheelchair": "Y", "BWC_Info": "https://www.ntbnc.org/_files/ugd/e4899e_ed33ab4a6e3447c6b025bdf7a4ad346e.pdf", "PaidParkURL": "https://www.northtopsailbeachnc.gov/beach-accesses", "WaterAccessTYPE": "Ocean", "BeachMat": null, "Land_Status": "Municipality", "NEAR_FID": 801.0, "NEAR_DIST": 1866.2304121717275, "ACCESSIBILITY_NOTES": null, "LIFEGUARDS": null }, "geometry": { "type": "Point", "coordinates": [ -77.455868352042003, 34.475846357481096 ] } },
{ "type": "Feature", "properties": { "ACCESS_ID": "Beach Access #31", "OBJECTID": 802, "PLACE": "North Topsail Beach", "ACCESS_LOC": "4104 Island Dr", "LOCL_SPONS": null, "CAMA_SIGN": null, "PARKING": 100.0, "DUNE_WALK": "Y", "OVERLOOK": "No", "HAND_DUNE": "No", "HAND_OVRLK": "No", "HAND_BEACH": "No", "HAND_PRKG": null, "RESTRM": "N", "SHOWER": "N", "PIC_TABLE": "No", "VEH_ACCESS": "No", "BIKE_RACK": "No", "SURV_DATE": 1706140800000.0, "COMMENT_": "", "PRKG_COMMENTS": "", "COUNTY": "Onslow", "DCM_RO": "Wilmington Regional Office", "NCDCM_ID": null, "PHOTO": null, "PRK_FEE": "Y", "DCM_Funded": "Y", "CONTRACT_YR": null, "CONTRACT_NUM": null, "ACESS_TYPE": "Beach", "KayakCanoeLaunch": "No", "PARKING_OPTIONS": "Onsite Parking", "BeachWheelchair": "Y", "BWC_Info": "https://www.ntbnc.org/_files/ugd/e4899e_ed33ab4a6e3447c6b025bdf7a4ad346e.pdf", "PaidParkURL": "https://www.northtopsailbeachnc.gov/beach-accesses", "WaterAccessTYPE": "Ocean", "BeachMat": null, "Land_Status": "Municipality", "NEAR_FID": 315.0, "NEAR_DIST": 610.47108436698181, "ACCESSIBILITY_NOTES": null, "LIFEGUARDS": null }, "geometry": { "type": "Point", "coordinates": [ -77.446496597216296, 34.480117254395694 ] } },
{ "type": "Feature", "properties": { "ACCESS_ID": "Beach Access #32", "OBJECTID": 315, "PLACE": "North Topsail Beach", "ACCESS_LOC": "4106 Island Drive", "LOCL_SPONS": " ", "CAMA_SIGN": "Yes", "PARKING": 0.0, "DUNE_WALK": "Y", "OVERLOOK": "No", "HAND_DUNE": "No", "HAND_OVRLK": "No", "HAND_BEACH": "No", "HAND_PRKG": 0.0, "RESTRM": "N", "SHOWER": "N", "PIC_TABLE": "No", "VEH_ACCESS": " ", "BIKE_RACK": "No", "SURV_DATE": 1706140800000.0, "COMMENT_": " ", "PRKG_COMMENTS": null, "COUNTY": "Onslow", "DCM_RO": "Wilmington Regional Office", "NCDCM_ID": 229.0, "PHOTO": "Local.png", "PRK_FEE": null, "DCM_Funded": "N", "CONTRACT_YR": null, "CONTRACT_NUM": null, "ACESS_TYPE": "Beach", "KayakCanoeLaunch": "No", "PARKING_OPTIONS": "No Parking", "BeachWheelchair": "Y", "BWC_Info": "https://www.ntbnc.org/_files/ugd/e4899e_ed33ab4a6e3447c6b025bdf7a4ad346e.pdf", "PaidParkURL": "n/a", "WaterAccessTYPE": "Ocean", "BeachMat": null, "Land_Status": "Municipality", "NEAR_FID": 802.0, "NEAR_DIST": 610.47108436698181, "ACCESSIBILITY_NOTES": null, "LIFEGUARDS": null }, "geometry": { "type": "Point", "coordinates": [ -77.444648736280001, 34.480804455207988 ] } },
{ "type": "Feature", "properties": { "ACCESS_ID": "Beach Access #33 (Old Jefferies)", "OBJECTID": 312, "PLACE": "North Topsail Beach", "ACCESS_LOC": "232 New River Inlet Rd", "LOCL_SPONS": " ", "CAMA_SIGN": "Yes", "PARKING": 100.0, "DUNE_WALK": "Y", "OVERLOOK": "No", "HAND_DUNE": "Yes", "HAND_OVRLK": "No", "HAND_BEACH": "Y", "HAND_PRKG": null, "RESTRM": "N", "SHOWER": "N", "PIC_TABLE": "No", "VEH_ACCESS": "Emergency Access", "BIKE_RACK": "No", "SURV_DATE": 1706140800000.0, "COMMENT_": "Handicap accessible to beach. ", "PRKG_COMMENTS": "", "COUNTY": "Onslow", "DCM_RO": "Wilmington Regional Office", "NCDCM_ID": 228.0, "PHOTO": "Neighborhood.png", "PRK_FEE": "Y", "DCM_Funded": "N", "CONTRACT_YR": null, "CONTRACT_NUM": null, "ACESS_TYPE": "Beach", "KayakCanoeLaunch": "No", "PARKING_OPTIONS": "Onsite Parking", "BeachWheelchair": "Y", "BWC_Info": "https://www.ntbnc.org/_files/ugd/e4899e_ed33ab4a6e3447c6b025bdf7a4ad346e.pdf", "PaidParkURL": "https://www.northtopsailbeachnc.gov/beach-accesses", "WaterAccessTYPE": "Ocean", "BeachMat": null, "Land_Status": "Municipality", "NEAR_FID": 795.0, "NEAR_DIST": 537.69510220749999, "ACCESSIBILITY_NOTES": null, "LIFEGUARDS": null }, "geometry": { "type": "Point", "coordinates": [ -77.421119341132695, 34.491673418603995 ] } },
{ "type": "Feature", "properties": { "ACCESS_ID": "Beach Access #34", "OBJECTID": 795, "PLACE": "North Topsail Beach", "ACCESS_LOC": "272 New River Inlet Road", "LOCL_SPONS": " ", "CAMA_SIGN": "Yes", "PARKING": 217.0, "DUNE_WALK": "Y", "OVERLOOK": "No", "HAND_DUNE": "Yes", "HAND_OVRLK": "No", "HAND_BEACH": "Y", "HAND_PRKG": null, "RESTRM": "N", "SHOWER": "N", "PIC_TABLE": "No", "VEH_ACCESS": "Emergency Access", "BIKE_RACK": "No", "SURV_DATE": 1706140800000.0, "COMMENT_": "Handicap accessible to beach. ", "PRKG_COMMENTS": "", "COUNTY": "Onslow", "DCM_RO": "Wilmington Regional Office", "NCDCM_ID": 228.0, "PHOTO": "Neighborhood.png", "PRK_FEE": "Y", "DCM_Funded": "N", "CONTRACT_YR": null, "CONTRACT_NUM": null, "ACESS_TYPE": "Beach", "KayakCanoeLaunch": "No", "PARKING_OPTIONS": "Onsite Parking", "BeachWheelchair": "Y", "BWC_Info": "https://www.ntbnc.org/_files/ugd/e4899e_ed33ab4a6e3447c6b025bdf7a4ad346e.pdf", "PaidParkURL": "https://www.northtopsailbeachnc.gov/beach-accesses", "WaterAccessTYPE": "Ocean", "BeachMat": null, "Land_Status": "Municipality", "NEAR_FID": 913.0, "NEAR_DIST": 514.57194293863131, "ACCESSIBILITY_NOTES": null, "LIFEGUARDS": null }, "geometry": { "type": "Point", "coordinates": [ -77.419664420331301, 34.4925288255426 ] } },
{ "type": "Feature", "properties": { "ACCESS_ID": "Beach Access #35", "OBJECTID": 913, "PLACE": null, "ACCESS_LOC": "316 New River Inlet Rd", "LOCL_SPONS": null, "CAMA_SIGN": null, "PARKING": 220.0, "DUNE_WALK": "N", "OVERLOOK": null, "HAND_DUNE": null, "HAND_OVRLK": null, "HAND_BEACH": null, "HAND_PRKG": null, "RESTRM": null, "SHOWER": null, "PIC_TABLE": null, "VEH_ACCESS": null, "BIKE_RACK": null, "SURV_DATE": null, "COMMENT_": null, "PRKG_COMMENTS": null, "COUNTY": null, "DCM_RO": null, "NCDCM_ID": null, "PHOTO": null, "PRK_FEE": null, "DCM_Funded": "N", "CONTRACT_YR": null, "CONTRACT_NUM": null, "ACESS_TYPE": "Beach", "KayakCanoeLaunch": null, "PARKING_OPTIONS": null, "BeachWheelchair": null, "BWC_Info": null, "PaidParkURL": null, "WaterAccessTYPE": "Ocean", "BeachMat": null, "Land_Status": "Municipality", "NEAR_FID": 795.0, "NEAR_DIST": 514.57194293863131, "ACCESSIBILITY_NOTES": null, "LIFEGUARDS": null }, "geometry": { "type": "Point", "coordinates": [ -77.4181758791877, 34.493221789619298 ] } },
{ "type": "Feature", "properties": { "ACCESS_ID": "Beach Access #36", "OBJECTID": 309, "PLACE": "North Topsail Beach", "ACCESS_LOC": "402 New River Inlet", "LOCL_SPONS": " ", "CAMA_SIGN": "Yes", "PARKING": 0.0, "DUNE_WALK": "Y", "OVERLOOK": "No", "HAND_DUNE": "No", "HAND_OVRLK": "No", "HAND_BEACH": "No", "HAND_PRKG": 0.0, "RESTRM": "N", "SHOWER": "N", "PIC_TABLE": "No", "VEH_ACCESS": "No", "BIKE_RACK": "No", "SURV_DATE": 1706140800000.0, "COMMENT_": " ", "PRKG_COMMENTS": null, "COUNTY": "Onslow", "DCM_RO": "Wilmington Regional Office", "NCDCM_ID": 227.0, "PHOTO": "Neighborhood.png", "PRK_FEE": null, "DCM_Funded": "N", "CONTRACT_YR": null, "CONTRACT_NUM": null, "ACESS_TYPE": "Beach", "KayakCanoeLaunch": "No", "PARKING_OPTIONS": "No Parking", "BeachWheelchair": "Y", "BWC_Info": "https://www.ntbnc.org/_files/ugd/e4899e_ed33ab4a6e3447c6b025bdf7a4ad346e.pdf", "PaidParkURL": "n/a", "WaterAccessTYPE": "Ocean", "BeachMat": null, "Land_Status": "Municipality", "NEAR_FID": 306.0, "NEAR_DIST": 792.44800356745247, "ACCESSIBILITY_NOTES": null, "LIFEGUARDS": null }, "geometry": { "type": "Point", "coordinates": [ -77.415090814634596, 34.495014212279997 ] } },
{ "type": "Feature", "properties": { "ACCESS_ID": "Beach Access #4", "OBJECTID": 303, "PLACE": "North Topsail Beach", "ACCESS_LOC": "484 New River Inlet Rd", "LOCL_SPONS": "Onslow County", "CAMA_SIGN": "Yes", "PARKING": 150.0, "DUNE_WALK": "Y", "OVERLOOK": "Yes", "HAND_DUNE": "Yes", "HAND_OVRLK": "Yes", "HAND_BEACH": "Y", "HAND_PRKG": 2.0, "RESTRM": "Y", "SHOWER": "Y", "PIC_TABLE": "No", "VEH_ACCESS": "No", "BIKE_RACK": "No", "SURV_DATE": 1706140800000.0, "COMMENT_": "Handicap accessible to beach.", "PRKG_COMMENTS": "", "COUNTY": "Onslow", "DCM_RO": "Wilmington Regional Office", "NCDCM_ID": 225.0, "PHOTO": "Neighborhood.png", "PRK_FEE": "No", "DCM_Funded": "N", "CONTRACT_YR": null, "CONTRACT_NUM": null, "ACESS_TYPE": "Beach", "KayakCanoeLaunch": "No", "PARKING_OPTIONS": "Onsite Parking", "BeachWheelchair": "Y", "BWC_Info": "https://www.ntbnc.org/_files/ugd/e4899e_ed33ab4a6e3447c6b025bdf7a4ad346e.pdf", "PaidParkURL": "n/a", "WaterAccessTYPE": "Ocean", "BeachMat": null, "Land_Status": "Municipality", "NEAR_FID": 803.0, "NEAR_DIST": 179.42015864896919, "ACCESSIBILITY_NOTES": null, "LIFEGUARDS": null }, "geometry": { "type": "Point", "coordinates": [ -77.412074721068095, 34.496159666966975 ] } },
{ "type": "Feature", "properties": { "ACCESS_ID": "Town Park Lot \"S\"", "OBJECTID": 306, "PLACE": "North Topsail Beach", "ACCESS_LOC": "465 New River Inlet Rd", "LOCL_SPONS": " ", "CAMA_SIGN": "Yes", "PARKING": 20.0, "DUNE_WALK": "N", "OVERLOOK": "No", "HAND_DUNE": "No", "HAND_OVRLK": "No", "HAND_BEACH": "No", "HAND_PRKG": null, "RESTRM": "Y", "SHOWER": "N", "PIC_TABLE": "Yes", "VEH_ACCESS": "No", "BIKE_RACK": "No", "SURV_DATE": 1706140800000.0, "COMMENT_": "Soundside access. Gazebo, Basketball County, Playground, Tennis Courts, Hiking Trails, Canoe Launch.", "PRKG_COMMENTS": "", "COUNTY": "Onslow", "DCM_RO": "Wilmington Regional Office", "NCDCM_ID": 226.0, "PHOTO": "Neighborhood.png", "PRK_FEE": "Y", "DCM_Funded": "Y", "CONTRACT_YR": null, "CONTRACT_NUM": null, "ACESS_TYPE": "Shoreline", "KayakCanoeLaunch": "Yes", "PARKING_OPTIONS": "Onsite Parking", "BeachWheelchair": "Y", "BWC_Info": "https://www.ntbnc.org/_files/ugd/e4899e_ed33ab4a6e3447c6b025bdf7a4ad346e.pdf", "PaidParkURL": "https://www.northtopsailbeachnc.gov/beach-accesses", "WaterAccessTYPE": "Estuarine", "BeachMat": null, "Land_Status": "Municipality", "NEAR_FID": 803.0, "NEAR_DIST": 260.43287235601002, "ACCESSIBILITY_NOTES": null, "LIFEGUARDS": null }, "geometry": { "type": "Point", "coordinates": [ -77.412977185670599, 34.496309959760005 ] } },
{ "type": "Feature", "properties": { "ACCESS_ID": "NTB BA-35", "OBJECTID": 797, "PLACE": "North Topsail Beach", "ACCESS_LOC": "Across from 385 New River Inlet Rd", "LOCL_SPONS": null, "CAMA_SIGN": null, "PARKING": null, "DUNE_WALK": "N", "OVERLOOK": null, "HAND_DUNE": null, "HAND_OVRLK": null, "HAND_BEACH": null, "HAND_PRKG": null, "RESTRM": null, "SHOWER": null, "PIC_TABLE": "N", "VEH_ACCESS": null, "BIKE_RACK": null, "SURV_DATE": 1706140800000.0, "COMMENT_": "Verify Data with NTB", "PRKG_COMMENTS": null, "COUNTY": "Onslow", "DCM_RO": "Wilmington Regional Office", "NCDCM_ID": null, "PHOTO": null, "PRK_FEE": null, "DCM_Funded": "N", "CONTRACT_YR": null, "CONTRACT_NUM": null, "ACESS_TYPE": "Beach", "KayakCanoeLaunch": "No", "PARKING_OPTIONS": null, "BeachWheelchair": "Y", "BWC_Info": "https://www.ntbnc.org/_files/ugd/e4899e_ed33ab4a6e3447c6b025bdf7a4ad346e.pdf", "PaidParkURL": "n/a", "WaterAccessTYPE": "Ocean", "BeachMat": null, "Land_Status": "Municipality", "NEAR_FID": 298.0, "NEAR_DIST": 393.45428791802698, "ACCESSIBILITY_NOTES": null, "LIFEGUARDS": null }, "geometry": { "type": "Point", "coordinates": [ -77.404627311867003, 34.499918121872597 ] } },
{ "type": "Feature", "properties": { "ACCESS_ID": "Emerald Dunes", "OBJECTID": 296, "PLACE": "North Topsail Beach", "ACCESS_LOC": "780 New River Inlet Road", "LOCL_SPONS": " ", "CAMA_SIGN": "Yes", "PARKING": 0.0, "DUNE_WALK": "Y", "OVERLOOK": "No", "HAND_DUNE": "No", "HAND_OVRLK": "No", "HAND_BEACH": "No", "HAND_PRKG": 0.0, "RESTRM": "N", "SHOWER": "N", "PIC_TABLE": "No", "VEH_ACCESS": " ", "BIKE_RACK": "No", "SURV_DATE": 1706140800000.0, "COMMENT_": "Verify Data with NTB", "PRKG_COMMENTS": null, "COUNTY": "Onslow", "DCM_RO": "Wilmington Regional Office", "NCDCM_ID": 222.0, "PHOTO": "Local.png", "PRK_FEE": null, "DCM_Funded": "N", "CONTRACT_YR": null, "CONTRACT_NUM": null, "ACESS_TYPE": "Beach", "KayakCanoeLaunch": "No", "PARKING_OPTIONS": "No Parking", "BeachWheelchair": "Y", "BWC_Info": "https://www.ntbnc.org/_files/ugd/e4899e_ed33ab4a6e3447c6b025bdf7a4ad346e.pdf", "PaidParkURL": "n/a", "WaterAccessTYPE": "Ocean", "BeachMat": null, "Land_Status": "Municipality", "NEAR_FID": 294.0, "NEAR_DIST": 738.43117865878446, "ACCESSIBILITY_NOTES": null, "LIFEGUARDS": null }, "geometry": { "type": "Point", "coordinates": [ -77.402274737325598, 34.501355501775528 ] } },
{ "type": "Feature", "properties": { "ACCESS_ID": "Beach Access #39", "OBJECTID": 294, "PLACE": "North Topsail Beach", "ACCESS_LOC": "800 New River Inlet Rd", "LOCL_SPONS": " ", "CAMA_SIGN": "Yes", "PARKING": 0.0, "DUNE_WALK": "Y", "OVERLOOK": "No", "HAND_DUNE": "No", "HAND_OVRLK": "No", "HAND_BEACH": "No", "HAND_PRKG": 0.0, "RESTRM": "N", "SHOWER": "N", "PIC_TABLE": "No", "VEH_ACCESS": "No", "BIKE_RACK": "No", "SURV_DATE": 1706140800000.0, "COMMENT_": " ", "PRKG_COMMENTS": null, "COUNTY": "Onslow", "DCM_RO": "Wilmington Regional Office", "NCDCM_ID": 221.0, "PHOTO": "Local.png", "PRK_FEE": null, "DCM_Funded": "N", "CONTRACT_YR": null, "CONTRACT_NUM": null, "ACESS_TYPE": "Beach", "KayakCanoeLaunch": "No", "PARKING_OPTIONS": "No Parking", "BeachWheelchair": "Y", "BWC_Info": "https://www.ntbnc.org/_files/ugd/e4899e_ed33ab4a6e3447c6b025bdf7a4ad346e.pdf", "PaidParkURL": "n/a", "WaterAccessTYPE": "Ocean", "BeachMat": null, "Land_Status": "Municipality", "NEAR_FID": 296.0, "NEAR_DIST": 738.43117865878446, "ACCESSIBILITY_NOTES": null, "LIFEGUARDS": null }, "geometry": { "type": "Point", "coordinates": [ -77.400241186881004, 34.502488062838999 ] } },
{ "type": "Feature", "properties": { "ACCESS_ID": "Beach Access #40", "OBJECTID": 798, "PLACE": "North Topsail Beach", "ACCESS_LOC": "1254 New River Inlet Rd", "LOCL_SPONS": null, "CAMA_SIGN": null, "PARKING": 0.0, "DUNE_WALK": "Y", "OVERLOOK": "No", "HAND_DUNE": "No", "HAND_OVRLK": "No", "HAND_BEACH": "No", "HAND_PRKG": 0.0, "RESTRM": "N", "SHOWER": "N", "PIC_TABLE": "No", "VEH_ACCESS": "No", "BIKE_RACK": "No", "SURV_DATE": 1706140800000.0, "COMMENT_": null, "PRKG_COMMENTS": null, "COUNTY": "Onslow", "DCM_RO": "Wilmington Regional Office", "NCDCM_ID": null, "PHOTO": null, "PRK_FEE": null, "DCM_Funded": "N", "CONTRACT_YR": null, "CONTRACT_NUM": null, "ACESS_TYPE": "Beach", "KayakCanoeLaunch": "No", "PARKING_OPTIONS": null, "BeachWheelchair": "Y", "BWC_Info": "https://www.ntbnc.org/_files/ugd/e4899e_ed33ab4a6e3447c6b025bdf7a4ad346e.pdf", "PaidParkURL": "n/a", "WaterAccessTYPE": "Ocean", "BeachMat": null, "Land_Status": "Municipality", "NEAR_FID": 291.0, "NEAR_DIST": 679.22000125389752, "ACCESSIBILITY_NOTES": null, "LIFEGUARDS": null }, "geometry": { "type": "Point", "coordinates": [ -77.383270261245798, 34.509050398610817 ] } },
{ "type": "Feature", "properties": { "ACCESS_ID": "Beach Access #41", "OBJECTID": 291, "PLACE": "North Topsail Beach", "ACCESS_LOC": "1294 New River Inlet Rd", "LOCL_SPONS": " ", "CAMA_SIGN": "Yes", "PARKING": 20.0, "DUNE_WALK": "Y", "OVERLOOK": "No", "HAND_DUNE": "Yes", "HAND_OVRLK": "No", "HAND_BEACH": "Y", "HAND_PRKG": null, "RESTRM": "N", "SHOWER": "N", "PIC_TABLE": "No", "VEH_ACCESS": "E", "BIKE_RACK": "No", "SURV_DATE": 1706140800000.0, "COMMENT_": "", "PRKG_COMMENTS": "", "COUNTY": "Onslow", "DCM_RO": "Wilmington Regional Office", "NCDCM_ID": 220.0, "PHOTO": "Neighborhood.png", "PRK_FEE": "Y", "DCM_Funded": "N", "CONTRACT_YR": null, "CONTRACT_NUM": null, "ACESS_TYPE": "Beach", "KayakCanoeLaunch": "No", "PARKING_OPTIONS": "Onsite Parking", "BeachWheelchair": "Y", "BWC_Info": "https://www.ntbnc.org/_files/ugd/e4899e_ed33ab4a6e3447c6b025bdf7a4ad346e.pdf", "PaidParkURL": "https://www.northtopsailbeachnc.gov/beach-accesses", "WaterAccessTYPE": "Ocean", "BeachMat": null, "Land_Status": "Municipality", "NEAR_FID": 798.0, "NEAR_DIST": 679.22000125389752, "ACCESSIBILITY_NOTES": null, "LIFEGUARDS": null }, "geometry": { "type": "Point", "coordinates": [ -77.381500004315996, 34.510206146600702 ] } },
{ "type": "Feature", "properties": { "ACCESS_ID": "Ocean Bay Village (NTB BA-40)", "OBJECTID": 288, "PLACE": "North Topsail Beach", "ACCESS_LOC": "1312 New River Inlet Rd", "LOCL_SPONS": " ", "CAMA_SIGN": "Yes", "PARKING": 0.0, "DUNE_WALK": "Y", "OVERLOOK": "No", "HAND_DUNE": "No", "HAND_OVRLK": "No", "HAND_BEACH": "No", "HAND_PRKG": 0.0, "RESTRM": "N", "SHOWER": "N", "PIC_TABLE": "No", "VEH_ACCESS": " ", "BIKE_RACK": "No", "SURV_DATE": 1706140800000.0, "COMMENT_": "Verify Data with NTB", "PRKG_COMMENTS": null, "COUNTY": "Onslow", "DCM_RO": "Wilmington Regional Office", "NCDCM_ID": 219.0, "PHOTO": "Local.png", "PRK_FEE": null, "DCM_Funded": "N", "CONTRACT_YR": null, "CONTRACT_NUM": null, "ACESS_TYPE": "Beach", "KayakCanoeLaunch": "No", "PARKING_OPTIONS": "No Parking", "BeachWheelchair": "Y", "BWC_Info": "https://www.ntbnc.org/_files/ugd/e4899e_ed33ab4a6e3447c6b025bdf7a4ad346e.pdf", "PaidParkURL": "n/a", "WaterAccessTYPE": "Ocean", "BeachMat": null, "Land_Status": "Municipality", "NEAR_FID": 291.0, "NEAR_DIST": 1146.4471379719294, "ACCESSIBILITY_NOTES": null, "LIFEGUARDS": null }, "geometry": { "type": "Point", "coordinates": [ -77.378241097924899, 34.511832818254796 ] } },
{ "type": "Feature", "properties": { "ACCESS_ID": "Beach Access #42", "OBJECTID": 286, "PLACE": "North Topsail Beach", "ACCESS_LOC": "1574 New River Inlet Rd", "LOCL_SPONS": " ", "CAMA_SIGN": "Yes", "PARKING": 12.0, "DUNE_WALK": "Y", "OVERLOOK": "No", "HAND_DUNE": "No", "HAND_OVRLK": "No", "HAND_BEACH": "No", "HAND_PRKG": null, "RESTRM": "N", "SHOWER": "N", "PIC_TABLE": "No", "VEH_ACCESS": "E", "BIKE_RACK": "No", "SURV_DATE": 1706140800000.0, "COMMENT_": "", "PRKG_COMMENTS": "Parallel Parking", "COUNTY": "Onslow", "DCM_RO": "Wilmington Regional Office", "NCDCM_ID": 218.0, "PHOTO": "Neighborhood.png", "PRK_FEE": "Y", "DCM_Funded": "N", "CONTRACT_YR": null, "CONTRACT_NUM": null, "ACESS_TYPE": "Beach", "KayakCanoeLaunch": "No", "PARKING_OPTIONS": "On-Street Parking", "BeachWheelchair": "Y", "BWC_Info": "https://www.ntbnc.org/_files/ugd/e4899e_ed33ab4a6e3447c6b025bdf7a4ad346e.pdf", "PaidParkURL": "https://www.northtopsailbeachnc.gov/beach-accesses", "WaterAccessTYPE": "Ocean", "BeachMat": null, "Land_Status": "Municipality", "NEAR_FID": 367.0, "NEAR_DIST": 633.22830262373782, "ACCESSIBILITY_NOTES": null, "LIFEGUARDS": null }, "geometry": { "type": "Point", "coordinates": [ -77.372309883226606, 34.514104807613705 ] } },
{ "type": "Feature", "properties": { "ACCESS_ID": "Beach Access #43", "OBJECTID": 367, "PLACE": "North Topsail Beach", "ACCESS_LOC": "1618 New River Inlet Rd", "LOCL_SPONS": " ", "CAMA_SIGN": "Yes", "PARKING": 12.0, "DUNE_WALK": "Y", "OVERLOOK": "No", "HAND_DUNE": "No", "HAND_OVRLK": "No", "HAND_BEACH": "No", "HAND_PRKG": null, "RESTRM": "N", "SHOWER": "N", "PIC_TABLE": "No", "VEH_ACCESS": "No", "BIKE_RACK": "No", "SURV_DATE": 1706140800000.0, "COMMENT_": "", "PRKG_COMMENTS": "Parallel Parking", "COUNTY": "Onslow", "DCM_RO": "Wilmington Regional Office", "NCDCM_ID": 250.0, "PHOTO": "Neighborhood.png", "PRK_FEE": "Y", "DCM_Funded": "Y", "CONTRACT_YR": null, "CONTRACT_NUM": null, "ACESS_TYPE": "Beach", "KayakCanoeLaunch": "No", "PARKING_OPTIONS": "On-Street Parking", "BeachWheelchair": "Y", "BWC_Info": "https://www.ntbnc.org/_files/ugd/e4899e_ed33ab4a6e3447c6b025bdf7a4ad346e.pdf", "PaidParkURL": "https://www.northtopsailbeachnc.gov/beach-accesses", "WaterAccessTYPE": "Ocean", "BeachMat": null, "Land_Status": "Municipality", "NEAR_FID": 286.0, "NEAR_DIST": 633.22830262373782, "ACCESSIBILITY_NOTES": null, "LIFEGUARDS": null }, "geometry": { "type": "Point", "coordinates": [ -77.370476987670301, 34.514956644517184 ] } },
{ "type": "Feature", "properties": { "ACCESS_ID": "Beach Access #44", "OBJECTID": 799, "PLACE": "North Topsail Beach", "ACCESS_LOC": "1690 New River Inlet Rd", "LOCL_SPONS": null, "CAMA_SIGN": null, "PARKING": 0.0, "DUNE_WALK": "N", "OVERLOOK": null, "HAND_DUNE": null, "HAND_OVRLK": null, "HAND_BEACH": null, "HAND_PRKG": null, "RESTRM": null, "SHOWER": null, "PIC_TABLE": "N", "VEH_ACCESS": null, "BIKE_RACK": null, "SURV_DATE": 1706140800000.0, "COMMENT_": "Verify Data with NTB", "PRKG_COMMENTS": null, "COUNTY": "Onslow", "DCM_RO": "Wilmington Regional Office", "NCDCM_ID": null, "PHOTO": null, "PRK_FEE": null, "DCM_Funded": "N", "CONTRACT_YR": null, "CONTRACT_NUM": null, "ACESS_TYPE": "Beach", "KayakCanoeLaunch": "No", "PARKING_OPTIONS": "No Parking", "BeachWheelchair": "Y", "BWC_Info": "https://www.ntbnc.org/_files/ugd/e4899e_ed33ab4a6e3447c6b025bdf7a4ad346e.pdf", "PaidParkURL": "n/a", "WaterAccessTYPE": "Ocean", "BeachMat": null, "Land_Status": "Municipality", "NEAR_FID": 367.0, "NEAR_DIST": 825.4265067627631, "ACCESSIBILITY_NOTES": null, "LIFEGUARDS": null }, "geometry": { "type": "Point", "coordinates": [ -77.368025010949495, 34.515969006043598 ] } },
{ "type": "Feature", "properties": { "ACCESS_ID": "Beach Access #1", "OBJECTID": 283, "PLACE": "North Topsail Beach", "ACCESS_LOC": "1798 New River Inlet Rd", "LOCL_SPONS": "Onslow County", "CAMA_SIGN": "Yes", "PARKING": 30.0, "DUNE_WALK": "Y", "OVERLOOK": "No", "HAND_DUNE": "Yes", "HAND_OVRLK": "No", "HAND_BEACH": "Y", "HAND_PRKG": 2.0, "RESTRM": "Y", "SHOWER": "Y", "PIC_TABLE": "No", "VEH_ACCESS": "No", "BIKE_RACK": "No", "SURV_DATE": 1706140800000.0, "COMMENT_": " ", "PRKG_COMMENTS": "Parking across the street", "COUNTY": "Onslow", "DCM_RO": "Wilmington Regional Office", "NCDCM_ID": 217.0, "PHOTO": "Neighborhood.png", "PRK_FEE": "No", "DCM_Funded": "Y", "CONTRACT_YR": null, "CONTRACT_NUM": null, "ACESS_TYPE": "Beach", "KayakCanoeLaunch": "No", "PARKING_OPTIONS": "Onsite Parking", "BeachWheelchair": "Y", "BWC_Info": "https://www.ntbnc.org/_files/ugd/e4899e_ed33ab4a6e3447c6b025bdf7a4ad346e.pdf", "PaidParkURL": "n/a", "WaterAccessTYPE": "Ocean", "BeachMat": null, "Land_Status": "Municipality", "NEAR_FID": 799.0, "NEAR_DIST": 1236.0604729263257, "ACCESSIBILITY_NOTES": null, "LIFEGUARDS": null }, "geometry": { "type": "Point", "coordinates": [ -77.365010756567997, 34.51827349186739 ] } },
{ "type": "Feature", "properties": { "ACCESS_ID": "Dolphin Shores (NTB BA-45)", "OBJECTID": 274, "PLACE": "North Topsail Beach", "ACCESS_LOC": "19 Porpoise Place Rd", "LOCL_SPONS": "North Topsail Beach", "CAMA_SIGN": "Yes", "PARKING": 0.0, "DUNE_WALK": "Y", "OVERLOOK": "No", "HAND_DUNE": "Yes", "HAND_OVRLK": "No", "HAND_BEACH": "Y", "HAND_PRKG": 0.0, "RESTRM": "N", "SHOWER": "N", "PIC_TABLE": "No", "VEH_ACCESS": "No", "BIKE_RACK": "No", "SURV_DATE": 1706140800000.0, "COMMENT_": "", "PRKG_COMMENTS": null, "COUNTY": "Onslow", "DCM_RO": "Wilmington Regional Office", "NCDCM_ID": 215.0, "PHOTO": "Neighborhood.png", "PRK_FEE": null, "DCM_Funded": "N", "CONTRACT_YR": null, "CONTRACT_NUM": null, "ACESS_TYPE": "Beach", "KayakCanoeLaunch": "No", "PARKING_OPTIONS": "No Parking", "BeachWheelchair": "Y", "BWC_Info": "https://www.ntbnc.org/_files/ugd/e4899e_ed33ab4a6e3447c6b025bdf7a4ad346e.pdf", "PaidParkURL": "n/a", "WaterAccessTYPE": "Ocean", "BeachMat": null, "Land_Status": "Municipality", "NEAR_FID": 272.0, "NEAR_DIST": 3495.0194540339262, "ACCESSIBILITY_NOTES": null, "LIFEGUARDS": null }, "geometry": { "type": "Point", "coordinates": [ -77.353350317521006, 34.522528148703103 ] } },
{ "type": "Feature", "properties": { "ACCESS_ID": "Beach Access #3", "OBJECTID": 272, "PLACE": "North Topsail Beach", "ACCESS_LOC": "4000 River Rd (Terminus of River Rd)", "LOCL_SPONS": "Onslow County", "CAMA_SIGN": "Yes", "PARKING": 30.0, "DUNE_WALK": "Y", "OVERLOOK": "No", "HAND_DUNE": "No", "HAND_OVRLK": "No", "HAND_BEACH": "No", "HAND_PRKG": null, "RESTRM": "N", "SHOWER": "N", "PIC_TABLE": "No", "VEH_ACCESS": "4x4 Only & Emergency Access", "BIKE_RACK": "No", "SURV_DATE": 1706140800000.0, "COMMENT_": "", "PRKG_COMMENTS": null, "COUNTY": "Onslow", "DCM_RO": "Wilmington Regional Office", "NCDCM_ID": 214.0, "PHOTO": "Neighborhood.png", "PRK_FEE": "Y", "DCM_Funded": "Y", "CONTRACT_YR": null, "CONTRACT_NUM": null, "ACESS_TYPE": "Beach", "KayakCanoeLaunch": "No", "PARKING_OPTIONS": "Onsite Parking", "BeachWheelchair": "Y", "BWC_Info": "https://www.ntbnc.org/_files/ugd/e4899e_ed33ab4a6e3447c6b025bdf7a4ad346e.pdf", "PaidParkURL": "https://www.northtopsailbeachnc.gov/beach-accesses", "WaterAccessTYPE": "Ocean", "BeachMat": null, "Land_Status": "Municipality", "NEAR_FID": 274.0, "NEAR_DIST": 3495.0194540339262, "ACCESSIBILITY_NOTES": null, "LIFEGUARDS": null }, "geometry": { "type": "Point", "coordinates": [ -77.344703186698396, 34.528931952793293 ] } },
{ "type": "Feature", "properties": { "ACCESS_ID": "The Point", "OBJECTID": 904, "PLACE": "Emerald Isle", "ACCESS_LOC": "Terminus of Inlet Drive at Bogue Court", "LOCL_SPONS": "Emerald Isle", "CAMA_SIGN": null, "PARKING": 0.0, "DUNE_WALK": "N", "OVERLOOK": "N", "HAND_DUNE": "N", "HAND_OVRLK": "N", "HAND_BEACH": "N", "HAND_PRKG": 0.0, "RESTRM": "N", "SHOWER": "N", "PIC_TABLE": "N", "VEH_ACCESS": "Yes", "BIKE_RACK": "N", "SURV_DATE": 1695369252471.0, "COMMENT_": "Unimproved Accessway", "PRKG_COMMENTS": null, "COUNTY": "Carteret", "DCM_RO": "MHC", "NCDCM_ID": null, "PHOTO": null, "PRK_FEE": null, "DCM_Funded": "N", "CONTRACT_YR": null, "CONTRACT_NUM": null, "ACESS_TYPE": "Beach", "KayakCanoeLaunch": "N", "PARKING_OPTIONS": "No Parking", "BeachWheelchair": "Y", "BWC_Info": null, "PaidParkURL": null, "WaterAccessTYPE": "Ocean", "BeachMat": null, "Land_Status": "Municipality", "NEAR_FID": 531.0, "NEAR_DIST": 1013.7269120895587, "ACCESSIBILITY_NOTES": null, "LIFEGUARDS": null }, "geometry": { "type": "Point", "coordinates": [ -77.0974881261359, 34.645062306044196 ] } },
{ "type": "Feature", "properties": { "ACCESS_ID": "Channel Dr. (EI-1)", "OBJECTID": 531, "PLACE": "Emerald Isle", "ACCESS_LOC": "Channel Dr. and Inlet Dr.", "LOCL_SPONS": " ", "CAMA_SIGN": "Yes", "PARKING": 2.0, "DUNE_WALK": "Y", "OVERLOOK": "Yes", "HAND_DUNE": "Yes", "HAND_OVRLK": "Yes", "HAND_BEACH": "N", "HAND_PRKG": 2.0, "RESTRM": "N", "SHOWER": "N", "PIC_TABLE": "No", "VEH_ACCESS": "No", "BIKE_RACK": "Yes", "SURV_DATE": 1613433600000.0, "COMMENT_": "Handicap accessible to beach", "PRKG_COMMENTS": "Access Site Parking at Coast Guard Rd & Station St", "COUNTY": "Carteret", "DCM_RO": "Morehead City Regional Office", "NCDCM_ID": 524.0, "PHOTO": "EI226.png", "PRK_FEE": "No", "DCM_Funded": "Y", "CONTRACT_YR": null, "CONTRACT_NUM": null, "ACESS_TYPE": "Beach", "KayakCanoeLaunch": "No", "PARKING_OPTIONS": "Onsite Parking", "BeachWheelchair": "Y", "BWC_Info": "https://www.emeraldisle-nc.org/170/Beach-Wheel-Chair-Program", "PaidParkURL": "n/a", "WaterAccessTYPE": "Ocean", "BeachMat": null, "Land_Status": "Municipality", "NEAR_FID": 818.0, "NEAR_DIST": 861.11500201227852, "ACCESSIBILITY_NOTES": null, "LIFEGUARDS": null }, "geometry": { "type": "Point", "coordinates": [ -77.094305960647802, 34.645980366636088 ] } },
{ "type": "Feature", "properties": { "ACCESS_ID": "EI-3", "OBJECTID": 538, "PLACE": "Emerald Isle", "ACCESS_LOC": "Wyndtree Drive", "LOCL_SPONS": " ", "CAMA_SIGN": "Yes", "PARKING": 1.0, "DUNE_WALK": "Y", "OVERLOOK": "No", "HAND_DUNE": "Yes", "HAND_OVRLK": "No", "HAND_BEACH": "N", "HAND_PRKG": 1.0, "RESTRM": "N", "SHOWER": "N", "PIC_TABLE": "No", "VEH_ACCESS": "No", "BIKE_RACK": "Yes", "SURV_DATE": 1051833600000.0, "COMMENT_": "Handicap accessible to beach", "PRKG_COMMENTS": "Access Site Parking at Coast Guard Rd & Station St", "COUNTY": "Carteret", "DCM_RO": "Morehead City Regional Office", "NCDCM_ID": 526.0, "PHOTO": "EI224.png", "PRK_FEE": "No", "DCM_Funded": "Y", "CONTRACT_YR": null, "CONTRACT_NUM": null, "ACESS_TYPE": "Beach", "KayakCanoeLaunch": "No", "PARKING_OPTIONS": "Onsite Parking", "BeachWheelchair": "Y", "BWC_Info": "https://www.emeraldisle-nc.org/170/Beach-Wheel-Chair-Program", "PaidParkURL": "n/a", "WaterAccessTYPE": "Ocean", "BeachMat": null, "Land_Status": "Municipality", "NEAR_FID": 818.0, "NEAR_DIST": 749.58724206188174, "ACCESSIBILITY_NOTES": null, "LIFEGUARDS": null }, "geometry": { "type": "Point", "coordinates": [ -77.090343805441606, 34.646908292574608 ] } },
{ "type": "Feature", "properties": { "ACCESS_ID": "Station Street Park", "OBJECTID": 818, "PLACE": "Emerald Isle", "ACCESS_LOC": "11001 Station St", "LOCL_SPONS": "Emerald Isle", "CAMA_SIGN": "No", "PARKING": 16.0, "DUNE_WALK": "N", "OVERLOOK": "N", "HAND_DUNE": "N", "HAND_OVRLK": "N", "HAND_BEACH": "N", "HAND_PRKG": 0.0, "RESTRM": "N", "SHOWER": "N", "PIC_TABLE": "Y", "VEH_ACCESS": "No", "BIKE_RACK": "Y", "SURV_DATE": 1725363810486.0, "COMMENT_": "Parking lot within a 1/4 walk to beach access.", "PRKG_COMMENTS": "Parking lot within a 1/4 walk to beach access.", "COUNTY": "Carteret", "DCM_RO": "MHC", "NCDCM_ID": null, "PHOTO": null, "PRK_FEE": "N", "DCM_Funded": "Y", "CONTRACT_YR": null, "CONTRACT_NUM": null, "ACESS_TYPE": "Beach", "KayakCanoeLaunch": "N", "PARKING_OPTIONS": "Onsite Parking", "BeachWheelchair": "Y", "BWC_Info": "https://www.emeraldisle-nc.org/170/Beach-Wheel-Chair-Program", "PaidParkURL": "n/a", "WaterAccessTYPE": "Ocean", "BeachMat": null, "Land_Status": "Municipality", "NEAR_FID": 538.0, "NEAR_DIST": 749.58724206188174, "ACCESSIBILITY_NOTES": null, "LIFEGUARDS": null }, "geometry": { "type": "Point", "coordinates": [ -77.092557743883503, 34.647854223707704 ] } },
{ "type": "Feature", "properties": { "ACCESS_ID": "Randy's Way (EI-7)", "OBJECTID": 542, "PLACE": "Emerald Isle", "ACCESS_LOC": "Ocean Drive and Page Place", "LOCL_SPONS": " ", "CAMA_SIGN": "Yes", "PARKING": 1.0, "DUNE_WALK": "Y", "OVERLOOK": "Yes", "HAND_DUNE": "Yes", "HAND_OVRLK": "Yes", "HAND_BEACH": "Y", "HAND_PRKG": 1.0, "RESTRM": "N", "SHOWER": "N", "PIC_TABLE": "No", "VEH_ACCESS": "No", "BIKE_RACK": "Yes", "SURV_DATE": 1661990400000.0, "COMMENT_": "Handicap accessible to beach", "PRKG_COMMENTS": "", "COUNTY": "Carteret", "DCM_RO": "Morehead City Regional Office", "NCDCM_ID": 527.0, "PHOTO": "EI223.png", "PRK_FEE": "No", "DCM_Funded": "N", "CONTRACT_YR": null, "CONTRACT_NUM": null, "ACESS_TYPE": "Beach", "KayakCanoeLaunch": "No", "PARKING_OPTIONS": "Onsite Parking", "BeachWheelchair": "Y", "BWC_Info": "https://www.emeraldisle-nc.org/170/Beach-Wheel-Chair-Program", "PaidParkURL": "n/a", "WaterAccessTYPE": "Ocean", "BeachMat": null, "Land_Status": "Municipality", "NEAR_FID": 547.0, "NEAR_DIST": 529.9426337468642, "ACCESSIBILITY_NOTES": null, "LIFEGUARDS": null }, "geometry": { "type": "Point", "coordinates": [ -77.071038804271694, 34.652297514129593 ] } },
{ "type": "Feature", "properties": { "ACCESS_ID": "EI-8", "OBJECTID": 547, "PLACE": "Emerald Isle", "ACCESS_LOC": "Ocean Oaks Dr. and Ocean Dr.", "LOCL_SPONS": " ", "CAMA_SIGN": "Yes", "PARKING": 1.0, "DUNE_WALK": "Y", "OVERLOOK": "Yes", "HAND_DUNE": "No", "HAND_OVRLK": "No", "HAND_BEACH": "No", "HAND_PRKG": 1.0, "RESTRM": "N", "SHOWER": "N", "PIC_TABLE": "No", "VEH_ACCESS": "No", "BIKE_RACK": "Yes", "SURV_DATE": 1051833600000.0, "COMMENT_": "", "PRKG_COMMENTS": "Parking located 0.4 mile north at Ocean Oaks Park", "COUNTY": "Carteret", "DCM_RO": "Morehead City Regional Office", "NCDCM_ID": 528.0, "PHOTO": "EI222.png", "PRK_FEE": "No", "DCM_Funded": "N", "CONTRACT_YR": null, "CONTRACT_NUM": null, "ACESS_TYPE": "Beach", "KayakCanoeLaunch": "No", "PARKING_OPTIONS": "Onsite Parking", "BeachWheelchair": "Y", "BWC_Info": "https://www.emeraldisle-nc.org/170/Beach-Wheel-Chair-Program", "PaidParkURL": "n/a", "WaterAccessTYPE": "Ocean", "BeachMat": null, "Land_Status": "Municipality", "NEAR_FID": 542.0, "NEAR_DIST": 529.9426337468642, "ACCESSIBILITY_NOTES": null, "LIFEGUARDS": null }, "geometry": { "type": "Point", "coordinates": [ -77.069346523803404, 34.652703433828691 ] } },
{ "type": "Feature", "properties": { "ACCESS_ID": "EI-9", "OBJECTID": 163, "PLACE": "Emerald Isle", "ACCESS_LOC": "Ocean Dr. and Conch Ct.", "LOCL_SPONS": " ", "CAMA_SIGN": "Yes", "PARKING": 0.0, "DUNE_WALK": "Y", "OVERLOOK": "No", "HAND_DUNE": "No", "HAND_OVRLK": "No", "HAND_BEACH": "No", "HAND_PRKG": 0.0, "RESTRM": "N", "SHOWER": "N", "PIC_TABLE": "No", "VEH_ACCESS": "No", "BIKE_RACK": "Yes", "SURV_DATE": 1051833600000.0, "COMMENT_": " ", "PRKG_COMMENTS": null, "COUNTY": "Carteret", "DCM_RO": "Morehead City Regional Office", "NCDCM_ID": 529.0, "PHOTO": "EI221.png", "PRK_FEE": null, "DCM_Funded": "N", "CONTRACT_YR": null, "CONTRACT_NUM": null, "ACESS_TYPE": "Beach", "KayakCanoeLaunch": "No", "PARKING_OPTIONS": "No Parking", "BeachWheelchair": "Y", "BWC_Info": "https://www.emeraldisle-nc.org/170/Beach-Wheel-Chair-Program", "PaidParkURL": "n/a", "WaterAccessTYPE": "Ocean", "BeachMat": null, "Land_Status": "Municipality", "NEAR_FID": 164.0, "NEAR_DIST": 544.54800294685333, "ACCESSIBILITY_NOTES": null, "LIFEGUARDS": null }, "geometry": { "type": "Point", "coordinates": [ -77.067494163551601, 34.652988130510515 ] } },
{ "type": "Feature", "properties": { "ACCESS_ID": "EI-10", "OBJECTID": 164, "PLACE": "Emerald Isle", "ACCESS_LOC": "Ocean Dr. and Seadunes Dr.", "LOCL_SPONS": " ", "CAMA_SIGN": "Yes", "PARKING": 0.0, "DUNE_WALK": "Y", "OVERLOOK": "No", "HAND_DUNE": "No", "HAND_OVRLK": "No", "HAND_BEACH": "No", "HAND_PRKG": 0.0, "RESTRM": "N", "SHOWER": "N", "PIC_TABLE": "No", "VEH_ACCESS": "No", "BIKE_RACK": "Yes", "SURV_DATE": 1051833600000.0, "COMMENT_": " ", "PRKG_COMMENTS": null, "COUNTY": "Carteret", "DCM_RO": "Morehead City Regional Office", "NCDCM_ID": 530.0, "PHOTO": "EI220.png", "PRK_FEE": null, "DCM_Funded": "N", "CONTRACT_YR": null, "CONTRACT_NUM": null, "ACESS_TYPE": "Beach", "KayakCanoeLaunch": "No", "PARKING_OPTIONS": "No Parking", "BeachWheelchair": "Y", "BWC_Info": "https://www.emeraldisle-nc.org/170/Beach-Wheel-Chair-Program", "PaidParkURL": "n/a", "WaterAccessTYPE": "Ocean", "BeachMat": null, "Land_Status": "Municipality", "NEAR_FID": 163.0, "NEAR_DIST": 544.54800294685333, "ACCESSIBILITY_NOTES": null, "LIFEGUARDS": null }, "geometry": { "type": "Point", "coordinates": [ -77.065775247136898, 34.653458501136313 ] } },
{ "type": "Feature", "properties": { "ACCESS_ID": "Town Park Lot \"N\"", "OBJECTID": 803, "PLACE": "North Topsail Beach", "ACCESS_LOC": "465 New River Inlet Rd", "LOCL_SPONS": " ", "CAMA_SIGN": "Yes", "PARKING": 43.0, "DUNE_WALK": "N", "OVERLOOK": "No", "HAND_DUNE": "No", "HAND_OVRLK": "No", "HAND_BEACH": "No", "HAND_PRKG": null, "RESTRM": "Y", "SHOWER": "N", "PIC_TABLE": "Yes", "VEH_ACCESS": "No", "BIKE_RACK": "No", "SURV_DATE": 1706140800000.0, "COMMENT_": "Soundside access. Gazebo, Basketball County, Playground, Tennis Courts, Hiking Trails, Canoe Launch.", "PRKG_COMMENTS": "", "COUNTY": "Onslow", "DCM_RO": "Wilmington Regional Office", "NCDCM_ID": 226.0, "PHOTO": "Neighborhood.png", "PRK_FEE": "Y", "DCM_Funded": "Y", "CONTRACT_YR": null, "CONTRACT_NUM": null, "ACESS_TYPE": "Shoreline", "KayakCanoeLaunch": "Yes", "PARKING_OPTIONS": "Onsite Parking", "BeachWheelchair": "Y", "BWC_Info": "https://www.ntbnc.org/_files/ugd/e4899e_ed33ab4a6e3447c6b025bdf7a4ad346e.pdf", "PaidParkURL": "https://www.northtopsailbeachnc.gov/beach-accesses", "WaterAccessTYPE": "Estuarine", "BeachMat": null, "Land_Status": "Municipality", "NEAR_FID": 303.0, "NEAR_DIST": 179.42015864896919, "ACCESSIBILITY_NOTES": null, "LIFEGUARDS": null }, "geometry": { "type": "Point", "coordinates": [ -77.412210116944394, 34.496639756725195 ] } },
{ "type": "Feature", "properties": { "ACCESS_ID": "Ocean Club", "OBJECTID": 300, "PLACE": "North Topsail Beach", "ACCESS_LOC": "Ocean Club and New River Inlet Rd", "LOCL_SPONS": " ", "CAMA_SIGN": "Yes", "PARKING": 0.0, "DUNE_WALK": "Y", "OVERLOOK": "No", "HAND_DUNE": "No", "HAND_OVRLK": "No", "HAND_BEACH": "No", "HAND_PRKG": 0.0, "RESTRM": "N", "SHOWER": "N", "PIC_TABLE": "No", "VEH_ACCESS": " ", "BIKE_RACK": "No", "SURV_DATE": 1706140800000.0, "COMMENT_": "Verify Data with NTB", "PRKG_COMMENTS": null, "COUNTY": "Onslow", "DCM_RO": "Wilmington Regional Office", "NCDCM_ID": 224.0, "PHOTO": "Local.png", "PRK_FEE": null, "DCM_Funded": "N", "CONTRACT_YR": null, "CONTRACT_NUM": null, "ACESS_TYPE": "Beach", "KayakCanoeLaunch": "No", "PARKING_OPTIONS": "No Parking", "BeachWheelchair": "Y", "BWC_Info": "https://www.ntbnc.org/_files/ugd/e4899e_ed33ab4a6e3447c6b025bdf7a4ad346e.pdf", "PaidParkURL": "n/a", "WaterAccessTYPE": "Ocean", "BeachMat": null, "Land_Status": "Municipality", "NEAR_FID": 803.0, "NEAR_DIST": 374.64547826696537, "ACCESSIBILITY_NOTES": null, "LIFEGUARDS": null }, "geometry": { "type": "Point", "coordinates": [ -77.410989340609305, 34.496835176157312 ] } },
{ "type": "Feature", "properties": { "ACCESS_ID": "Beach Access #37", "OBJECTID": 796, "PLACE": "North Topsail Beach", "ACCESS_LOC": "596 New River Inlet Rd.", "LOCL_SPONS": null, "CAMA_SIGN": null, "PARKING": 0.0, "DUNE_WALK": "N", "OVERLOOK": null, "HAND_DUNE": null, "HAND_OVRLK": null, "HAND_BEACH": null, "HAND_PRKG": null, "RESTRM": null, "SHOWER": null, "PIC_TABLE": "N", "VEH_ACCESS": null, "BIKE_RACK": null, "SURV_DATE": 1706140800000.0, "COMMENT_": "Verify Data with NTB", "PRKG_COMMENTS": null, "COUNTY": "Onslow", "DCM_RO": "Wilmington Regional Office", "NCDCM_ID": null, "PHOTO": null, "PRK_FEE": null, "DCM_Funded": "N", "CONTRACT_YR": null, "CONTRACT_NUM": null, "ACESS_TYPE": "Beach", "KayakCanoeLaunch": "No", "PARKING_OPTIONS": null, "BeachWheelchair": "Y", "BWC_Info": "https://www.ntbnc.org/_files/ugd/e4899e_ed33ab4a6e3447c6b025bdf7a4ad346e.pdf", "PaidParkURL": "n/a", "WaterAccessTYPE": "Ocean", "BeachMat": null, "Land_Status": "Municipality", "NEAR_FID": 298.0, "NEAR_DIST": 760.16948137434895, "ACCESSIBILITY_NOTES": null, "LIFEGUARDS": null }, "geometry": { "type": "Point", "coordinates": [ -77.408090782614593, 34.498594435345183 ] } },
{ "type": "Feature", "properties": { "ACCESS_ID": "Beach Access #38", "OBJECTID": 298, "PLACE": "North Topsail Beach", "ACCESS_LOC": "658 New River Inlet Rd", "LOCL_SPONS": " ", "CAMA_SIGN": "Yes", "PARKING": 0.0, "DUNE_WALK": "Y", "OVERLOOK": "No", "HAND_DUNE": "No", "HAND_OVRLK": "No", "HAND_BEACH": "No", "HAND_PRKG": 0.0, "RESTRM": "N", "SHOWER": "N", "PIC_TABLE": "No", "VEH_ACCESS": " ", "BIKE_RACK": "No", "SURV_DATE": 1706140800000.0, "COMMENT_": " ", "PRKG_COMMENTS": null, "COUNTY": "Onslow", "DCM_RO": "Wilmington Regional Office", "NCDCM_ID": 223.0, "PHOTO": "Local.png", "PRK_FEE": null, "DCM_Funded": "N", "CONTRACT_YR": null, "CONTRACT_NUM": null, "ACESS_TYPE": "Beach", "KayakCanoeLaunch": "No", "PARKING_OPTIONS": "No Parking", "BeachWheelchair": "Y", "BWC_Info": "https://www.ntbnc.org/_files/ugd/e4899e_ed33ab4a6e3447c6b025bdf7a4ad346e.pdf", "PaidParkURL": "n/a", "WaterAccessTYPE": "Ocean", "BeachMat": null, "Land_Status": "Municipality", "NEAR_FID": 797.0, "NEAR_DIST": 393.45428791802698, "ACCESSIBILITY_NOTES": null, "LIFEGUARDS": null }, "geometry": { "type": "Point", "coordinates": [ -77.405739286949895, 34.499351286475402 ] } },
{ "type": "Feature", "properties": { "ACCESS_ID": "EI-55", "OBJECTID": 100, "PLACE": "Emerald Isle", "ACCESS_LOC": "Ocean Dr. and Tammy St.", "LOCL_SPONS": " ", "CAMA_SIGN": "Yes", "PARKING": 0.0, "DUNE_WALK": "Y", "OVERLOOK": "Yes", "HAND_DUNE": "No", "HAND_OVRLK": "No", "HAND_BEACH": "No", "HAND_PRKG": 0.0, "RESTRM": "N", "SHOWER": "N", "PIC_TABLE": "No", "VEH_ACCESS": "No", "BIKE_RACK": "No", "SURV_DATE": 1051833600000.0, "COMMENT_": " ", "PRKG_COMMENTS": null, "COUNTY": "Carteret", "DCM_RO": "Morehead City Regional Office", "NCDCM_ID": 431.0, "PHOTO": "EI56.png", "PRK_FEE": null, "DCM_Funded": "N", "CONTRACT_YR": null, "CONTRACT_NUM": null, "ACESS_TYPE": "Beach", "KayakCanoeLaunch": "No", "PARKING_OPTIONS": "No Parking", "BeachWheelchair": "Y", "BWC_Info": "https://www.emeraldisle-nc.org/170/Beach-Wheel-Chair-Program", "PaidParkURL": "n/a", "WaterAccessTYPE": "Ocean", "BeachMat": null, "Land_Status": "Municipality", "NEAR_FID": 101.0, "NEAR_DIST": 541.32277047050979, "ACCESSIBILITY_NOTES": null, "LIFEGUARDS": null }, "geometry": { "type": "Point", "coordinates": [ -76.968190952395801, 34.674308786874604 ] } },
{ "type": "Feature", "properties": { "ACCESS_ID": "EI-56", "OBJECTID": 101, "PLACE": "Emerald Isle", "ACCESS_LOC": "Ocean Dr. and Gregg St.", "LOCL_SPONS": " ", "CAMA_SIGN": "Yes", "PARKING": 0.0, "DUNE_WALK": "Y", "OVERLOOK": "Yes", "HAND_DUNE": "No", "HAND_OVRLK": "No", "HAND_BEACH": "No", "HAND_PRKG": 0.0, "RESTRM": "N", "SHOWER": "N", "PIC_TABLE": "No", "VEH_ACCESS": "No", "BIKE_RACK": "No", "SURV_DATE": 1051833600000.0, "COMMENT_": " ", "PRKG_COMMENTS": null, "COUNTY": "Carteret", "DCM_RO": "Morehead City Regional Office", "NCDCM_ID": 432.0, "PHOTO": "EI55.png", "PRK_FEE": null, "DCM_Funded": "N", "CONTRACT_YR": null, "CONTRACT_NUM": null, "ACESS_TYPE": "Beach", "KayakCanoeLaunch": "No", "PARKING_OPTIONS": "No Parking", "BeachWheelchair": "Y", "BWC_Info": "https://www.emeraldisle-nc.org/170/Beach-Wheel-Chair-Program", "PaidParkURL": "n/a", "WaterAccessTYPE": "Ocean", "BeachMat": null, "Land_Status": "Municipality", "NEAR_FID": 100.0, "NEAR_DIST": 541.32277047050979, "ACCESSIBILITY_NOTES": null, "LIFEGUARDS": null }, "geometry": { "type": "Point", "coordinates": [ -76.966433619528004, 34.674632369162602 ] } },
{ "type": "Feature", "properties": { "ACCESS_ID": "Connie Street", "OBJECTID": 518, "PLACE": "Emerald Isle", "ACCESS_LOC": "Connie Street", "LOCL_SPONS": "Emerald Isle", "CAMA_SIGN": "Yes", "PARKING": 0.0, "DUNE_WALK": "Y", "OVERLOOK": "No", "HAND_DUNE": "No", "HAND_OVRLK": "No", "HAND_BEACH": "No", "HAND_PRKG": 0.0, "RESTRM": "N", "SHOWER": "N", "PIC_TABLE": "No", "VEH_ACCESS": "No", "BIKE_RACK": "No", "SURV_DATE": 1359676800000.0, "COMMENT_": " ", "PRKG_COMMENTS": null, "COUNTY": "Carteret", "DCM_RO": "Morehead City Regional Office", "NCDCM_ID": 632.0, "PHOTO": "EI54.png", "PRK_FEE": null, "DCM_Funded": "N", "CONTRACT_YR": null, "CONTRACT_NUM": null, "ACESS_TYPE": "Beach", "KayakCanoeLaunch": "No", "PARKING_OPTIONS": "No Parking", "BeachWheelchair": "Y", "BWC_Info": "https://www.emeraldisle-nc.org/170/Beach-Wheel-Chair-Program", "PaidParkURL": "n/a", "WaterAccessTYPE": "Ocean", "BeachMat": null, "Land_Status": "Municipality", "NEAR_FID": 101.0, "NEAR_DIST": 545.70681283094541, "ACCESSIBILITY_NOTES": null, "LIFEGUARDS": null }, "geometry": { "type": "Point", "coordinates": [ -76.964659276161896, 34.674948123677503 ] } },
{ "type": "Feature", "properties": { "ACCESS_ID": "Ocean Dr", "OBJECTID": 815, "PLACE": "Emerald Isle", "ACCESS_LOC": "Eastern Ocean Dr", "LOCL_SPONS": "Emerald Isle", "CAMA_SIGN": "Yes", "PARKING": 0.0, "DUNE_WALK": "Y", "OVERLOOK": "No", "HAND_DUNE": "No", "HAND_OVRLK": "No", "HAND_BEACH": "No", "HAND_PRKG": 0.0, "RESTRM": "N", "SHOWER": "N", "PIC_TABLE": "No", "VEH_ACCESS": "No", "BIKE_RACK": "No", "SURV_DATE": 1613484108000.0, "COMMENT_": null, "PRKG_COMMENTS": null, "COUNTY": "Carteret", "DCM_RO": "MHC", "NCDCM_ID": null, "PHOTO": null, "PRK_FEE": null, "DCM_Funded": "N", "CONTRACT_YR": null, "CONTRACT_NUM": null, "ACESS_TYPE": "Beach", "KayakCanoeLaunch": "No", "PARKING_OPTIONS": "No Parking", "BeachWheelchair": "Y", "BWC_Info": "https://www.emeraldisle-nc.org/170/Beach-Wheel-Chair-Program", "PaidParkURL": "n/a", "WaterAccessTYPE": "Ocean", "BeachMat": null, "Land_Status": "Municipality", "NEAR_FID": 518.0, "NEAR_DIST": 558.86607920382107, "ACCESSIBILITY_NOTES": null, "LIFEGUARDS": null }, "geometry": { "type": "Point", "coordinates": [ -76.962842130767598, 34.67527146041391 ] } },
{ "type": "Feature", "properties": { "ACCESS_ID": "\"The Dogleg\"  4WD Access (EI-57)", "OBJECTID": 102, "PLACE": "Emerald Isle", "ACCESS_LOC": "3009 Ocean Dr.", "LOCL_SPONS": " ", "CAMA_SIGN": "No", "PARKING": 0.0, "DUNE_WALK": "N", "OVERLOOK": "No", "HAND_DUNE": "No", "HAND_OVRLK": "No", "HAND_BEACH": "No", "HAND_PRKG": 0.0, "RESTRM": "N", "SHOWER": "N", "PIC_TABLE": "No", "VEH_ACCESS": "Seasonal", "BIKE_RACK": "No", "SURV_DATE": 1051833600000.0, "COMMENT_": " ", "PRKG_COMMENTS": null, "COUNTY": "Carteret", "DCM_RO": "Morehead City Regional Office", "NCDCM_ID": 433.0, "PHOTO": "EI53.png", "PRK_FEE": null, "DCM_Funded": "N", "CONTRACT_YR": null, "CONTRACT_NUM": null, "ACESS_TYPE": "Beach", "KayakCanoeLaunch": "No", "PARKING_OPTIONS": "No Parking", "BeachWheelchair": "Y", "BWC_Info": "https://www.emeraldisle-nc.org/170/Beach-Wheel-Chair-Program", "PaidParkURL": "n/a", "WaterAccessTYPE": "Ocean", "BeachMat": null, "Land_Status": "Municipality", "NEAR_FID": 815.0, "NEAR_DIST": 572.82722642812735, "ACCESSIBILITY_NOTES": null, "LIFEGUARDS": null }, "geometry": { "type": "Point", "coordinates": [ -76.96099100390262, 34.675643994488823 ] } },
{ "type": "Feature", "properties": { "ACCESS_ID": "Eastern Regional Access - Site of the Old EI Pier (EI-58)", "OBJECTID": 103, "PLACE": "Emerald Isle", "ACCESS_LOC": "Park Drive", "LOCL_SPONS": "Emerald Isle", "CAMA_SIGN": "Yes", "PARKING": 245.0, "DUNE_WALK": "Y", "OVERLOOK": "Yes", "HAND_DUNE": "Y", "HAND_OVRLK": "Yes", "HAND_BEACH": "Y", "HAND_PRKG": 6.0, "RESTRM": "Y", "SHOWER": "Y", "PIC_TABLE": "Yes", "VEH_ACCESS": "No", "BIKE_RACK": "No", "SURV_DATE": 1615334400000.0, "COMMENT_": "Grills - Seasonal Lifeguards - Picnic Pavilion", "PRKG_COMMENTS": null, "COUNTY": "Carteret", "DCM_RO": "Morehead City Regional Office", "NCDCM_ID": 434.0, "PHOTO": "EI52.png", "PRK_FEE": "Y", "DCM_Funded": "Y", "CONTRACT_YR": null, "CONTRACT_NUM": null, "ACESS_TYPE": "Beach", "KayakCanoeLaunch": "No", "PARKING_OPTIONS": "Onsite Parking", "BeachWheelchair": "Y", "BWC_Info": "https://www.emeraldisle-nc.org/170/Beach-Wheel-Chair-Program", "PaidParkURL": "https://www.emeraldisle-nc.org/191/Paid-Beach-Parking", "WaterAccessTYPE": "Ocean", "BeachMat": null, "Land_Status": "Municipality", "NEAR_FID": 771.0, "NEAR_DIST": 871.63850269148804, "ACCESSIBILITY_NOTES": null, "LIFEGUARDS": null }, "geometry": { "type": "Point", "coordinates": [ -76.957238730181004, 34.675595356608589 ] } },
{ "type": "Feature", "properties": { "ACCESS_ID": "EI-60", "OBJECTID": 104, "PLACE": "Emerald Isle", "ACCESS_LOC": "Ocean Dr. and 25th St.", "LOCL_SPONS": " ", "CAMA_SIGN": "Yes", "PARKING": 0.0, "DUNE_WALK": "N", "OVERLOOK": "No", "HAND_DUNE": "No", "HAND_OVRLK": "No", "HAND_BEACH": "No", "HAND_PRKG": 0.0, "RESTRM": "N", "SHOWER": "N", "PIC_TABLE": "No", "VEH_ACCESS": "No", "BIKE_RACK": "No", "SURV_DATE": 1051833600000.0, "COMMENT_": " ", "PRKG_COMMENTS": null, "COUNTY": "Carteret", "DCM_RO": "Morehead City Regional Office", "NCDCM_ID": 435.0, "PHOTO": "EI51.png", "PRK_FEE": null, "DCM_Funded": "N", "CONTRACT_YR": null, "CONTRACT_NUM": null, "ACESS_TYPE": "Beach", "KayakCanoeLaunch": "No", "PARKING_OPTIONS": "No Parking", "BeachWheelchair": "Y", "BWC_Info": "https://www.emeraldisle-nc.org/170/Beach-Wheel-Chair-Program", "PaidParkURL": "n/a", "WaterAccessTYPE": "Ocean", "BeachMat": null, "Land_Status": "Municipality", "NEAR_FID": 105.0, "NEAR_DIST": 540.36822361364455, "ACCESSIBILITY_NOTES": null, "LIFEGUARDS": null }, "geometry": { "type": "Point", "coordinates": [ -76.953755998655495, 34.676392881408511 ] } },
{ "type": "Feature", "properties": { "ACCESS_ID": "EI-61", "OBJECTID": 105, "PLACE": "Emerald Isle", "ACCESS_LOC": "Ocean Dr. and 24th St.", "LOCL_SPONS": " ", "CAMA_SIGN": "Yes", "PARKING": 0.0, "DUNE_WALK": "N", "OVERLOOK": "No", "HAND_DUNE": "No", "HAND_OVRLK": "No", "HAND_BEACH": "No", "HAND_PRKG": 0.0, "RESTRM": "N", "SHOWER": "N", "PIC_TABLE": "No", "VEH_ACCESS": "No", "BIKE_RACK": "Yes", "SURV_DATE": 1051833600000.0, "COMMENT_": " ", "PRKG_COMMENTS": null, "COUNTY": "Carteret", "DCM_RO": "Morehead City Regional Office", "NCDCM_ID": 436.0, "PHOTO": "EI50.png", "PRK_FEE": null, "DCM_Funded": "N", "CONTRACT_YR": null, "CONTRACT_NUM": null, "ACESS_TYPE": "Beach", "KayakCanoeLaunch": "No", "PARKING_OPTIONS": "No Parking", "BeachWheelchair": "Y", "BWC_Info": "https://www.emeraldisle-nc.org/170/Beach-Wheel-Chair-Program", "PaidParkURL": "n/a", "WaterAccessTYPE": "Ocean", "BeachMat": null, "Land_Status": "Municipality", "NEAR_FID": 104.0, "NEAR_DIST": 540.36822361364455, "ACCESSIBILITY_NOTES": null, "LIFEGUARDS": null }, "geometry": { "type": "Point", "coordinates": [ -76.951994544317103, 34.676688037963906 ] } },
{ "type": "Feature", "properties": { "ACCESS_ID": "EI-62", "OBJECTID": 106, "PLACE": "Emerald Isle", "ACCESS_LOC": "Ocean Dr. and 23rd St.", "LOCL_SPONS": " ", "CAMA_SIGN": "Yes", "PARKING": 0.0, "DUNE_WALK": "Y", "OVERLOOK": "No", "HAND_DUNE": "No", "HAND_OVRLK": "No", "HAND_BEACH": "No", "HAND_PRKG": 0.0, "RESTRM": "N", "SHOWER": "N", "PIC_TABLE": "No", "VEH_ACCESS": "No", "BIKE_RACK": "Yes", "SURV_DATE": 1051833600000.0, "COMMENT_": " ", "PRKG_COMMENTS": null, "COUNTY": "Carteret", "DCM_RO": "Morehead City Regional Office", "NCDCM_ID": 437.0, "PHOTO": "EI49.png", "PRK_FEE": null, "DCM_Funded": "N", "CONTRACT_YR": null, "CONTRACT_NUM": null, "ACESS_TYPE": "Beach", "KayakCanoeLaunch": "No", "PARKING_OPTIONS": "No Parking", "BeachWheelchair": "Y", "BWC_Info": "https://www.emeraldisle-nc.org/170/Beach-Wheel-Chair-Program", "PaidParkURL": "n/a", "WaterAccessTYPE": "Ocean", "BeachMat": null, "Land_Status": "Municipality", "NEAR_FID": 107.0, "NEAR_DIST": 547.00066722075826, "ACCESSIBILITY_NOTES": null, "LIFEGUARDS": null }, "geometry": { "type": "Point", "coordinates": [ -76.950151408864897, 34.676947316069104 ] } },
{ "type": "Feature", "properties": { "ACCESS_ID": "EI-63", "OBJECTID": 107, "PLACE": "Emerald Isle", "ACCESS_LOC": "2315 Ocean Dr.", "LOCL_SPONS": " ", "CAMA_SIGN": "Yes", "PARKING": 0.0, "DUNE_WALK": "Y", "OVERLOOK": "No", "HAND_DUNE": "No", "HAND_OVRLK": "No", "HAND_BEACH": "No", "HAND_PRKG": 0.0, "RESTRM": "N", "SHOWER": "N", "PIC_TABLE": "No", "VEH_ACCESS": "No", "BIKE_RACK": "Yes", "SURV_DATE": 1051833600000.0, "COMMENT_": " ", "PRKG_COMMENTS": null, "COUNTY": "Carteret", "DCM_RO": "Morehead City Regional Office", "NCDCM_ID": 438.0, "PHOTO": "EI48.png", "PRK_FEE": null, "DCM_Funded": "N", "CONTRACT_YR": null, "CONTRACT_NUM": null, "ACESS_TYPE": "Beach", "KayakCanoeLaunch": "No", "PARKING_OPTIONS": "No Parking", "BeachWheelchair": "Y", "BWC_Info": "https://www.emeraldisle-nc.org/170/Beach-Wheel-Chair-Program", "PaidParkURL": "n/a", "WaterAccessTYPE": "Ocean", "BeachMat": null, "Land_Status": "Municipality", "NEAR_FID": 106.0, "NEAR_DIST": 547.00066722075826, "ACCESSIBILITY_NOTES": null, "LIFEGUARDS": null }, "geometry": { "type": "Point", "coordinates": [ -76.948396399938702, 34.677343637640895 ] } },
{ "type": "Feature", "properties": { "ACCESS_ID": "EI-64", "OBJECTID": 108, "PLACE": "Emerald Isle", "ACCESS_LOC": "Ocean Dr. and 21st St.", "LOCL_SPONS": " ", "CAMA_SIGN": "Yes", "PARKING": 0.0, "DUNE_WALK": "N", "OVERLOOK": "No", "HAND_DUNE": "No", "HAND_OVRLK": "No", "HAND_BEACH": "No", "HAND_PRKG": 0.0, "RESTRM": "N", "SHOWER": "N", "PIC_TABLE": "No", "VEH_ACCESS": "No", "BIKE_RACK": "No", "SURV_DATE": 1779926400000.0, "COMMENT_": " ", "PRKG_COMMENTS": null, "COUNTY": "Carteret", "DCM_RO": "Morehead City Regional Office", "NCDCM_ID": 439.0, "PHOTO": "EI47.png", "PRK_FEE": null, "DCM_Funded": "N", "CONTRACT_YR": null, "CONTRACT_NUM": null, "ACESS_TYPE": "Beach", "KayakCanoeLaunch": "No", "PARKING_OPTIONS": "No Parking", "BeachWheelchair": "Y", "BWC_Info": "https://www.emeraldisle-nc.org/170/Beach-Wheel-Chair-Program", "PaidParkURL": "n/a", "WaterAccessTYPE": "Ocean", "BeachMat": null, "Land_Status": "Municipality", "NEAR_FID": 109.0, "NEAR_DIST": 538.4102070548945, "ACCESSIBILITY_NOTES": null, "LIFEGUARDS": "No" }, "geometry": { "type": "Point", "coordinates": [ -76.9465439525503, 34.677524721993784 ] } },
{ "type": "Feature", "properties": { "ACCESS_ID": "Park Street", "OBJECTID": 771, "PLACE": "Emerald Isle", "ACCESS_LOC": "Located across the street from the Eastern Ocean Regional Access.", "LOCL_SPONS": "Emerald Isle", "CAMA_SIGN": "No", "PARKING": 0.0, "DUNE_WALK": "N", "OVERLOOK": "No", "HAND_DUNE": "No", "HAND_OVRLK": "No", "HAND_BEACH": "No", "HAND_PRKG": 0.0, "RESTRM": "N", "SHOWER": "N", "PIC_TABLE": "No", "VEH_ACCESS": "No", "BIKE_RACK": "No", "SURV_DATE": 1526342400000.0, "COMMENT_": "Users are asked to drop off equipment and park at the Eastern Regional Access.", "PRKG_COMMENTS": "Park at Eastern Regional Access", "COUNTY": "Carteret", "DCM_RO": "Morehead City Regional Office", "NCDCM_ID": null, "PHOTO": null, "PRK_FEE": null, "DCM_Funded": "N", "CONTRACT_YR": null, "CONTRACT_NUM": null, "ACESS_TYPE": "Shoreline", "KayakCanoeLaunch": "Yes", "PARKING_OPTIONS": "Parking off-site", "BeachWheelchair": "Y", "BWC_Info": "https://www.emeraldisle-nc.org/170/Beach-Wheel-Chair-Program", "PaidParkURL": "n/a", "WaterAccessTYPE": "Estuarine", "BeachMat": null, "Land_Status": "Municipality", "NEAR_FID": 103.0, "NEAR_DIST": 871.63850269148804, "ACCESSIBILITY_NOTES": null, "LIFEGUARDS": null }, "geometry": { "type": "Point", "coordinates": [ -76.957849091399197, 34.677936749401574 ] } },
{ "type": "Feature", "properties": { "ACCESS_ID": "EI-65", "OBJECTID": 109, "PLACE": "Emerald Isle", "ACCESS_LOC": "Ocean Dr. and 20th St.", "LOCL_SPONS": " ", "CAMA_SIGN": "Yes", "PARKING": 0.0, "DUNE_WALK": "Y", "OVERLOOK": "Yes", "HAND_DUNE": "No", "HAND_OVRLK": "No", "HAND_BEACH": "No", "HAND_PRKG": 0.0, "RESTRM": "N", "SHOWER": "N", "PIC_TABLE": "No", "VEH_ACCESS": "No", "BIKE_RACK": "No", "SURV_DATE": 1051833600000.0, "COMMENT_": " ", "PRKG_COMMENTS": null, "COUNTY": "Carteret", "DCM_RO": "Morehead City Regional Office", "NCDCM_ID": 440.0, "PHOTO": "EI46.png", "PRK_FEE": null, "DCM_Funded": "N", "CONTRACT_YR": null, "CONTRACT_NUM": null, "ACESS_TYPE": "Beach", "KayakCanoeLaunch": "No", "PARKING_OPTIONS": "No Parking", "BeachWheelchair": "Y", "BWC_Info": "https://www.emeraldisle-nc.org/170/Beach-Wheel-Chair-Program", "PaidParkURL": "n/a", "WaterAccessTYPE": "Ocean", "BeachMat": null, "Land_Status": "Municipality", "NEAR_FID": 108.0, "NEAR_DIST": 538.4102070548945, "ACCESSIBILITY_NOTES": null, "LIFEGUARDS": null }, "geometry": { "type": "Point", "coordinates": [ -76.944783754056701, 34.67779720028949 ] } },
{ "type": "Feature", "properties": { "ACCESS_ID": "EI-66", "OBJECTID": 110, "PLACE": "Emerald Isle", "ACCESS_LOC": "Ocean Dr. and 19th St.", "LOCL_SPONS": " ", "CAMA_SIGN": "Yes", "PARKING": 0.0, "DUNE_WALK": "Y", "OVERLOOK": "Yes", "HAND_DUNE": "No", "HAND_OVRLK": "No", "HAND_BEACH": "No", "HAND_PRKG": 0.0, "RESTRM": "N", "SHOWER": "N", "PIC_TABLE": "No", "VEH_ACCESS": "No", "BIKE_RACK": "No", "SURV_DATE": 1051833600000.0, "COMMENT_": " ", "PRKG_COMMENTS": null, "COUNTY": "Carteret", "DCM_RO": "Morehead City Regional Office", "NCDCM_ID": 441.0, "PHOTO": "EI45.png", "PRK_FEE": null, "DCM_Funded": "N", "CONTRACT_YR": null, "CONTRACT_NUM": null, "ACESS_TYPE": "Beach", "KayakCanoeLaunch": "No", "PARKING_OPTIONS": "No Parking", "BeachWheelchair": "Y", "BWC_Info": "https://www.emeraldisle-nc.org/170/Beach-Wheel-Chair-Program", "PaidParkURL": "n/a", "WaterAccessTYPE": "Ocean", "BeachMat": null, "Land_Status": "Municipality", "NEAR_FID": 111.0, "NEAR_DIST": 548.25881246195956, "ACCESSIBILITY_NOTES": null, "LIFEGUARDS": null }, "geometry": { "type": "Point", "coordinates": [ -76.942970481299497, 34.678073915841409 ] } },
{ "type": "Feature", "properties": { "ACCESS_ID": "EI-67", "OBJECTID": 111, "PLACE": "Emerald Isle", "ACCESS_LOC": "Ocean Dr. and 18th St.", "LOCL_SPONS": " ", "CAMA_SIGN": "Yes", "PARKING": 0.0, "DUNE_WALK": "Y", "OVERLOOK": "Yes", "HAND_DUNE": "No", "HAND_OVRLK": "No", "HAND_BEACH": "No", "HAND_PRKG": 0.0, "RESTRM": "N", "SHOWER": "N", "PIC_TABLE": "No", "VEH_ACCESS": "No", "BIKE_RACK": "Yes", "SURV_DATE": 1051833600000.0, "COMMENT_": " ", "PRKG_COMMENTS": null, "COUNTY": "Carteret", "DCM_RO": "Morehead City Regional Office", "NCDCM_ID": 442.0, "PHOTO": "EI44.png", "PRK_FEE": null, "DCM_Funded": "N", "CONTRACT_YR": null, "CONTRACT_NUM": null, "ACESS_TYPE": "Beach", "KayakCanoeLaunch": "No", "PARKING_OPTIONS": "No Parking", "BeachWheelchair": "Y", "BWC_Info": "https://www.emeraldisle-nc.org/170/Beach-Wheel-Chair-Program", "PaidParkURL": "n/a", "WaterAccessTYPE": "Ocean", "BeachMat": null, "Land_Status": "Municipality", "NEAR_FID": 110.0, "NEAR_DIST": 548.25881246195956, "ACCESSIBILITY_NOTES": null, "LIFEGUARDS": null }, "geometry": { "type": "Point", "coordinates": [ -76.941181897839598, 34.678367742587902 ] } },
{ "type": "Feature", "properties": { "ACCESS_ID": "EI-68", "OBJECTID": 112, "PLACE": "Emerald Isle", "ACCESS_LOC": "Ocean Dr. and 17th St.", "LOCL_SPONS": " ", "CAMA_SIGN": "Yes", "PARKING": 0.0, "DUNE_WALK": "N", "OVERLOOK": "No", "HAND_DUNE": "No", "HAND_OVRLK": "No", "HAND_BEACH": "No", "HAND_PRKG": 0.0, "RESTRM": "N", "SHOWER": "N", "PIC_TABLE": "No", "VEH_ACCESS": "No", "BIKE_RACK": "No", "SURV_DATE": 1051833600000.0, "COMMENT_": " ", "PRKG_COMMENTS": null, "COUNTY": "Carteret", "DCM_RO": "Morehead City Regional Office", "NCDCM_ID": 443.0, "PHOTO": "EI43.png", "PRK_FEE": null, "DCM_Funded": "N", "CONTRACT_YR": null, "CONTRACT_NUM": null, "ACESS_TYPE": "Beach", "KayakCanoeLaunch": "No", "PARKING_OPTIONS": "No Parking", "BeachWheelchair": "Y", "BWC_Info": "https://www.emeraldisle-nc.org/170/Beach-Wheel-Chair-Program", "PaidParkURL": "n/a", "WaterAccessTYPE": "Ocean", "BeachMat": null, "Land_Status": "Municipality", "NEAR_FID": 111.0, "NEAR_DIST": 550.55024463802795, "ACCESSIBILITY_NOTES": null, "LIFEGUARDS": null }, "geometry": { "type": "Point", "coordinates": [ -76.939375691230495, 34.678616989318506 ] } },
{ "type": "Feature", "properties": { "ACCESS_ID": "EI-69", "OBJECTID": 113, "PLACE": "Emerald Isle", "ACCESS_LOC": "Ocean Dr. and 16th St.", "LOCL_SPONS": " ", "CAMA_SIGN": "Yes", "PARKING": 0.0, "DUNE_WALK": "N", "OVERLOOK": "No", "HAND_DUNE": "No", "HAND_OVRLK": "No", "HAND_BEACH": "No", "HAND_PRKG": 0.0, "RESTRM": "N", "SHOWER": "N", "PIC_TABLE": "No", "VEH_ACCESS": "E", "BIKE_RACK": "No", "SURV_DATE": 1051833600000.0, "COMMENT_": "", "PRKG_COMMENTS": null, "COUNTY": "Carteret", "DCM_RO": "Morehead City Regional Office", "NCDCM_ID": 444.0, "PHOTO": "EI42.png", "PRK_FEE": null, "DCM_Funded": "N", "CONTRACT_YR": null, "CONTRACT_NUM": null, "ACESS_TYPE": "Beach", "KayakCanoeLaunch": "No", "PARKING_OPTIONS": "No Parking", "BeachWheelchair": "Y", "BWC_Info": "https://www.emeraldisle-nc.org/170/Beach-Wheel-Chair-Program", "PaidParkURL": "n/a", "WaterAccessTYPE": "Ocean", "BeachMat": null, "Land_Status": "Municipality", "NEAR_FID": 114.0, "NEAR_DIST": 542.65185519877286, "ACCESSIBILITY_NOTES": null, "LIFEGUARDS": null }, "geometry": { "type": "Point", "coordinates": [ -76.937560605672999, 34.67891143245739 ] } },
{ "type": "Feature", "properties": { "ACCESS_ID": "EI-70", "OBJECTID": 114, "PLACE": "Emerald Isle", "ACCESS_LOC": "Ocean Dr. and 15th St.", "LOCL_SPONS": " ", "CAMA_SIGN": "Yes", "PARKING": 0.0, "DUNE_WALK": "Y", "OVERLOOK": "Yes", "HAND_DUNE": "No", "HAND_OVRLK": "No", "HAND_BEACH": "No", "HAND_PRKG": 0.0, "RESTRM": "N", "SHOWER": "N", "PIC_TABLE": "No", "VEH_ACCESS": "No", "BIKE_RACK": "Yes", "SURV_DATE": 1051833600000.0, "COMMENT_": " ", "PRKG_COMMENTS": null, "COUNTY": "Carteret", "DCM_RO": "Morehead City Regional Office", "NCDCM_ID": 445.0, "PHOTO": "EI41.png", "PRK_FEE": null, "DCM_Funded": "N", "CONTRACT_YR": null, "CONTRACT_NUM": null, "ACESS_TYPE": "Beach", "KayakCanoeLaunch": "No", "PARKING_OPTIONS": "No Parking", "BeachWheelchair": "Y", "BWC_Info": "https://www.emeraldisle-nc.org/170/Beach-Wheel-Chair-Program", "PaidParkURL": "n/a", "WaterAccessTYPE": "Ocean", "BeachMat": null, "Land_Status": "Municipality", "NEAR_FID": 113.0, "NEAR_DIST": 542.65185519877286, "ACCESSIBILITY_NOTES": null, "LIFEGUARDS": null }, "geometry": { "type": "Point", "coordinates": [ -76.935788167633703, 34.679193265903017 ] } },
{ "type": "Feature", "properties": { "ACCESS_ID": "EI-71", "OBJECTID": 115, "PLACE": "Emerald Isle", "ACCESS_LOC": "Ocean Dr. and 14th St.", "LOCL_SPONS": " ", "CAMA_SIGN": "Yes", "PARKING": 0.0, "DUNE_WALK": "Y", "OVERLOOK": "No", "HAND_DUNE": "No", "HAND_OVRLK": "No", "HAND_BEACH": "No", "HAND_PRKG": 0.0, "RESTRM": "N", "SHOWER": "N", "PIC_TABLE": "No", "VEH_ACCESS": "No", "BIKE_RACK": "Yes", "SURV_DATE": 1051833600000.0, "COMMENT_": " ", "PRKG_COMMENTS": null, "COUNTY": "Carteret", "DCM_RO": "Morehead City Regional Office", "NCDCM_ID": 446.0, "PHOTO": "EI40.png", "PRK_FEE": null, "DCM_Funded": "N", "CONTRACT_YR": null, "CONTRACT_NUM": null, "ACESS_TYPE": "Beach", "KayakCanoeLaunch": "No", "PARKING_OPTIONS": "No Parking", "BeachWheelchair": "Y", "BWC_Info": "https://www.emeraldisle-nc.org/170/Beach-Wheel-Chair-Program", "PaidParkURL": "n/a", "WaterAccessTYPE": "Ocean", "BeachMat": null, "Land_Status": "Municipality", "NEAR_FID": 116.0, "NEAR_DIST": 545.28057376509344, "ACCESSIBILITY_NOTES": null, "LIFEGUARDS": null }, "geometry": { "type": "Point", "coordinates": [ -76.933995648654502, 34.679477844240196 ] } },
{ "type": "Feature", "properties": { "ACCESS_ID": "EI-72", "OBJECTID": 116, "PLACE": "Emerald Isle", "ACCESS_LOC": "Ocean Dr. and 13th St.", "LOCL_SPONS": " ", "CAMA_SIGN": "Yes", "PARKING": 0.0, "DUNE_WALK": "N", "OVERLOOK": "No", "HAND_DUNE": "No", "HAND_OVRLK": "No", "HAND_BEACH": "No", "HAND_PRKG": 0.0, "RESTRM": "N", "SHOWER": "N", "PIC_TABLE": "No", "VEH_ACCESS": "No", "BIKE_RACK": "No", "SURV_DATE": 1051833600000.0, "COMMENT_": " ", "PRKG_COMMENTS": null, "COUNTY": "Carteret", "DCM_RO": "Morehead City Regional Office", "NCDCM_ID": 447.0, "PHOTO": "EI39.png", "PRK_FEE": null, "DCM_Funded": "N", "CONTRACT_YR": null, "CONTRACT_NUM": null, "ACESS_TYPE": "Beach", "KayakCanoeLaunch": "No", "PARKING_OPTIONS": "No Parking", "BeachWheelchair": "Y", "BWC_Info": "https://www.emeraldisle-nc.org/170/Beach-Wheel-Chair-Program", "PaidParkURL": "n/a", "WaterAccessTYPE": "Ocean", "BeachMat": null, "Land_Status": "Municipality", "NEAR_FID": 115.0, "NEAR_DIST": 545.28057376509344, "ACCESSIBILITY_NOTES": null, "LIFEGUARDS": null }, "geometry": { "type": "Point", "coordinates": [ -76.932205184122395, 34.679717054998484 ] } },
{ "type": "Feature", "properties": { "ACCESS_ID": "EI-73", "OBJECTID": 410, "PLACE": "Emerald Isle", "ACCESS_LOC": "Ocean Dr. and 12th St.", "LOCL_SPONS": " ", "CAMA_SIGN": "Yes", "PARKING": 0.0, "DUNE_WALK": "N", "OVERLOOK": "No", "HAND_DUNE": "No", "HAND_OVRLK": "No", "HAND_BEACH": "No", "HAND_PRKG": 0.0, "RESTRM": "N", "SHOWER": "N", "PIC_TABLE": "No", "VEH_ACCESS": "No", "BIKE_RACK": "No", "SURV_DATE": 1051833600000.0, "COMMENT_": " ", "PRKG_COMMENTS": null, "COUNTY": "Carteret", "DCM_RO": "Morehead City Regional Office", "NCDCM_ID": 448.0, "PHOTO": "EI38.png", "PRK_FEE": null, "DCM_Funded": "N", "CONTRACT_YR": null, "CONTRACT_NUM": null, "ACESS_TYPE": "Beach", "KayakCanoeLaunch": "No", "PARKING_OPTIONS": "No Parking", "BeachWheelchair": "Y", "BWC_Info": "https://www.emeraldisle-nc.org/170/Beach-Wheel-Chair-Program", "PaidParkURL": "n/a", "WaterAccessTYPE": "Ocean", "BeachMat": null, "Land_Status": "Municipality", "NEAR_FID": 412.0, "NEAR_DIST": 537.05663712275862, "ACCESSIBILITY_NOTES": null, "LIFEGUARDS": null }, "geometry": { "type": "Point", "coordinates": [ -76.930365188282096, 34.679998125556203 ] } },
{ "type": "Feature", "properties": { "ACCESS_ID": "EI-74", "OBJECTID": 412, "PLACE": "Emerald Isle", "ACCESS_LOC": "Ocean Dr. and 11th St.", "LOCL_SPONS": " ", "CAMA_SIGN": "Yes", "PARKING": 0.0, "DUNE_WALK": "Y", "OVERLOOK": "Yes", "HAND_DUNE": "No", "HAND_OVRLK": "No", "HAND_BEACH": "No", "HAND_PRKG": 0.0, "RESTRM": "N", "SHOWER": "N", "PIC_TABLE": "No", "VEH_ACCESS": "No", "BIKE_RACK": "No", "SURV_DATE": 1051833600000.0, "COMMENT_": " ", "PRKG_COMMENTS": null, "COUNTY": "Carteret", "DCM_RO": "Morehead City Regional Office", "NCDCM_ID": 449.0, "PHOTO": "EI37.png", "PRK_FEE": null, "DCM_Funded": "N", "CONTRACT_YR": null, "CONTRACT_NUM": null, "ACESS_TYPE": "Beach", "KayakCanoeLaunch": "No", "PARKING_OPTIONS": "No Parking", "BeachWheelchair": "Y", "BWC_Info": "https://www.emeraldisle-nc.org/170/Beach-Wheel-Chair-Program", "PaidParkURL": "n/a", "WaterAccessTYPE": "Ocean", "BeachMat": null, "Land_Status": "Municipality", "NEAR_FID": 410.0, "NEAR_DIST": 537.05663712275862, "ACCESSIBILITY_NOTES": null, "LIFEGUARDS": null }, "geometry": { "type": "Point", "coordinates": [ -76.928605411996699, 34.680251890567092 ] } },
{ "type": "Feature", "properties": { "ACCESS_ID": "EI-75", "OBJECTID": 414, "PLACE": "Emerald Isle", "ACCESS_LOC": "Ocean Dr. and 10th St.", "LOCL_SPONS": " ", "CAMA_SIGN": "Yes", "PARKING": 0.0, "DUNE_WALK": "Y", "OVERLOOK": "Yes", "HAND_DUNE": "No", "HAND_OVRLK": "No", "HAND_BEACH": "No", "HAND_PRKG": 0.0, "RESTRM": "N", "SHOWER": "N", "PIC_TABLE": "No", "VEH_ACCESS": "No", "BIKE_RACK": "No", "SURV_DATE": 1051833600000.0, "COMMENT_": " ", "PRKG_COMMENTS": null, "COUNTY": "Carteret", "DCM_RO": "Morehead City Regional Office", "NCDCM_ID": 450.0, "PHOTO": "EI36.png", "PRK_FEE": null, "DCM_Funded": "N", "CONTRACT_YR": null, "CONTRACT_NUM": null, "ACESS_TYPE": "Beach", "KayakCanoeLaunch": "No", "PARKING_OPTIONS": "No Parking", "BeachWheelchair": "Y", "BWC_Info": "https://www.emeraldisle-nc.org/170/Beach-Wheel-Chair-Program", "PaidParkURL": "n/a", "WaterAccessTYPE": "Ocean", "BeachMat": null, "Land_Status": "Municipality", "NEAR_FID": 416.0, "NEAR_DIST": 550.49790213440224, "ACCESSIBILITY_NOTES": null, "LIFEGUARDS": null }, "geometry": { "type": "Point", "coordinates": [ -76.926792508447093, 34.680550302196302 ] } },
{ "type": "Feature", "properties": { "ACCESS_ID": "EI-76", "OBJECTID": 416, "PLACE": "Emerald Isle", "ACCESS_LOC": "Ocean Dr. and 9th St.", "LOCL_SPONS": " ", "CAMA_SIGN": "Yes", "PARKING": 0.0, "DUNE_WALK": "N", "OVERLOOK": "No", "HAND_DUNE": "No", "HAND_OVRLK": "No", "HAND_BEACH": "No", "HAND_PRKG": 0.0, "RESTRM": "N", "SHOWER": "N", "PIC_TABLE": "No", "VEH_ACCESS": "No", "BIKE_RACK": "Yes", "SURV_DATE": 1051833600000.0, "COMMENT_": " ", "PRKG_COMMENTS": null, "COUNTY": "Carteret", "DCM_RO": "Morehead City Regional Office", "NCDCM_ID": 451.0, "PHOTO": "EI35.png", "PRK_FEE": null, "DCM_Funded": "N", "CONTRACT_YR": null, "CONTRACT_NUM": null, "ACESS_TYPE": "Beach", "KayakCanoeLaunch": "No", "PARKING_OPTIONS": "No Parking", "BeachWheelchair": "Y", "BWC_Info": "https://www.emeraldisle-nc.org/170/Beach-Wheel-Chair-Program", "PaidParkURL": "n/a", "WaterAccessTYPE": "Ocean", "BeachMat": null, "Land_Status": "Municipality", "NEAR_FID": 418.0, "NEAR_DIST": 544.89046676173473, "ACCESSIBILITY_NOTES": null, "LIFEGUARDS": null }, "geometry": { "type": "Point", "coordinates": [ -76.924988650932406, 34.680810290673293 ] } },
{ "type": "Feature", "properties": { "ACCESS_ID": "EI-77", "OBJECTID": 418, "PLACE": "Emerald Isle", "ACCESS_LOC": "Ocean Dr. and 8th St.", "LOCL_SPONS": " ", "CAMA_SIGN": "Yes", "PARKING": 0.0, "DUNE_WALK": "Y", "OVERLOOK": "No", "HAND_DUNE": "No", "HAND_OVRLK": "No", "HAND_BEACH": "No", "HAND_PRKG": 0.0, "RESTRM": "N", "SHOWER": "N", "PIC_TABLE": "No", "VEH_ACCESS": "No", "BIKE_RACK": "No", "SURV_DATE": 1051833600000.0, "COMMENT_": " ", "PRKG_COMMENTS": null, "COUNTY": "Carteret", "DCM_RO": "Morehead City Regional Office", "NCDCM_ID": 452.0, "PHOTO": "EI34.png", "PRK_FEE": null, "DCM_Funded": "N", "CONTRACT_YR": null, "CONTRACT_NUM": null, "ACESS_TYPE": "Beach", "KayakCanoeLaunch": "No", "PARKING_OPTIONS": "No Parking", "BeachWheelchair": "Y", "BWC_Info": "https://www.emeraldisle-nc.org/170/Beach-Wheel-Chair-Program", "PaidParkURL": "n/a", "WaterAccessTYPE": "Ocean", "BeachMat": null, "Land_Status": "Municipality", "NEAR_FID": 416.0, "NEAR_DIST": 544.89046676173473, "ACCESSIBILITY_NOTES": null, "LIFEGUARDS": null }, "geometry": { "type": "Point", "coordinates": [ -76.923201973697502, 34.681061943429299 ] } },
{ "type": "Feature", "properties": { "ACCESS_ID": "EI-80", "OBJECTID": 770, "PLACE": "Emerald Isle", "ACCESS_LOC": "Ocean Dr & 5th St", "LOCL_SPONS": "Emerald Isle", "CAMA_SIGN": "Yes", "PARKING": 0.0, "DUNE_WALK": "Y", "OVERLOOK": "Yes", "HAND_DUNE": "No", "HAND_OVRLK": "No", "HAND_BEACH": "No", "HAND_PRKG": 0.0, "RESTRM": "N", "SHOWER": "N", "PIC_TABLE": "No", "VEH_ACCESS": "No", "BIKE_RACK": "No", "SURV_DATE": 1779926400000.0, "COMMENT_": "", "PRKG_COMMENTS": null, "COUNTY": "Carteret", "DCM_RO": "Morehead City Regional Office", "NCDCM_ID": null, "PHOTO": null, "PRK_FEE": null, "DCM_Funded": "N", "CONTRACT_YR": null, "CONTRACT_NUM": null, "ACESS_TYPE": "Beach", "KayakCanoeLaunch": "No", "PARKING_OPTIONS": "No Parking", "BeachWheelchair": "Y", "BWC_Info": "https://www.emeraldisle-nc.org/170/Beach-Wheel-Chair-Program", "PaidParkURL": "n/a", "WaterAccessTYPE": "Ocean", "BeachMat": null, "Land_Status": "Municipality", "NEAR_FID": 420.0, "NEAR_DIST": 829.54716866595402, "ACCESSIBILITY_NOTES": null, "LIFEGUARDS": "No" }, "geometry": { "type": "Point", "coordinates": [ -76.917807719773805, 34.6818533810914 ] } },
{ "type": "Feature", "properties": { "ACCESS_ID": "3rd Street Park", "OBJECTID": 420, "PLACE": "Emerald Isle", "ACCESS_LOC": "Ocean Dr. and 3rd St.", "LOCL_SPONS": "Emerald Isle", "CAMA_SIGN": "Yes", "PARKING": 9.0, "DUNE_WALK": "Y", "OVERLOOK": "Yes", "HAND_DUNE": "Yes", "HAND_OVRLK": "Yes", "HAND_BEACH": "No", "HAND_PRKG": 1.0, "RESTRM": "N", "SHOWER": "N", "PIC_TABLE": "Yes", "VEH_ACCESS": "No", "BIKE_RACK": "No", "SURV_DATE": 1526342400000.0, "COMMENT_": "Located less than 0.5 miles west of Emerald Isle/Indian Beach town boundary", "PRKG_COMMENTS": "Gravel Lot", "COUNTY": "Carteret", "DCM_RO": "Morehead City Regional Office", "NCDCM_ID": 453.0, "PHOTO": "EI32.png", "PRK_FEE": "No", "DCM_Funded": "Y", "CONTRACT_YR": null, "CONTRACT_NUM": null, "ACESS_TYPE": "Beach", "KayakCanoeLaunch": "No", "PARKING_OPTIONS": "Onsite Parking", "BeachWheelchair": "Y", "BWC_Info": "https://www.emeraldisle-nc.org/170/Beach-Wheel-Chair-Program", "PaidParkURL": "n/a", "WaterAccessTYPE": "Ocean", "BeachMat": null, "Land_Status": "Municipality", "NEAR_FID": 422.0, "NEAR_DIST": 813.61332596403236, "ACCESSIBILITY_NOTES": null, "LIFEGUARDS": null }, "geometry": { "type": "Point", "coordinates": [ -76.915074661098899, 34.682167273134802 ] } },
{ "type": "Feature", "properties": { "ACCESS_ID": "EI-82", "OBJECTID": 422, "PLACE": "Emerald Isle", "ACCESS_LOC": "Ocean Dr. and 2nd Street.", "LOCL_SPONS": " ", "CAMA_SIGN": "Yes", "PARKING": 0.0, "DUNE_WALK": "N", "OVERLOOK": "No", "HAND_DUNE": "No", "HAND_OVRLK": "No", "HAND_BEACH": "No", "HAND_PRKG": 0.0, "RESTRM": "N", "SHOWER": "N", "PIC_TABLE": "No", "VEH_ACCESS": "No", "BIKE_RACK": "No", "SURV_DATE": 1051833600000.0, "COMMENT_": " ", "PRKG_COMMENTS": null, "COUNTY": "Carteret", "DCM_RO": "Morehead City Regional Office", "NCDCM_ID": 454.0, "PHOTO": "EI31.png", "PRK_FEE": null, "DCM_Funded": "N", "CONTRACT_YR": null, "CONTRACT_NUM": null, "ACESS_TYPE": "Beach", "KayakCanoeLaunch": "No", "PARKING_OPTIONS": "No Parking", "BeachWheelchair": "Y", "BWC_Info": "https://www.emeraldisle-nc.org/170/Beach-Wheel-Chair-Program", "PaidParkURL": "n/a", "WaterAccessTYPE": "Ocean", "BeachMat": null, "Land_Status": "Municipality", "NEAR_FID": 424.0, "NEAR_DIST": 561.3779498957224, "ACCESSIBILITY_NOTES": null, "LIFEGUARDS": null }, "geometry": { "type": "Point", "coordinates": [ -76.912435145791093, 34.682661078087392 ] } },
{ "type": "Feature", "properties": { "ACCESS_ID": "EI-84", "OBJECTID": 424, "PLACE": "Emerald Isle", "ACCESS_LOC": "Ocean Dr. and 1st St.", "LOCL_SPONS": " ", "CAMA_SIGN": "Yes", "PARKING": 0.0, "DUNE_WALK": "Y", "OVERLOOK": "No", "HAND_DUNE": "No", "HAND_OVRLK": "No", "HAND_BEACH": "No", "HAND_PRKG": 0.0, "RESTRM": "N", "SHOWER": "N", "PIC_TABLE": "No", "VEH_ACCESS": "No", "BIKE_RACK": "No", "SURV_DATE": 1051833600000.0, "COMMENT_": " ", "PRKG_COMMENTS": null, "COUNTY": "Carteret", "DCM_RO": "Morehead City Regional Office", "NCDCM_ID": 455.0, "PHOTO": "EI30.png", "PRK_FEE": null, "DCM_Funded": "N", "CONTRACT_YR": null, "CONTRACT_NUM": null, "ACESS_TYPE": "Beach", "KayakCanoeLaunch": "No", "PARKING_OPTIONS": "No Parking", "BeachWheelchair": "Y", "BWC_Info": "https://www.emeraldisle-nc.org/170/Beach-Wheel-Chair-Program", "PaidParkURL": "n/a", "WaterAccessTYPE": "Ocean", "BeachMat": null, "Land_Status": "Municipality", "NEAR_FID": 422.0, "NEAR_DIST": 561.3779498957224, "ACCESSIBILITY_NOTES": null, "LIFEGUARDS": null }, "geometry": { "type": "Point", "coordinates": [ -76.910591160532704, 34.682904308504106 ] } },
{ "type": "Feature", "properties": { "ACCESS_ID": "1829 Salter Path Rd", "OBJECTID": 816, "PLACE": "Indian Beach", "ACCESS_LOC": "1829 Salter Path Rd", "LOCL_SPONS": "Indian Beach", "CAMA_SIGN": "No", "PARKING": 14.0, "DUNE_WALK": "Y", "OVERLOOK": "No", "HAND_DUNE": "No", "HAND_OVRLK": "No", "HAND_BEACH": "No", "HAND_PRKG": 1.0, "RESTRM": "N", "SHOWER": "N", "PIC_TABLE": "No", "VEH_ACCESS": "No", "BIKE_RACK": "No", "SURV_DATE": 1613485579976.0, "COMMENT_": null, "PRKG_COMMENTS": "", "COUNTY": "Carteret", "DCM_RO": "Morehead City Regional Office", "NCDCM_ID": null, "PHOTO": null, "PRK_FEE": "No", "DCM_Funded": "Y", "CONTRACT_YR": null, "CONTRACT_NUM": null, "ACESS_TYPE": "Beach", "KayakCanoeLaunch": "No", "PARKING_OPTIONS": "Onsite Parking", "BeachWheelchair": "N", "BWC_Info": "n/a", "PaidParkURL": "n/a", "WaterAccessTYPE": "Ocean", "BeachMat": null, "Land_Status": "Municipality", "NEAR_FID": 424.0, "NEAR_DIST": 1078.3347913631426, "ACCESSIBILITY_NOTES": null, "LIFEGUARDS": null }, "geometry": { "type": "Point", "coordinates": [ -76.907116396165307, 34.683639561500591 ] } },
{ "type": "Feature", "properties": { "ACCESS_ID": "Ocean Club Neighborhood Beach Access", "OBJECTID": 825, "PLACE": "Indian Beach", "ACCESS_LOC": "Salter Path Rd MM 11 1/2", "LOCL_SPONS": "Indian Beach", "CAMA_SIGN": "Yes", "PARKING": 9.0, "DUNE_WALK": "Y", "OVERLOOK": null, "HAND_DUNE": null, "HAND_OVRLK": null, "HAND_BEACH": null, "HAND_PRKG": 1.0, "RESTRM": "N", "SHOWER": "N", "PIC_TABLE": "N", "VEH_ACCESS": "No", "BIKE_RACK": "Y", "SURV_DATE": 1617197200000.0, "COMMENT_": null, "PRKG_COMMENTS": "Parking is north of Hwy 58", "COUNTY": "Carteret", "DCM_RO": "MHC", "NCDCM_ID": null, "PHOTO": null, "PRK_FEE": "N", "DCM_Funded": "Y", "CONTRACT_YR": "2003-2004", "CONTRACT_NUM": "BA04-008", "ACESS_TYPE": "Beach", "KayakCanoeLaunch": "N", "PARKING_OPTIONS": "Onsite Parking", "BeachWheelchair": "N", "BWC_Info": "n/a", "PaidParkURL": "n/a", "WaterAccessTYPE": "Ocean", "BeachMat": null, "Land_Status": "Municipality", "NEAR_FID": 449.0, "NEAR_DIST": 2222.125650297849, "ACCESSIBILITY_NOTES": null, "LIFEGUARDS": null }, "geometry": { "type": "Point", "coordinates": [ -76.899008815960201, 34.685999229784208 ] } },
{ "type": "Feature", "properties": { "ACCESS_ID": "Indian Beach Access", "OBJECTID": 449, "PLACE": "Indian Beach", "ACCESS_LOC": "1437 Salter Path Road", "LOCL_SPONS": " ", "CAMA_SIGN": "Yes", "PARKING": 36.0, "DUNE_WALK": "Y", "OVERLOOK": "No", "HAND_DUNE": "No", "HAND_OVRLK": "No", "HAND_BEACH": "Y", "HAND_PRKG": 1.0, "RESTRM": "N", "SHOWER": "N", "PIC_TABLE": "No", "VEH_ACCESS": "S", "BIKE_RACK": "Yes", "SURV_DATE": 1051833600000.0, "COMMENT_": "Located in the middle of Bogue Banks, adjacent to Squatter's Campground and across the Street to the south of the Salter Path Post Office", "PRKG_COMMENTS": null, "COUNTY": "Carteret", "DCM_RO": "Morehead City Regional Office", "NCDCM_ID": 500.0, "PHOTO": "IB29.png", "PRK_FEE": "No", "DCM_Funded": "Y", "CONTRACT_YR": null, "CONTRACT_NUM": "", "ACESS_TYPE": "Beach", "KayakCanoeLaunch": "No", "PARKING_OPTIONS": "Onsite Parking", "BeachWheelchair": "N", "BWC_Info": "n/a", "PaidParkURL": "n/a", "WaterAccessTYPE": "Ocean", "BeachMat": null, "Land_Status": "Municipality", "NEAR_FID": 569.0, "NEAR_DIST": 733.438406255411, "ACCESSIBILITY_NOTES": null, "LIFEGUARDS": null }, "geometry": { "type": "Point", "coordinates": [ -76.89161693522, 34.685996232263307 ] } },
{ "type": "Feature", "properties": { "ACCESS_ID": "Baptist Children's Lot", "OBJECTID": 569, "PLACE": "Indian Beach", "ACCESS_LOC": "Salter Path Road", "LOCL_SPONS": " ", "CAMA_SIGN": "Yes", "PARKING": 9.0, "DUNE_WALK": "Y", "OVERLOOK": "No", "HAND_DUNE": "Yes", "HAND_OVRLK": "No", "HAND_BEACH": "No", "HAND_PRKG": 1.0, "RESTRM": "N", "SHOWER": "N", "PIC_TABLE": "No", "VEH_ACCESS": "No", "BIKE_RACK": "Yes", "SURV_DATE": 1192665600000.0, "COMMENT_": " ", "PRKG_COMMENTS": null, "COUNTY": "Carteret", "DCM_RO": "Morehead City Regional Office", "NCDCM_ID": 1007.0, "PHOTO": "ib2baptistlot.png", "PRK_FEE": "No", "DCM_Funded": "N", "CONTRACT_YR": null, "CONTRACT_NUM": null, "ACESS_TYPE": "Beach", "KayakCanoeLaunch": "No", "PARKING_OPTIONS": "Onsite Parking", "BeachWheelchair": "N", "BWC_Info": "n/a", "PaidParkURL": "n/a", "WaterAccessTYPE": "Ocean", "BeachMat": null, "Land_Status": "County", "NEAR_FID": 449.0, "NEAR_DIST": 733.438406255411, "ACCESSIBILITY_NOTES": null, "LIFEGUARDS": null }, "geometry": { "type": "Point", "coordinates": [ -76.890002023053995, 34.687506899597516 ] } },
{ "type": "Feature", "properties": { "ACCESS_ID": "Salter Path Access", "OBJECTID": 452, "PLACE": "Salter Path", "ACCESS_LOC": "1019 Salter Path Road", "LOCL_SPONS": "Carteret County/State of NC", "CAMA_SIGN": "Yes", "PARKING": 75.0, "DUNE_WALK": "Y", "OVERLOOK": "Yes", "HAND_DUNE": "Yes", "HAND_OVRLK": "Yes", "HAND_BEACH": "No", "HAND_PRKG": 2.0, "RESTRM": "Y", "SHOWER": "Y", "PIC_TABLE": "Yes", "VEH_ACCESS": "No", "BIKE_RACK": "Yes", "SURV_DATE": 1615334400000.0, "COMMENT_": "Located in the middle of Bogue Banks, in between Hoffman Beach Rd. and Frost Lane", "PRKG_COMMENTS": null, "COUNTY": "Carteret", "DCM_RO": "Morehead City Regional Office", "NCDCM_ID": 501.0, "PHOTO": "SP28.png", "PRK_FEE": "No", "DCM_Funded": "Y", "CONTRACT_YR": null, "CONTRACT_NUM": null, "ACESS_TYPE": "Beach", "KayakCanoeLaunch": "No", "PARKING_OPTIONS": "Onsite Parking", "BeachWheelchair": "N", "BWC_Info": "n/a", "PaidParkURL": "n/a", "WaterAccessTYPE": "Ocean", "BeachMat": null, "Land_Status": "County", "NEAR_FID": 569.0, "NEAR_DIST": 2674.0578178086234, "ACCESSIBILITY_NOTES": null, "LIFEGUARDS": null }, "geometry": { "type": "Point", "coordinates": [ -76.881187795707007, 34.688497552568997 ] } },
{ "type": "Feature", "properties": { "ACCESS_ID": "Ocean Glen", "OBJECTID": 316, "PLACE": "Pine Knoll Shores", "ACCESS_LOC": "649 Salter Path Road", "LOCL_SPONS": " ", "CAMA_SIGN": "Yes", "PARKING": 20.0, "DUNE_WALK": "Y", "OVERLOOK": "Yes", "HAND_DUNE": "Yes", "HAND_OVRLK": "Yes", "HAND_BEACH": "No", "HAND_PRKG": 2.0, "RESTRM": "N", "SHOWER": "Y", "PIC_TABLE": "No", "VEH_ACCESS": "No", "BIKE_RACK": "No", "SURV_DATE": 1628812800000.0, "COMMENT_": "", "PRKG_COMMENTS": "Parking across the street under the water tower.", "COUNTY": "Carteret", "DCM_RO": "Morehead City Regional Office", "NCDCM_ID": 140.0, "PHOTO": "PK27.png", "PRK_FEE": "No", "DCM_Funded": "Y", "CONTRACT_YR": null, "CONTRACT_NUM": null, "ACESS_TYPE": "Beach", "KayakCanoeLaunch": "No", "PARKING_OPTIONS": "Onsite Parking", "BeachWheelchair": "Y", "BWC_Info": "The town has two ADA-compliant beach-capable wheelchairs. Chairs are located at the Fire Station 314 Salter Path Road. Phone: (252) 247-2268", "PaidParkURL": "n/a", "WaterAccessTYPE": "Ocean", "BeachMat": null, "Land_Status": "Municipality", "NEAR_FID": 745.0, "NEAR_DIST": 1494.717733836274, "ACCESSIBILITY_NOTES": null, "LIFEGUARDS": null }, "geometry": { "type": "Point", "coordinates": [ -76.865341991998903, 34.690184326397407 ] } },
{ "type": "Feature", "properties": { "ACCESS_ID": "Beacon's Reach West Access Parking", "OBJECTID": 745, "PLACE": "Pine Knoll Shores", "ACCESS_LOC": "Oceanside parking located across the street from the Trinity Center entrance", "LOCL_SPONS": "Pine Knoll Shores", "CAMA_SIGN": "Yes", "PARKING": 9.0, "DUNE_WALK": "N", "OVERLOOK": "No", "HAND_DUNE": "No", "HAND_OVRLK": "No", "HAND_BEACH": "No", "HAND_PRKG": 1.0, "RESTRM": "N", "SHOWER": "N", "PIC_TABLE": "No", "VEH_ACCESS": "No", "BIKE_RACK": "No", "SURV_DATE": 1500854400000.0, "COMMENT_": "Nearest access site is Beacon's Reach West", "PRKG_COMMENTS": "Access Parking Only", "COUNTY": "Carteret", "DCM_RO": "Morehead City Regional Office", "NCDCM_ID": null, "PHOTO": null, "PRK_FEE": "No", "DCM_Funded": "N", "CONTRACT_YR": null, "CONTRACT_NUM": null, "ACESS_TYPE": null, "KayakCanoeLaunch": "No", "PARKING_OPTIONS": "Parking off-site", "BeachWheelchair": "Y", "BWC_Info": "The town has two ADA-compliant beach-capable wheelchairs. Chairs are located at the Fire Station 314 Salter Path Road. Phone: (252) 247-2268", "PaidParkURL": "n/a", "WaterAccessTYPE": "Parking Lot", "BeachMat": null, "Land_Status": "Municipality", "NEAR_FID": 746.0, "NEAR_DIST": 1045.4670056988973, "ACCESSIBILITY_NOTES": null, "LIFEGUARDS": null }, "geometry": { "type": "Point", "coordinates": [ -76.860415519589694, 34.690741479928398 ] } },
{ "type": "Feature", "properties": { "ACCESS_ID": "Beacons Reach West", "OBJECTID": 746, "PLACE": "Pine Knoll Shores", "ACCESS_LOC": "586 Salter Path Rd", "LOCL_SPONS": "Pine Knoll Shores", "CAMA_SIGN": null, "PARKING": 0.0, "DUNE_WALK": "Y", "OVERLOOK": "Yes", "HAND_DUNE": "No", "HAND_OVRLK": "Yes", "HAND_BEACH": "No", "HAND_PRKG": 0.0, "RESTRM": "N", "SHOWER": "N", "PIC_TABLE": "Yes", "VEH_ACCESS": "No", "BIKE_RACK": "Yes", "SURV_DATE": 1500854400000.0, "COMMENT_": "Nearest Parking is across from the Trinity Center", "PRKG_COMMENTS": "Parking across from Trinity Center", "COUNTY": "Carteret", "DCM_RO": "Morehead City Regional Office", "NCDCM_ID": null, "PHOTO": null, "PRK_FEE": null, "DCM_Funded": "N", "CONTRACT_YR": null, "CONTRACT_NUM": null, "ACESS_TYPE": "Beach", "KayakCanoeLaunch": "No", "PARKING_OPTIONS": "Parking off-site", "BeachWheelchair": "Y", "BWC_Info": "The town has two ADA-compliant beach-capable wheelchairs. Chairs are located at the Fire Station 314 Salter Path Road. Phone: (252) 247-2268", "PaidParkURL": "n/a", "WaterAccessTYPE": "Ocean", "BeachMat": null, "Land_Status": "Municipality", "NEAR_FID": 745.0, "NEAR_DIST": 1045.4670056988973, "ACCESSIBILITY_NOTES": null, "LIFEGUARDS": null }, "geometry": { "type": "Point", "coordinates": [ -76.856961170335495, 34.691075539648516 ] } },
{ "type": "Feature", "properties": { "ACCESS_ID": "Beacons Reach East", "OBJECTID": 752, "PLACE": "Pine Knoll Shores", "ACCESS_LOC": "Near 520 Salter Path Rd", "LOCL_SPONS": "Pine Knoll Shores", "CAMA_SIGN": "No", "PARKING": 0.0, "DUNE_WALK": "N", "OVERLOOK": "Yes", "HAND_DUNE": "No", "HAND_OVRLK": "Yes", "HAND_BEACH": "No", "HAND_PRKG": 0.0, "RESTRM": "N", "SHOWER": "N", "PIC_TABLE": "No", "VEH_ACCESS": "No", "BIKE_RACK": "No", "SURV_DATE": 1500854400000.0, "COMMENT_": "", "PRKG_COMMENTS": "Nearest parking is across from the Clamdigger.", "COUNTY": "Carteret", "DCM_RO": "Morehead City Regional Office", "NCDCM_ID": null, "PHOTO": null, "PRK_FEE": null, "DCM_Funded": "N", "CONTRACT_YR": null, "CONTRACT_NUM": null, "ACESS_TYPE": "Beach", "KayakCanoeLaunch": "No", "PARKING_OPTIONS": "Parking off-site", "BeachWheelchair": "Y", "BWC_Info": "The town has two ADA-compliant beach-capable wheelchairs. Chairs are located at the Fire Station 314 Salter Path Road. Phone: (252) 247-2268", "PaidParkURL": "n/a", "WaterAccessTYPE": "Ocean", "BeachMat": null, "Land_Status": "Municipality", "NEAR_FID": 747.0, "NEAR_DIST": 882.78570213123862, "ACCESSIBILITY_NOTES": null, "LIFEGUARDS": null }, "geometry": { "type": "Point", "coordinates": [ -76.848365566877504, 34.691934374917793 ] } },
{ "type": "Feature", "properties": { "ACCESS_ID": "Clamdigger", "OBJECTID": 747, "PLACE": "Pine Knoll Shores", "ACCESS_LOC": "Across the street from The Inn at Pine Knoll Shores", "LOCL_SPONS": "Pine Knoll Shores", "CAMA_SIGN": "Yes", "PARKING": 20.0, "DUNE_WALK": "Y", "OVERLOOK": "N", "HAND_DUNE": "N", "HAND_OVRLK": "N", "HAND_BEACH": "N", "HAND_PRKG": 1.0, "RESTRM": "N", "SHOWER": "N", "PIC_TABLE": "N", "VEH_ACCESS": "No", "BIKE_RACK": "N", "SURV_DATE": 1628812800000.0, "COMMENT_": null, "PRKG_COMMENTS": "Parking is located across the street from the Clam", "COUNTY": "Carteret", "DCM_RO": "Morehead City Regional Office", "NCDCM_ID": null, "PHOTO": null, "PRK_FEE": "No", "DCM_Funded": "Y", "CONTRACT_YR": null, "CONTRACT_NUM": null, "ACESS_TYPE": "Beach", "KayakCanoeLaunch": "No", "PARKING_OPTIONS": "Parking off-site", "BeachWheelchair": "Y", "BWC_Info": "The town has two ADA-compliant beach-capable wheelchairs. Chairs are located at the Fire Station 314 Salter Path Road. Phone: (252) 247-2268", "PaidParkURL": "n/a", "WaterAccessTYPE": "Ocean", "BeachMat": null, "Land_Status": "Municipality", "NEAR_FID": 752.0, "NEAR_DIST": 882.78570213123862, "ACCESSIBILITY_NOTES": null, "LIFEGUARDS": null }, "geometry": { "type": "Point", "coordinates": [ -76.845451127567003, 34.69223311227001 ] } },
{ "type": "Feature", "properties": { "ACCESS_ID": "Qualls", "OBJECTID": 748, "PLACE": "Pine Knoll Shores", "ACCESS_LOC": "448 Maritime Pl", "LOCL_SPONS": "Pine Knoll Shores", "CAMA_SIGN": "No", "PARKING": 0.0, "DUNE_WALK": "N", "OVERLOOK": "No", "HAND_DUNE": "No", "HAND_OVRLK": "No", "HAND_BEACH": "No", "HAND_PRKG": 0.0, "RESTRM": "N", "SHOWER": "N", "PIC_TABLE": "No", "VEH_ACCESS": "No", "BIKE_RACK": "No", "SURV_DATE": 1500854400000.0, "COMMENT_": "Walkway within the Beacons Reach/Maritime West subdivision.  ", "PRKG_COMMENTS": "Nearest parking is across from the Clamdigger.", "COUNTY": "Carteret", "DCM_RO": "Morehead City Regional Office", "NCDCM_ID": null, "PHOTO": null, "PRK_FEE": null, "DCM_Funded": "N", "CONTRACT_YR": null, "CONTRACT_NUM": null, "ACESS_TYPE": "Beach", "KayakCanoeLaunch": "No", "PARKING_OPTIONS": "Parking off-site", "BeachWheelchair": "Y", "BWC_Info": "The town has two ADA-compliant beach-capable wheelchairs. Chairs are located at the Fire Station 314 Salter Path Road. Phone: (252) 247-2268", "PaidParkURL": "n/a", "WaterAccessTYPE": "Ocean", "BeachMat": null, "Land_Status": "Municipality", "NEAR_FID": 747.0, "NEAR_DIST": 2252.9436921469392, "ACCESSIBILITY_NOTES": null, "LIFEGUARDS": null }, "geometry": { "type": "Point", "coordinates": [ -76.837972219838704, 34.692638390187803 ] } },
{ "type": "Feature", "properties": { "ACCESS_ID": "Iron Steamer Regional Access", "OBJECTID": 322, "PLACE": "Pine Knoll Shores", "ACCESS_LOC": "345 Salter Path Road", "LOCL_SPONS": "Pine Knoll Shores", "CAMA_SIGN": "Yes", "PARKING": 60.0, "DUNE_WALK": "Y", "OVERLOOK": "Yes", "HAND_DUNE": "Yes", "HAND_OVRLK": "Yes", "HAND_BEACH": "No", "HAND_PRKG": 2.0, "RESTRM": "Y", "SHOWER": "Y", "PIC_TABLE": "No", "VEH_ACCESS": "Emergency", "BIKE_RACK": "No", "SURV_DATE": 1615334400000.0, "COMMENT_": null, "PRKG_COMMENTS": "", "COUNTY": "Carteret", "DCM_RO": "Morehead City Regional Office", "NCDCM_ID": 142.0, "PHOTO": "PK25.png", "PRK_FEE": "Y", "DCM_Funded": "Y", "CONTRACT_YR": null, "CONTRACT_NUM": null, "ACESS_TYPE": "Beach", "KayakCanoeLaunch": "No", "PARKING_OPTIONS": "Onsite Parking", "BeachWheelchair": "Y", "BWC_Info": "The town has two ADA-compliant beach-capable wheelchairs. Chairs are located at the Fire Station 314 Salter Path Road. Phone: (252) 247-2268", "PaidParkURL": "https://www.townofpks.com/beaches", "WaterAccessTYPE": "Ocean", "BeachMat": null, "Land_Status": "Municipality", "NEAR_FID": 749.0, "NEAR_DIST": 1658.6620030181759, "ACCESSIBILITY_NOTES": null, "LIFEGUARDS": null }, "geometry": { "type": "Point", "coordinates": [ -76.828929184402398, 34.693451648527322 ] } },
{ "type": "Feature", "properties": { "ACCESS_ID": "Dayton Place", "OBJECTID": 749, "PLACE": "Pine Knoll Shores", "ACCESS_LOC": "315A Salter Path Rd", "LOCL_SPONS": "Pine Knoll Shores", "CAMA_SIGN": "No", "PARKING": 0.0, "DUNE_WALK": "N", "OVERLOOK": "No", "HAND_DUNE": "No", "HAND_OVRLK": "No", "HAND_BEACH": "No", "HAND_PRKG": 1.0, "RESTRM": "N", "SHOWER": "N", "PIC_TABLE": "No", "VEH_ACCESS": "No", "BIKE_RACK": "No", "SURV_DATE": 1628812800000.0, "COMMENT_": null, "PRKG_COMMENTS": "", "COUNTY": "Carteret", "DCM_RO": "Morehead City Regional Office", "NCDCM_ID": null, "PHOTO": null, "PRK_FEE": "No", "DCM_Funded": "N", "CONTRACT_YR": null, "CONTRACT_NUM": null, "ACESS_TYPE": "Beach", "KayakCanoeLaunch": "No", "PARKING_OPTIONS": "Parking off-site", "BeachWheelchair": "Y", "BWC_Info": "The town has two ADA-compliant beach-capable wheelchairs. Chairs are located at the Fire Station 314 Salter Path Road. Phone: (252) 247-2268", "PaidParkURL": "n/a", "WaterAccessTYPE": "Ocean", "BeachMat": null, "Land_Status": "Municipality", "NEAR_FID": 322.0, "NEAR_DIST": 1658.6620030181759, "ACCESSIBILITY_NOTES": null, "LIFEGUARDS": null }, "geometry": { "type": "Point", "coordinates": [ -76.823617008647801, 34.694685014760999 ] } },
{ "type": "Feature", "properties": { "ACCESS_ID": "Dogwood", "OBJECTID": 750, "PLACE": "Pine Knoll Shores", "ACCESS_LOC": "119 A Dogwood Circle", "LOCL_SPONS": "Pine Knoll Shores", "CAMA_SIGN": "Yes", "PARKING": 0.0, "DUNE_WALK": "N", "OVERLOOK": null, "HAND_DUNE": "No", "HAND_OVRLK": "No", "HAND_BEACH": "No", "HAND_PRKG": 0.0, "RESTRM": "N", "SHOWER": "N", "PIC_TABLE": "No", "VEH_ACCESS": "No", "BIKE_RACK": "No", "SURV_DATE": 1500854400000.0, "COMMENT_": "", "PRKG_COMMENTS": "Parking across the street at 256 Salter Path Rd", "COUNTY": "Carteret", "DCM_RO": "Morehead City Regional Office", "NCDCM_ID": null, "PHOTO": "mhc_pks_dogwood.jpg", "PRK_FEE": null, "DCM_Funded": "N", "CONTRACT_YR": null, "CONTRACT_NUM": null, "ACESS_TYPE": "Beach", "KayakCanoeLaunch": "No", "PARKING_OPTIONS": "Parking off-site", "BeachWheelchair": "Y", "BWC_Info": "The town has two ADA-compliant beach-capable wheelchairs. Chairs are located at the Fire Station 314 Salter Path Road. Phone: (252) 247-2268", "PaidParkURL": "n/a", "WaterAccessTYPE": "Ocean", "BeachMat": null, "Land_Status": "Municipality", "NEAR_FID": 744.0, "NEAR_DIST": 459.73622939882824, "ACCESSIBILITY_NOTES": null, "LIFEGUARDS": null }, "geometry": { "type": "Point", "coordinates": [ -76.813968209571001, 34.695051069745098 ] } },
{ "type": "Feature", "properties": { "ACCESS_ID": "Dogwood Parking", "OBJECTID": 744, "PLACE": "Pine Knoll Shores", "ACCESS_LOC": "256 Salter Path", "LOCL_SPONS": "Pine Knoll Shores", "CAMA_SIGN": "Yes", "PARKING": 9.0, "DUNE_WALK": "n/a", "OVERLOOK": "n/a", "HAND_DUNE": "n/a", "HAND_OVRLK": "n/a", "HAND_BEACH": "n/a", "HAND_PRKG": 1.0, "RESTRM": "N", "SHOWER": "N", "PIC_TABLE": "No", "VEH_ACCESS": "No", "BIKE_RACK": "No", "SURV_DATE": 1500854400000.0, "COMMENT_": "", "PRKG_COMMENTS": "Parking Only, access across the street on Dogwood ", "COUNTY": "Carteret", "DCM_RO": "Morehead City Regional Office", "NCDCM_ID": null, "PHOTO": null, "PRK_FEE": "No", "DCM_Funded": "Y", "CONTRACT_YR": null, "CONTRACT_NUM": null, "ACESS_TYPE": "Beach", "KayakCanoeLaunch": "No", "PARKING_OPTIONS": "Onsite Parking", "BeachWheelchair": "Y", "BWC_Info": "The town has two ADA-compliant beach-capable wheelchairs. Chairs are located at the Fire Station 314 Salter Path Road. Phone: (252) 247-2268", "PaidParkURL": "n/a", "WaterAccessTYPE": "Ocean", "BeachMat": null, "Land_Status": "Municipality", "NEAR_FID": 750.0, "NEAR_DIST": 459.73622939882824, "ACCESSIBILITY_NOTES": null, "LIFEGUARDS": null }, "geometry": { "type": "Point", "coordinates": [ -76.815188489831002, 34.695830861578202 ] } },
{ "type": "Feature", "properties": { "ACCESS_ID": "Memorial Park", "OBJECTID": 325, "PLACE": "Pine Knoll Shores", "ACCESS_LOC": "201 Salter Path Road", "LOCL_SPONS": "Pine Knoll Shores", "CAMA_SIGN": "Yes", "PARKING": 40.0, "DUNE_WALK": "Y", "OVERLOOK": "Yes", "HAND_DUNE": "Yes", "HAND_OVRLK": "Yes", "HAND_BEACH": "No", "HAND_PRKG": 2.0, "RESTRM": "Y", "SHOWER": "Y", "PIC_TABLE": "Yes", "VEH_ACCESS": "No", "BIKE_RACK": "Yes", "SURV_DATE": 1615334400000.0, "COMMENT_": null, "PRKG_COMMENTS": "", "COUNTY": "Carteret", "DCM_RO": "Morehead City Regional Office", "NCDCM_ID": 143.0, "PHOTO": "PK24.png", "PRK_FEE": "Y", "DCM_Funded": "N", "CONTRACT_YR": null, "CONTRACT_NUM": null, "ACESS_TYPE": "Beach", "KayakCanoeLaunch": "No", "PARKING_OPTIONS": "Onsite Parking", "BeachWheelchair": "Y", "BWC_Info": "The town has two ADA-compliant beach-capable wheelchairs. Chairs are located at the Fire Station 314 Salter Path Road. Phone: (252) 247-2268", "PaidParkURL": "https://www.townofpks.com/beaches", "WaterAccessTYPE": "Ocean", "BeachMat": null, "Land_Status": "Municipality", "NEAR_FID": 750.0, "NEAR_DIST": 2534.7530342185282, "ACCESSIBILITY_NOTES": null, "LIFEGUARDS": null }, "geometry": { "type": "Point", "coordinates": [ -76.805614637403394, 34.696003645039909 ] } },
{ "type": "Feature", "properties": { "ACCESS_ID": "Knollwood", "OBJECTID": 751, "PLACE": "Pine Knoll Shores", "ACCESS_LOC": "115 Knollwood Dr", "LOCL_SPONS": "Pine Knoll Shores", "CAMA_SIGN": "Yes", "PARKING": 9.0, "DUNE_WALK": "N", "OVERLOOK": "No", "HAND_DUNE": "No", "HAND_OVRLK": "No", "HAND_BEACH": "No", "HAND_PRKG": 1.0, "RESTRM": "N", "SHOWER": "N", "PIC_TABLE": "No", "VEH_ACCESS": "Emergency Access Only", "BIKE_RACK": "No", "SURV_DATE": 1500854400000.0, "COMMENT_": "", "PRKG_COMMENTS": "Oceanfron parking (10 spaces)", "COUNTY": "Carteret", "DCM_RO": "Morehead City Regional Office", "NCDCM_ID": null, "PHOTO": "mhc_pks_knollwood.jpg", "PRK_FEE": "No", "DCM_Funded": "N", "CONTRACT_YR": null, "CONTRACT_NUM": null, "ACESS_TYPE": "Beach", "KayakCanoeLaunch": "No", "PARKING_OPTIONS": "Onsite Parking", "BeachWheelchair": "Y", "BWC_Info": "The town has two ADA-compliant beach-capable wheelchairs. Chairs are located at the Fire Station 314 Salter Path Road. Phone: (252) 247-2268", "PaidParkURL": "n/a", "WaterAccessTYPE": "Ocean", "BeachMat": null, "Land_Status": "Municipality", "NEAR_FID": 328.0, "NEAR_DIST": 2153.2606556430774, "ACCESSIBILITY_NOTES": null, "LIFEGUARDS": null }, "geometry": { "type": "Point", "coordinates": [ -76.794891410127605, 34.69651443003729 ] } },
{ "type": "Feature", "properties": { "ACCESS_ID": "DoubleTree West", "OBJECTID": 331, "PLACE": "Atlantic Beach", "ACCESS_LOC": "100 Salter Path Road", "LOCL_SPONS": "Atlantic Beach", "CAMA_SIGN": "Yes", "PARKING": 0.0, "DUNE_WALK": "Y", "OVERLOOK": "No", "HAND_DUNE": "Yes", "HAND_OVRLK": "No", "HAND_BEACH": "No", "HAND_PRKG": 0.0, "RESTRM": "N", "SHOWER": "N", "PIC_TABLE": "No", "VEH_ACCESS": "No", "BIKE_RACK": "No", "SURV_DATE": 1585267200000.0, "COMMENT_": "", "PRKG_COMMENTS": null, "COUNTY": "Carteret", "DCM_RO": "Morehead City Regional Office", "NCDCM_ID": 145.0, "PHOTO": "PK22.png", "PRK_FEE": null, "DCM_Funded": "Y", "CONTRACT_YR": "2018-19", "CONTRACT_NUM": "7773", "ACESS_TYPE": "Beach", "KayakCanoeLaunch": "No", "PARKING_OPTIONS": "No Parking", "BeachWheelchair": "Y", "BWC_Info": "http://atlanticbeach-nc.com/departments/fire-department/beach-wheelchair-program/", "PaidParkURL": "n/a", "WaterAccessTYPE": "Ocean", "BeachMat": null, "Land_Status": "Municipality", "NEAR_FID": 500.0, "NEAR_DIST": 769.1186540506734, "ACCESSIBILITY_NOTES": null, "LIFEGUARDS": null }, "geometry": { "type": "Point", "coordinates": [ -76.781858729240696, 34.697196353402298 ] } },
{ "type": "Feature", "properties": { "ACCESS_ID": "Ameri-Suites Access", "OBJECTID": 328, "PLACE": "Pine Knoll Shores", "ACCESS_LOC": "Salter Path Road and Oakleaf Drive", "LOCL_SPONS": " ", "CAMA_SIGN": "Yes", "PARKING": 10.0, "DUNE_WALK": "Y", "OVERLOOK": "No", "HAND_DUNE": "No", "HAND_OVRLK": "No", "HAND_BEACH": "No", "HAND_PRKG": null, "RESTRM": "N", "SHOWER": "N", "PIC_TABLE": "No", "VEH_ACCESS": "No", "BIKE_RACK": "N", "SURV_DATE": 1628812800000.0, "COMMENT_": " ", "PRKG_COMMENTS": "Nearest Parking is on Oakleaf Dr", "COUNTY": "Carteret", "DCM_RO": "Morehead City Regional Office", "NCDCM_ID": 144.0, "PHOTO": "PK23.png", "PRK_FEE": "No", "DCM_Funded": "Y", "CONTRACT_YR": null, "CONTRACT_NUM": null, "ACESS_TYPE": "Beach", "KayakCanoeLaunch": "No", "PARKING_OPTIONS": "Parking off-site", "BeachWheelchair": "Y", "BWC_Info": "The town has two ADA-compliant beach-capable wheelchairs. Chairs are located at the Fire Station 314 Salter Path Road. Phone: (252) 247-2268", "PaidParkURL": "n/a", "WaterAccessTYPE": "Ocean", "BeachMat": null, "Land_Status": "Municipality", "NEAR_FID": 743.0, "NEAR_DIST": 383.3784939106917, "ACCESSIBILITY_NOTES": null, "LIFEGUARDS": null }, "geometry": { "type": "Point", "coordinates": [ -76.787858183561198, 34.697638812268202 ] } },
{ "type": "Feature", "properties": { "ACCESS_ID": "DoubleTree East", "OBJECTID": 500, "PLACE": "Atlantic Beach", "ACCESS_LOC": "2703 West Fort Macon Road", "LOCL_SPONS": "Atlantic Beach", "CAMA_SIGN": "Yes", "PARKING": 0.0, "DUNE_WALK": "Y", "OVERLOOK": "N", "HAND_DUNE": "Y", "HAND_OVRLK": "No", "HAND_BEACH": "Y", "HAND_PRKG": 0.0, "RESTRM": "N", "SHOWER": "N", "PIC_TABLE": "No", "VEH_ACCESS": "No", "BIKE_RACK": "No", "SURV_DATE": 1659398400000.0, "COMMENT_": "", "PRKG_COMMENTS": "", "COUNTY": "Carteret", "DCM_RO": "Morehead City Regional Office", "NCDCM_ID": 346.0, "PHOTO": "AB21.png", "PRK_FEE": null, "DCM_Funded": "Y", "CONTRACT_YR": null, "CONTRACT_NUM": null, "ACESS_TYPE": "Beach", "KayakCanoeLaunch": "No", "PARKING_OPTIONS": "No Parking", "BeachWheelchair": "Y", "BWC_Info": "http://atlanticbeach-nc.com/departments/fire-department/beach-wheelchair-program/", "PaidParkURL": "n/a", "WaterAccessTYPE": "Ocean", "BeachMat": null, "Land_Status": "Municipality", "NEAR_FID": 331.0, "NEAR_DIST": 769.1186540506734, "ACCESSIBILITY_NOTES": null, "LIFEGUARDS": null }, "geometry": { "type": "Point", "coordinates": [ -76.779334732965694, 34.697543833888105 ] } },
{ "type": "Feature", "properties": { "ACCESS_ID": "Ameri-Suites Parking", "OBJECTID": 743, "PLACE": "Pine Knoll Shores", "ACCESS_LOC": "Oakleaf Dr & Salter Path Rd", "LOCL_SPONS": "Pine Knoll Shores", "CAMA_SIGN": null, "PARKING": 0.0, "DUNE_WALK": "n/a", "OVERLOOK": "n/a", "HAND_DUNE": "n/a", "HAND_OVRLK": "n/a", "HAND_BEACH": "n/a", "HAND_PRKG": 0.0, "RESTRM": "N", "SHOWER": "n/a", "PIC_TABLE": "n/a", "VEH_ACCESS": "n/a", "BIKE_RACK": "n/a", "SURV_DATE": 1500854400000.0, "COMMENT_": null, "PRKG_COMMENTS": "10 onstreet parking spots", "COUNTY": "Carteret", "DCM_RO": "Morehead City Regional Office", "NCDCM_ID": null, "PHOTO": null, "PRK_FEE": null, "DCM_Funded": "Y", "CONTRACT_YR": null, "CONTRACT_NUM": null, "ACESS_TYPE": "Beach", "KayakCanoeLaunch": "No", "PARKING_OPTIONS": "On-Street Parking", "BeachWheelchair": "Y", "BWC_Info": "The town has two ADA-compliant beach-capable wheelchairs. Chairs are located at the Fire Station 314 Salter Path Road. Phone: (252) 247-2268", "PaidParkURL": "n/a", "WaterAccessTYPE": "Ocean", "BeachMat": null, "Land_Status": "Municipality", "NEAR_FID": 328.0, "NEAR_DIST": 383.3784939106917, "ACCESSIBILITY_NOTES": null, "LIFEGUARDS": null }, "geometry": { "type": "Point", "coordinates": [ -76.786717299794205, 34.698109840022212 ] } },
{ "type": "Feature", "properties": { "ACCESS_ID": "Club Colony", "OBJECTID": 189, "PLACE": "Atlantic Beach", "ACCESS_LOC": "320 Club Colony Drive", "LOCL_SPONS": "Atlantic Beach", "CAMA_SIGN": "Yes", "PARKING": 0.0, "DUNE_WALK": "Y", "OVERLOOK": "No", "HAND_DUNE": "Yes", "HAND_OVRLK": "No", "HAND_BEACH": "No", "HAND_PRKG": 0.0, "RESTRM": "N", "SHOWER": "N", "PIC_TABLE": "No", "VEH_ACCESS": " ", "BIKE_RACK": "No", "SURV_DATE": 1094083200000.0, "COMMENT_": " ", "PRKG_COMMENTS": null, "COUNTY": "Carteret", "DCM_RO": "Morehead City Regional Office", "NCDCM_ID": 577.0, "PHOTO": "AB05.png", "PRK_FEE": null, "DCM_Funded": "N", "CONTRACT_YR": null, "CONTRACT_NUM": null, "ACESS_TYPE": "Beach", "KayakCanoeLaunch": "No", "PARKING_OPTIONS": "No Parking", "BeachWheelchair": "Y", "BWC_Info": "http://atlanticbeach-nc.com/departments/fire-department/beach-wheelchair-program/", "PaidParkURL": "n/a", "WaterAccessTYPE": "Ocean", "BeachMat": null, "Land_Status": "Municipality", "NEAR_FID": 530.0, "NEAR_DIST": 286.49914289141969, "ACCESSIBILITY_NOTES": null, "LIFEGUARDS": null }, "geometry": { "type": "Point", "coordinates": [ -76.717105119170895, 34.697050555945793 ] } },
{ "type": "Feature", "properties": { "ACCESS_ID": "Willis Ave", "OBJECTID": 543, "PLACE": "Atlantic Beach", "ACCESS_LOC": "300 Club Colony Dr.", "LOCL_SPONS": "Atlantic Beach", "CAMA_SIGN": "Yes", "PARKING": 0.0, "DUNE_WALK": "Y", "OVERLOOK": " ", "HAND_DUNE": "N", "HAND_OVRLK": " ", "HAND_BEACH": "Y", "HAND_PRKG": 0.0, "RESTRM": "N", "SHOWER": "N", "PIC_TABLE": " ", "VEH_ACCESS": " ", "BIKE_RACK": " ", "SURV_DATE": 1052092800000.0, "COMMENT_": "Handicap accessible to beach", "PRKG_COMMENTS": null, "COUNTY": "Carteret", "DCM_RO": "Morehead City Regional Office", "NCDCM_ID": 361.0, "PHOTO": "AB06.png", "PRK_FEE": null, "DCM_Funded": "Y", "CONTRACT_YR": null, "CONTRACT_NUM": null, "ACESS_TYPE": "Beach", "KayakCanoeLaunch": "No", "PARKING_OPTIONS": "No Parking", "BeachWheelchair": "Y", "BWC_Info": "http://atlanticbeach-nc.com/departments/fire-department/beach-wheelchair-program/", "PaidParkURL": "n/a", "WaterAccessTYPE": "Ocean", "BeachMat": "No", "Land_Status": "Municipality", "NEAR_FID": 535.0, "NEAR_DIST": 400.42650703482622, "ACCESSIBILITY_NOTES": null, "LIFEGUARDS": null }, "geometry": { "type": "Point", "coordinates": [ -76.719249254023595, 34.697204967338877 ] } },
{ "type": "Feature", "properties": { "ACCESS_ID": "Dunes Ave", "OBJECTID": 899, "PLACE": "Atlantic Beach", "ACCESS_LOC": "Terminus of Dunes Ave", "LOCL_SPONS": "Atlantic Beach", "CAMA_SIGN": "No", "PARKING": 0.0, "DUNE_WALK": "Y", "OVERLOOK": "N", "HAND_DUNE": "Y", "HAND_OVRLK": "N", "HAND_BEACH": "Y", "HAND_PRKG": 0.0, "RESTRM": "N", "SHOWER": "N", "PIC_TABLE": "N", "VEH_ACCESS": "No", "BIKE_RACK": "N", "SURV_DATE": 1665572346000.0, "COMMENT_": null, "PRKG_COMMENTS": "No Parking", "COUNTY": "Carteret", "DCM_RO": "MHC", "NCDCM_ID": null, "PHOTO": null, "PRK_FEE": "N", "DCM_Funded": "N", "CONTRACT_YR": "n/a", "CONTRACT_NUM": "n/a", "ACESS_TYPE": "Beach", "KayakCanoeLaunch": "N", "PARKING_OPTIONS": "No Parking", "BeachWheelchair": "Y", "BWC_Info": " http://atlanticbeach-nc.com/departments/fire-department/beach-wheelchair-program/", "PaidParkURL": "n/a", "WaterAccessTYPE": "Ocean", "BeachMat": null, "Land_Status": "Municipality", "NEAR_FID": 543.0, "NEAR_DIST": 715.45675076069904, "ACCESSIBILITY_NOTES": null, "LIFEGUARDS": null }, "geometry": { "type": "Point", "coordinates": [ -76.721617879648207, 34.6973993412334 ] } },
{ "type": "Feature", "properties": { "ACCESS_ID": "Glenn St.", "OBJECTID": 539, "PLACE": "Atlantic Beach", "ACCESS_LOC": "314 Glenn Street", "LOCL_SPONS": "Atlantic Beach", "CAMA_SIGN": "Yes", "PARKING": 0.0, "DUNE_WALK": "N", "OVERLOOK": "No", "HAND_DUNE": "No", "HAND_OVRLK": "No", "HAND_BEACH": "No", "HAND_PRKG": 0.0, "RESTRM": "N", "SHOWER": "N", "PIC_TABLE": "No", "VEH_ACCESS": "No", "BIKE_RACK": "No", "SURV_DATE": 1615334400000.0, "COMMENT_": "Sand path to beach", "PRKG_COMMENTS": null, "COUNTY": "Carteret", "DCM_RO": "Morehead City Regional Office", "NCDCM_ID": 359.0, "PHOTO": "AB08.png", "PRK_FEE": null, "DCM_Funded": "N", "CONTRACT_YR": null, "CONTRACT_NUM": null, "ACESS_TYPE": "Beach", "KayakCanoeLaunch": "No", "PARKING_OPTIONS": "No Parking", "BeachWheelchair": "Y", "BWC_Info": "http://atlanticbeach-nc.com/departments/fire-department/beach-wheelchair-program/", "PaidParkURL": "n/a", "WaterAccessTYPE": "Ocean", "BeachMat": null, "Land_Status": "Municipality", "NEAR_FID": 536.0, "NEAR_DIST": 203.02860857925765, "ACCESSIBILITY_NOTES": null, "LIFEGUARDS": null }, "geometry": { "type": "Point", "coordinates": [ -76.728742024718798, 34.697691366366193 ] } },
{ "type": "Feature", "properties": { "ACCESS_ID": "Glenn St.", "OBJECTID": 536, "PLACE": "Atlantic Beach", "ACCESS_LOC": "304 Glenn St.", "LOCL_SPONS": "Atlantic Beach", "CAMA_SIGN": "Yes", "PARKING": 0.0, "DUNE_WALK": " ", "OVERLOOK": " ", "HAND_DUNE": " ", "HAND_OVRLK": " ", "HAND_BEACH": " ", "HAND_PRKG": 0.0, "RESTRM": " ", "SHOWER": " ", "PIC_TABLE": " ", "VEH_ACCESS": "No", "BIKE_RACK": "No", "SURV_DATE": 1615334400000.0, "COMMENT_": " ", "PRKG_COMMENTS": null, "COUNTY": "Carteret", "DCM_RO": "Morehead City Regional Office", "NCDCM_ID": 358.0, "PHOTO": "AB09.png", "PRK_FEE": null, "DCM_Funded": "N", "CONTRACT_YR": null, "CONTRACT_NUM": null, "ACESS_TYPE": "Beach", "KayakCanoeLaunch": "No", "PARKING_OPTIONS": "No Parking", "BeachWheelchair": "Y", "BWC_Info": "http://atlanticbeach-nc.com/departments/fire-department/beach-wheelchair-program/", "PaidParkURL": "n/a", "WaterAccessTYPE": "Ocean", "BeachMat": null, "Land_Status": "Municipality", "NEAR_FID": 539.0, "NEAR_DIST": 203.02860857925765, "ACCESSIBILITY_NOTES": null, "LIFEGUARDS": null }, "geometry": { "type": "Point", "coordinates": [ -76.729416786159604, 34.697716901514205 ] } },
{ "type": "Feature", "properties": { "ACCESS_ID": "West Money Island", "OBJECTID": 534, "PLACE": "Atlantic Beach", "ACCESS_LOC": "208 Glenn St.", "LOCL_SPONS": "Atlantic Beach", "CAMA_SIGN": "Yes", "PARKING": 0.0, "DUNE_WALK": "Y", "OVERLOOK": " ", "HAND_DUNE": "Yes", "HAND_OVRLK": " ", "HAND_BEACH": " ", "HAND_PRKG": 0.0, "RESTRM": "N", "SHOWER": "N", "PIC_TABLE": "No", "VEH_ACCESS": "No", "BIKE_RACK": "No", "SURV_DATE": 1464220800000.0, "COMMENT_": "Boardwalk", "PRKG_COMMENTS": null, "COUNTY": "Carteret", "DCM_RO": "Morehead City Regional Office", "NCDCM_ID": 357.0, "PHOTO": "AB10.png", "PRK_FEE": null, "DCM_Funded": "Y", "CONTRACT_YR": null, "CONTRACT_NUM": null, "ACESS_TYPE": "Beach", "KayakCanoeLaunch": "No", "PARKING_OPTIONS": "No Parking", "BeachWheelchair": "Y", "BWC_Info": "http://atlanticbeach-nc.com/departments/fire-department/beach-wheelchair-program/", "PaidParkURL": "n/a", "WaterAccessTYPE": "Ocean", "BeachMat": null, "Land_Status": "Municipality", "NEAR_FID": 536.0, "NEAR_DIST": 278.95865558542675, "ACCESSIBILITY_NOTES": null, "LIFEGUARDS": null }, "geometry": { "type": "Point", "coordinates": [ -76.730343569953405, 34.697757499680193 ] } },
{ "type": "Feature", "properties": { "ACCESS_ID": "Glenn St.", "OBJECTID": 532, "PLACE": "Atlantic Beach", "ACCESS_LOC": "110 West Glenn St.", "LOCL_SPONS": "Atlantic Beach", "CAMA_SIGN": "Yes", "PARKING": 0.0, "DUNE_WALK": "Y", "OVERLOOK": " ", "HAND_DUNE": " ", "HAND_OVRLK": " ", "HAND_BEACH": " ", "HAND_PRKG": 0.0, "RESTRM": " ", "SHOWER": " ", "PIC_TABLE": " ", "VEH_ACCESS": " ", "BIKE_RACK": " ", "SURV_DATE": 1052092800000.0, "COMMENT_": " ", "PRKG_COMMENTS": null, "COUNTY": "Carteret", "DCM_RO": "Morehead City Regional Office", "NCDCM_ID": 356.0, "PHOTO": "AB11.png", "PRK_FEE": null, "DCM_Funded": "N", "CONTRACT_YR": null, "CONTRACT_NUM": null, "ACESS_TYPE": "Beach", "KayakCanoeLaunch": "No", "PARKING_OPTIONS": "No Parking", "BeachWheelchair": "Y", "BWC_Info": "http://atlanticbeach-nc.com/departments/fire-department/beach-wheelchair-program/", "PaidParkURL": "n/a", "WaterAccessTYPE": "Ocean", "BeachMat": null, "Land_Status": "Municipality", "NEAR_FID": 534.0, "NEAR_DIST": 315.05402853024668, "ACCESSIBILITY_NOTES": null, "LIFEGUARDS": null }, "geometry": { "type": "Point", "coordinates": [ -76.731390649841799, 34.697797052757913 ] } },
{ "type": "Feature", "properties": { "ACCESS_ID": "NA", "OBJECTID": 504, "PLACE": "Atlantic Beach", "ACCESS_LOC": "1405 West Fort Macon Road", "LOCL_SPONS": "Atlantic Beach", "CAMA_SIGN": "Yes", "PARKING": 0.0, "DUNE_WALK": " ", "OVERLOOK": " ", "HAND_DUNE": " ", "HAND_OVRLK": " ", "HAND_BEACH": " ", "HAND_PRKG": 0.0, "RESTRM": "N", "SHOWER": "N", "PIC_TABLE": "No", "VEH_ACCESS": "E", "BIKE_RACK": "No", "SURV_DATE": 1615334400000.0, "COMMENT_": " ", "PRKG_COMMENTS": null, "COUNTY": "Carteret", "DCM_RO": "Morehead City Regional Office", "NCDCM_ID": 347.0, "PHOTO": "AB20.png", "PRK_FEE": null, "DCM_Funded": "N", "CONTRACT_YR": null, "CONTRACT_NUM": null, "ACESS_TYPE": "Beach", "KayakCanoeLaunch": "No", "PARKING_OPTIONS": "No Parking", "BeachWheelchair": "Y", "BWC_Info": "http://atlanticbeach-nc.com/departments/fire-department/beach-wheelchair-program/", "PaidParkURL": "n/a", "WaterAccessTYPE": "Ocean", "BeachMat": null, "Land_Status": "Municipality", "NEAR_FID": 500.0, "NEAR_DIST": 3407.3122241030273, "ACCESSIBILITY_NOTES": null, "LIFEGUARDS": null }, "geometry": { "type": "Point", "coordinates": [ -76.7680579052426, 34.698499648871604 ] } },
{ "type": "Feature", "properties": { "ACCESS_ID": "Wilson Ave.", "OBJECTID": 529, "PLACE": "Atlantic Beach", "ACCESS_LOC": "Glenn St. and Wilson Ave.", "LOCL_SPONS": "Atlantic Beach", "CAMA_SIGN": "Yes", "PARKING": 0.0, "DUNE_WALK": "Y", "OVERLOOK": " ", "HAND_DUNE": " ", "HAND_OVRLK": " ", "HAND_BEACH": " ", "HAND_PRKG": 0.0, "RESTRM": " ", "SHOWER": " ", "PIC_TABLE": " ", "VEH_ACCESS": " ", "BIKE_RACK": " ", "SURV_DATE": 1052092800000.0, "COMMENT_": " ", "PRKG_COMMENTS": null, "COUNTY": "Carteret", "DCM_RO": "Morehead City Regional Office", "NCDCM_ID": 355.0, "PHOTO": "AB12.png", "PRK_FEE": null, "DCM_Funded": "Y", "CONTRACT_YR": null, "CONTRACT_NUM": null, "ACESS_TYPE": "Beach", "KayakCanoeLaunch": "No", "PARKING_OPTIONS": "No Parking", "BeachWheelchair": "Y", "BWC_Info": "http://atlanticbeach-nc.com/departments/fire-department/beach-wheelchair-program/", "PaidParkURL": "n/a", "WaterAccessTYPE": "Ocean", "BeachMat": null, "Land_Status": "Municipality", "NEAR_FID": 526.0, "NEAR_DIST": 389.32708947368513, "ACCESSIBILITY_NOTES": null, "LIFEGUARDS": null }, "geometry": { "type": "Point", "coordinates": [ -76.733111600940603, 34.697964981411189 ] } },
{ "type": "Feature", "properties": { "ACCESS_ID": "Greenville Ave.", "OBJECTID": 526, "PLACE": "Atlantic Beach", "ACCESS_LOC": "Glenn St. and Greenville Ave.", "LOCL_SPONS": "Atlantic Beach", "CAMA_SIGN": "Yes", "PARKING": 0.0, "DUNE_WALK": "Y", "OVERLOOK": "N", "HAND_DUNE": "Y", "HAND_OVRLK": "N", "HAND_BEACH": "Y", "HAND_PRKG": 0.0, "RESTRM": "N", "SHOWER": "N", "PIC_TABLE": "N", "VEH_ACCESS": "No", "BIKE_RACK": "N", "SURV_DATE": 1755129600000.0, "COMMENT_": " ", "PRKG_COMMENTS": null, "COUNTY": "Carteret", "DCM_RO": "Morehead City Regional Office", "NCDCM_ID": 354.0, "PHOTO": "AB13.png", "PRK_FEE": null, "DCM_Funded": "Y", "CONTRACT_YR": null, "CONTRACT_NUM": null, "ACESS_TYPE": "Beach", "KayakCanoeLaunch": "No", "PARKING_OPTIONS": "No Parking", "BeachWheelchair": "Y", "BWC_Info": "http://atlanticbeach-nc.com/departments/fire-department/beach-wheelchair-program/", "PaidParkURL": "n/a", "WaterAccessTYPE": "Ocean", "BeachMat": null, "Land_Status": "Municipality", "NEAR_FID": 529.0, "NEAR_DIST": 389.32708947368513, "ACCESSIBILITY_NOTES": null, "LIFEGUARDS": null }, "geometry": { "type": "Point", "coordinates": [ -76.734405819041797, 34.6980083505414 ] } },
{ "type": "Feature", "properties": { "ACCESS_ID": "Beaufort Ave.", "OBJECTID": 524, "PLACE": "Atlantic Beach", "ACCESS_LOC": "Glenn St. and Beaufort Ave.", "LOCL_SPONS": "Atlantic Beach", "CAMA_SIGN": "Yes", "PARKING": 0.0, "DUNE_WALK": "Y", "OVERLOOK": "N", "HAND_DUNE": "Y", "HAND_OVRLK": "N", "HAND_BEACH": "Y", "HAND_PRKG": 0.0, "RESTRM": "N", "SHOWER": "N", "PIC_TABLE": "N", "VEH_ACCESS": "No", "BIKE_RACK": "N", "SURV_DATE": 1755129600000.0, "COMMENT_": " ", "PRKG_COMMENTS": null, "COUNTY": "Carteret", "DCM_RO": "Morehead City Regional Office", "NCDCM_ID": 353.0, "PHOTO": "AB14.png", "PRK_FEE": null, "DCM_Funded": "Y", "CONTRACT_YR": "2024-25", "CONTRACT_NUM": null, "ACESS_TYPE": "Beach", "KayakCanoeLaunch": "No", "PARKING_OPTIONS": "No Parking", "BeachWheelchair": "Y", "BWC_Info": "http://atlanticbeach-nc.com/departments/fire-department/beach-wheelchair-program/", "PaidParkURL": "n/a", "WaterAccessTYPE": "Ocean", "BeachMat": null, "Land_Status": "Municipality", "NEAR_FID": 526.0, "NEAR_DIST": 408.1119347505192, "ACCESSIBILITY_NOTES": null, "LIFEGUARDS": null }, "geometry": { "type": "Point", "coordinates": [ -76.735763105164196, 34.698038575460885 ] } },
{ "type": "Feature", "properties": { "ACCESS_ID": "New Bern Street - The Les and Sally Moore Public Beach Access", "OBJECTID": 540, "PLACE": "Atlantic Beach", "ACCESS_LOC": "177 New Bern St", "LOCL_SPONS": "Atlantic Beach", "CAMA_SIGN": "Yes", "PARKING": 50.0, "DUNE_WALK": "Y", "OVERLOOK": "Yes", "HAND_DUNE": "Yes", "HAND_OVRLK": "Yes", "HAND_BEACH": "Y", "HAND_PRKG": 2.0, "RESTRM": "Y", "SHOWER": "Y", "PIC_TABLE": " ", "VEH_ACCESS": "No", "BIKE_RACK": "No", "SURV_DATE": 1613433600000.0, "COMMENT_": "Located at the intersection of New Bern Ave. and Hwy 58 where the HWY narrows from 5 lanes to 3 (Les & Sally Moore Public Access)", "PRKG_COMMENTS": "", "COUNTY": "Carteret", "DCM_RO": "Morehead City Regional Office", "NCDCM_ID": 360.0, "PHOTO": "AB07.png", "PRK_FEE": "Y", "DCM_Funded": "Y", "CONTRACT_YR": null, "CONTRACT_NUM": null, "ACESS_TYPE": "Beach", "KayakCanoeLaunch": "No", "PARKING_OPTIONS": "Onsite Parking", "BeachWheelchair": "Y", "BWC_Info": "http://atlanticbeach-nc.com/departments/fire-department/beach-wheelchair-program/", "PaidParkURL": "http://atlanticbeach-nc.com/departments/police-department/parking/", "WaterAccessTYPE": "Ocean", "BeachMat": null, "Land_Status": "Municipality", "NEAR_FID": 899.0, "NEAR_DIST": 748.05353419002211, "ACCESSIBILITY_NOTES": null, "LIFEGUARDS": null }, "geometry": { "type": "Point", "coordinates": [ -76.724026015004199, 34.697918254750306 ] } },
{ "type": "Feature", "properties": { "ACCESS_ID": "The Circle", "OBJECTID": 521, "PLACE": "Atlantic Beach", "ACCESS_LOC": "201 West Atlantic Blvd", "LOCL_SPONS": "Atlantic Beach", "CAMA_SIGN": "Yes", "PARKING": 146.0, "DUNE_WALK": "Y", "OVERLOOK": "Yes", "HAND_DUNE": "Yes", "HAND_OVRLK": "Yes", "HAND_BEACH": "Y", "HAND_PRKG": 6.0, "RESTRM": "Y", "SHOWER": "Y", "PIC_TABLE": " ", "VEH_ACCESS": "No", "BIKE_RACK": "Yes", "SURV_DATE": 1052092800000.0, "COMMENT_": "", "PRKG_COMMENTS": "", "COUNTY": "Carteret", "DCM_RO": "Morehead City Regional Office", "NCDCM_ID": 352.0, "PHOTO": "AB15.png", "PRK_FEE": "Y", "DCM_Funded": "Y", "CONTRACT_YR": null, "CONTRACT_NUM": null, "ACESS_TYPE": "Beach", "KayakCanoeLaunch": "No", "PARKING_OPTIONS": "Both Parking Options", "BeachWheelchair": "Y", "BWC_Info": "http://atlanticbeach-nc.com/departments/fire-department/beach-wheelchair-program/", "PaidParkURL": "http://atlanticbeach-nc.com/departments/police-department/parking/", "WaterAccessTYPE": "Ocean", "BeachMat": null, "Land_Status": "Municipality", "NEAR_FID": 517.0, "NEAR_DIST": 472.42040667846129, "ACCESSIBILITY_NOTES": null, "LIFEGUARDS": null }, "geometry": { "type": "Point", "coordinates": [ -76.739057808520997, 34.698244234459004 ] } },
{ "type": "Feature", "properties": { "ACCESS_ID": "Robin", "OBJECTID": 530, "PLACE": "Atlantic Beach", "ACCESS_LOC": "Robin and Freeman Drive", "LOCL_SPONS": "Atlantic Beach", "CAMA_SIGN": "Yes", "PARKING": 0.0, "DUNE_WALK": "Y", "OVERLOOK": "No", "HAND_DUNE": "No", "HAND_OVRLK": "No", "HAND_BEACH": "No", "HAND_PRKG": 0.0, "RESTRM": "N", "SHOWER": "N", "PIC_TABLE": "No", "VEH_ACCESS": "No", "BIKE_RACK": "No", "SURV_DATE": 1192665600000.0, "COMMENT_": " ", "PRKG_COMMENTS": null, "COUNTY": "Carteret", "DCM_RO": "Morehead City Regional Office", "NCDCM_ID": 986.0, "PHOTO": "ab22robinandfreeman.png", "PRK_FEE": null, "DCM_Funded": "N", "CONTRACT_YR": null, "CONTRACT_NUM": null, "ACESS_TYPE": "Beach", "KayakCanoeLaunch": "No", "PARKING_OPTIONS": "No Parking", "BeachWheelchair": "Y", "BWC_Info": "http://atlanticbeach-nc.com/departments/fire-department/beach-wheelchair-program/", "PaidParkURL": "n/a", "WaterAccessTYPE": "Ocean", "BeachMat": null, "Land_Status": "Municipality", "NEAR_FID": 189.0, "NEAR_DIST": 286.49914289141969, "ACCESSIBILITY_NOTES": null, "LIFEGUARDS": null }, "geometry": { "type": "Point", "coordinates": [ -76.717107855439195, 34.697837789734507 ] } },
{ "type": "Feature", "properties": { "ACCESS_ID": "Raleigh Ave.", "OBJECTID": 514, "PLACE": "Atlantic Beach", "ACCESS_LOC": "Atlantic Blvd. and Raleigh Ave.", "LOCL_SPONS": "Atlantic Beach", "CAMA_SIGN": "Yes", "PARKING": 0.0, "DUNE_WALK": "Y", "OVERLOOK": "No", "HAND_DUNE": "Yes", "HAND_OVRLK": "No", "HAND_BEACH": "Y", "HAND_PRKG": 0.0, "RESTRM": "N", "SHOWER": "N", "PIC_TABLE": "No", "VEH_ACCESS": "Yes", "BIKE_RACK": "No", "SURV_DATE": 1500854400000.0, "COMMENT_": "ADA Boardwalk and vehicle beach access", "PRKG_COMMENTS": null, "COUNTY": "Carteret", "DCM_RO": "Morehead City Regional Office", "NCDCM_ID": 350.0, "PHOTO": "mhc_atlanticbeach_raleigh_ave.jpg", "PRK_FEE": null, "DCM_Funded": "Y", "CONTRACT_YR": "2016-17", "CONTRACT_NUM": "7058", "ACESS_TYPE": "Beach", "KayakCanoeLaunch": "No", "PARKING_OPTIONS": "No Parking", "BeachWheelchair": "Y", "BWC_Info": "http://atlanticbeach-nc.com/departments/fire-department/beach-wheelchair-program/", "PaidParkURL": "n/a", "WaterAccessTYPE": "Ocean", "BeachMat": null, "Land_Status": "Municipality", "NEAR_FID": 517.0, "NEAR_DIST": 358.7371548420337, "ACCESSIBILITY_NOTES": null, "LIFEGUARDS": null }, "geometry": { "type": "Point", "coordinates": [ -76.741820069629199, 34.69831385924099 ] } },
{ "type": "Feature", "properties": { "ACCESS_ID": "Charlotte Ave.", "OBJECTID": 510, "PLACE": "Atlantic Beach", "ACCESS_LOC": "Atlantic Blvd. and Charlotte Ave.", "LOCL_SPONS": "Atlantic Beach", "CAMA_SIGN": "Yes", "PARKING": 0.0, "DUNE_WALK": "Y", "OVERLOOK": " ", "HAND_DUNE": " ", "HAND_OVRLK": " ", "HAND_BEACH": " ", "HAND_PRKG": 0.0, "RESTRM": " ", "SHOWER": " ", "PIC_TABLE": " ", "VEH_ACCESS": " ", "BIKE_RACK": " ", "SURV_DATE": 1052092800000.0, "COMMENT_": " ", "PRKG_COMMENTS": null, "COUNTY": "Carteret", "DCM_RO": "Morehead City Regional Office", "NCDCM_ID": 349.0, "PHOTO": "AB18.png", "PRK_FEE": null, "DCM_Funded": "Y", "CONTRACT_YR": null, "CONTRACT_NUM": null, "ACESS_TYPE": "Beach", "KayakCanoeLaunch": "No", "PARKING_OPTIONS": "No Parking", "BeachWheelchair": "Y", "BWC_Info": "http://atlanticbeach-nc.com/departments/fire-department/beach-wheelchair-program/", "PaidParkURL": "n/a", "WaterAccessTYPE": "Ocean", "BeachMat": null, "Land_Status": "Municipality", "NEAR_FID": 514.0, "NEAR_DIST": 398.54974722989118, "ACCESSIBILITY_NOTES": null, "LIFEGUARDS": null }, "geometry": { "type": "Point", "coordinates": [ -76.743144467530698, 34.698367198737287 ] } },
{ "type": "Feature", "properties": { "ACCESS_ID": "The Bathhouse", "OBJECTID": 517, "PLACE": "Atlantic Beach", "ACCESS_LOC": "West Drive and Atlantic Blvd.", "LOCL_SPONS": "Atlantic Beach", "CAMA_SIGN": "Yes", "PARKING": 64.0, "DUNE_WALK": "Y", "OVERLOOK": "Yes", "HAND_DUNE": "Yes", "HAND_OVRLK": "Yes", "HAND_BEACH": "Y", "HAND_PRKG": 1.0, "RESTRM": "Y", "SHOWER": "Y", "PIC_TABLE": "Yes", "VEH_ACCESS": "No", "BIKE_RACK": "Yes", "SURV_DATE": 1613433600000.0, "COMMENT_": "The Bathhouse facility is immediately west of the \"Circle\", which is located at the base of the Atlantic Beach Causeway continuing toward the Atlantic Ocean. ", "PRKG_COMMENTS": "", "COUNTY": "Carteret", "DCM_RO": "Morehead City Regional Office", "NCDCM_ID": 351.0, "PHOTO": "AB16.png", "PRK_FEE": "Y", "DCM_Funded": "Y", "CONTRACT_YR": null, "CONTRACT_NUM": null, "ACESS_TYPE": "Beach", "KayakCanoeLaunch": "No", "PARKING_OPTIONS": "Onsite Parking", "BeachWheelchair": "Y", "BWC_Info": "http://atlanticbeach-nc.com/departments/fire-department/beach-wheelchair-program/", "PaidParkURL": "http://atlanticbeach-nc.com/departments/police-department/parking/", "WaterAccessTYPE": "Ocean", "BeachMat": null, "Land_Status": "Municipality", "NEAR_FID": 514.0, "NEAR_DIST": 358.7371548420337, "ACCESSIBILITY_NOTES": null, "LIFEGUARDS": null }, "geometry": { "type": "Point", "coordinates": [ -76.740626611960195, 34.698323511475998 ] } },
{ "type": "Feature", "properties": { "ACCESS_ID": "Durham Ave.", "OBJECTID": 508, "PLACE": "Atlantic Beach", "ACCESS_LOC": "Atlantic Blvd. and Durham Ave.", "LOCL_SPONS": "Atlantic Beach", "CAMA_SIGN": "Yes", "PARKING": 0.0, "DUNE_WALK": "Y", "OVERLOOK": "No", "HAND_DUNE": "Yes", "HAND_OVRLK": "No", "HAND_BEACH": "Y", "HAND_PRKG": 0.0, "RESTRM": "N", "SHOWER": "N", "PIC_TABLE": "No", "VEH_ACCESS": "No", "BIKE_RACK": "No", "SURV_DATE": 1603843200000.0, "COMMENT_": "ADA Beach Accessway.", "PRKG_COMMENTS": null, "COUNTY": "Carteret", "DCM_RO": "Morehead City Regional Office", "NCDCM_ID": 348.0, "PHOTO": "AB19.png", "PRK_FEE": null, "DCM_Funded": "Y", "CONTRACT_YR": "19-20", "CONTRACT_NUM": "8083", "ACESS_TYPE": "Beach", "KayakCanoeLaunch": "No", "PARKING_OPTIONS": "No Parking", "BeachWheelchair": "Y", "BWC_Info": "http://atlanticbeach-nc.com/departments/fire-department/beach-wheelchair-program/", "PaidParkURL": "n/a", "WaterAccessTYPE": "Ocean", "BeachMat": null, "Land_Status": "Municipality", "NEAR_FID": 510.0, "NEAR_DIST": 403.92603296847176, "ACCESSIBILITY_NOTES": null, "LIFEGUARDS": null }, "geometry": { "type": "Point", "coordinates": [ -76.744486994332902, 34.698416623099597 ] } },
{ "type": "Feature", "properties": { "ACCESS_ID": "Robin", "OBJECTID": 535, "PLACE": "Atlantic Beach", "ACCESS_LOC": "Robin and Willis Avenues", "LOCL_SPONS": "Atlantic Beach", "CAMA_SIGN": "Yes", "PARKING": 0.0, "DUNE_WALK": "Y", "OVERLOOK": "No", "HAND_DUNE": "No", "HAND_OVRLK": "No", "HAND_BEACH": "No", "HAND_PRKG": 0.0, "RESTRM": "N", "SHOWER": "N", "PIC_TABLE": "No", "VEH_ACCESS": "No", "BIKE_RACK": "No", "SURV_DATE": 1413590400000.0, "COMMENT_": "", "PRKG_COMMENTS": null, "COUNTY": "Carteret", "DCM_RO": "Morehead City Regional Office", "NCDCM_ID": 988.0, "PHOTO": "ab24robinandwillis.png", "PRK_FEE": null, "DCM_Funded": "N", "CONTRACT_YR": null, "CONTRACT_NUM": null, "ACESS_TYPE": "Beach", "KayakCanoeLaunch": "No", "PARKING_OPTIONS": "No Parking", "BeachWheelchair": "Y", "BWC_Info": "http://atlanticbeach-nc.com/departments/fire-department/beach-wheelchair-program/", "PaidParkURL": "n/a", "WaterAccessTYPE": "Ocean", "BeachMat": null, "Land_Status": "Municipality", "NEAR_FID": 543.0, "NEAR_DIST": 400.42650703482622, "ACCESSIBILITY_NOTES": null, "LIFEGUARDS": null }, "geometry": { "type": "Point", "coordinates": [ -76.719312830491205, 34.698303998731205 ] } },
{ "type": "Feature", "properties": { "ACCESS_ID": "Pelican Drive Dock", "OBJECTID": 741, "PLACE": "Atlantic Beach", "ACCESS_LOC": "Pelican Drive & Shore Line Dr", "LOCL_SPONS": "Atlantic Beach", "CAMA_SIGN": "Yes", "PARKING": 10.0, "DUNE_WALK": "n/a", "OVERLOOK": "n/a", "HAND_DUNE": "n/a", "HAND_OVRLK": "n/a", "HAND_BEACH": "n/a", "HAND_PRKG": 0.0, "RESTRM": "N", "SHOWER": "N", "PIC_TABLE": "Yes", "VEH_ACCESS": "No", "BIKE_RACK": "No", "SURV_DATE": 1466640000000.0, "COMMENT_": "Fishing Pier, Small Boat Launch, No Trailer Parking", "PRKG_COMMENTS": "Gravel Parking Lot, No Trailer Spots", "COUNTY": "Carteret", "DCM_RO": "Morehead City Regional Office", "NCDCM_ID": null, "PHOTO": "mhc_atlanticbeach_pelicandrive.png", "PRK_FEE": "No", "DCM_Funded": "N", "CONTRACT_YR": null, "CONTRACT_NUM": null, "ACESS_TYPE": "Shoreline", "KayakCanoeLaunch": "No", "PARKING_OPTIONS": "Onsite Parking", "BeachWheelchair": "Y", "BWC_Info": "http://atlanticbeach-nc.com/departments/fire-department/beach-wheelchair-program/", "PaidParkURL": "n/a", "WaterAccessTYPE": "Estuarine", "BeachMat": null, "Land_Status": "Municipality", "NEAR_FID": 500.0, "NEAR_DIST": 2263.3945997105561, "ACCESSIBILITY_NOTES": null, "LIFEGUARDS": null }, "geometry": { "type": "Point", "coordinates": [ -76.781257949453405, 34.703556904295084 ] } },
{ "type": "Feature", "properties": { "ACCESS_ID": "Bathhouse Access", "OBJECTID": 522, "PLACE": "Atlantic Beach", "ACCESS_LOC": "2131 East Fort Macon Road", "LOCL_SPONS": "State Park", "CAMA_SIGN": "No", "PARKING": 317.0, "DUNE_WALK": "Y", "OVERLOOK": "Yes", "HAND_DUNE": "Yes", "HAND_OVRLK": "No", "HAND_BEACH": "No", "HAND_PRKG": 6.0, "RESTRM": "Y", "SHOWER": "Y", "PIC_TABLE": "Yes", "VEH_ACCESS": "E", "BIKE_RACK": "Yes", "SURV_DATE": 1615334400000.0, "COMMENT_": "Located south of the beach road, approximately 0.25 mile east of the Park entrance", "PRKG_COMMENTS": "", "COUNTY": "Carteret", "DCM_RO": "Morehead City Regional Office", "NCDCM_ID": 522.0, "PHOTO": "AB02.png", "PRK_FEE": "No", "DCM_Funded": "N", "CONTRACT_YR": null, "CONTRACT_NUM": null, "ACESS_TYPE": "Beach", "KayakCanoeLaunch": "No", "PARKING_OPTIONS": "Onsite Parking", "BeachWheelchair": "Y", "BWC_Info": "first-come, first-served basis at the bathhouse", "PaidParkURL": "n/a", "WaterAccessTYPE": "Ocean", "BeachMat": null, "Land_Status": "STATE-NCDCR", "NEAR_FID": 549.0, "NEAR_DIST": 3278.2807853811473, "ACCESSIBILITY_NOTES": null, "LIFEGUARDS": null }, "geometry": { "type": "Point", "coordinates": [ -76.697391033305394, 34.694943698816502 ] } },
{ "type": "Feature", "properties": { "ACCESS_ID": "Tom Doe Memorial Beach Access", "OBJECTID": 533, "PLACE": "Atlantic Beach", "ACCESS_LOC": "Ocean Blvd & Henderson Blvd", "LOCL_SPONS": "Atlantic Beach", "CAMA_SIGN": "Yes", "PARKING": 47.0, "DUNE_WALK": "Y", "OVERLOOK": "Yes", "HAND_DUNE": "Yes", "HAND_OVRLK": "Yes", "HAND_BEACH": "No", "HAND_PRKG": 1.0, "RESTRM": "Y", "SHOWER": "Y", "PIC_TABLE": "No", "VEH_ACCESS": "Yes", "BIKE_RACK": "No", "SURV_DATE": 1615334400000.0, "COMMENT_": "Additional parking along Henderson Boulevard. Paid parking mid-May through Labor Day, every day from 10 a.m. to 6 p.m.", "PRKG_COMMENTS": "", "COUNTY": "Carteret", "DCM_RO": "Morehead City Regional Office", "NCDCM_ID": 987.0, "PHOTO": "ab23henderson.png", "PRK_FEE": "Y", "DCM_Funded": "Y", "CONTRACT_YR": null, "CONTRACT_NUM": null, "ACESS_TYPE": "Beach", "KayakCanoeLaunch": "No", "PARKING_OPTIONS": "Both Parking Options", "BeachWheelchair": "Y", "BWC_Info": "http://atlanticbeach-nc.com/departments/fire-department/beach-wheelchair-program/", "PaidParkURL": "http://atlanticbeach-nc.com/departments/police-department/parking/", "WaterAccessTYPE": "Ocean", "BeachMat": null, "Land_Status": "Municipality", "NEAR_FID": 545.0, "NEAR_DIST": 919.62249398457607, "ACCESSIBILITY_NOTES": null, "LIFEGUARDS": null }, "geometry": { "type": "Point", "coordinates": [ -76.711837474701596, 34.696150535960498 ] } },
{ "type": "Feature", "properties": { "ACCESS_ID": "Commerce Way", "OBJECTID": 549, "PLACE": "Atlantic Beach", "ACCESS_LOC": "Commerce Way", "LOCL_SPONS": "Atlantic Beach", "CAMA_SIGN": "Yes", "PARKING": 0.0, "DUNE_WALK": "Y", "OVERLOOK": " ", "HAND_DUNE": "Yes", "HAND_OVRLK": " ", "HAND_BEACH": "Y", "HAND_PRKG": 0.0, "RESTRM": "N", "SHOWER": "N", "PIC_TABLE": "No", "VEH_ACCESS": " ", "BIKE_RACK": "No", "SURV_DATE": 1052092800000.0, "COMMENT_": "Handicap accessible to beach", "PRKG_COMMENTS": null, "COUNTY": "Carteret", "DCM_RO": "Morehead City Regional Office", "NCDCM_ID": 363.0, "PHOTO": "AB03.png", "PRK_FEE": null, "DCM_Funded": "Y", "CONTRACT_YR": null, "CONTRACT_NUM": null, "ACESS_TYPE": "Beach", "KayakCanoeLaunch": "No", "PARKING_OPTIONS": "No Parking", "BeachWheelchair": "Y", "BWC_Info": "http://atlanticbeach-nc.com/departments/fire-department/beach-wheelchair-program/", "PaidParkURL": "n/a", "WaterAccessTYPE": "Ocean", "BeachMat": null, "Land_Status": "Municipality", "NEAR_FID": 533.0, "NEAR_DIST": 1121.449188311241, "ACCESSIBILITY_NOTES": null, "LIFEGUARDS": null }, "geometry": { "type": "Point", "coordinates": [ -76.708131737304996, 34.696508242250204 ] } },
{ "type": "Feature", "properties": { "ACCESS_ID": "NA", "OBJECTID": 545, "PLACE": "Atlantic Beach", "ACCESS_LOC": "Club Colony Dr.", "LOCL_SPONS": "Atlantic Beach", "CAMA_SIGN": "Yes", "PARKING": 0.0, "DUNE_WALK": "Y", "OVERLOOK": " ", "HAND_DUNE": "Yes", "HAND_OVRLK": " ", "HAND_BEACH": "Y", "HAND_PRKG": 0.0, "RESTRM": "N", "SHOWER": "N", "PIC_TABLE": "No", "VEH_ACCESS": " ", "BIKE_RACK": "No", "SURV_DATE": 1052092800000.0, "COMMENT_": "Handicap accessible to beach", "PRKG_COMMENTS": null, "COUNTY": "Carteret", "DCM_RO": "Morehead City Regional Office", "NCDCM_ID": 362.0, "PHOTO": "AB04.png", "PRK_FEE": null, "DCM_Funded": "N", "CONTRACT_YR": null, "CONTRACT_NUM": null, "ACESS_TYPE": "Beach", "KayakCanoeLaunch": "No", "PARKING_OPTIONS": "No Parking", "BeachWheelchair": "Y", "BWC_Info": "http://atlanticbeach-nc.com/departments/fire-department/beach-wheelchair-program/", "PaidParkURL": "n/a", "WaterAccessTYPE": "Ocean", "BeachMat": null, "Land_Status": "Municipality", "NEAR_FID": 189.0, "NEAR_DIST": 701.15918181208508, "ACCESSIBILITY_NOTES": null, "LIFEGUARDS": null }, "geometry": { "type": "Point", "coordinates": [ -76.714790408618697, 34.696811670757796 ] } },
{ "type": "Feature", "properties": { "ACCESS_ID": "Fort Macon", "OBJECTID": 527, "PLACE": "Atlantic Beach", "ACCESS_LOC": "2307 East Fort Macon Road", "LOCL_SPONS": "State Park", "CAMA_SIGN": "No", "PARKING": 277.0, "DUNE_WALK": "N", "OVERLOOK": "Yes", "HAND_DUNE": "Yes", "HAND_OVRLK": "Yes", "HAND_BEACH": "No", "HAND_PRKG": 8.0, "RESTRM": "Y", "SHOWER": "N", "PIC_TABLE": "No", "VEH_ACCESS": "E", "BIKE_RACK": "Yes", "SURV_DATE": 1615334400000.0, "COMMENT_": "Located at Beaufort Inlet. At the easternmost end of Bogue Banks.", "PRKG_COMMENTS": "", "COUNTY": "Carteret", "DCM_RO": "Morehead City Regional Office", "NCDCM_ID": 523.0, "PHOTO": "AB01.png", "PRK_FEE": "No", "DCM_Funded": "N", "CONTRACT_YR": null, "CONTRACT_NUM": null, "ACESS_TYPE": "Beach", "KayakCanoeLaunch": "No", "PARKING_OPTIONS": "Onsite Parking", "BeachWheelchair": "Y", "BWC_Info": "first-come, first-served basis at the bathhouse", "PaidParkURL": "n/a", "WaterAccessTYPE": "Ocean", "BeachMat": null, "Land_Status": "STATE-NCDCR", "NEAR_FID": 522.0, "NEAR_DIST": 5894.1852083910971, "ACCESSIBILITY_NOTES": null, "LIFEGUARDS": null }, "geometry": { "type": "Point", "coordinates": [ -76.6781161472571, 34.697922675050613 ] } },
{ "type": "Feature", "properties": { "ACCESS_ID": "Carrot Island", "OBJECTID": 567, "PLACE": "Beaufort", "ACCESS_LOC": "Carrot Island", "LOCL_SPONS": "DCM/Reserve and Town of Beaufort", "CAMA_SIGN": "Yes", "PARKING": 0.0, "DUNE_WALK": "Y", "OVERLOOK": "Yes", "HAND_DUNE": "Yes", "HAND_OVRLK": "Yes", "HAND_BEACH": "No", "HAND_PRKG": 0.0, "RESTRM": "N", "SHOWER": "N", "PIC_TABLE": "No", "VEH_ACCESS": "No", "BIKE_RACK": "No", "SURV_DATE": 1565136000000.0, "COMMENT_": "Walkway on Carrot Island accessible by boat only", "PRKG_COMMENTS": "Accessible by boat only", "COUNTY": "Carteret", "DCM_RO": "MHC", "NCDCM_ID": 1004.0, "PHOTO": "beaufort4carrotisld.png", "PRK_FEE": null, "DCM_Funded": "Y", "CONTRACT_YR": "2004-2005", "CONTRACT_NUM": "BA05-003", "ACESS_TYPE": "Shoreline", "KayakCanoeLaunch": "No", "PARKING_OPTIONS": "No Parking", "BeachWheelchair": "N", "BWC_Info": "n/a", "PaidParkURL": "n/a", "WaterAccessTYPE": "Estuarine", "BeachMat": null, "Land_Status": "Municipality", "NEAR_FID": 224.0, "NEAR_DIST": 639.92443424920953, "ACCESSIBILITY_NOTES": null, "LIFEGUARDS": null }, "geometry": { "type": "Point", "coordinates": [ -76.632507095654105, 34.708184695655206 ] } },
{ "type": "Feature", "properties": { "ACCESS_ID": "Taylor's Creek Boat Ramp aka Curtis Perry Public Park", "OBJECTID": 224, "PLACE": "Beaufort", "ACCESS_LOC": "2370 Lennoxville Rd", "LOCL_SPONS": "Beaufort/WRC", "CAMA_SIGN": "Yes", "PARKING": 31.0, "DUNE_WALK": "N", "OVERLOOK": "Yes", "HAND_DUNE": "No", "HAND_OVRLK": "No", "HAND_BEACH": "No", "HAND_PRKG": 2.0, "RESTRM": "Y", "SHOWER": "N", "PIC_TABLE": "Yes", "VEH_ACCESS": "No", "BIKE_RACK": "No", "SURV_DATE": 1565136000000.0, "COMMENT_": null, "PRKG_COMMENTS": "Boat Ramp Trailer Parking Only", "COUNTY": "Carteret", "DCM_RO": "Morehead City Regional Office", "NCDCM_ID": 606.0, "PHOTO": "OD302.png", "PRK_FEE": "No", "DCM_Funded": "Y", "CONTRACT_YR": null, "CONTRACT_NUM": null, "ACESS_TYPE": "Shoreline", "KayakCanoeLaunch": "No", "PARKING_OPTIONS": "Onsite Parking", "BeachWheelchair": "N", "BWC_Info": "n/a", "PaidParkURL": "n/a", "WaterAccessTYPE": "Estuarine", "BeachMat": null, "Land_Status": "Municipality", "NEAR_FID": 567.0, "NEAR_DIST": 639.92443424920953, "ACCESSIBILITY_NOTES": null, "LIFEGUARDS": null }, "geometry": { "type": "Point", "coordinates": [ -76.632130149984505, 34.709915297322503 ] } },
{ "type": "Feature", "properties": { "ACCESS_ID": "Fisherman's Park", "OBJECTID": 739, "PLACE": "Beaufort", "ACCESS_LOC": "Gordon St and Front St", "LOCL_SPONS": "No", "CAMA_SIGN": " ", "PARKING": 0.0, "DUNE_WALK": "n/a", "OVERLOOK": "n/a", "HAND_DUNE": "n/a", "HAND_OVRLK": "n/a", "HAND_BEACH": "n/a", "HAND_PRKG": 0.0, "RESTRM": "N", "SHOWER": "N", "PIC_TABLE": "No", "VEH_ACCESS": "n/a", "BIKE_RACK": "No", "SURV_DATE": 1464220800000.0, "COMMENT_": "", "PRKG_COMMENTS": " ", "COUNTY": "Carteret", "DCM_RO": "Morehead City Regional Office", "NCDCM_ID": 0.0, "PHOTO": " ", "PRK_FEE": null, "DCM_Funded": "Y", "CONTRACT_YR": null, "CONTRACT_NUM": null, "ACESS_TYPE": "Shoreline", "KayakCanoeLaunch": "Yes", "PARKING_OPTIONS": "On-Street Parking", "BeachWheelchair": "N", "BWC_Info": "n/a", "PaidParkURL": "n/a", "WaterAccessTYPE": "Estuarine", "BeachMat": null, "Land_Status": "Municipality", "NEAR_FID": 760.0, "NEAR_DIST": 3065.4408240377611, "ACCESSIBILITY_NOTES": null, "LIFEGUARDS": null }, "geometry": { "type": "Point", "coordinates": [ -76.658189880219794, 34.713073388318698 ] } },
{ "type": "Feature", "properties": { "ACCESS_ID": "Radio Island Beach Acces", "OBJECTID": 767, "PLACE": "Morehead City", "ACCESS_LOC": "501 Marine Dr", "LOCL_SPONS": "Carteret County", "CAMA_SIGN": "Yes", "PARKING": 63.0, "DUNE_WALK": "Y", "OVERLOOK": "No", "HAND_DUNE": "Yes", "HAND_OVRLK": "No", "HAND_BEACH": "Y", "HAND_PRKG": 4.0, "RESTRM": "Y", "SHOWER": "Y", "PIC_TABLE": "No", "VEH_ACCESS": "No", "BIKE_RACK": "No", "SURV_DATE": 1526342400000.0, "COMMENT_": "Handicap accessible to beach", "PRKG_COMMENTS": "", "COUNTY": "Carteret", "DCM_RO": "Morehead City", "NCDCM_ID": null, "PHOTO": null, "PRK_FEE": "No", "DCM_Funded": "Y", "CONTRACT_YR": null, "CONTRACT_NUM": null, "ACESS_TYPE": "Shoreline", "KayakCanoeLaunch": "No", "PARKING_OPTIONS": "Onsite Parking", "BeachWheelchair": "N", "BWC_Info": "n/a", "PaidParkURL": "n/a", "WaterAccessTYPE": "Estuarine", "BeachMat": null, "Land_Status": "Municipality", "NEAR_FID": 552.0, "NEAR_DIST": 3199.6383172251253, "ACCESSIBILITY_NOTES": null, "LIFEGUARDS": null }, "geometry": { "type": "Point", "coordinates": [ -76.681231257625697, 34.714258030038188 ] } },
{ "type": "Feature", "properties": { "ACCESS_ID": "Harborside Park", "OBJECTID": 760, "PLACE": "Beaufort", "ACCESS_LOC": "322 Front St.", "LOCL_SPONS": "Beaufort & NC Maritime Museum", "CAMA_SIGN": "Yes", "PARKING": 0.0, "DUNE_WALK": "N", "OVERLOOK": "No", "HAND_DUNE": "No", "HAND_OVRLK": "No", "HAND_BEACH": "No", "HAND_PRKG": 0.0, "RESTRM": "Y", "SHOWER": "N", "PIC_TABLE": "Yes", "VEH_ACCESS": "No", "BIKE_RACK": "No", "SURV_DATE": 1520208000000.0, "COMMENT_": "", "PRKG_COMMENTS": "", "COUNTY": "Carteret", "DCM_RO": "Morehead City Regional Office", "NCDCM_ID": null, "PHOTO": "mhc_Beaufort_HarborsidePark.jpg", "PRK_FEE": null, "DCM_Funded": "Y", "CONTRACT_YR": "2016-17", "CONTRACT_NUM": "7059", "ACESS_TYPE": "Shoreline", "KayakCanoeLaunch": "No", "PARKING_OPTIONS": "On-Street Parking", "BeachWheelchair": "N", "BWC_Info": "n/a", "PaidParkURL": "n/a", "WaterAccessTYPE": "Estuarine", "BeachMat": null, "Land_Status": "Municipality", "NEAR_FID": 541.0, "NEAR_DIST": 140.1269013324372, "ACCESSIBILITY_NOTES": null, "LIFEGUARDS": null }, "geometry": { "type": "Point", "coordinates": [ -76.666911153494397, 34.717442438269991 ] } },
{ "type": "Feature", "properties": { "ACCESS_ID": "Moonlight Drive Boat Ramp", "OBJECTID": 742, "PLACE": "Atlantic Beach", "ACCESS_LOC": "Moonlight Drive", "LOCL_SPONS": "Atlantic Beach", "CAMA_SIGN": "No", "PARKING": 3.0, "DUNE_WALK": "n/a", "OVERLOOK": "n/a", "HAND_DUNE": "n/a", "HAND_OVRLK": "n/a", "HAND_BEACH": "n/a", "HAND_PRKG": 0.0, "RESTRM": "N", "SHOWER": "N", "PIC_TABLE": "No", "VEH_ACCESS": "n/a", "BIKE_RACK": "No", "SURV_DATE": 1466640000000.0, "COMMENT_": "", "PRKG_COMMENTS": "Parking for 3 vehicles and trailers.", "COUNTY": "Carteret", "DCM_RO": "Morehead City Regional Office", "NCDCM_ID": null, "PHOTO": null, "PRK_FEE": "No", "DCM_Funded": "N", "CONTRACT_YR": null, "CONTRACT_NUM": null, "ACESS_TYPE": "Shoreline", "KayakCanoeLaunch": "No", "PARKING_OPTIONS": "Onsite Parking", "BeachWheelchair": "Y", "BWC_Info": "http://atlanticbeach-nc.com/departments/fire-department/beach-wheelchair-program/", "PaidParkURL": "n/a", "WaterAccessTYPE": "Estuarine", "BeachMat": null, "Land_Status": "Municipality", "NEAR_FID": 734.0, "NEAR_DIST": 902.45194412220076, "ACCESSIBILITY_NOTES": null, "LIFEGUARDS": null }, "geometry": { "type": "Point", "coordinates": [ -76.738269427264697, 34.7086337323693 ] } },
{ "type": "Feature", "properties": { "ACCESS_ID": "Old Bridge Abutment Access", "OBJECTID": 734, "PLACE": "Atlantic Beach", "ACCESS_LOC": "Atlantic Beach Causeway", "LOCL_SPONS": "Atlantic Beach", "CAMA_SIGN": "No", "PARKING": 20.0, "DUNE_WALK": "N", "OVERLOOK": "Yes", "HAND_DUNE": "No", "HAND_OVRLK": "Yes", "HAND_BEACH": "No", "HAND_PRKG": 2.0, "RESTRM": "N", "SHOWER": "N", "PIC_TABLE": "No", "VEH_ACCESS": "No", "BIKE_RACK": "No", "SURV_DATE": 1457481600000.0, "COMMENT_": "", "PRKG_COMMENTS": "Four Boat Trailer Parking Spaces.", "COUNTY": "Carteret", "DCM_RO": "Morehead City Regional Office", "NCDCM_ID": 0.0, "PHOTO": "mhc_atlanticbeach_bridgeabutement.png", "PRK_FEE": "No", "DCM_Funded": "Y", "CONTRACT_YR": null, "CONTRACT_NUM": null, "ACESS_TYPE": "Shoreline", "KayakCanoeLaunch": "No", "PARKING_OPTIONS": "Onsite Parking", "BeachWheelchair": "Y", "BWC_Info": "http://atlanticbeach-nc.com/departments/fire-department/beach-wheelchair-program/", "PaidParkURL": "n/a", "WaterAccessTYPE": "Estuarine", "BeachMat": null, "Land_Status": "Municipality", "NEAR_FID": 742.0, "NEAR_DIST": 902.45194412220076, "ACCESSIBILITY_NOTES": null, "LIFEGUARDS": null }, "geometry": { "type": "Point", "coordinates": [ -76.737162700139805, 34.710938912916326 ] } },
{ "type": "Feature", "properties": { "ACCESS_ID": "South 13th Street Water Access", "OBJECTID": 756, "PLACE": "Morehead City", "ACCESS_LOC": "South 13th Street & Shackleford Street", "LOCL_SPONS": "Morehead City", "CAMA_SIGN": "No", "PARKING": 0.0, "DUNE_WALK": "N", "OVERLOOK": "Yes", "HAND_DUNE": "No", "HAND_OVRLK": "No", "HAND_BEACH": "No", "HAND_PRKG": 0.0, "RESTRM": "N", "SHOWER": "N", "PIC_TABLE": "No", "VEH_ACCESS": "No", "BIKE_RACK": "No", "SURV_DATE": 1504742400000.0, "COMMENT_": "Boardwalk and dock", "PRKG_COMMENTS": "", "COUNTY": "Carteret", "DCM_RO": "Morehead City Regional Office", "NCDCM_ID": null, "PHOTO": null, "PRK_FEE": null, "DCM_Funded": "N", "CONTRACT_YR": null, "CONTRACT_NUM": null, "ACESS_TYPE": "Shoreline", "KayakCanoeLaunch": "No", "PARKING_OPTIONS": "On-Street Parking", "BeachWheelchair": "N", "BWC_Info": "n/a", "PaidParkURL": "n/a", "WaterAccessTYPE": "Estuarine", "BeachMat": null, "Land_Status": "Municipality", "NEAR_FID": 755.0, "NEAR_DIST": 461.97621732279714, "ACCESSIBILITY_NOTES": null, "LIFEGUARDS": null }, "geometry": { "type": "Point", "coordinates": [ -76.720124581419597, 34.718766053914493 ] } },
{ "type": "Feature", "properties": { "ACCESS_ID": "Walter Lewis Landing", "OBJECTID": 755, "PLACE": "Morehead City", "ACCESS_LOC": "401 South 12th St", "LOCL_SPONS": "Morehead City", "CAMA_SIGN": "No", "PARKING": 0.0, "DUNE_WALK": "N", "OVERLOOK": "No", "HAND_DUNE": "No", "HAND_OVRLK": "No", "HAND_BEACH": "No", "HAND_PRKG": 0.0, "RESTRM": "N", "SHOWER": "N", "PIC_TABLE": "Yes", "VEH_ACCESS": "No", "BIKE_RACK": "No", "SURV_DATE": 1504742400000.0, "COMMENT_": "Bench and picnic table", "PRKG_COMMENTS": null, "COUNTY": "Carteret", "DCM_RO": "Morehead City Regional Office", "NCDCM_ID": null, "PHOTO": null, "PRK_FEE": null, "DCM_Funded": "N", "CONTRACT_YR": null, "CONTRACT_NUM": null, "ACESS_TYPE": "Shoreline", "KayakCanoeLaunch": "No", "PARKING_OPTIONS": "No Parking", "BeachWheelchair": "N", "BWC_Info": "n/a", "PaidParkURL": "n/a", "WaterAccessTYPE": "Estuarine", "BeachMat": null, "Land_Status": "Municipality", "NEAR_FID": 756.0, "NEAR_DIST": 461.97621732279714, "ACCESSIBILITY_NOTES": null, "LIFEGUARDS": null }, "geometry": { "type": "Point", "coordinates": [ -76.718667413417506, 34.71917072414309 ] } },
{ "type": "Feature", "properties": { "ACCESS_ID": "South 16th Street Water Access", "OBJECTID": 757, "PLACE": "Morehead City", "ACCESS_LOC": "South 16th & Shackleford Street", "LOCL_SPONS": "Morehead City", "CAMA_SIGN": "No", "PARKING": 0.0, "DUNE_WALK": "N", "OVERLOOK": "No", "HAND_DUNE": "No", "HAND_OVRLK": "No", "HAND_BEACH": "No", "HAND_PRKG": 0.0, "RESTRM": "N", "SHOWER": "N", "PIC_TABLE": "No", "VEH_ACCESS": "No", "BIKE_RACK": "No", "SURV_DATE": 1504742400000.0, "COMMENT_": "Water access with concrete path.", "PRKG_COMMENTS": "", "COUNTY": "Carteret", "DCM_RO": "Morehead City Regional Office", "NCDCM_ID": null, "PHOTO": null, "PRK_FEE": null, "DCM_Funded": "N", "CONTRACT_YR": null, "CONTRACT_NUM": null, "ACESS_TYPE": "Shoreline", "KayakCanoeLaunch": "No", "PARKING_OPTIONS": "On-Street Parking", "BeachWheelchair": "N", "BWC_Info": "n/a", "PaidParkURL": "n/a", "WaterAccessTYPE": "Estuarine", "BeachMat": null, "Land_Status": "Municipality", "NEAR_FID": 756.0, "NEAR_DIST": 1298.3096527933451, "ACCESSIBILITY_NOTES": null, "LIFEGUARDS": null }, "geometry": { "type": "Point", "coordinates": [ -76.724349696865701, 34.719511769256684 ] } },
{ "type": "Feature", "properties": { "ACCESS_ID": "South 11th Street Water Access", "OBJECTID": 754, "PLACE": "Morehead City", "ACCESS_LOC": "South 11th & Shepard St", "LOCL_SPONS": "Morehead City", "CAMA_SIGN": "No", "PARKING": 18.0, "DUNE_WALK": "N", "OVERLOOK": "No", "HAND_DUNE": "No", "HAND_OVRLK": "No", "HAND_BEACH": "No", "HAND_PRKG": 0.0, "RESTRM": "N", "SHOWER": "N", "PIC_TABLE": "No", "VEH_ACCESS": "No", "BIKE_RACK": "No", "SURV_DATE": 1504742400000.0, "COMMENT_": "Public water access with parking and hand launching capabilities for canoes, kayaks, and catamarans. Also includes EZ Dock Kayak/Canoe launch.", "PRKG_COMMENTS": null, "COUNTY": "Carteret", "DCM_RO": "Morehead City Regional Office", "NCDCM_ID": null, "PHOTO": null, "PRK_FEE": "N", "DCM_Funded": "Y", "CONTRACT_YR": null, "CONTRACT_NUM": null, "ACESS_TYPE": "Shoreline", "KayakCanoeLaunch": "Yes", "PARKING_OPTIONS": "Onsite Parking", "BeachWheelchair": "N", "BWC_Info": "n/a", "PaidParkURL": "n/a", "WaterAccessTYPE": "Estuarine", "BeachMat": null, "Land_Status": "Municipality", "NEAR_FID": 546.0, "NEAR_DIST": 413.20169411092195, "ACCESSIBILITY_NOTES": null, "LIFEGUARDS": null }, "geometry": { "type": "Point", "coordinates": [ -76.717124344914595, 34.719795631563706 ] } },
{ "type": "Feature", "properties": { "ACCESS_ID": "Sunset Drive Water Access ", "OBJECTID": 759, "PLACE": "Morehead City", "ACCESS_LOC": "South 32nd & Sunset Drive", "LOCL_SPONS": "Morehead City", "CAMA_SIGN": "No", "PARKING": 0.0, "DUNE_WALK": "N", "OVERLOOK": "No", "HAND_DUNE": "No", "HAND_OVRLK": "No", "HAND_BEACH": "No", "HAND_PRKG": 0.0, "RESTRM": "N", "SHOWER": "N", "PIC_TABLE": "No", "VEH_ACCESS": "No", "BIKE_RACK": "No", "SURV_DATE": 1504742400000.0, "COMMENT_": "Public water access with boardwalk", "PRKG_COMMENTS": "", "COUNTY": "Carteret", "DCM_RO": "Morehead City Regional Office", "NCDCM_ID": null, "PHOTO": null, "PRK_FEE": null, "DCM_Funded": "N", "CONTRACT_YR": null, "CONTRACT_NUM": null, "ACESS_TYPE": "Shoreline", "KayakCanoeLaunch": "No", "PARKING_OPTIONS": "On-Street Parking", "BeachWheelchair": "N", "BWC_Info": "n/a", "PaidParkURL": "n/a", "WaterAccessTYPE": "Estuarine", "BeachMat": null, "Land_Status": "Municipality", "NEAR_FID": 758.0, "NEAR_DIST": 1723.2704471838861, "ACCESSIBILITY_NOTES": null, "LIFEGUARDS": null }, "geometry": { "type": "Point", "coordinates": [ -76.746983096300497, 34.722580556005589 ] } },
{ "type": "Feature", "properties": { "ACCESS_ID": "South 28th Street Water Access", "OBJECTID": 758, "PLACE": "Morehead City", "ACCESS_LOC": "South 28th & Evans Street", "LOCL_SPONS": "Morehead City", "CAMA_SIGN": "No", "PARKING": 2.0, "DUNE_WALK": "N", "OVERLOOK": "No", "HAND_DUNE": "No", "HAND_OVRLK": "No", "HAND_BEACH": "No", "HAND_PRKG": 0.0, "RESTRM": "N", "SHOWER": "N", "PIC_TABLE": "No", "VEH_ACCESS": "No", "BIKE_RACK": "No", "SURV_DATE": 1504742400000.0, "COMMENT_": null, "PRKG_COMMENTS": null, "COUNTY": "Carteret", "DCM_RO": "Morehead City Regional Office", "NCDCM_ID": null, "PHOTO": null, "PRK_FEE": "No", "DCM_Funded": "N", "CONTRACT_YR": null, "CONTRACT_NUM": null, "ACESS_TYPE": "Shoreline", "KayakCanoeLaunch": "No", "PARKING_OPTIONS": "Both Parking Options", "BeachWheelchair": "N", "BWC_Info": "n/a", "PaidParkURL": "n/a", "WaterAccessTYPE": "Estuarine", "BeachMat": null, "Land_Status": "Municipality", "NEAR_FID": 759.0, "NEAR_DIST": 1723.2704471838861, "ACCESSIBILITY_NOTES": null, "LIFEGUARDS": null }, "geometry": { "type": "Point", "coordinates": [ -76.741248290154203, 34.72254152866428 ] } },
{ "type": "Feature", "properties": { "ACCESS_ID": "Mitchell Village Park", "OBJECTID": 817, "PLACE": "Morehead City", "ACCESS_LOC": " 4907 Holly Ln", "LOCL_SPONS": "Morehead City", "CAMA_SIGN": "No", "PARKING": 0.0, "DUNE_WALK": "N", "OVERLOOK": "No", "HAND_DUNE": "No", "HAND_OVRLK": "No", "HAND_BEACH": "No", "HAND_PRKG": 0.0, "RESTRM": "N", "SHOWER": "N", "PIC_TABLE": "Yes", "VEH_ACCESS": "No", "BIKE_RACK": "No", "SURV_DATE": 1615487674000.0, "COMMENT_": "Covered bench swings, Gazebo, Grills, Playgound", "PRKG_COMMENTS": null, "COUNTY": "Carteret", "DCM_RO": "Morehead City Regional Office", "NCDCM_ID": null, "PHOTO": null, "PRK_FEE": null, "DCM_Funded": "N", "CONTRACT_YR": null, "CONTRACT_NUM": null, "ACESS_TYPE": "Shoreline", "KayakCanoeLaunch": "No", "PARKING_OPTIONS": "On-Street Parking", "BeachWheelchair": "N", "BWC_Info": "n/a", "PaidParkURL": "n/a", "WaterAccessTYPE": "Estuarine", "BeachMat": null, "Land_Status": "Municipality", "NEAR_FID": 741.0, "NEAR_DIST": 8570.3004753788864, "ACCESSIBILITY_NOTES": null, "LIFEGUARDS": null }, "geometry": { "type": "Point", "coordinates": [ -76.788893688657197, 34.726246457526592 ] } },
{ "type": "Feature", "properties": { "ACCESS_ID": "Morehead City Rec Center", "OBJECTID": 550, "PLACE": "Morehead City", "ACCESS_LOC": "N 17th and Bay Street", "LOCL_SPONS": " ", "CAMA_SIGN": "Yes", "PARKING": 23.0, "DUNE_WALK": "N", "OVERLOOK": "Yes", "HAND_DUNE": "No", "HAND_OVRLK": "Yes", "HAND_BEACH": "No", "HAND_PRKG": 2.0, "RESTRM": "N", "SHOWER": "N", "PIC_TABLE": "No", "VEH_ACCESS": "No", "BIKE_RACK": "No", "SURV_DATE": 1192665600000.0, "COMMENT_": "Pier on Calico Creek", "PRKG_COMMENTS": "Parking at Morehead City Rec Center on N 17th St.", "COUNTY": "Carteret", "DCM_RO": "Morehead City Regional Office", "NCDCM_ID": 995.0, "PHOTO": "mhc5n17thstreet.png", "PRK_FEE": "No", "DCM_Funded": "Y", "CONTRACT_YR": null, "CONTRACT_NUM": null, "ACESS_TYPE": "Shoreline", "KayakCanoeLaunch": "No", "PARKING_OPTIONS": "Onsite Parking", "BeachWheelchair": "N", "BWC_Info": "n/a", "PaidParkURL": "n/a", "WaterAccessTYPE": "Estuarine", "BeachMat": null, "Land_Status": "Municipality", "NEAR_FID": 827.0, "NEAR_DIST": 1346.8624594915882, "ACCESSIBILITY_NOTES": null, "LIFEGUARDS": null }, "geometry": { "type": "Point", "coordinates": [ -76.724879324692594, 34.725894991583203 ] } },
{ "type": "Feature", "properties": { "ACCESS_ID": "Sugar Loaf ", "OBJECTID": 826, "PLACE": "Morehead City", "ACCESS_LOC": "Sugar Loaf Island", "LOCL_SPONS": "Morehead City", "CAMA_SIGN": "Yes", "PARKING": 0.0, "DUNE_WALK": "N", "OVERLOOK": "Y", "HAND_DUNE": "N", "HAND_OVRLK": "N", "HAND_BEACH": "N", "HAND_PRKG": 0.0, "RESTRM": "Y", "SHOWER": "N", "PIC_TABLE": "N", "VEH_ACCESS": "No", "BIKE_RACK": "N", "SURV_DATE": 1617198583000.0, "COMMENT_": "Accessable via boat only", "PRKG_COMMENTS": "", "COUNTY": "Carteret", "DCM_RO": "MHC", "NCDCM_ID": null, "PHOTO": null, "PRK_FEE": null, "DCM_Funded": "Y", "CONTRACT_YR": "2002-2003", "CONTRACT_NUM": "BA03-007", "ACESS_TYPE": "Shoreline", "KayakCanoeLaunch": "N", "PARKING_OPTIONS": "No Parking", "BeachWheelchair": "N", "BWC_Info": "n/a", "PaidParkURL": "n/a", "WaterAccessTYPE": "Estuarine", "BeachMat": null, "Land_Status": "Municipality", "NEAR_FID": 740.0, "NEAR_DIST": 607.7835122611101, "ACCESSIBILITY_NOTES": null, "LIFEGUARDS": null }, "geometry": { "type": "Point", "coordinates": [ -76.711102510865402, 34.718481804115591 ] } },
{ "type": "Feature", "properties": { "ACCESS_ID": "Orange Street", "OBJECTID": 541, "PLACE": "Beaufort", "ACCESS_LOC": "Orange Street", "LOCL_SPONS": "No", "CAMA_SIGN": "Yes", "PARKING": 0.0, "DUNE_WALK": "N", "OVERLOOK": "Yes", "HAND_DUNE": "No", "HAND_OVRLK": "Yes", "HAND_BEACH": "No", "HAND_PRKG": 0.0, "RESTRM": "N", "SHOWER": "N", "PIC_TABLE": "No", "VEH_ACCESS": " ", "BIKE_RACK": "Yes", "SURV_DATE": 1192665600000.0, "COMMENT_": "Dingy Dockage", "PRKG_COMMENTS": " ", "COUNTY": "Carteret", "DCM_RO": "Morehead City Regional Office", "NCDCM_ID": 991.0, "PHOTO": "beaufort2orangestreet.png", "PRK_FEE": null, "DCM_Funded": "Y", "CONTRACT_YR": null, "CONTRACT_NUM": null, "ACESS_TYPE": "Shoreline", "KayakCanoeLaunch": "Yes", "PARKING_OPTIONS": "On-Street Parking", "BeachWheelchair": "N", "BWC_Info": "n/a", "PaidParkURL": "n/a", "WaterAccessTYPE": "Estuarine", "BeachMat": null, "Land_Status": "Municipality", "NEAR_FID": 760.0, "NEAR_DIST": 140.1269013324372, "ACCESSIBILITY_NOTES": null, "LIFEGUARDS": null }, "geometry": { "type": "Point", "coordinates": [ -76.667287038253619, 34.717670304014106 ] } },
{ "type": "Feature", "properties": { "ACCESS_ID": "South 10th St ", "OBJECTID": 546, "PLACE": "Morehead City", "ACCESS_LOC": "1001 Shepard St", "LOCL_SPONS": "Morehead City", "CAMA_SIGN": "Yes", "PARKING": 30.0, "DUNE_WALK": "N", "OVERLOOK": "Yes", "HAND_DUNE": "No", "HAND_OVRLK": "Yes", "HAND_BEACH": "No", "HAND_PRKG": 2.0, "RESTRM": "N", "SHOWER": "N", "PIC_TABLE": "No", "VEH_ACCESS": "No", "BIKE_RACK": "No", "SURV_DATE": 1564963200000.0, "COMMENT_": "Public water access with parking, pier, and boat launch (1) for boats 16’ or less.", "PRKG_COMMENTS": "", "COUNTY": "Carteret", "DCM_RO": "Morehead City Regional Office", "NCDCM_ID": 993.0, "PHOTO": "mhc3s10thstreet.png", "PRK_FEE": "No", "DCM_Funded": "Y", "CONTRACT_YR": "2017-18", "CONTRACT_NUM": "7428", "ACESS_TYPE": "Shoreline", "KayakCanoeLaunch": "No", "PARKING_OPTIONS": "Both Parking Options", "BeachWheelchair": "N", "BWC_Info": "n/a", "PaidParkURL": "n/a", "WaterAccessTYPE": "Estuarine", "BeachMat": null, "Land_Status": "Municipality", "NEAR_FID": 754.0, "NEAR_DIST": 413.20169411092195, "ACCESSIBILITY_NOTES": null, "LIFEGUARDS": null }, "geometry": { "type": "Point", "coordinates": [ -76.716022684531694, 34.719116166457717 ] } },
{ "type": "Feature", "properties": { "ACCESS_ID": "9th Street", "OBJECTID": 190, "PLACE": "Morehead City", "ACCESS_LOC": "Shepard Street and 9th Street", "LOCL_SPONS": "Morehead City", "CAMA_SIGN": "Yes", "PARKING": 20.0, "DUNE_WALK": "N", "OVERLOOK": "Yes", "HAND_DUNE": "No", "HAND_OVRLK": "Yes", "HAND_BEACH": "No", "HAND_PRKG": null, "RESTRM": "N", "SHOWER": "N", "PIC_TABLE": "No", "VEH_ACCESS": "No", "BIKE_RACK": "No", "SURV_DATE": 1095638400000.0, "COMMENT_": " ", "PRKG_COMMENTS": null, "COUNTY": "Carteret", "DCM_RO": "Morehead City Regional Office", "NCDCM_ID": 579.0, "PHOTO": "OD300.png", "PRK_FEE": "No", "DCM_Funded": "Y", "CONTRACT_YR": null, "CONTRACT_NUM": null, "ACESS_TYPE": "Shoreline", "KayakCanoeLaunch": "No", "PARKING_OPTIONS": "Both Parking Options", "BeachWheelchair": "N", "BWC_Info": "n/a", "PaidParkURL": "n/a", "WaterAccessTYPE": "Estuarine", "BeachMat": null, "Land_Status": "Municipality", "NEAR_FID": 546.0, "NEAR_DIST": 533.45334340814895, "ACCESSIBILITY_NOTES": null, "LIFEGUARDS": null }, "geometry": { "type": "Point", "coordinates": [ -76.714284264550002, 34.719413187155702 ] } },
{ "type": "Feature", "properties": { "ACCESS_ID": "The Jib (aka Otis Landing Platform)", "OBJECTID": 740, "PLACE": "Morehead City", "ACCESS_LOC": "707 Shepard St", "LOCL_SPONS": "Morehead City", "CAMA_SIGN": "No", "PARKING": 0.0, "DUNE_WALK": "N", "OVERLOOK": "Y", "HAND_DUNE": "No", "HAND_OVRLK": "Y", "HAND_BEACH": "Y", "HAND_PRKG": 0.0, "RESTRM": "N", "SHOWER": "N", "PIC_TABLE": "Y", "VEH_ACCESS": "No", "BIKE_RACK": "No", "SURV_DATE": 1464220800000.0, "COMMENT_": "Open Air Pavillion/Deck with day dockage boat slips", "PRKG_COMMENTS": " ", "COUNTY": "Carteret", "DCM_RO": "Morehead City Regional Office", "NCDCM_ID": 0.0, "PHOTO": "mhc_moreheadcity_JIB.png", "PRK_FEE": null, "DCM_Funded": "Y", "CONTRACT_YR": "Multiple ", "CONTRACT_NUM": "Multiple", "ACESS_TYPE": "Shoreline", "KayakCanoeLaunch": "N", "PARKING_OPTIONS": "On-Street Parking", "BeachWheelchair": "N", "BWC_Info": "n/a", "PaidParkURL": "n/a", "WaterAccessTYPE": "Estuarine", "BeachMat": null, "Land_Status": "Municipality", "NEAR_FID": 826.0, "NEAR_DIST": 607.7835122611101, "ACCESSIBILITY_NOTES": null, "LIFEGUARDS": null }, "geometry": { "type": "Point", "coordinates": [ -76.711934366988203, 34.720004076230708 ] } },
{ "type": "Feature", "properties": { "ACCESS_ID": "Newport River Access", "OBJECTID": 552, "PLACE": "Beaufort", "ACCESS_LOC": "US Hwy 70", "LOCL_SPONS": "Carteret County", "CAMA_SIGN": "Yes", "PARKING": 40.0, "DUNE_WALK": "N", "OVERLOOK": "Yes", "HAND_DUNE": "No", "HAND_OVRLK": "Yes", "HAND_BEACH": "No", "HAND_PRKG": 3.0, "RESTRM": "Y", "SHOWER": "N", "PIC_TABLE": "Y", "VEH_ACCESS": "No", "BIKE_RACK": "N", "SURV_DATE": 1617062400000.0, "COMMENT_": "Fishing Pier and Kayak Launch. WRC Boat Launch with trailer parking availbable.", "PRKG_COMMENTS": "", "COUNTY": "Carteret", "DCM_RO": "Morehead City Regional Office", "NCDCM_ID": 996.0, "PHOTO": "mhc1radioislandnorth.png", "PRK_FEE": "No", "DCM_Funded": "Y", "CONTRACT_YR": null, "CONTRACT_NUM": null, "ACESS_TYPE": "Shoreline", "KayakCanoeLaunch": "Yes", "PARKING_OPTIONS": "Onsite Parking", "BeachWheelchair": "N", "BWC_Info": "n/a", "PaidParkURL": "n/a", "WaterAccessTYPE": "Estuarine", "BeachMat": null, "Land_Status": "Municipality", "NEAR_FID": 767.0, "NEAR_DIST": 3199.6383172251253, "ACCESSIBILITY_NOTES": null, "LIFEGUARDS": null }, "geometry": { "type": "Point", "coordinates": [ -76.686743855604902, 34.721779920343828 ] } },
{ "type": "Feature", "properties": { "ACCESS_ID": "The Straits", "OBJECTID": 923, "PLACE": "Carteret County", "ACCESS_LOC": "Old Harkers Island Bridge", "LOCL_SPONS": "Carteret County", "CAMA_SIGN": "No", "PARKING": 47.0, "DUNE_WALK": "N", "OVERLOOK": "Y", "HAND_DUNE": "N", "HAND_OVRLK": "Y", "HAND_BEACH": "Y", "HAND_PRKG": 1.0, "RESTRM": "N", "SHOWER": "N", "PIC_TABLE": "N", "VEH_ACCESS": "No", "BIKE_RACK": "N", "SURV_DATE": 1727913600000.0, "COMMENT_": null, "PRKG_COMMENTS": null, "COUNTY": "Carteret", "DCM_RO": "MHC", "NCDCM_ID": null, "PHOTO": null, "PRK_FEE": "N", "DCM_Funded": "Y", "CONTRACT_YR": null, "CONTRACT_NUM": null, "ACESS_TYPE": "Shoreline", "KayakCanoeLaunch": "N", "PARKING_OPTIONS": "Onsite Parking", "BeachWheelchair": null, "BWC_Info": null, "PaidParkURL": null, "WaterAccessTYPE": null, "BeachMat": "No", "Land_Status": "Leased from DOT", "NEAR_FID": null, "NEAR_DIST": null, "ACCESSIBILITY_NOTES": null, "LIFEGUARDS": null }, "geometry": { "type": "Point", "coordinates": [ -76.576150806557706, 34.719709331290808 ] } },
{ "type": "Feature", "properties": { "ACCESS_ID": "Marshallberg", "OBJECTID": 554, "PLACE": "Marshallberg", "ACCESS_LOC": "Marshallberg Road", "LOCL_SPONS": " ", "CAMA_SIGN": "Yes", "PARKING": 10.0, "DUNE_WALK": "N", "OVERLOOK": "Yes", "HAND_DUNE": "No", "HAND_OVRLK": "No", "HAND_BEACH": "No", "HAND_PRKG": 1.0, "RESTRM": "N", "SHOWER": "N", "PIC_TABLE": "Yes", "VEH_ACCESS": "No", "BIKE_RACK": "No", "SURV_DATE": 1214265600000.0, "COMMENT_": "Park with picnic facilities", "PRKG_COMMENTS": "", "COUNTY": "Carteret", "DCM_RO": "Morehead City Regional Office", "NCDCM_ID": 997.0, "PHOTO": "marshallberg1park.png", "PRK_FEE": "No", "DCM_Funded": "Y", "CONTRACT_YR": null, "CONTRACT_NUM": null, "ACESS_TYPE": "Shoreline", "KayakCanoeLaunch": "No", "PARKING_OPTIONS": "Onsite Parking", "BeachWheelchair": "N", "BWC_Info": "n/a", "PaidParkURL": "n/a", "WaterAccessTYPE": "Estuarine", "BeachMat": null, "Land_Status": "County", "NEAR_FID": 224.0, "NEAR_DIST": 33899.262082876063, "ACCESSIBILITY_NOTES": null, "LIFEGUARDS": null }, "geometry": { "type": "Point", "coordinates": [ -76.519915527810213, 34.719433090688398 ] } },
{ "type": "Feature", "properties": { "ACCESS_ID": "Chonch's Point Access", "OBJECTID": 544, "PLACE": "Morehead City", "ACCESS_LOC": "608 Bay Street (7th & Bay St)", "LOCL_SPONS": "Morehead City", "CAMA_SIGN": "Yes", "PARKING": 4.0, "DUNE_WALK": "N", "OVERLOOK": "Yes", "HAND_DUNE": "No", "HAND_OVRLK": "Yes", "HAND_BEACH": "No", "HAND_PRKG": 1.0, "RESTRM": "N", "SHOWER": "N", "PIC_TABLE": "No", "VEH_ACCESS": "No", "BIKE_RACK": "No", "SURV_DATE": 1192665600000.0, "COMMENT_": "Gazebo, floating docks", "PRKG_COMMENTS": "", "COUNTY": "Carteret", "DCM_RO": "Morehead City Regional Office", "NCDCM_ID": 992.0, "PHOTO": "mhc2n7thstreet.png", "PRK_FEE": "No", "DCM_Funded": "N", "CONTRACT_YR": null, "CONTRACT_NUM": null, "ACESS_TYPE": "Shoreline", "KayakCanoeLaunch": "Yes", "PARKING_OPTIONS": "Both Parking Options", "BeachWheelchair": "N", "BWC_Info": "n/a", "PaidParkURL": "n/a", "WaterAccessTYPE": "Estuarine", "BeachMat": null, "Land_Status": "Municipality", "NEAR_FID": 740.0, "NEAR_DIST": 1825.1166643526653, "ACCESSIBILITY_NOTES": null, "LIFEGUARDS": null }, "geometry": { "type": "Point", "coordinates": [ -76.710185675913394, 34.724806763690786 ] } },
{ "type": "Feature", "properties": { "ACCESS_ID": "West Beaufort", "OBJECTID": 537, "PLACE": "Beaufort", "ACCESS_LOC": "West Beaufort Road", "LOCL_SPONS": "Carteret County", "CAMA_SIGN": "Yes", "PARKING": 100.0, "DUNE_WALK": "N", "OVERLOOK": "No", "HAND_DUNE": "No", "HAND_OVRLK": "No", "HAND_BEACH": "No", "HAND_PRKG": 1.0, "RESTRM": "Y", "SHOWER": "Y", "PIC_TABLE": "No", "VEH_ACCESS": "No", "BIKE_RACK": "No", "SURV_DATE": 1541116800000.0, "COMMENT_": "Regional Boat Ramp and hand kayak/canoe launching.", "PRKG_COMMENTS": "Single Vehicle & Boat Trailer Parking", "COUNTY": "Carteret", "DCM_RO": "Morehead City Regional Office", "NCDCM_ID": 989.0, "PHOTO": "carteretco1westbftrd.png", "PRK_FEE": "No", "DCM_Funded": "Y", "CONTRACT_YR": null, "CONTRACT_NUM": null, "ACESS_TYPE": "Shoreline", "KayakCanoeLaunch": "Yes", "PARKING_OPTIONS": "Onsite Parking", "BeachWheelchair": "N", "BWC_Info": "n/a", "PaidParkURL": "n/a", "WaterAccessTYPE": "Estuarine", "BeachMat": null, "Land_Status": "Municipality", "NEAR_FID": 541.0, "NEAR_DIST": 3176.0156362794814, "ACCESSIBILITY_NOTES": null, "LIFEGUARDS": null }, "geometry": { "type": "Point", "coordinates": [ -76.662797660908907, 34.725570969580176 ] } },
{ "type": "Feature", "properties": { "ACCESS_ID": "EI-11", "OBJECTID": 165, "PLACE": "Emerald Isle", "ACCESS_LOC": "Ocean Dr. and Doe Dr.", "LOCL_SPONS": " ", "CAMA_SIGN": "Yes", "PARKING": 0.0, "DUNE_WALK": "N", "OVERLOOK": "No", "HAND_DUNE": "No", "HAND_OVRLK": "No", "HAND_BEACH": "No", "HAND_PRKG": 0.0, "RESTRM": "N", "SHOWER": "N", "PIC_TABLE": "No", "VEH_ACCESS": "E", "BIKE_RACK": "Yes", "SURV_DATE": 1051833600000.0, "COMMENT_": "", "PRKG_COMMENTS": null, "COUNTY": "Carteret", "DCM_RO": "Morehead City Regional Office", "NCDCM_ID": 531.0, "PHOTO": "EI219.png", "PRK_FEE": null, "DCM_Funded": "N", "CONTRACT_YR": null, "CONTRACT_NUM": null, "ACESS_TYPE": "Beach", "KayakCanoeLaunch": "No", "PARKING_OPTIONS": "No Parking", "BeachWheelchair": "Y", "BWC_Info": "https://www.emeraldisle-nc.org/170/Beach-Wheel-Chair-Program", "PaidParkURL": "n/a", "WaterAccessTYPE": "Ocean", "BeachMat": null, "Land_Status": "Municipality", "NEAR_FID": 166.0, "NEAR_DIST": 544.51127499150243, "ACCESSIBILITY_NOTES": null, "LIFEGUARDS": null }, "geometry": { "type": "Point", "coordinates": [ -77.064028528762506, 34.653970640021591 ] } },
{ "type": "Feature", "properties": { "ACCESS_ID": "EI-12", "OBJECTID": 166, "PLACE": "Emerald Isle", "ACCESS_LOC": "Ocean Dr. and Deer Horn Dr.", "LOCL_SPONS": " ", "CAMA_SIGN": "Yes", "PARKING": 0.0, "DUNE_WALK": "Y", "OVERLOOK": "Yes", "HAND_DUNE": "No", "HAND_OVRLK": "No", "HAND_BEACH": "No", "HAND_PRKG": 0.0, "RESTRM": "N", "SHOWER": "N", "PIC_TABLE": "No", "VEH_ACCESS": "No", "BIKE_RACK": "Yes", "SURV_DATE": 1613433600000.0, "COMMENT_": " ", "PRKG_COMMENTS": null, "COUNTY": "Carteret", "DCM_RO": "Morehead City Regional Office", "NCDCM_ID": 532.0, "PHOTO": "EI218.png", "PRK_FEE": null, "DCM_Funded": "N", "CONTRACT_YR": null, "CONTRACT_NUM": null, "ACESS_TYPE": "Beach", "KayakCanoeLaunch": "No", "PARKING_OPTIONS": "No Parking", "BeachWheelchair": "Y", "BWC_Info": "https://www.emeraldisle-nc.org/170/Beach-Wheel-Chair-Program", "PaidParkURL": "n/a", "WaterAccessTYPE": "Ocean", "BeachMat": null, "Land_Status": "Municipality", "NEAR_FID": 165.0, "NEAR_DIST": 544.51127499150243, "ACCESSIBILITY_NOTES": null, "LIFEGUARDS": null }, "geometry": { "type": "Point", "coordinates": [ -77.062320875424803, 34.654467981950276 ] } },
{ "type": "Feature", "properties": { "ACCESS_ID": "EI-13", "OBJECTID": 167, "PLACE": "Emerald Isle", "ACCESS_LOC": "Ocean Dr. and Fawn Dr.", "LOCL_SPONS": " ", "CAMA_SIGN": "No", "PARKING": 0.0, "DUNE_WALK": "Y", "OVERLOOK": "No", "HAND_DUNE": "No", "HAND_OVRLK": "No", "HAND_BEACH": "No", "HAND_PRKG": 0.0, "RESTRM": "N", "SHOWER": "N", "PIC_TABLE": "No", "VEH_ACCESS": "No", "BIKE_RACK": "No", "SURV_DATE": 1613433600000.0, "COMMENT_": " ", "PRKG_COMMENTS": null, "COUNTY": "Carteret", "DCM_RO": "Morehead City Regional Office", "NCDCM_ID": 533.0, "PHOTO": "EI217.png", "PRK_FEE": null, "DCM_Funded": "N", "CONTRACT_YR": null, "CONTRACT_NUM": null, "ACESS_TYPE": "Beach", "KayakCanoeLaunch": "No", "PARKING_OPTIONS": "No Parking", "BeachWheelchair": "Y", "BWC_Info": "https://www.emeraldisle-nc.org/170/Beach-Wheel-Chair-Program", "PaidParkURL": "n/a", "WaterAccessTYPE": "Ocean", "BeachMat": null, "Land_Status": "Municipality", "NEAR_FID": 166.0, "NEAR_DIST": 560.08904343583538, "ACCESSIBILITY_NOTES": null, "LIFEGUARDS": null }, "geometry": { "type": "Point", "coordinates": [ -77.060508255742803, 34.654821493742809 ] } },
{ "type": "Feature", "properties": { "ACCESS_ID": "Western Regional Access", "OBJECTID": 168, "PLACE": "Emerald Isle", "ACCESS_LOC": "Islander Dr.", "LOCL_SPONS": "Emerald Isle", "CAMA_SIGN": "Yes", "PARKING": 250.0, "DUNE_WALK": "Y", "OVERLOOK": "Yes", "HAND_DUNE": "Y", "HAND_OVRLK": "Yes", "HAND_BEACH": "Y", "HAND_PRKG": 3.0, "RESTRM": "Y", "SHOWER": "Y", "PIC_TABLE": "Yes", "VEH_ACCESS": "No", "BIKE_RACK": "No", "SURV_DATE": 1526515200000.0, "COMMENT_": "", "PRKG_COMMENTS": "", "COUNTY": "Carteret", "DCM_RO": "Morehead City Regional Office", "NCDCM_ID": 534.0, "PHOTO": "EI216.png", "PRK_FEE": "Y", "DCM_Funded": "Y", "CONTRACT_YR": null, "CONTRACT_NUM": null, "ACESS_TYPE": "Beach", "KayakCanoeLaunch": "No", "PARKING_OPTIONS": "Onsite Parking", "BeachWheelchair": "Y", "BWC_Info": "https://www.emeraldisle-nc.org/170/Beach-Wheel-Chair-Program", "PaidParkURL": "https://www.emeraldisle-nc.org/191/Paid-Beach-Parking", "WaterAccessTYPE": "Ocean", "BeachMat": null, "Land_Status": "Municipality", "NEAR_FID": 169.0, "NEAR_DIST": 1039.619227616231, "ACCESSIBILITY_NOTES": null, "LIFEGUARDS": null }, "geometry": { "type": "Point", "coordinates": [ -77.056316183657103, 34.655879227985984 ] } },
{ "type": "Feature", "properties": { "ACCESS_ID": "NA", "OBJECTID": 169, "PLACE": "Emerald Isle", "ACCESS_LOC": "Reed Dr. and Janell Ln.", "LOCL_SPONS": " ", "CAMA_SIGN": "Yes", "PARKING": 0.0, "DUNE_WALK": "N", "OVERLOOK": "No", "HAND_DUNE": "No", "HAND_OVRLK": "No", "HAND_BEACH": "No", "HAND_PRKG": 0.0, "RESTRM": "N", "SHOWER": "N", "PIC_TABLE": "No", "VEH_ACCESS": "No", "BIKE_RACK": "No", "SURV_DATE": 1051833600000.0, "COMMENT_": " ", "PRKG_COMMENTS": null, "COUNTY": "Carteret", "DCM_RO": "Morehead City Regional Office", "NCDCM_ID": 535.0, "PHOTO": "EI215.png", "PRK_FEE": null, "DCM_Funded": "N", "CONTRACT_YR": null, "CONTRACT_NUM": null, "ACESS_TYPE": "Beach", "KayakCanoeLaunch": "No", "PARKING_OPTIONS": "No Parking", "BeachWheelchair": "Y", "BWC_Info": "https://www.emeraldisle-nc.org/170/Beach-Wheel-Chair-Program", "PaidParkURL": "n/a", "WaterAccessTYPE": "Ocean", "BeachMat": null, "Land_Status": "Municipality", "NEAR_FID": 168.0, "NEAR_DIST": 1039.619227616231, "ACCESSIBILITY_NOTES": null, "LIFEGUARDS": null }, "geometry": { "type": "Point", "coordinates": [ -77.052962203438696, 34.657035963661194 ] } },
{ "type": "Feature", "properties": { "ACCESS_ID": "Heverly Dr. (EI-16)", "OBJECTID": 170, "PLACE": "Emerald Isle", "ACCESS_LOC": "Reed Dr. and Heverly Dr.", "LOCL_SPONS": " ", "CAMA_SIGN": "Yes", "PARKING": 0.0, "DUNE_WALK": "Y", "OVERLOOK": "No", "HAND_DUNE": "No", "HAND_OVRLK": "No", "HAND_BEACH": "No", "HAND_PRKG": 0.0, "RESTRM": "N", "SHOWER": "N", "PIC_TABLE": "No", "VEH_ACCESS": "No", "BIKE_RACK": "Yes", "SURV_DATE": 1051833600000.0, "COMMENT_": " ", "PRKG_COMMENTS": null, "COUNTY": "Carteret", "DCM_RO": "Morehead City Regional Office", "NCDCM_ID": 536.0, "PHOTO": "EI214.png", "PRK_FEE": null, "DCM_Funded": "N", "CONTRACT_YR": null, "CONTRACT_NUM": null, "ACESS_TYPE": "Beach", "KayakCanoeLaunch": "No", "PARKING_OPTIONS": "No Parking", "BeachWheelchair": "Y", "BWC_Info": "https://www.emeraldisle-nc.org/170/Beach-Wheel-Chair-Program", "PaidParkURL": "n/a", "WaterAccessTYPE": "Ocean", "BeachMat": null, "Land_Status": "Municipality", "NEAR_FID": 814.0, "NEAR_DIST": 792.47871855987501, "ACCESSIBILITY_NOTES": null, "LIFEGUARDS": null }, "geometry": { "type": "Point", "coordinates": [ -77.048949932121104, 34.657797770362706 ] } },
{ "type": "Feature", "properties": { "ACCESS_ID": "Emerald Isle Woods Park ", "OBJECTID": 738, "PLACE": "Emerald Isle", "ACCESS_LOC": "9404 Coast Guard Rd", "LOCL_SPONS": "Emerald Isle", "CAMA_SIGN": "No", "PARKING": 29.0, "DUNE_WALK": "Y", "OVERLOOK": "No", "HAND_DUNE": "Yes", "HAND_OVRLK": "No", "HAND_BEACH": "No", "HAND_PRKG": 5.0, "RESTRM": "Y", "SHOWER": "N", "PIC_TABLE": "Yes", "VEH_ACCESS": "No", "BIKE_RACK": "No", "SURV_DATE": 1725321600000.0, "COMMENT_": "Pier - Floating Dock - Grills - Picnic Pavillion - Walking & Hiking Trails", "PRKG_COMMENTS": "Gravel Lot", "COUNTY": "Carteret", "DCM_RO": "Morehead City Regional Office", "NCDCM_ID": 0.0, "PHOTO": "mhc_EI_kayaklaunch.JPG", "PRK_FEE": "No", "DCM_Funded": "Y", "CONTRACT_YR": null, "CONTRACT_NUM": null, "ACESS_TYPE": "Shoreline", "KayakCanoeLaunch": "Yes", "PARKING_OPTIONS": "Onsite Parking", "BeachWheelchair": "Y", "BWC_Info": "https://www.emeraldisle-nc.org/170/Beach-Wheel-Chair-Program", "PaidParkURL": "n/a", "WaterAccessTYPE": "Estuarine", "BeachMat": null, "Land_Status": "Municipality", "NEAR_FID": 164.0, "NEAR_DIST": 2077.7567041073517, "ACCESSIBILITY_NOTES": null, "LIFEGUARDS": null }, "geometry": { "type": "Point", "coordinates": [ -77.068283672339902, 34.658789055389811 ] } },
{ "type": "Feature", "properties": { "ACCESS_ID": "Shell Dr", "OBJECTID": 814, "PLACE": "Emerald Isle", "ACCESS_LOC": "Shell Dr and Ocean View Dr", "LOCL_SPONS": "Emerald Isle", "CAMA_SIGN": "Yes", "PARKING": 0.0, "DUNE_WALK": "Y", "OVERLOOK": "No", "HAND_DUNE": "No", "HAND_OVRLK": "No", "HAND_BEACH": "No", "HAND_PRKG": 0.0, "RESTRM": "N", "SHOWER": "N", "PIC_TABLE": "No", "VEH_ACCESS": "No", "BIKE_RACK": "No", "SURV_DATE": 1613482027000.0, "COMMENT_": null, "PRKG_COMMENTS": null, "COUNTY": "Carteret", "DCM_RO": "MHC", "NCDCM_ID": null, "PHOTO": null, "PRK_FEE": null, "DCM_Funded": "N", "CONTRACT_YR": null, "CONTRACT_NUM": null, "ACESS_TYPE": "Beach", "KayakCanoeLaunch": "No", "PARKING_OPTIONS": "No Parking", "BeachWheelchair": "Y", "BWC_Info": "https://www.emeraldisle-nc.org/170/Beach-Wheel-Chair-Program", "PaidParkURL": "n/a", "WaterAccessTYPE": "Ocean", "BeachMat": null, "Land_Status": "Municipality", "NEAR_FID": 170.0, "NEAR_DIST": 792.47871855987501, "ACCESSIBILITY_NOTES": null, "LIFEGUARDS": null }, "geometry": { "type": "Point", "coordinates": [ -77.046449688021696, 34.658485879589584 ] } },
{ "type": "Feature", "properties": { "ACCESS_ID": "Boardwalk Ave Parking", "OBJECTID": 921, "PLACE": "Emerand Isle", "ACCESS_LOC": "Boardwalk Ave & Reed Dr", "LOCL_SPONS": "Town of Emerald Isle", "CAMA_SIGN": "No", "PARKING": 9.0, "DUNE_WALK": "N", "OVERLOOK": null, "HAND_DUNE": null, "HAND_OVRLK": null, "HAND_BEACH": null, "HAND_PRKG": 0.0, "RESTRM": null, "SHOWER": null, "PIC_TABLE": null, "VEH_ACCESS": null, "BIKE_RACK": null, "SURV_DATE": 1725321600000.0, "COMMENT_": null, "PRKG_COMMENTS": null, "COUNTY": null, "DCM_RO": "MHC", "NCDCM_ID": null, "PHOTO": null, "PRK_FEE": "N", "DCM_Funded": "N", "CONTRACT_YR": null, "CONTRACT_NUM": null, "ACESS_TYPE": null, "KayakCanoeLaunch": null, "PARKING_OPTIONS": "Parking off-site", "BeachWheelchair": null, "BWC_Info": null, "PaidParkURL": "n/a", "WaterAccessTYPE": "Parking Lot", "BeachMat": "n/a", "Land_Status": "Municipality", "NEAR_FID": null, "NEAR_DIST": null, "ACCESSIBILITY_NOTES": null, "LIFEGUARDS": null }, "geometry": { "type": "Point", "coordinates": [ -77.054385054427598, 34.659406935058101 ] } },
{ "type": "Feature", "properties": { "ACCESS_ID": "Shorerush Dr", "OBJECTID": 813, "PLACE": "Emerald Isle", "ACCESS_LOC": "Shorerush Dr and Ocean View Dr", "LOCL_SPONS": "Emerald Isle", "CAMA_SIGN": "Yes", "PARKING": 0.0, "DUNE_WALK": "Y", "OVERLOOK": "Yes", "HAND_DUNE": "Yes", "HAND_OVRLK": "Yes", "HAND_BEACH": "N", "HAND_PRKG": 0.0, "RESTRM": "N", "SHOWER": "N", "PIC_TABLE": "No", "VEH_ACCESS": "No", "BIKE_RACK": "No", "SURV_DATE": 1613433600000.0, "COMMENT_": null, "PRKG_COMMENTS": null, "COUNTY": "Carteret", "DCM_RO": "Morehead Regional Office", "NCDCM_ID": null, "PHOTO": null, "PRK_FEE": null, "DCM_Funded": "N", "CONTRACT_YR": null, "CONTRACT_NUM": null, "ACESS_TYPE": "Beach", "KayakCanoeLaunch": "No", "PARKING_OPTIONS": "No Parking", "BeachWheelchair": "Y", "BWC_Info": "https://www.emeraldisle-nc.org/170/Beach-Wheel-Chair-Program", "PaidParkURL": "n/a", "WaterAccessTYPE": "Ocean", "BeachMat": null, "Land_Status": "Municipality", "NEAR_FID": 814.0, "NEAR_DIST": 1291.7733364912963, "ACCESSIBILITY_NOTES": null, "LIFEGUARDS": null }, "geometry": { "type": "Point", "coordinates": [ -77.042318518388001, 34.659458710760802 ] } },
{ "type": "Feature", "properties": { "ACCESS_ID": "Sea Gull Rd. (EI-24)", "OBJECTID": 171, "PLACE": "Emerald Isle", "ACCESS_LOC": "Ocean Dr. and Sea Gull Road", "LOCL_SPONS": "Emerald Isle", "CAMA_SIGN": "Yes", "PARKING": 0.0, "DUNE_WALK": "Y", "OVERLOOK": "Yes", "HAND_DUNE": "No", "HAND_OVRLK": "No", "HAND_BEACH": "No", "HAND_PRKG": 1.0, "RESTRM": "N", "SHOWER": "N", "PIC_TABLE": "No", "VEH_ACCESS": "No", "BIKE_RACK": "No", "SURV_DATE": 1613433600000.0, "COMMENT_": " ", "PRKG_COMMENTS": "One Handicapped Parking Spot", "COUNTY": "Carteret", "DCM_RO": "Morehead City Regional Office", "NCDCM_ID": 537.0, "PHOTO": "EI85.png", "PRK_FEE": null, "DCM_Funded": "Y", "CONTRACT_YR": null, "CONTRACT_NUM": null, "ACESS_TYPE": "Beach", "KayakCanoeLaunch": "No", "PARKING_OPTIONS": "Onsite Parking", "BeachWheelchair": "Y", "BWC_Info": "https://www.emeraldisle-nc.org/170/Beach-Wheel-Chair-Program", "PaidParkURL": "n/a", "WaterAccessTYPE": "Ocean", "BeachMat": null, "Land_Status": "Municipality", "NEAR_FID": 172.0, "NEAR_DIST": 846.57742519340457, "ACCESSIBILITY_NOTES": null, "LIFEGUARDS": null }, "geometry": { "type": "Point", "coordinates": [ -77.028443782804899, 34.662842889795598 ] } },
{ "type": "Feature", "properties": { "ACCESS_ID": "Black Skimmer 4WD Access (EI-25)", "OBJECTID": 172, "PLACE": "Emerald Isle", "ACCESS_LOC": "Ocean Dr. and Blackskimmer Rd.", "LOCL_SPONS": "Emerald Isle", "CAMA_SIGN": "Yes", "PARKING": 0.0, "DUNE_WALK": "N", "OVERLOOK": "No", "HAND_DUNE": "No", "HAND_OVRLK": "No", "HAND_BEACH": "No", "HAND_PRKG": 0.0, "RESTRM": "N", "SHOWER": "N", "PIC_TABLE": "No", "VEH_ACCESS": "Yes, Seasonal", "BIKE_RACK": "No", "SURV_DATE": 1613433600000.0, "COMMENT_": " ", "PRKG_COMMENTS": null, "COUNTY": "Carteret", "DCM_RO": "Morehead City Regional Office", "NCDCM_ID": 538.0, "PHOTO": "EI84.png", "PRK_FEE": null, "DCM_Funded": "N", "CONTRACT_YR": null, "CONTRACT_NUM": null, "ACESS_TYPE": "Beach", "KayakCanoeLaunch": "No", "PARKING_OPTIONS": "No Parking", "BeachWheelchair": "Y", "BWC_Info": "https://www.emeraldisle-nc.org/170/Beach-Wheel-Chair-Program", "PaidParkURL": "n/a", "WaterAccessTYPE": "Ocean", "BeachMat": null, "Land_Status": "Municipality", "NEAR_FID": 173.0, "NEAR_DIST": 689.01458545790149, "ACCESSIBILITY_NOTES": null, "LIFEGUARDS": null }, "geometry": { "type": "Point", "coordinates": [ -77.025678884243106, 34.66328127635591 ] } },
{ "type": "Feature", "properties": { "ACCESS_ID": "EI-26", "OBJECTID": 173, "PLACE": "Emerald Isle", "ACCESS_LOC": "Ocean Dr. and Lee Ave.", "LOCL_SPONS": " ", "CAMA_SIGN": "Yes", "PARKING": 0.0, "DUNE_WALK": "Y", "OVERLOOK": "No", "HAND_DUNE": "No", "HAND_OVRLK": "No", "HAND_BEACH": "No", "HAND_PRKG": 0.0, "RESTRM": "N", "SHOWER": "N", "PIC_TABLE": "No", "VEH_ACCESS": "No", "BIKE_RACK": "Yes", "SURV_DATE": 1051833600000.0, "COMMENT_": " ", "PRKG_COMMENTS": null, "COUNTY": "Carteret", "DCM_RO": "Morehead City Regional Office", "NCDCM_ID": 539.0, "PHOTO": "EI83.png", "PRK_FEE": null, "DCM_Funded": "Y", "CONTRACT_YR": null, "CONTRACT_NUM": null, "ACESS_TYPE": "Beach", "KayakCanoeLaunch": "No", "PARKING_OPTIONS": "No Parking", "BeachWheelchair": "Y", "BWC_Info": "https://www.emeraldisle-nc.org/170/Beach-Wheel-Chair-Program", "PaidParkURL": "n/a", "WaterAccessTYPE": "Ocean", "BeachMat": null, "Land_Status": "Municipality", "NEAR_FID": 768.0, "NEAR_DIST": 546.33842747394658, "ACCESSIBILITY_NOTES": null, "LIFEGUARDS": null }, "geometry": { "type": "Point", "coordinates": [ -77.023443048467811, 34.663695577922191 ] } },
{ "type": "Feature", "properties": { "ACCESS_ID": "EI-27", "OBJECTID": 768, "PLACE": "Emerald Isle", "ACCESS_LOC": "Ocean Drive between Stuart Ave & Purdie Dr", "LOCL_SPONS": "Emerald Isle", "CAMA_SIGN": "Yes", "PARKING": 0.0, "DUNE_WALK": "Y", "OVERLOOK": "No", "HAND_DUNE": "No", "HAND_OVRLK": "No", "HAND_BEACH": "No", "HAND_PRKG": 0.0, "RESTRM": "N", "SHOWER": "N", "PIC_TABLE": "No", "VEH_ACCESS": "No", "BIKE_RACK": "No", "SURV_DATE": 1526342400000.0, "COMMENT_": null, "PRKG_COMMENTS": null, "COUNTY": "Carteret", "DCM_RO": "Morehead City Regional Office", "NCDCM_ID": null, "PHOTO": null, "PRK_FEE": null, "DCM_Funded": "N", "CONTRACT_YR": null, "CONTRACT_NUM": null, "ACESS_TYPE": "Beach", "KayakCanoeLaunch": "No", "PARKING_OPTIONS": "No Parking", "BeachWheelchair": "Y", "BWC_Info": "https://www.emeraldisle-nc.org/170/Beach-Wheel-Chair-Program", "PaidParkURL": "n/a", "WaterAccessTYPE": "Ocean", "BeachMat": null, "Land_Status": "Municipality", "NEAR_FID": 174.0, "NEAR_DIST": 542.88430276183919, "ACCESSIBILITY_NOTES": null, "LIFEGUARDS": null }, "geometry": { "type": "Point", "coordinates": [ -77.021680405658401, 34.664059708485297 ] } },
{ "type": "Feature", "properties": { "ACCESS_ID": "EI-28", "OBJECTID": 174, "PLACE": "Emerald Isle", "ACCESS_LOC": "Ocean Dr. and James Dr.", "LOCL_SPONS": " ", "CAMA_SIGN": "Yes", "PARKING": 0.0, "DUNE_WALK": "Y", "OVERLOOK": "Yes", "HAND_DUNE": "No", "HAND_OVRLK": "No", "HAND_BEACH": "No", "HAND_PRKG": 0.0, "RESTRM": "N", "SHOWER": "N", "PIC_TABLE": "No", "VEH_ACCESS": "No", "BIKE_RACK": "No", "SURV_DATE": 1051833600000.0, "COMMENT_": " ", "PRKG_COMMENTS": null, "COUNTY": "Carteret", "DCM_RO": "Morehead City Regional Office", "NCDCM_ID": 540.0, "PHOTO": "EI81.png", "PRK_FEE": null, "DCM_Funded": "N", "CONTRACT_YR": null, "CONTRACT_NUM": null, "ACESS_TYPE": "Beach", "KayakCanoeLaunch": "No", "PARKING_OPTIONS": "No Parking", "BeachWheelchair": "Y", "BWC_Info": "https://www.emeraldisle-nc.org/170/Beach-Wheel-Chair-Program", "PaidParkURL": "n/a", "WaterAccessTYPE": "Ocean", "BeachMat": null, "Land_Status": "Municipality", "NEAR_FID": 768.0, "NEAR_DIST": 542.88430276183919, "ACCESSIBILITY_NOTES": null, "LIFEGUARDS": null }, "geometry": { "type": "Point", "coordinates": [ -77.019930535095597, 34.664426897814295 ] } },
{ "type": "Feature", "properties": { "ACCESS_ID": "EI-29", "OBJECTID": 175, "PLACE": "Emerald Isle", "ACCESS_LOC": "Ocean Dr. and Tracy Dr.", "LOCL_SPONS": " ", "CAMA_SIGN": "Yes", "PARKING": 0.0, "DUNE_WALK": "Y", "OVERLOOK": "Yes", "HAND_DUNE": "No", "HAND_OVRLK": "No", "HAND_BEACH": "No", "HAND_PRKG": 0.0, "RESTRM": "N", "SHOWER": "N", "PIC_TABLE": "No", "VEH_ACCESS": "No", "BIKE_RACK": "No", "SURV_DATE": 1051833600000.0, "COMMENT_": " ", "PRKG_COMMENTS": null, "COUNTY": "Carteret", "DCM_RO": "Morehead City Regional Office", "NCDCM_ID": 541.0, "PHOTO": "EI80.png", "PRK_FEE": null, "DCM_Funded": "N", "CONTRACT_YR": null, "CONTRACT_NUM": null, "ACESS_TYPE": "Beach", "KayakCanoeLaunch": "No", "PARKING_OPTIONS": "No Parking", "BeachWheelchair": "Y", "BWC_Info": "https://www.emeraldisle-nc.org/170/Beach-Wheel-Chair-Program", "PaidParkURL": "n/a", "WaterAccessTYPE": "Ocean", "BeachMat": null, "Land_Status": "Municipality", "NEAR_FID": 176.0, "NEAR_DIST": 550.31712487505945, "ACCESSIBILITY_NOTES": null, "LIFEGUARDS": null }, "geometry": { "type": "Point", "coordinates": [ -77.018176864659196, 34.664882529804402 ] } },
{ "type": "Feature", "properties": { "ACCESS_ID": "EI-30", "OBJECTID": 176, "PLACE": "Emerald Isle", "ACCESS_LOC": "Ocean Dr. and Craig Dr.", "LOCL_SPONS": " ", "CAMA_SIGN": "Yes", "PARKING": 0.0, "DUNE_WALK": "Y", "OVERLOOK": "Yes", "HAND_DUNE": "No", "HAND_OVRLK": "No", "HAND_BEACH": "No", "HAND_PRKG": 0.0, "RESTRM": "N", "SHOWER": "N", "PIC_TABLE": "No", "VEH_ACCESS": "No", "BIKE_RACK": "Yes", "SURV_DATE": 1051833600000.0, "COMMENT_": " ", "PRKG_COMMENTS": null, "COUNTY": "Carteret", "DCM_RO": "Morehead City Regional Office", "NCDCM_ID": 542.0, "PHOTO": "EI79.png", "PRK_FEE": null, "DCM_Funded": "N", "CONTRACT_YR": null, "CONTRACT_NUM": null, "ACESS_TYPE": "Beach", "KayakCanoeLaunch": "No", "PARKING_OPTIONS": "No Parking", "BeachWheelchair": "Y", "BWC_Info": "https://www.emeraldisle-nc.org/170/Beach-Wheel-Chair-Program", "PaidParkURL": "n/a", "WaterAccessTYPE": "Ocean", "BeachMat": null, "Land_Status": "Municipality", "NEAR_FID": 769.0, "NEAR_DIST": 549.35857204026513, "ACCESSIBILITY_NOTES": null, "LIFEGUARDS": null }, "geometry": { "type": "Point", "coordinates": [ -77.0163924951963, 34.665218659945204 ] } },
{ "type": "Feature", "properties": { "ACCESS_ID": "EI-31", "OBJECTID": 769, "PLACE": "Emerald Isle", "ACCESS_LOC": "Ocean Dr between Arthur Dr & Indigo Dr", "LOCL_SPONS": "Emerald Isle", "CAMA_SIGN": "Yes", "PARKING": 0.0, "DUNE_WALK": "N", "OVERLOOK": "No", "HAND_DUNE": "No", "HAND_OVRLK": "NO", "HAND_BEACH": "No", "HAND_PRKG": 0.0, "RESTRM": "N", "SHOWER": "N", "PIC_TABLE": "No", "VEH_ACCESS": "No", "BIKE_RACK": "No", "SURV_DATE": 1526342400000.0, "COMMENT_": null, "PRKG_COMMENTS": null, "COUNTY": "Carteret", "DCM_RO": "Morehead City Regional Officce", "NCDCM_ID": null, "PHOTO": null, "PRK_FEE": null, "DCM_Funded": "N", "CONTRACT_YR": null, "CONTRACT_NUM": null, "ACESS_TYPE": "Beach", "KayakCanoeLaunch": "No", "PARKING_OPTIONS": "No Parking", "BeachWheelchair": "Y", "BWC_Info": "https://www.emeraldisle-nc.org/170/Beach-Wheel-Chair-Program", "PaidParkURL": "n/a", "WaterAccessTYPE": "Ocean", "BeachMat": null, "Land_Status": "Municipality", "NEAR_FID": 176.0, "NEAR_DIST": 549.35857204026513, "ACCESSIBILITY_NOTES": null, "LIFEGUARDS": null }, "geometry": { "type": "Point", "coordinates": [ -77.014603227220107, 34.665523767281989 ] } },
{ "type": "Feature", "properties": { "ACCESS_ID": "Bluewater Dr (EI-32)", "OBJECTID": 177, "PLACE": "Emerald Isle", "ACCESS_LOC": "Ocean Dr. and Bluewater Dr.", "LOCL_SPONS": "Emerald Isle", "CAMA_SIGN": "Yes", "PARKING": 0.0, "DUNE_WALK": "Y", "OVERLOOK": "Yes", "HAND_DUNE": "Yes", "HAND_OVRLK": "Yes", "HAND_BEACH": "No", "HAND_PRKG": 1.0, "RESTRM": "N", "SHOWER": "N", "PIC_TABLE": "No", "VEH_ACCESS": "No", "BIKE_RACK": "Yes", "SURV_DATE": 1615334400000.0, "COMMENT_": " ", "PRKG_COMMENTS": "One Handicapped Parking Spot", "COUNTY": "Carteret", "DCM_RO": "Morehead City Regional Office", "NCDCM_ID": 543.0, "PHOTO": "EI77.png", "PRK_FEE": null, "DCM_Funded": "Y", "CONTRACT_YR": null, "CONTRACT_NUM": null, "ACESS_TYPE": "Beach", "KayakCanoeLaunch": "No", "PARKING_OPTIONS": "Onsite Parking", "BeachWheelchair": "Y", "BWC_Info": "https://www.emeraldisle-nc.org/170/Beach-Wheel-Chair-Program", "PaidParkURL": "n/a", "WaterAccessTYPE": "Ocean", "BeachMat": null, "Land_Status": "Municipality", "NEAR_FID": 769.0, "NEAR_DIST": 554.59955732340256, "ACCESSIBILITY_NOTES": null, "LIFEGUARDS": null }, "geometry": { "type": "Point", "coordinates": [ -77.012831229355299, 34.665946593551098 ] } },
{ "type": "Feature", "properties": { "ACCESS_ID": "EI-33", "OBJECTID": 178, "PLACE": "Emerald Isle", "ACCESS_LOC": "Ocean Dr. and Azure Dr.", "LOCL_SPONS": " ", "CAMA_SIGN": "Yes", "PARKING": 0.0, "DUNE_WALK": "Y", "OVERLOOK": "No", "HAND_DUNE": "No", "HAND_OVRLK": "No", "HAND_BEACH": "No", "HAND_PRKG": 0.0, "RESTRM": "N", "SHOWER": "N", "PIC_TABLE": "No", "VEH_ACCESS": "No", "BIKE_RACK": "No", "SURV_DATE": 1051833600000.0, "COMMENT_": " ", "PRKG_COMMENTS": null, "COUNTY": "Carteret", "DCM_RO": "Morehead City Regional Office", "NCDCM_ID": 544.0, "PHOTO": "EI76.png", "PRK_FEE": null, "DCM_Funded": "N", "CONTRACT_YR": null, "CONTRACT_NUM": null, "ACESS_TYPE": "Beach", "KayakCanoeLaunch": "No", "PARKING_OPTIONS": "No Parking", "BeachWheelchair": "Y", "BWC_Info": "https://www.emeraldisle-nc.org/170/Beach-Wheel-Chair-Program", "PaidParkURL": "n/a", "WaterAccessTYPE": "Ocean", "BeachMat": null, "Land_Status": "Municipality", "NEAR_FID": 179.0, "NEAR_DIST": 552.79628637342682, "ACCESSIBILITY_NOTES": null, "LIFEGUARDS": null }, "geometry": { "type": "Point", "coordinates": [ -77.011068822802699, 34.666433950540906 ] } },
{ "type": "Feature", "properties": { "ACCESS_ID": "EI-34", "OBJECTID": 179, "PLACE": "Emerald Isle", "ACCESS_LOC": "Ocean Dr. and Pinta Dr.", "LOCL_SPONS": " ", "CAMA_SIGN": "Yes", "PARKING": 0.0, "DUNE_WALK": "N", "OVERLOOK": "No", "HAND_DUNE": "No", "HAND_OVRLK": "No", "HAND_BEACH": "No", "HAND_PRKG": 0.0, "RESTRM": "N", "SHOWER": "N", "PIC_TABLE": "No", "VEH_ACCESS": "No", "BIKE_RACK": "No", "SURV_DATE": 1051833600000.0, "COMMENT_": " ", "PRKG_COMMENTS": null, "COUNTY": "Carteret", "DCM_RO": "Morehead City Regional Office", "NCDCM_ID": 545.0, "PHOTO": "EI75.png", "PRK_FEE": null, "DCM_Funded": "N", "CONTRACT_YR": null, "CONTRACT_NUM": null, "ACESS_TYPE": "Beach", "KayakCanoeLaunch": "No", "PARKING_OPTIONS": "No Parking", "BeachWheelchair": "Y", "BWC_Info": "https://www.emeraldisle-nc.org/170/Beach-Wheel-Chair-Program", "PaidParkURL": "n/a", "WaterAccessTYPE": "Ocean", "BeachMat": null, "Land_Status": "Municipality", "NEAR_FID": 180.0, "NEAR_DIST": 545.12005491792547, "ACCESSIBILITY_NOTES": null, "LIFEGUARDS": null }, "geometry": { "type": "Point", "coordinates": [ -77.0092629512652, 34.666718580107315 ] } },
{ "type": "Feature", "properties": { "ACCESS_ID": "EI-35", "OBJECTID": 180, "PLACE": "Emerald Isle", "ACCESS_LOC": "Ocean Dr. and Santa Maria Dr.", "LOCL_SPONS": " ", "CAMA_SIGN": "Yes", "PARKING": 0.0, "DUNE_WALK": "Y", "OVERLOOK": "No", "HAND_DUNE": "No", "HAND_OVRLK": "No", "HAND_BEACH": "No", "HAND_PRKG": 0.0, "RESTRM": "N", "SHOWER": "N", "PIC_TABLE": "No", "VEH_ACCESS": "No", "BIKE_RACK": "Yes", "SURV_DATE": 1613433600000.0, "COMMENT_": " ", "PRKG_COMMENTS": null, "COUNTY": "Carteret", "DCM_RO": "Morehead City Regional Office", "NCDCM_ID": 546.0, "PHOTO": "EI74.png", "PRK_FEE": null, "DCM_Funded": "N", "CONTRACT_YR": null, "CONTRACT_NUM": null, "ACESS_TYPE": "Beach", "KayakCanoeLaunch": "No", "PARKING_OPTIONS": "No Parking", "BeachWheelchair": "Y", "BWC_Info": "https://www.emeraldisle-nc.org/170/Beach-Wheel-Chair-Program", "PaidParkURL": "n/a", "WaterAccessTYPE": "Ocean", "BeachMat": null, "Land_Status": "Municipality", "NEAR_FID": 179.0, "NEAR_DIST": 545.12005491792547, "ACCESSIBILITY_NOTES": null, "LIFEGUARDS": null }, "geometry": { "type": "Point", "coordinates": [ -77.007519904305298, 34.667130409328003 ] } },
{ "type": "Feature", "properties": { "ACCESS_ID": "EI-37", "OBJECTID": 181, "PLACE": "Emerald Isle", "ACCESS_LOC": "Ocean Dr. and Periwinkle Dr.", "LOCL_SPONS": " ", "CAMA_SIGN": "Yes", "PARKING": 0.0, "DUNE_WALK": "Y", "OVERLOOK": "No", "HAND_DUNE": "No", "HAND_OVRLK": "No", "HAND_BEACH": "No", "HAND_PRKG": 0.0, "RESTRM": "N", "SHOWER": "N", "PIC_TABLE": "No", "VEH_ACCESS": "No", "BIKE_RACK": "No", "SURV_DATE": 1051833600000.0, "COMMENT_": " ", "PRKG_COMMENTS": null, "COUNTY": "Carteret", "DCM_RO": "Morehead City Regional Office", "NCDCM_ID": 547.0, "PHOTO": "EI73.png", "PRK_FEE": null, "DCM_Funded": "N", "CONTRACT_YR": null, "CONTRACT_NUM": null, "ACESS_TYPE": "Beach", "KayakCanoeLaunch": "No", "PARKING_OPTIONS": "No Parking", "BeachWheelchair": "Y", "BWC_Info": "https://www.emeraldisle-nc.org/170/Beach-Wheel-Chair-Program", "PaidParkURL": "n/a", "WaterAccessTYPE": "Ocean", "BeachMat": null, "Land_Status": "Municipality", "NEAR_FID": 182.0, "NEAR_DIST": 547.87956335648892, "ACCESSIBILITY_NOTES": null, "LIFEGUARDS": null }, "geometry": { "type": "Point", "coordinates": [ -77.003922174948599, 34.667809699200482 ] } },
{ "type": "Feature", "properties": { "ACCESS_ID": "EI-38", "OBJECTID": 182, "PLACE": "Emerald Isle", "ACCESS_LOC": "Ocean Dr. and Rip Tide Ct.", "LOCL_SPONS": " ", "CAMA_SIGN": "Yes", "PARKING": 0.0, "DUNE_WALK": "N", "OVERLOOK": "No", "HAND_DUNE": "No", "HAND_OVRLK": "No", "HAND_BEACH": "No", "HAND_PRKG": 0.0, "RESTRM": "N", "SHOWER": "N", "PIC_TABLE": "No", "VEH_ACCESS": "No", "BIKE_RACK": "No", "SURV_DATE": 1051833600000.0, "COMMENT_": " ", "PRKG_COMMENTS": null, "COUNTY": "Carteret", "DCM_RO": "Morehead City Regional Office", "NCDCM_ID": 548.0, "PHOTO": "EI72.png", "PRK_FEE": null, "DCM_Funded": "N", "CONTRACT_YR": null, "CONTRACT_NUM": null, "ACESS_TYPE": "Beach", "KayakCanoeLaunch": "No", "PARKING_OPTIONS": "No Parking", "BeachWheelchair": "Y", "BWC_Info": "https://www.emeraldisle-nc.org/170/Beach-Wheel-Chair-Program", "PaidParkURL": "n/a", "WaterAccessTYPE": "Ocean", "BeachMat": null, "Land_Status": "Municipality", "NEAR_FID": 183.0, "NEAR_DIST": 546.31900424119783, "ACCESSIBILITY_NOTES": null, "LIFEGUARDS": null }, "geometry": { "type": "Point", "coordinates": [ -77.002155937081397, 34.668179665420404 ] } },
{ "type": "Feature", "properties": { "ACCESS_ID": "Whitewater Dr (EI-39)", "OBJECTID": 183, "PLACE": "Emerald Isle", "ACCESS_LOC": "Ocean Dr. and Whitewater Dr.", "LOCL_SPONS": "Emerald Isle", "CAMA_SIGN": "Yes", "PARKING": 0.0, "DUNE_WALK": "Y", "OVERLOOK": "Yes", "HAND_DUNE": "Yes", "HAND_OVRLK": "Yes", "HAND_BEACH": "No", "HAND_PRKG": 0.0, "RESTRM": "N", "SHOWER": "N", "PIC_TABLE": "No", "VEH_ACCESS": "No", "BIKE_RACK": "No", "SURV_DATE": 1051833600000.0, "COMMENT_": " ", "PRKG_COMMENTS": "", "COUNTY": "Carteret", "DCM_RO": "Morehead City Regional Office", "NCDCM_ID": 549.0, "PHOTO": "EI71.png", "PRK_FEE": null, "DCM_Funded": "Y", "CONTRACT_YR": null, "CONTRACT_NUM": null, "ACESS_TYPE": "Beach", "KayakCanoeLaunch": "No", "PARKING_OPTIONS": "No Parking", "BeachWheelchair": "Y", "BWC_Info": "https://www.emeraldisle-nc.org/170/Beach-Wheel-Chair-Program", "PaidParkURL": "n/a", "WaterAccessTYPE": "Ocean", "BeachMat": null, "Land_Status": "Municipality", "NEAR_FID": 184.0, "NEAR_DIST": 319.34033327753457, "ACCESSIBILITY_NOTES": null, "LIFEGUARDS": null }, "geometry": { "type": "Point", "coordinates": [ -77.000407652045098, 34.668588410911624 ] } },
{ "type": "Feature", "properties": { "ACCESS_ID": "Whitewater/West Summer", "OBJECTID": 184, "PLACE": "Emerald Isle", "ACCESS_LOC": "6407 Ocean Dr.", "LOCL_SPONS": "Emerald Isle", "CAMA_SIGN": "Yes", "PARKING": 0.0, "DUNE_WALK": "Y", "OVERLOOK": "No", "HAND_DUNE": "No", "HAND_OVRLK": "No", "HAND_BEACH": "No", "HAND_PRKG": 0.0, "RESTRM": "N", "SHOWER": "N", "PIC_TABLE": "No", "VEH_ACCESS": "No", "BIKE_RACK": "No", "SURV_DATE": 1526342400000.0, "COMMENT_": " ", "PRKG_COMMENTS": null, "COUNTY": "Carteret", "DCM_RO": "Morehead City Regional Office", "NCDCM_ID": 550.0, "PHOTO": "EI70.png", "PRK_FEE": null, "DCM_Funded": "N", "CONTRACT_YR": null, "CONTRACT_NUM": null, "ACESS_TYPE": "Beach", "KayakCanoeLaunch": "No", "PARKING_OPTIONS": "No Parking", "BeachWheelchair": "Y", "BWC_Info": "https://www.emeraldisle-nc.org/170/Beach-Wheel-Chair-Program", "PaidParkURL": "n/a", "WaterAccessTYPE": "Ocean", "BeachMat": null, "Land_Status": "Municipality", "NEAR_FID": 183.0, "NEAR_DIST": 319.34033327753457, "ACCESSIBILITY_NOTES": null, "LIFEGUARDS": null }, "geometry": { "type": "Point", "coordinates": [ -76.999374233735494, 34.668790813198804 ] } },
{ "type": "Feature", "properties": { "ACCESS_ID": "West Landing", "OBJECTID": 520, "PLACE": "Emerald Isle", "ACCESS_LOC": "Ocean Drive and West Landing Drive", "LOCL_SPONS": "Emerald Isle", "CAMA_SIGN": "Yes", "PARKING": 0.0, "DUNE_WALK": "Y", "OVERLOOK": "No", "HAND_DUNE": "No", "HAND_OVRLK": "No", "HAND_BEACH": "No", "HAND_PRKG": 0.0, "RESTRM": "N", "SHOWER": "N", "PIC_TABLE": "No", "VEH_ACCESS": "No", "BIKE_RACK": "No", "SURV_DATE": 1359676800000.0, "COMMENT_": " ", "PRKG_COMMENTS": null, "COUNTY": "Carteret", "DCM_RO": "Morehead City Regional Office", "NCDCM_ID": 633.0, "PHOTO": "EI69.png", "PRK_FEE": null, "DCM_Funded": "N", "CONTRACT_YR": null, "CONTRACT_NUM": null, "ACESS_TYPE": "Beach", "KayakCanoeLaunch": "No", "PARKING_OPTIONS": "No Parking", "BeachWheelchair": "Y", "BWC_Info": "https://www.emeraldisle-nc.org/170/Beach-Wheel-Chair-Program", "PaidParkURL": "n/a", "WaterAccessTYPE": "Ocean", "BeachMat": null, "Land_Status": "Municipality", "NEAR_FID": 185.0, "NEAR_DIST": 546.94119824333472, "ACCESSIBILITY_NOTES": null, "LIFEGUARDS": null }, "geometry": { "type": "Point", "coordinates": [ -76.996814054938696, 34.669272395843294 ] } },
{ "type": "Feature", "properties": { "ACCESS_ID": "EI-42", "OBJECTID": 185, "PLACE": "Emerald Isle", "ACCESS_LOC": "Ocean Dr. and Beachview Rd.", "LOCL_SPONS": " ", "CAMA_SIGN": "Yes", "PARKING": 0.0, "DUNE_WALK": "Y", "OVERLOOK": "Yes", "HAND_DUNE": "No", "HAND_OVRLK": "No", "HAND_BEACH": "No", "HAND_PRKG": 0.0, "RESTRM": "N", "SHOWER": "N", "PIC_TABLE": "No", "VEH_ACCESS": "No", "BIKE_RACK": "Yes", "SURV_DATE": 1051833600000.0, "COMMENT_": " ", "PRKG_COMMENTS": null, "COUNTY": "Carteret", "DCM_RO": "Morehead City Regional Office", "NCDCM_ID": 551.0, "PHOTO": "EI68.png", "PRK_FEE": null, "DCM_Funded": "N", "CONTRACT_YR": null, "CONTRACT_NUM": null, "ACESS_TYPE": "Beach", "KayakCanoeLaunch": "No", "PARKING_OPTIONS": "No Parking", "BeachWheelchair": "Y", "BWC_Info": "https://www.emeraldisle-nc.org/170/Beach-Wheel-Chair-Program", "PaidParkURL": "n/a", "WaterAccessTYPE": "Ocean", "BeachMat": null, "Land_Status": "Municipality", "NEAR_FID": 520.0, "NEAR_DIST": 546.94119824333472, "ACCESSIBILITY_NOTES": null, "LIFEGUARDS": null }, "geometry": { "type": "Point", "coordinates": [ -76.995033384738093, 34.66957939661313 ] } },
{ "type": "Feature", "properties": { "ACCESS_ID": "EI-43", "OBJECTID": 186, "PLACE": "Emerald Isle", "ACCESS_LOC": "Ocean Dr. and East Landing Dr.", "LOCL_SPONS": " ", "CAMA_SIGN": "Yes", "PARKING": 0.0, "DUNE_WALK": "N", "OVERLOOK": "No", "HAND_DUNE": "No", "HAND_OVRLK": "No", "HAND_BEACH": "No", "HAND_PRKG": 0.0, "RESTRM": "N", "SHOWER": "N", "PIC_TABLE": "No", "VEH_ACCESS": "No", "BIKE_RACK": "No", "SURV_DATE": 1051833600000.0, "COMMENT_": " ", "PRKG_COMMENTS": null, "COUNTY": "Carteret", "DCM_RO": "Morehead City Regional Office", "NCDCM_ID": 552.0, "PHOTO": "EI67.png", "PRK_FEE": null, "DCM_Funded": "N", "CONTRACT_YR": null, "CONTRACT_NUM": null, "ACESS_TYPE": "Beach", "KayakCanoeLaunch": "No", "PARKING_OPTIONS": "No Parking", "BeachWheelchair": "Y", "BWC_Info": "https://www.emeraldisle-nc.org/170/Beach-Wheel-Chair-Program", "PaidParkURL": "n/a", "WaterAccessTYPE": "Ocean", "BeachMat": null, "Land_Status": "Municipality", "NEAR_FID": 187.0, "NEAR_DIST": 544.14703540350069, "ACCESSIBILITY_NOTES": null, "LIFEGUARDS": null }, "geometry": { "type": "Point", "coordinates": [ -76.993225478516393, 34.669889947720286 ] } },
{ "type": "Feature", "properties": { "ACCESS_ID": "Hurst Rd (EI-44)", "OBJECTID": 187, "PLACE": "Emerald Isle", "ACCESS_LOC": "Ocean Dr. and Hurst Rd.", "LOCL_SPONS": " ", "CAMA_SIGN": "Yes", "PARKING": 0.0, "DUNE_WALK": "Y", "OVERLOOK": "Yes", "HAND_DUNE": "No", "HAND_OVRLK": "No", "HAND_BEACH": "No", "HAND_PRKG": 0.0, "RESTRM": "N", "SHOWER": "N", "PIC_TABLE": "No", "VEH_ACCESS": "No", "BIKE_RACK": "Yes", "SURV_DATE": 1051833600000.0, "COMMENT_": " ", "PRKG_COMMENTS": null, "COUNTY": "Carteret", "DCM_RO": "Morehead City Regional Office", "NCDCM_ID": 553.0, "PHOTO": "EI66.png", "PRK_FEE": null, "DCM_Funded": "Y", "CONTRACT_YR": null, "CONTRACT_NUM": null, "ACESS_TYPE": "Beach", "KayakCanoeLaunch": "No", "PARKING_OPTIONS": "No Parking", "BeachWheelchair": "Y", "BWC_Info": "https://www.emeraldisle-nc.org/170/Beach-Wheel-Chair-Program", "PaidParkURL": "n/a", "WaterAccessTYPE": "Ocean", "BeachMat": null, "Land_Status": "Municipality", "NEAR_FID": 186.0, "NEAR_DIST": 544.14703540350069, "ACCESSIBILITY_NOTES": null, "LIFEGUARDS": null }, "geometry": { "type": "Point", "coordinates": [ -76.991462793486093, 34.670228716523006 ] } },
{ "type": "Feature", "properties": { "ACCESS_ID": "Cedar Street Park", "OBJECTID": 191, "PLACE": "Emerald Isle", "ACCESS_LOC": "7800 Cedar Street", "LOCL_SPONS": "Town of Emerald Isle", "CAMA_SIGN": "Yes", "PARKING": 5.0, "DUNE_WALK": "N", "OVERLOOK": "Yes", "HAND_DUNE": "No", "HAND_OVRLK": "Yes", "HAND_BEACH": "No", "HAND_PRKG": 0.0, "RESTRM": "N", "SHOWER": "N", "PIC_TABLE": "Yes", "VEH_ACCESS": "No", "BIKE_RACK": "No", "SURV_DATE": 1725321600000.0, "COMMENT_": "Pier - Kayak & Windsurfing Access", "PRKG_COMMENTS": null, "COUNTY": "Carteret", "DCM_RO": "Morehead City Regional Office", "NCDCM_ID": 580.0, "PHOTO": "OD291.png", "PRK_FEE": "No", "DCM_Funded": "Y", "CONTRACT_YR": null, "CONTRACT_NUM": null, "ACESS_TYPE": "Shoreline", "KayakCanoeLaunch": "No", "PARKING_OPTIONS": "Both Parking Options", "BeachWheelchair": "Y", "BWC_Info": "https://www.emeraldisle-nc.org/170/Beach-Wheel-Chair-Program", "PaidParkURL": "n/a", "WaterAccessTYPE": "Estuarine", "BeachMat": "No", "Land_Status": "Municipality", "NEAR_FID": 171.0, "NEAR_DIST": 3273.0362569025287, "ACCESSIBILITY_NOTES": null, "LIFEGUARDS": null }, "geometry": { "type": "Point", "coordinates": [ -77.032355211045399, 34.671235786992227 ] } },
{ "type": "Feature", "properties": { "ACCESS_ID": "Emerald Isle Public Boat Ramp", "OBJECTID": 568, "PLACE": "Emerald Isle", "ACCESS_LOC": "6800 Emerald Drive", "LOCL_SPONS": "Town of Emerald Isle", "CAMA_SIGN": "No", "PARKING": 20.0, "DUNE_WALK": "N", "OVERLOOK": "No", "HAND_DUNE": "No", "HAND_OVRLK": "No", "HAND_BEACH": "No", "HAND_PRKG": 1.0, "RESTRM": "Y", "SHOWER": "N", "PIC_TABLE": "No", "VEH_ACCESS": "No", "BIKE_RACK": "No", "SURV_DATE": 1725321600000.0, "COMMENT_": "Boat Ramp and Pier", "PRKG_COMMENTS": "107 Paved Boat Trailer Spaces", "COUNTY": "Carteret", "DCM_RO": "Morehead City Regional Office", "NCDCM_ID": 1005.0, "PHOTO": "EI165.png", "PRK_FEE": "No", "DCM_Funded": "Y", "CONTRACT_YR": null, "CONTRACT_NUM": null, "ACESS_TYPE": "Shoreline", "KayakCanoeLaunch": "No", "PARKING_OPTIONS": "Onsite Parking", "BeachWheelchair": "Y", "BWC_Info": "https://www.emeraldisle-nc.org/170/Beach-Wheel-Chair-Program", "PaidParkURL": "n/a", "WaterAccessTYPE": "Estuarine", "BeachMat": null, "Land_Status": "Municipality", "NEAR_FID": 181.0, "NEAR_DIST": 1415.3245775240564, "ACCESSIBILITY_NOTES": null, "LIFEGUARDS": null }, "geometry": { "type": "Point", "coordinates": [ -77.005593508500993, 34.671445301881697 ] } },
{ "type": "Feature", "properties": { "ACCESS_ID": "EI-45", "OBJECTID": 188, "PLACE": "Emerald Isle", "ACCESS_LOC": "Ocean Dr. and Cedar Tree Ln.", "LOCL_SPONS": " ", "CAMA_SIGN": "Yes", "PARKING": 0.0, "DUNE_WALK": "Y", "OVERLOOK": "Yes", "HAND_DUNE": "No", "HAND_OVRLK": "No", "HAND_BEACH": "No", "HAND_PRKG": 0.0, "RESTRM": "N", "SHOWER": "N", "PIC_TABLE": "No", "VEH_ACCESS": "No", "BIKE_RACK": "Yes", "SURV_DATE": 1051833600000.0, "COMMENT_": " ", "PRKG_COMMENTS": null, "COUNTY": "Carteret", "DCM_RO": "Morehead City Regional Office", "NCDCM_ID": 554.0, "PHOTO": "EI65.png", "PRK_FEE": null, "DCM_Funded": "N", "CONTRACT_YR": null, "CONTRACT_NUM": null, "ACESS_TYPE": "Beach", "KayakCanoeLaunch": "No", "PARKING_OPTIONS": "No Parking", "BeachWheelchair": "Y", "BWC_Info": "https://www.emeraldisle-nc.org/170/Beach-Wheel-Chair-Program", "PaidParkURL": "n/a", "WaterAccessTYPE": "Ocean", "BeachMat": null, "Land_Status": "Municipality", "NEAR_FID": 92.0, "NEAR_DIST": 543.69204561564766, "ACCESSIBILITY_NOTES": null, "LIFEGUARDS": null }, "geometry": { "type": "Point", "coordinates": [ -76.986098292662902, 34.671200613398398 ] } },
{ "type": "Feature", "properties": { "ACCESS_ID": "EI-46", "OBJECTID": 92, "PLACE": "Emerald Isle", "ACCESS_LOC": "Ocean Dr. and Fairfax Rd.", "LOCL_SPONS": " ", "CAMA_SIGN": "Yes", "PARKING": 0.0, "DUNE_WALK": "Y", "OVERLOOK": "Yes", "HAND_DUNE": "No", "HAND_OVRLK": "No", "HAND_BEACH": "No", "HAND_PRKG": 0.0, "RESTRM": "N", "SHOWER": "N", "PIC_TABLE": "No", "VEH_ACCESS": "No", "BIKE_RACK": "No", "SURV_DATE": 1051833600000.0, "COMMENT_": " ", "PRKG_COMMENTS": null, "COUNTY": "Carteret", "DCM_RO": "Morehead City Regional Office", "NCDCM_ID": 423.0, "PHOTO": "EI64.png", "PRK_FEE": null, "DCM_Funded": "N", "CONTRACT_YR": null, "CONTRACT_NUM": null, "ACESS_TYPE": "Beach", "KayakCanoeLaunch": "No", "PARKING_OPTIONS": "No Parking", "BeachWheelchair": "Y", "BWC_Info": "https://www.emeraldisle-nc.org/170/Beach-Wheel-Chair-Program", "PaidParkURL": "n/a", "WaterAccessTYPE": "Ocean", "BeachMat": null, "Land_Status": "Municipality", "NEAR_FID": 188.0, "NEAR_DIST": 543.69204561564766, "ACCESSIBILITY_NOTES": null, "LIFEGUARDS": null }, "geometry": { "type": "Point", "coordinates": [ -76.984334120920906, 34.671528509114495 ] } },
{ "type": "Feature", "properties": { "ACCESS_ID": "Fairfax & Elizabeth", "OBJECTID": 93, "PLACE": "Emerald Isle", "ACCESS_LOC": "Ocean Dr. and Elizabeth St.", "LOCL_SPONS": " ", "CAMA_SIGN": "Yes", "PARKING": 0.0, "DUNE_WALK": "Y", "OVERLOOK": "Yes", "HAND_DUNE": "No", "HAND_OVRLK": "No", "HAND_BEACH": "No", "HAND_PRKG": 0.0, "RESTRM": "N", "SHOWER": "N", "PIC_TABLE": "No", "VEH_ACCESS": "No", "BIKE_RACK": "No", "SURV_DATE": 1051833600000.0, "COMMENT_": " ", "PRKG_COMMENTS": null, "COUNTY": "Carteret", "DCM_RO": "Morehead City Regional Office", "NCDCM_ID": 424.0, "PHOTO": "EI63.png", "PRK_FEE": null, "DCM_Funded": "N", "CONTRACT_YR": null, "CONTRACT_NUM": null, "ACESS_TYPE": "Beach", "KayakCanoeLaunch": "No", "PARKING_OPTIONS": "No Parking", "BeachWheelchair": "Y", "BWC_Info": "https://www.emeraldisle-nc.org/170/Beach-Wheel-Chair-Program", "PaidParkURL": "n/a", "WaterAccessTYPE": "Ocean", "BeachMat": null, "Land_Status": "Municipality", "NEAR_FID": 92.0, "NEAR_DIST": 550.83198732903963, "ACCESSIBILITY_NOTES": null, "LIFEGUARDS": null }, "geometry": { "type": "Point", "coordinates": [ -76.982546821153505, 34.671860882111822 ] } },
{ "type": "Feature", "properties": { "ACCESS_ID": "EI-49", "OBJECTID": 94, "PLACE": "Emerald Isle", "ACCESS_LOC": "Ocean Dr. and Edna St.", "LOCL_SPONS": " ", "CAMA_SIGN": "Yes", "PARKING": 0.0, "DUNE_WALK": "Y", "OVERLOOK": "No", "HAND_DUNE": "No", "HAND_OVRLK": "No", "HAND_BEACH": "No", "HAND_PRKG": 0.0, "RESTRM": "N", "SHOWER": "N", "PIC_TABLE": "No", "VEH_ACCESS": "No", "BIKE_RACK": "Yes", "SURV_DATE": 1051833600000.0, "COMMENT_": " ", "PRKG_COMMENTS": null, "COUNTY": "Carteret", "DCM_RO": "Morehead City Regional Office", "NCDCM_ID": 425.0, "PHOTO": "EI62.png", "PRK_FEE": null, "DCM_Funded": "N", "CONTRACT_YR": null, "CONTRACT_NUM": null, "ACESS_TYPE": "Beach", "KayakCanoeLaunch": "No", "PARKING_OPTIONS": "No Parking", "BeachWheelchair": "Y", "BWC_Info": "https://www.emeraldisle-nc.org/170/Beach-Wheel-Chair-Program", "PaidParkURL": "n/a", "WaterAccessTYPE": "Ocean", "BeachMat": null, "Land_Status": "Municipality", "NEAR_FID": 95.0, "NEAR_DIST": 553.51636717199574, "ACCESSIBILITY_NOTES": null, "LIFEGUARDS": null }, "geometry": { "type": "Point", "coordinates": [ -76.978957259279298, 34.672511539817499 ] } },
{ "type": "Feature", "properties": { "ACCESS_ID": "EI-50", "OBJECTID": 95, "PLACE": "Emerald Isle", "ACCESS_LOC": "Ocean Dr. and Lawrence St.", "LOCL_SPONS": " ", "CAMA_SIGN": "Yes", "PARKING": 0.0, "DUNE_WALK": "Y", "OVERLOOK": "Yes", "HAND_DUNE": "No", "HAND_OVRLK": "No", "HAND_BEACH": "No", "HAND_PRKG": 0.0, "RESTRM": "N", "SHOWER": "N", "PIC_TABLE": "No", "VEH_ACCESS": "No", "BIKE_RACK": "No", "SURV_DATE": 1051833600000.0, "COMMENT_": " ", "PRKG_COMMENTS": null, "COUNTY": "Carteret", "DCM_RO": "Morehead City Regional Office", "NCDCM_ID": 426.0, "PHOTO": "EI61.png", "PRK_FEE": null, "DCM_Funded": "N", "CONTRACT_YR": null, "CONTRACT_NUM": null, "ACESS_TYPE": "Beach", "KayakCanoeLaunch": "No", "PARKING_OPTIONS": "No Parking", "BeachWheelchair": "Y", "BWC_Info": "https://www.emeraldisle-nc.org/170/Beach-Wheel-Chair-Program", "PaidParkURL": "n/a", "WaterAccessTYPE": "Ocean", "BeachMat": null, "Land_Status": "Municipality", "NEAR_FID": 96.0, "NEAR_DIST": 546.47062522624867, "ACCESSIBILITY_NOTES": null, "LIFEGUARDS": null }, "geometry": { "type": "Point", "coordinates": [ -76.977157845730403, 34.672832868438796 ] } },
{ "type": "Feature", "properties": { "ACCESS_ID": "EI-51", "OBJECTID": 96, "PLACE": "Emerald Isle", "ACCESS_LOC": "Ocean Dr. and Carolyn St.", "LOCL_SPONS": " ", "CAMA_SIGN": "Yes", "PARKING": 0.0, "DUNE_WALK": "Y", "OVERLOOK": "Yes", "HAND_DUNE": "No", "HAND_OVRLK": "No", "HAND_BEACH": "No", "HAND_PRKG": 0.0, "RESTRM": "N", "SHOWER": "N", "PIC_TABLE": "No", "VEH_ACCESS": "No", "BIKE_RACK": "No", "SURV_DATE": 1051833600000.0, "COMMENT_": " ", "PRKG_COMMENTS": null, "COUNTY": "Carteret", "DCM_RO": "Morehead City Regional Office", "NCDCM_ID": 427.0, "PHOTO": "EI60.png", "PRK_FEE": null, "DCM_Funded": "N", "CONTRACT_YR": null, "CONTRACT_NUM": null, "ACESS_TYPE": "Beach", "KayakCanoeLaunch": "No", "PARKING_OPTIONS": "No Parking", "BeachWheelchair": "Y", "BWC_Info": "https://www.emeraldisle-nc.org/170/Beach-Wheel-Chair-Program", "PaidParkURL": "n/a", "WaterAccessTYPE": "Ocean", "BeachMat": null, "Land_Status": "Municipality", "NEAR_FID": 95.0, "NEAR_DIST": 546.47062522624867, "ACCESSIBILITY_NOTES": null, "LIFEGUARDS": null }, "geometry": { "type": "Point", "coordinates": [ -76.975386664434097, 34.673169849908099 ] } },
{ "type": "Feature", "properties": { "ACCESS_ID": "EI-54", "OBJECTID": 99, "PLACE": "Emerald Isle", "ACCESS_LOC": "Ocean Dr. and Hubert St.", "LOCL_SPONS": " ", "CAMA_SIGN": "Yes", "PARKING": 0.0, "DUNE_WALK": "Y", "OVERLOOK": "No", "HAND_DUNE": "No", "HAND_OVRLK": "No", "HAND_BEACH": "No", "HAND_PRKG": 0.0, "RESTRM": "N", "SHOWER": "N", "PIC_TABLE": "No", "VEH_ACCESS": "No", "BIKE_RACK": "No", "SURV_DATE": 1051833600000.0, "COMMENT_": " ", "PRKG_COMMENTS": null, "COUNTY": "Carteret", "DCM_RO": "Morehead City Regional Office", "NCDCM_ID": 430.0, "PHOTO": "EI57.png", "PRK_FEE": null, "DCM_Funded": "N", "CONTRACT_YR": null, "CONTRACT_NUM": null, "ACESS_TYPE": "Beach", "KayakCanoeLaunch": "No", "PARKING_OPTIONS": "No Parking", "BeachWheelchair": "Y", "BWC_Info": "https://www.emeraldisle-nc.org/170/Beach-Wheel-Chair-Program", "PaidParkURL": "n/a", "WaterAccessTYPE": "Ocean", "BeachMat": null, "Land_Status": "Municipality", "NEAR_FID": 98.0, "NEAR_DIST": 551.61168964437843, "ACCESSIBILITY_NOTES": null, "LIFEGUARDS": null }, "geometry": { "type": "Point", "coordinates": [ -76.969998287289016, 34.674048104222386 ] } },
{ "type": "Feature", "properties": { "ACCESS_ID": "Cedar Point Public Boat Ramp", "OBJECTID": 775, "PLACE": "Cedar Point", "ACCESS_LOC": "144 Cedar Point Blvd", "LOCL_SPONS": "Carteret County/WRC/DCM", "CAMA_SIGN": "No", "PARKING": 7.0, "DUNE_WALK": "N", "OVERLOOK": "No", "HAND_DUNE": "No", "HAND_OVRLK": "No", "HAND_BEACH": "No", "HAND_PRKG": 1.0, "RESTRM": "Y", "SHOWER": "N", "PIC_TABLE": "No", "VEH_ACCESS": "No", "BIKE_RACK": "No", "SURV_DATE": 1541116800000.0, "COMMENT_": "Fishing Pier, and 37 Trailer Spaces", "PRKG_COMMENTS": null, "COUNTY": "Carteret", "DCM_RO": "Morehead City Regional Office", "NCDCM_ID": null, "PHOTO": null, "PRK_FEE": null, "DCM_Funded": "Y", "CONTRACT_YR": null, "CONTRACT_NUM": null, "ACESS_TYPE": "Shoreline", "KayakCanoeLaunch": "Yes", "PARKING_OPTIONS": "Onsite Parking", "BeachWheelchair": "N", "BWC_Info": "n/a", "PaidParkURL": "n/a", "WaterAccessTYPE": "Estuarine", "BeachMat": null, "Land_Status": "Municipality", "NEAR_FID": 881.0, "NEAR_DIST": 4319.6842017426425, "ACCESSIBILITY_NOTES": null, "LIFEGUARDS": null }, "geometry": { "type": "Point", "coordinates": [ -77.108514218238, 34.677969406937521 ] } },
{ "type": "Feature", "properties": { "ACCESS_ID": "Wards Shore Park", "OBJECTID": 528, "PLACE": "Swansboro", "ACCESS_LOC": "321 Water St", "LOCL_SPONS": "Swansboro", "CAMA_SIGN": "Yes", "PARKING": 0.0, "DUNE_WALK": "N", "OVERLOOK": "No", "HAND_DUNE": "No", "HAND_OVRLK": "No", "HAND_BEACH": "No", "HAND_PRKG": 0.0, "RESTRM": "N", "SHOWER": "N", "PIC_TABLE": "Yes", "VEH_ACCESS": "No", "BIKE_RACK": "No", "SURV_DATE": 1201737600000.0, "COMMENT_": "", "PRKG_COMMENTS": "", "COUNTY": "Onslow", "DCM_RO": "Morehead City Regional Office", "NCDCM_ID": 985.0, "PHOTO": "swansboro2wardscreek.png", "PRK_FEE": null, "DCM_Funded": "Y", "CONTRACT_YR": null, "CONTRACT_NUM": null, "ACESS_TYPE": "Shoreline", "KayakCanoeLaunch": "No", "PARKING_OPTIONS": "On-Street Parking", "BeachWheelchair": "N", "BWC_Info": "n/a", "PaidParkURL": "n/a", "WaterAccessTYPE": "Estuarine", "BeachMat": null, "Land_Status": "Municipality", "NEAR_FID": 906.0, "NEAR_DIST": 1301.2099788454334, "ACCESSIBILITY_NOTES": null, "LIFEGUARDS": null }, "geometry": { "type": "Point", "coordinates": [ -77.123439805735401, 34.685265315540683 ] } },
{ "type": "Feature", "properties": { "ACCESS_ID": "Port O' Swannsborough", "OBJECTID": 906, "PLACE": "Swansboro", "ACCESS_LOC": "Terminus of Church St", "LOCL_SPONS": "Swansboro", "CAMA_SIGN": "No", "PARKING": 0.0, "DUNE_WALK": "N", "OVERLOOK": "N", "HAND_DUNE": "N", "HAND_OVRLK": "N", "HAND_BEACH": "N", "HAND_PRKG": 0.0, "RESTRM": "N", "SHOWER": "N", "PIC_TABLE": "N", "VEH_ACCESS": "No", "BIKE_RACK": "N", "SURV_DATE": 1700524800000.0, "COMMENT_": null, "PRKG_COMMENTS": null, "COUNTY": "Carteret", "DCM_RO": "WILM", "NCDCM_ID": null, "PHOTO": null, "PRK_FEE": "N", "DCM_Funded": "Y", "CONTRACT_YR": "2014", "CONTRACT_NUM": "6299", "ACESS_TYPE": "Shoreline", "KayakCanoeLaunch": "N", "PARKING_OPTIONS": "On-Street Parking", "BeachWheelchair": "N", "BWC_Info": null, "PaidParkURL": null, "WaterAccessTYPE": "Estuarine", "BeachMat": "No", "Land_Status": "Municipality", "NEAR_FID": 222.0, "NEAR_DIST": 351.83093657250163, "ACCESSIBILITY_NOTES": null, "LIFEGUARDS": null }, "geometry": { "type": "Point", "coordinates": [ -77.119408508825799, 34.686567251515271 ] } },
{ "type": "Feature", "properties": { "ACCESS_ID": "Town Dinghy Dock (Public Day Dock)", "OBJECTID": 222, "PLACE": "Swansboro", "ACCESS_LOC": "Main Street and Front Street", "LOCL_SPONS": "Swansboro", "CAMA_SIGN": "Yes", "PARKING": 8.0, "DUNE_WALK": "Y", "OVERLOOK": "Yes", "HAND_DUNE": "Yes", "HAND_OVRLK": "Yes", "HAND_BEACH": "No", "HAND_PRKG": null, "RESTRM": "N", "SHOWER": "N", "PIC_TABLE": "No", "VEH_ACCESS": "No", "BIKE_RACK": "No", "SURV_DATE": 770947200000.0, "COMMENT_": "River Access", "PRKG_COMMENTS": null, "COUNTY": "Onslow", "DCM_RO": "Morehead City Regional Office", "NCDCM_ID": 605.0, "PHOTO": "OD259.png", "PRK_FEE": "No", "DCM_Funded": "Y", "CONTRACT_YR": null, "CONTRACT_NUM": null, "ACESS_TYPE": "Shoreline", "KayakCanoeLaunch": "No", "PARKING_OPTIONS": "Both Parking Options", "BeachWheelchair": "N", "BWC_Info": "n/a", "PaidParkURL": "n/a", "WaterAccessTYPE": "Estuarine", "BeachMat": null, "Land_Status": "Municipality", "NEAR_FID": 881.0, "NEAR_DIST": 215.4254197247194, "ACCESSIBILITY_NOTES": null, "LIFEGUARDS": null }, "geometry": { "type": "Point", "coordinates": [ -77.118273930506305, 34.686804513753202 ] } },
{ "type": "Feature", "properties": { "ACCESS_ID": "Moore St", "OBJECTID": 881, "PLACE": "Swansboro", "ACCESS_LOC": "Terminus of W Moore St", "LOCL_SPONS": "Swansboro", "CAMA_SIGN": "Yes", "PARKING": 0.0, "DUNE_WALK": "N", "OVERLOOK": "Y", "HAND_DUNE": "N", "HAND_OVRLK": "Y", "HAND_BEACH": "N", "HAND_PRKG": 0.0, "RESTRM": "N", "SHOWER": "N", "PIC_TABLE": "N", "VEH_ACCESS": "No", "BIKE_RACK": "N", "SURV_DATE": 1657811138000.0, "COMMENT_": "Pedestrian walkway plus two free boat slips for smaller vessels.  Boardwalk that leads to Bicentennial Park.", "PRKG_COMMENTS": null, "COUNTY": "Onslow", "DCM_RO": "WILM", "NCDCM_ID": null, "PHOTO": null, "PRK_FEE": null, "DCM_Funded": "Y", "CONTRACT_YR": null, "CONTRACT_NUM": null, "ACESS_TYPE": "Shoreline", "KayakCanoeLaunch": "N", "PARKING_OPTIONS": "No Parking", "BeachWheelchair": "N", "BWC_Info": null, "PaidParkURL": "n/a", "WaterAccessTYPE": "Estuarine", "BeachMat": null, "Land_Status": "Municipality", "NEAR_FID": 222.0, "NEAR_DIST": 215.4254197247194, "ACCESSIBILITY_NOTES": null, "LIFEGUARDS": null }, "geometry": { "type": "Point", "coordinates": [ -77.117667029696605, 34.687119285199095 ] } },
{ "type": "Feature", "properties": { "ACCESS_ID": "Bicentenntial Park", "OBJECTID": 812, "PLACE": "Swansboro", "ACCESS_LOC": "NC Hyw 24, Base of White Oak River Bridge", "LOCL_SPONS": "Swansboro", "CAMA_SIGN": "Yes", "PARKING": 10.0, "DUNE_WALK": "N", "OVERLOOK": "No", "HAND_DUNE": "No", "HAND_OVRLK": "No", "HAND_BEACH": "Y", "HAND_PRKG": 2.0, "RESTRM": "Y", "SHOWER": "N", "PIC_TABLE": "Yes", "VEH_ACCESS": "No", "BIKE_RACK": "No", "SURV_DATE": 1612953561193.0, "COMMENT_": "Fishing Pier, Boardwalk that leads to downtown.", "PRKG_COMMENTS": null, "COUNTY": "Onslow", "DCM_RO": "Wilmington Regional Office", "NCDCM_ID": null, "PHOTO": null, "PRK_FEE": null, "DCM_Funded": "Y", "CONTRACT_YR": "2014-15, 2016-17, 2020-21 ", "CONTRACT_NUM": "6028, 7138", "ACESS_TYPE": "Shoreline", "KayakCanoeLaunch": "Yes", "PARKING_OPTIONS": "Onsite Parking", "BeachWheelchair": "N", "BWC_Info": "n/a", "PaidParkURL": "n/a", "WaterAccessTYPE": "Estuarine", "BeachMat": null, "Land_Status": "Municipality", "NEAR_FID": 881.0, "NEAR_DIST": 330.99580985619139, "ACCESSIBILITY_NOTES": null, "LIFEGUARDS": null }, "geometry": { "type": "Point", "coordinates": [ -77.116895569907399, 34.687768227569293 ] } },
{ "type": "Feature", "properties": { "ACCESS_ID": "Boathouse Creek Walking Trails Park", "OBJECTID": 885, "PLACE": "Cedar Point", "ACCESS_LOC": "end of Masonic Avenue", "LOCL_SPONS": "Cedar Point", "CAMA_SIGN": "Yes", "PARKING": 12.0, "DUNE_WALK": "N", "OVERLOOK": "Y", "HAND_DUNE": "N", "HAND_OVRLK": "Y", "HAND_BEACH": "N", "HAND_PRKG": 2.0, "RESTRM": "N", "SHOWER": "N", "PIC_TABLE": "Y", "VEH_ACCESS": "No", "BIKE_RACK": "N", "SURV_DATE": 1721124994000.0, "COMMENT_": null, "PRKG_COMMENTS": null, "COUNTY": "Carteret", "DCM_RO": "MHC", "NCDCM_ID": null, "PHOTO": null, "PRK_FEE": "N", "DCM_Funded": "Y", "CONTRACT_YR": "2021", "CONTRACT_NUM": null, "ACESS_TYPE": "Shoreline", "KayakCanoeLaunch": "Y", "PARKING_OPTIONS": "Onsite Parking", "BeachWheelchair": "N", "BWC_Info": "Shaded ADA Kayak/Canoe Launch", "PaidParkURL": "n/a", "WaterAccessTYPE": "Estuarine", "BeachMat": null, "Land_Status": "Municipality", "NEAR_FID": 775.0, "NEAR_DIST": 6783.0042788552882, "ACCESSIBILITY_NOTES": null, "LIFEGUARDS": null }, "geometry": { "type": "Point", "coordinates": [ -77.090410835918306, 34.689088881594699 ] } },
{ "type": "Feature", "properties": { "ACCESS_ID": "Riverview Park", "OBJECTID": 888, "PLACE": "Swansboro", "ACCESS_LOC": "320 Corbett Ave", "LOCL_SPONS": "Swansboro\r\n", "CAMA_SIGN": "Yes", "PARKING": 10.0, "DUNE_WALK": "N", "OVERLOOK": "Y", "HAND_DUNE": null, "HAND_OVRLK": "Y", "HAND_BEACH": "N", "HAND_PRKG": 2.0, "RESTRM": "N", "SHOWER": "N", "PIC_TABLE": "Y", "VEH_ACCESS": "No", "BIKE_RACK": "N", "SURV_DATE": 1658150915000.0, "COMMENT_": "Features elevated shoreline walkways along the White Oak River and an excellent view of Jones Island. This park has two covered observation shelters and three picnic shelters. Interpretive signage about the coastal environment is along the walkways.", "PRKG_COMMENTS": null, "COUNTY": "Onslow", "DCM_RO": "WILM", "NCDCM_ID": null, "PHOTO": null, "PRK_FEE": "N", "DCM_Funded": "Y", "CONTRACT_YR": null, "CONTRACT_NUM": null, "ACESS_TYPE": "Shoreline", "KayakCanoeLaunch": "N", "PARKING_OPTIONS": "Onsite Parking", "BeachWheelchair": "N", "BWC_Info": null, "PaidParkURL": "n/a", "WaterAccessTYPE": "Estuarine", "BeachMat": null, "Land_Status": "Municipality", "NEAR_FID": 812.0, "NEAR_DIST": 1096.0078316769668, "ACCESSIBILITY_NOTES": null, "LIFEGUARDS": null }, "geometry": { "type": "Point", "coordinates": [ -77.119584922534102, 34.689801700612286 ] } },
{ "type": "Feature", "properties": { "ACCESS_ID": "Pettiford Creek Access", "OBJECTID": 788, "PLACE": "Cape Carteret", "ACCESS_LOC": "920 Highway 58", "LOCL_SPONS": "Cape Carteret", "CAMA_SIGN": "Yes", "PARKING": 15.0, "DUNE_WALK": "N", "OVERLOOK": "No", "HAND_DUNE": "No", "HAND_OVRLK": "No", "HAND_BEACH": "No", "HAND_PRKG": 2.0, "RESTRM": "N", "SHOWER": "N", "PIC_TABLE": "No", "VEH_ACCESS": "No", "BIKE_RACK": "No", "SURV_DATE": 1652745600000.0, "COMMENT_": "", "PRKG_COMMENTS": null, "COUNTY": "Carteret", "DCM_RO": "Morehead City Regional Office", "NCDCM_ID": null, "PHOTO": null, "PRK_FEE": "No", "DCM_Funded": "Y", "CONTRACT_YR": "2018-19", "CONTRACT_NUM": "7775/7777", "ACESS_TYPE": "Shoreline", "KayakCanoeLaunch": "Y", "PARKING_OPTIONS": "Onsite Parking", "BeachWheelchair": "N", "BWC_Info": "n/a", "PaidParkURL": "n/a", "WaterAccessTYPE": "Estuarine", "BeachMat": null, "Land_Status": "Municipality", "NEAR_FID": 885.0, "NEAR_DIST": 9856.227837978935, "ACCESSIBILITY_NOTES": null, "LIFEGUARDS": null }, "geometry": { "type": "Point", "coordinates": [ -77.067646927521295, 34.708565416405015 ] } },
{ "type": "Feature", "properties": { "ACCESS_ID": "North 11th Street Water Access", "OBJECTID": 753, "PLACE": "Morehead City", "ACCESS_LOC": "North 11th & Edgewater Place", "LOCL_SPONS": null, "CAMA_SIGN": "No", "PARKING": 0.0, "DUNE_WALK": "N", "OVERLOOK": "No", "HAND_DUNE": "No", "HAND_OVRLK": "No", "HAND_BEACH": "No", "HAND_PRKG": 0.0, "RESTRM": "N", "SHOWER": "N", "PIC_TABLE": "No", "VEH_ACCESS": "No", "BIKE_RACK": "No", "SURV_DATE": 1504742400000.0, "COMMENT_": "Public water access with dock", "PRKG_COMMENTS": "", "COUNTY": "Carteret", "DCM_RO": "Morehead City Regional Office", "NCDCM_ID": null, "PHOTO": null, "PRK_FEE": null, "DCM_Funded": "N", "CONTRACT_YR": null, "CONTRACT_NUM": null, "ACESS_TYPE": "Shoreline", "KayakCanoeLaunch": "No", "PARKING_OPTIONS": "On-Street Parking", "BeachWheelchair": "N", "BWC_Info": "n/a", "PaidParkURL": "n/a", "WaterAccessTYPE": "Estuarine", "BeachMat": null, "Land_Status": "Municipality", "NEAR_FID": 544.0, "NEAR_DIST": 1927.1389365538378, "ACCESSIBILITY_NOTES": null, "LIFEGUARDS": null }, "geometry": { "type": "Point", "coordinates": [ -76.716368110769096, 34.72621592691678 ] } },
{ "type": "Feature", "properties": { "ACCESS_ID": "Calico Creek Boardwalk", "OBJECTID": 827, "PLACE": "Morehead City", "ACCESS_LOC": "Extends along Bay Street from North 19th Street to North 22nd Street", "LOCL_SPONS": "Morehead City", "CAMA_SIGN": "No", "PARKING": 0.0, "DUNE_WALK": "N", "OVERLOOK": "Y", "HAND_DUNE": "N", "HAND_OVRLK": "Y", "HAND_BEACH": "Y", "HAND_PRKG": 0.0, "RESTRM": "N", "SHOWER": "N", "PIC_TABLE": "N", "VEH_ACCESS": "No", "BIKE_RACK": "N", "SURV_DATE": 1617200556000.0, "COMMENT_": null, "PRKG_COMMENTS": null, "COUNTY": "Carteret", "DCM_RO": "MHC", "NCDCM_ID": null, "PHOTO": null, "PRK_FEE": null, "DCM_Funded": "Y", "CONTRACT_YR": "Multiple ", "CONTRACT_NUM": "Multiple", "ACESS_TYPE": "Shoreline", "KayakCanoeLaunch": "N", "PARKING_OPTIONS": "On-Street Parking", "BeachWheelchair": "N", "BWC_Info": "n/a", "PaidParkURL": "n/a", "WaterAccessTYPE": "Estuarine", "BeachMat": null, "Land_Status": "Municipality", "NEAR_FID": 548.0, "NEAR_DIST": 223.93334388142381, "ACCESSIBILITY_NOTES": null, "LIFEGUARDS": null }, "geometry": { "type": "Point", "coordinates": [ -76.729128939457297, 34.727072461903909 ] } },
{ "type": "Feature", "properties": { "ACCESS_ID": " ", "OBJECTID": 548, "PLACE": "Morehead City", "ACCESS_LOC": "20th Street", "LOCL_SPONS": " ", "CAMA_SIGN": "Yes", "PARKING": 0.0, "DUNE_WALK": "N", "OVERLOOK": "Yes", "HAND_DUNE": "No", "HAND_OVRLK": "Yes", "HAND_BEACH": "No", "HAND_PRKG": 0.0, "RESTRM": "N", "SHOWER": "N", "PIC_TABLE": "No", "VEH_ACCESS": "No", "BIKE_RACK": "No", "SURV_DATE": 1192665600000.0, "COMMENT_": "Fishing Bridge", "PRKG_COMMENTS": "", "COUNTY": "Carteret", "DCM_RO": "Morehead City Regional Office", "NCDCM_ID": 994.0, "PHOTO": "mch4n20thstreet.png", "PRK_FEE": null, "DCM_Funded": "N", "CONTRACT_YR": null, "CONTRACT_NUM": null, "ACESS_TYPE": "Shoreline", "KayakCanoeLaunch": "No", "PARKING_OPTIONS": "No Parking", "BeachWheelchair": "N", "BWC_Info": "n/a", "PaidParkURL": "n/a", "WaterAccessTYPE": "Estuarine", "BeachMat": null, "Land_Status": "Municipality", "NEAR_FID": 827.0, "NEAR_DIST": 223.93334388142381, "ACCESSIBILITY_NOTES": null, "LIFEGUARDS": null }, "geometry": { "type": "Point", "coordinates": [ -76.729042916321504, 34.727683669235404 ] } },
{ "type": "Feature", "properties": { "ACCESS_ID": "Southern Gateway for Outer Banks National Scenic Byway", "OBJECTID": 790, "PLACE": "Carteret County", "ACCESS_LOC": "Southside U.S. Hwy 70", "LOCL_SPONS": "Carteret County", "CAMA_SIGN": "Yes", "PARKING": 6.0, "DUNE_WALK": "N", "OVERLOOK": "No", "HAND_DUNE": "No", "HAND_OVRLK": "No", "HAND_BEACH": "No", "HAND_PRKG": 1.0, "RESTRM": "N", "SHOWER": "N", "PIC_TABLE": "No", "VEH_ACCESS": "No", "BIKE_RACK": "No", "SURV_DATE": 1567123200000.0, "COMMENT_": "Kiosk for Outer Banks Scenic Byway", "PRKG_COMMENTS": null, "COUNTY": "Carteret", "DCM_RO": "Morehead City Regional Office", "NCDCM_ID": null, "PHOTO": null, "PRK_FEE": "No", "DCM_Funded": "Y", "CONTRACT_YR": "2013-14", "CONTRACT_NUM": "6732", "ACESS_TYPE": "Shoreline", "KayakCanoeLaunch": "No", "PARKING_OPTIONS": "Onsite Parking", "BeachWheelchair": "N", "BWC_Info": "n/a", "PaidParkURL": "n/a", "WaterAccessTYPE": "Estuarine", "BeachMat": null, "Land_Status": "County", "NEAR_FID": 537.0, "NEAR_DIST": 24235.445248882097, "ACCESSIBILITY_NOTES": null, "LIFEGUARDS": null }, "geometry": { "type": "Point", "coordinates": [ -76.623525726507694, 34.783744353321417 ] } },
{ "type": "Feature", "properties": { "ACCESS_ID": "Ocracoke Beach", "OBJECTID": 762, "PLACE": "Ocracoke", "ACCESS_LOC": "2188 Irvin Garrish Hwy", "LOCL_SPONS": "NPS", "CAMA_SIGN": "No", "PARKING": 100.0, "DUNE_WALK": "Y", "OVERLOOK": "Yes", "HAND_DUNE": "Yes", "HAND_OVRLK": "Yes", "HAND_BEACH": "Y", "HAND_PRKG": 4.0, "RESTRM": "Y", "SHOWER": "Y", "PIC_TABLE": "No", "VEH_ACCESS": "No", "BIKE_RACK": "No", "SURV_DATE": 1520380800000.0, "COMMENT_": "ORV Permit Required from the National Park Service", "PRKG_COMMENTS": "", "COUNTY": "Hyde", "DCM_RO": "Morehead City Regional Office", "NCDCM_ID": null, "PHOTO": null, "PRK_FEE": "No", "DCM_Funded": "N", "CONTRACT_YR": "n/a", "CONTRACT_NUM": "n/a", "ACESS_TYPE": "Beach", "KayakCanoeLaunch": "No", "PARKING_OPTIONS": "Onsite Parking", "BeachWheelchair": "N", "BWC_Info": "n/a", "PaidParkURL": "n/a", "WaterAccessTYPE": "Ocean", "BeachMat": null, "Land_Status": "Federal", "NEAR_FID": 763.0, "NEAR_DIST": 11377.557017881953, "ACCESSIBILITY_NOTES": null, "LIFEGUARDS": null }, "geometry": { "type": "Point", "coordinates": [ -75.954014274120595, 35.108235384227697 ] } },
{ "type": "Feature", "properties": { "ACCESS_ID": "4352 Irvin Garrish Hwy", "OBJECTID": 763, "PLACE": "Ocracoke", "ACCESS_LOC": "Ocracoke Campground", "LOCL_SPONS": "NPS", "CAMA_SIGN": "No", "PARKING": 46.0, "DUNE_WALK": "Y", "OVERLOOK": "No", "HAND_DUNE": "No", "HAND_OVRLK": "No", "HAND_BEACH": "No", "HAND_PRKG": 1.0, "RESTRM": "Y", "SHOWER": "N", "PIC_TABLE": "No", "VEH_ACCESS": "Yes", "BIKE_RACK": "No", "SURV_DATE": 1520380800000.0, "COMMENT_": "Off Road Ramp #68 -  ORV Permit Required from the National Park Service", "PRKG_COMMENTS": "", "COUNTY": "Hyde", "DCM_RO": "Morehead City Regional Office", "NCDCM_ID": null, "PHOTO": null, "PRK_FEE": "No", "DCM_Funded": "N", "CONTRACT_YR": "n/a", "CONTRACT_NUM": "n/a", "ACESS_TYPE": "Beach", "KayakCanoeLaunch": "No", "PARKING_OPTIONS": "Onsite Parking", "BeachWheelchair": "N", "BWC_Info": "n/a", "PaidParkURL": "n/a", "WaterAccessTYPE": "Ocean", "BeachMat": null, "Land_Status": "Federal", "NEAR_FID": 762.0, "NEAR_DIST": 11377.557017881953, "ACCESSIBILITY_NOTES": null, "LIFEGUARDS": null }, "geometry": { "type": "Point", "coordinates": [ -75.922429877040202, 35.125666041905681 ] } },
{ "type": "Feature", "properties": { "ACCESS_ID": "Pony Pasture Parking", "OBJECTID": 764, "PLACE": "Ocracoke", "ACCESS_LOC": "Irvin Garrish Hwy", "LOCL_SPONS": "NPS", "CAMA_SIGN": "No", "PARKING": 16.0, "DUNE_WALK": "Y", "OVERLOOK": "Yes", "HAND_DUNE": "Yes", "HAND_OVRLK": "Yes", "HAND_BEACH": "Y", "HAND_PRKG": 2.0, "RESTRM": "Y", "SHOWER": "N", "PIC_TABLE": "No", "VEH_ACCESS": "No", "BIKE_RACK": "No", "SURV_DATE": 1520380800000.0, "COMMENT_": "ORV Permit Required from the National Park Service", "PRKG_COMMENTS": null, "COUNTY": "Hyde", "DCM_RO": "Morehead City Regional Office", "NCDCM_ID": null, "PHOTO": null, "PRK_FEE": "No", "DCM_Funded": "N", "CONTRACT_YR": "n/a", "CONTRACT_NUM": "n/a", "ACESS_TYPE": "Beach", "KayakCanoeLaunch": "No", "PARKING_OPTIONS": "Onsite Parking", "BeachWheelchair": "N", "BWC_Info": "n/a", "PaidParkURL": "n/a", "WaterAccessTYPE": "Ocean", "BeachMat": null, "Land_Status": "Federal", "NEAR_FID": 765.0, "NEAR_DIST": 3875.428266704977, "ACCESSIBILITY_NOTES": null, "LIFEGUARDS": null }, "geometry": { "type": "Point", "coordinates": [ -75.871273893847899, 35.147788699522394 ] } },
{ "type": "Feature", "properties": { "ACCESS_ID": "Newton Creek Wetland Park", "OBJECTID": 558, "PLACE": "Bayboro", "ACCESS_LOC": "229 Matthew Rd", "LOCL_SPONS": "Pamlico County", "CAMA_SIGN": "Yes", "PARKING": 5.0, "DUNE_WALK": "N", "OVERLOOK": "Yes", "HAND_DUNE": "No", "HAND_OVRLK": "No", "HAND_BEACH": "No", "HAND_PRKG": null, "RESTRM": "N", "SHOWER": "N", "PIC_TABLE": "Y", "VEH_ACCESS": "No", "BIKE_RACK": "No", "SURV_DATE": 1628812800000.0, "COMMENT_": "Boat launch and dock on Newton Creek", "PRKG_COMMENTS": "Unmarked parking", "COUNTY": "Pamlico", "DCM_RO": "Morehead City Regional Office", "NCDCM_ID": 999.0, "PHOTO": "pamlico1newtoncreek.png", "PRK_FEE": "No", "DCM_Funded": "Y", "CONTRACT_YR": null, "CONTRACT_NUM": null, "ACESS_TYPE": "Shoreline", "KayakCanoeLaunch": "Yes", "PARKING_OPTIONS": "Onsite Parking", "BeachWheelchair": "N", "BWC_Info": "n/a", "PaidParkURL": "n/a", "WaterAccessTYPE": "Estuarine", "BeachMat": null, "Land_Status": "County", "NEAR_FID": 736.0, "NEAR_DIST": 8211.0407823674814, "ACCESSIBILITY_NOTES": null, "LIFEGUARDS": null }, "geometry": { "type": "Point", "coordinates": [ -76.681226290840513, 35.167152137362521 ] } },
{ "type": "Feature", "properties": { "ACCESS_ID": "Unnamed Parking Lot", "OBJECTID": 765, "PLACE": "Ocracoke", "ACCESS_LOC": "North of Pony Pasture Parking", "LOCL_SPONS": "NPS", "CAMA_SIGN": "No", "PARKING": 25.0, "DUNE_WALK": "N", "OVERLOOK": "No", "HAND_DUNE": "No", "HAND_OVRLK": "No", "HAND_BEACH": "No", "HAND_PRKG": 0.0, "RESTRM": "N", "SHOWER": "N", "PIC_TABLE": "No", "VEH_ACCESS": "Unknown", "BIKE_RACK": "No", "SURV_DATE": 1520380800000.0, "COMMENT_": "ORV Permit Required from the National Park Service", "PRKG_COMMENTS": null, "COUNTY": "Hyde", "DCM_RO": "Morehead City Regional Office", "NCDCM_ID": null, "PHOTO": null, "PRK_FEE": "No", "DCM_Funded": "N", "CONTRACT_YR": "n/a", "CONTRACT_NUM": "n/a", "ACESS_TYPE": "Beach", "KayakCanoeLaunch": "No", "PARKING_OPTIONS": "Onsite Parking", "BeachWheelchair": "N", "BWC_Info": "n/a", "PaidParkURL": "n/a", "WaterAccessTYPE": "Ocean", "BeachMat": null, "Land_Status": "Federal", "NEAR_FID": 764.0, "NEAR_DIST": 3875.428266704977, "ACCESSIBILITY_NOTES": null, "LIFEGUARDS": null }, "geometry": { "type": "Point", "coordinates": [ -75.859370877668397, 35.152009380382609 ] } },
{ "type": "Feature", "properties": { "ACCESS_ID": "Frisco Hatteras Access", "OBJECTID": 652, "PLACE": "Dare County", "ACCESS_LOC": "NC 12", "LOCL_SPONS": "NPS", "CAMA_SIGN": "No", "PARKING": 27.0, "DUNE_WALK": "Y", "OVERLOOK": "No", "HAND_DUNE": "No", "HAND_OVRLK": "No", "HAND_BEACH": "No", "HAND_PRKG": 0.0, "RESTRM": "N", "SHOWER": "N", "PIC_TABLE": "No", "VEH_ACCESS": " ", "BIKE_RACK": "No", "SURV_DATE": 1519776000000.0, "COMMENT_": "Beach and Sound Access", "PRKG_COMMENTS": " ", "COUNTY": "Dare", "DCM_RO": "Elizabeth City Regional Office", "NCDCM_ID": 1119.0, "PHOTO": "ecity_dare_npsfriscohatteras_067.png", "PRK_FEE": "No", "DCM_Funded": "N", "CONTRACT_YR": null, "CONTRACT_NUM": null, "ACESS_TYPE": "Beach", "KayakCanoeLaunch": "No", "PARKING_OPTIONS": "Onsite Parking", "BeachWheelchair": "N", "BWC_Info": "n/a", "PaidParkURL": "n/a", "WaterAccessTYPE": "Ocean", "BeachMat": null, "Land_Status": "Federal", "NEAR_FID": 635.0, "NEAR_DIST": 5350.3953942166936, "ACCESSIBILITY_NOTES": null, "LIFEGUARDS": null }, "geometry": { "type": "Point", "coordinates": [ -75.660380808255198, 35.219832166386801 ] } },
{ "type": "Feature", "properties": { "ACCESS_ID": "Frisco Bathhouse Sandy Bay Day Use Area", "OBJECTID": 635, "PLACE": "Dare County", "ACCESS_LOC": "54707 NC 12 Hwy", "LOCL_SPONS": "NPS", "CAMA_SIGN": "No", "PARKING": 45.0, "DUNE_WALK": "Y", "OVERLOOK": "Yes", "HAND_DUNE": "Yes", "HAND_OVRLK": "Yes", "HAND_BEACH": "Y", "HAND_PRKG": 3.0, "RESTRM": "Y", "SHOWER": "Y", "PIC_TABLE": "No", "VEH_ACCESS": " ", "BIKE_RACK": "Yes", "SURV_DATE": 1201737600000.0, "COMMENT_": "Handicap accessible to beach", "PRKG_COMMENTS": " ", "COUNTY": "Dare", "DCM_RO": "Elizabeth City Regional Office", "NCDCM_ID": 1113.0, "PHOTO": "ecity_dare_npsfriscobathhouse_055.png", "PRK_FEE": "No", "DCM_Funded": "Y", "CONTRACT_YR": null, "CONTRACT_NUM": null, "ACESS_TYPE": "Beach", "KayakCanoeLaunch": "No", "PARKING_OPTIONS": "Onsite Parking", "BeachWheelchair": "N", "BWC_Info": "n/a", "PaidParkURL": "n/a", "WaterAccessTYPE": "Ocean", "BeachMat": null, "Land_Status": "Federal", "NEAR_FID": 652.0, "NEAR_DIST": 5350.3953942166936, "ACCESSIBILITY_NOTES": null, "LIFEGUARDS": null }, "geometry": { "type": "Point", "coordinates": [ -75.643457755638096, 35.22465659155759 ] } },
{ "type": "Feature", "properties": { "ACCESS_ID": "Ramp 44", "OBJECTID": 649, "PLACE": "Dare County", "ACCESS_LOC": "NC 12", "LOCL_SPONS": "NPS", "CAMA_SIGN": "No", "PARKING": 10.0, "DUNE_WALK": "N", "OVERLOOK": "No", "HAND_DUNE": "No", "HAND_OVRLK": "No", "HAND_BEACH": "No", "HAND_PRKG": null, "RESTRM": "N", "SHOWER": "N", "PIC_TABLE": "No", "VEH_ACCESS": "Y", "BIKE_RACK": "No", "SURV_DATE": 1519776000000.0, "COMMENT_": "fish cleaning table - off-road vehicle permit required to drive on beach", "PRKG_COMMENTS": " ", "COUNTY": "Dare", "DCM_RO": "Elizabeth City Regional Office", "NCDCM_ID": 1118.0, "PHOTO": "ecity_dare_nps44ramp_066.png", "PRK_FEE": "No", "DCM_Funded": "N", "CONTRACT_YR": null, "CONTRACT_NUM": null, "ACESS_TYPE": "Shoreline", "KayakCanoeLaunch": "No", "PARKING_OPTIONS": "Both Parking Options", "BeachWheelchair": "N", "BWC_Info": "n/a", "PaidParkURL": "n/a", "WaterAccessTYPE": "Estuarine", "BeachMat": null, "Land_Status": "Federal", "NEAR_FID": 644.0, "NEAR_DIST": 811.19090147903444, "ACCESSIBILITY_NOTES": null, "LIFEGUARDS": null }, "geometry": { "type": "Point", "coordinates": [ -75.530134494723896, 35.235694071535079 ] } },
{ "type": "Feature", "properties": { "ACCESS_ID": "Ramp 43", "OBJECTID": 644, "PLACE": "Dare County", "ACCESS_LOC": "NC 12", "LOCL_SPONS": "NPS", "CAMA_SIGN": "No", "PARKING": 10.0, "DUNE_WALK": "N", "OVERLOOK": "No", "HAND_DUNE": "No", "HAND_OVRLK": "No", "HAND_BEACH": "No", "HAND_PRKG": null, "RESTRM": "N", "SHOWER": "N", "PIC_TABLE": "No", "VEH_ACCESS": "Y", "BIKE_RACK": "No", "SURV_DATE": 1519776000000.0, "COMMENT_": "off-road vehicle permit required to drive on beach", "PRKG_COMMENTS": "Unmarked Parking", "COUNTY": "Dare", "DCM_RO": "Elizabeth City Regional Office", "NCDCM_ID": 1117.0, "PHOTO": "ecity_dare_nps43ramp_065.png", "PRK_FEE": "No", "DCM_Funded": "N", "CONTRACT_YR": null, "CONTRACT_NUM": null, "ACESS_TYPE": "Shoreline", "KayakCanoeLaunch": "No", "PARKING_OPTIONS": "Onsite Parking", "BeachWheelchair": "N", "BWC_Info": "n/a", "PaidParkURL": "n/a", "WaterAccessTYPE": "Estuarine", "BeachMat": null, "Land_Status": "Federal", "NEAR_FID": 649.0, "NEAR_DIST": 811.19090147903444, "ACCESSIBILITY_NOTES": null, "LIFEGUARDS": null }, "geometry": { "type": "Point", "coordinates": [ -75.527428770884796, 35.2358936314522 ] } },
{ "type": "Feature", "properties": { "ACCESS_ID": "Cape Hatteras Lighthouse", "OBJECTID": 495, "PLACE": "Dare County", "ACCESS_LOC": "Lighthouse Rd", "LOCL_SPONS": "NPS", "CAMA_SIGN": "No", "PARKING": 120.0, "DUNE_WALK": "N", "OVERLOOK": "No", "HAND_DUNE": "No", "HAND_OVRLK": "No", "HAND_BEACH": "No", "HAND_PRKG": 7.0, "RESTRM": "N", "SHOWER": "N", "PIC_TABLE": "No", "VEH_ACCESS": "E", "BIKE_RACK": "Yes", "SURV_DATE": 1519776000000.0, "COMMENT_": "ORV Permit Office at nearby Visitor Center - off-road vehicle permit required to drive on beach", "PRKG_COMMENTS": " ", "COUNTY": "Dare", "DCM_RO": "Elizabeth City Regional Office", "NCDCM_ID": 1098.0, "PHOTO": "ecity_dare_capehatteraslighthouse_040.JPG", "PRK_FEE": "No", "DCM_Funded": "N", "CONTRACT_YR": null, "CONTRACT_NUM": null, "ACESS_TYPE": "Beach", "KayakCanoeLaunch": "No", "PARKING_OPTIONS": "Onsite Parking", "BeachWheelchair": "Y", "BWC_Info": "At the Cape Hatteras Light Station one beach wheelchair is available for loan. Stop by the visitor center to borrow it. ", "PaidParkURL": "n/a", "WaterAccessTYPE": "Ocean", "BeachMat": null, "Land_Status": "Federal", "NEAR_FID": 644.0, "NEAR_DIST": 6600.1233738778419, "ACCESSIBILITY_NOTES": null, "LIFEGUARDS": null }, "geometry": { "type": "Point", "coordinates": [ -75.523479793065405, 35.253736832289192 ] } },
{ "type": "Feature", "properties": { "ACCESS_ID": "Kite Point", "OBJECTID": 780, "PLACE": "Dare County", "ACCESS_LOC": "NC 12", "LOCL_SPONS": "NPS", "CAMA_SIGN": "No", "PARKING": 50.0, "DUNE_WALK": "N", "OVERLOOK": "No", "HAND_DUNE": "No", "HAND_OVRLK": "No", "HAND_BEACH": "No", "HAND_PRKG": 0.0, "RESTRM": "N", "SHOWER": "N", "PIC_TABLE": "No", "VEH_ACCESS": null, "BIKE_RACK": "No", "SURV_DATE": 1557792000000.0, "COMMENT_": "Sound Access", "PRKG_COMMENTS": "Unmarked parking", "COUNTY": "Dare", "DCM_RO": "Elizabeth City Regional Office", "NCDCM_ID": null, "PHOTO": null, "PRK_FEE": null, "DCM_Funded": "N", "CONTRACT_YR": null, "CONTRACT_NUM": null, "ACESS_TYPE": "Shoreline", "KayakCanoeLaunch": "No", "PARKING_OPTIONS": "Onsite Parking", "BeachWheelchair": "N", "BWC_Info": "n/a", "PaidParkURL": "n/a", "WaterAccessTYPE": "Estuarine", "BeachMat": null, "Land_Status": "Federal", "NEAR_FID": 498.0, "NEAR_DIST": 1945.3231005555072, "ACCESSIBILITY_NOTES": null, "LIFEGUARDS": null }, "geometry": { "type": "Point", "coordinates": [ -75.515462969653498, 35.293209499694306 ] } },
{ "type": "Feature", "properties": { "ACCESS_ID": "Canadian Hole Haulover Day Use Area", "OBJECTID": 498, "PLACE": "Dare County", "ACCESS_LOC": "NC 12", "LOCL_SPONS": "NPS", "CAMA_SIGN": "No", "PARKING": 62.0, "DUNE_WALK": "N", "OVERLOOK": "No", "HAND_DUNE": "No", "HAND_OVRLK": "No", "HAND_BEACH": "No", "HAND_PRKG": 0.0, "RESTRM": "Y", "SHOWER": "Y", "PIC_TABLE": "No", "VEH_ACCESS": "", "BIKE_RACK": "Yes", "SURV_DATE": 1519776000000.0, "COMMENT_": "Beach and Sound Access", "PRKG_COMMENTS": " ", "COUNTY": "Dare", "DCM_RO": "Elizabeth City Regional Office", "NCDCM_ID": 1099.0, "PHOTO": "ecity_dare_npshauloverdayuse_041.png", "PRK_FEE": "No", "DCM_Funded": "Y", "CONTRACT_YR": null, "CONTRACT_NUM": null, "ACESS_TYPE": "Shoreline", "KayakCanoeLaunch": "No", "PARKING_OPTIONS": "Onsite Parking", "BeachWheelchair": "N", "BWC_Info": "n/a", "PaidParkURL": "n/a", "WaterAccessTYPE": "Estuarine", "BeachMat": null, "Land_Status": "Federal", "NEAR_FID": 780.0, "NEAR_DIST": 1945.3231005555072, "ACCESSIBILITY_NOTES": null, "LIFEGUARDS": null }, "geometry": { "type": "Point", "coordinates": [ -75.514000162926294, 35.298418263976593 ] } },
{ "type": "Feature", "properties": { "ACCESS_ID": "Ramp 38", "OBJECTID": 503, "PLACE": "Dare County", "ACCESS_LOC": "NC 12", "LOCL_SPONS": "NPS", "CAMA_SIGN": "No", "PARKING": 20.0, "DUNE_WALK": "N", "OVERLOOK": "No", "HAND_DUNE": "No", "HAND_OVRLK": "No", "HAND_BEACH": "No", "HAND_PRKG": null, "RESTRM": "N", "SHOWER": "N", "PIC_TABLE": "No", "VEH_ACCESS": "Y", "BIKE_RACK": "No", "SURV_DATE": 1201737600000.0, "COMMENT_": "off-road vehicle permit required to drive on beach", "PRKG_COMMENTS": " ", "COUNTY": "Dare", "DCM_RO": "Elizabeth City Regional Office", "NCDCM_ID": 1100.0, "PHOTO": "ecity_dare_nps38ramp_042.png", "PRK_FEE": "No", "DCM_Funded": "N", "CONTRACT_YR": null, "CONTRACT_NUM": null, "ACESS_TYPE": "Beach", "KayakCanoeLaunch": "No", "PARKING_OPTIONS": "Onsite Parking", "BeachWheelchair": "N", "BWC_Info": "n/a", "PaidParkURL": "n/a", "WaterAccessTYPE": "Ocean", "BeachMat": null, "Land_Status": "Federal", "NEAR_FID": 498.0, "NEAR_DIST": 8272.1180599953204, "ACCESSIBILITY_NOTES": null, "LIFEGUARDS": null }, "geometry": { "type": "Point", "coordinates": [ -75.508841757188804, 35.320750214729706 ] } },
{ "type": "Feature", "properties": { "ACCESS_ID": "Ramp 34", "OBJECTID": 506, "PLACE": "Dare County", "ACCESS_LOC": "NC 12", "LOCL_SPONS": "NPS", "CAMA_SIGN": "No", "PARKING": 20.0, "DUNE_WALK": "Y", "OVERLOOK": "No", "HAND_DUNE": "No", "HAND_OVRLK": "No", "HAND_BEACH": "No", "HAND_PRKG": null, "RESTRM": "N", "SHOWER": "N", "PIC_TABLE": "No", "VEH_ACCESS": "S", "BIKE_RACK": "Yes", "SURV_DATE": 1201737600000.0, "COMMENT_": "off-road vehicle permit required to drive on beach", "PRKG_COMMENTS": " ", "COUNTY": "Dare", "DCM_RO": "Elizabeth City Regional Office", "NCDCM_ID": 1101.0, "PHOTO": "ecity_dare_nps34ramp_043.png", "PRK_FEE": "No", "DCM_Funded": "N", "CONTRACT_YR": null, "CONTRACT_NUM": null, "ACESS_TYPE": "Beach", "KayakCanoeLaunch": "No", "PARKING_OPTIONS": "Onsite Parking", "BeachWheelchair": "N", "BWC_Info": "n/a", "PaidParkURL": "n/a", "WaterAccessTYPE": "Ocean", "BeachMat": null, "Land_Status": "Federal", "NEAR_FID": 733.0, "NEAR_DIST": 10617.524075961201, "ACCESSIBILITY_NOTES": null, "LIFEGUARDS": null }, "geometry": { "type": "Point", "coordinates": [ -75.495859170853706, 35.377945908058983 ] } },
{ "type": "Feature", "properties": { "ACCESS_ID": "Ramp 32 / Little Kinnakeet Beach Trail", "OBJECTID": 733, "PLACE": "Dare County", "ACCESS_LOC": "NC 12", "LOCL_SPONS": "NPS", "CAMA_SIGN": "No", "PARKING": 18.0, "DUNE_WALK": "N", "OVERLOOK": "No", "HAND_DUNE": "No", "HAND_OVRLK": "No", "HAND_BEACH": "No", "HAND_PRKG": null, "RESTRM": "N", "SHOWER": "N", "PIC_TABLE": "No", "VEH_ACCESS": "Y", "BIKE_RACK": "No", "SURV_DATE": 1201651200000.0, "COMMENT_": "footpath - off-road vehicle permit required to drive on beach 1/4 mile north", "PRKG_COMMENTS": " ", "COUNTY": "Dare", "DCM_RO": "Elizabeth City Regional Office", "NCDCM_ID": 0.0, "PHOTO": "ecity_dare_nps32ramp_205.JPG", "PRK_FEE": "No", "DCM_Funded": "N", "CONTRACT_YR": null, "CONTRACT_NUM": null, "ACESS_TYPE": "Beach", "KayakCanoeLaunch": "No", "PARKING_OPTIONS": "Onsite Parking", "BeachWheelchair": "N", "BWC_Info": "n/a", "PaidParkURL": "n/a", "WaterAccessTYPE": "Ocean", "BeachMat": null, "Land_Status": "Federal", "NEAR_FID": 506.0, "NEAR_DIST": 10617.524075961201, "ACCESSIBILITY_NOTES": null, "LIFEGUARDS": null }, "geometry": { "type": "Point", "coordinates": [ -75.488153999963302, 35.406427999850706 ] } },
{ "type": "Feature", "properties": { "ACCESS_ID": "Vandemere Waterfront Park", "OBJECTID": 736, "PLACE": "Vandemere", "ACCESS_LOC": "86 Griffin Road", "LOCL_SPONS": "Town of Vandemere", "CAMA_SIGN": "No", "PARKING": 14.0, "DUNE_WALK": "N", "OVERLOOK": "No", "HAND_DUNE": "No", "HAND_OVRLK": "No", "HAND_BEACH": "No", "HAND_PRKG": 14.0, "RESTRM": "N", "SHOWER": "N", "PIC_TABLE": " ", "VEH_ACCESS": "No", "BIKE_RACK": "No", "SURV_DATE": 1541116800000.0, "COMMENT_": "2 - 15ft wide boat ramps, 60 ft floating dock, 33 Boat Trailer Parking Spaces", "PRKG_COMMENTS": "33 Boat Trailer Parking Spaces", "COUNTY": "Pamlico ", "DCM_RO": "Morehead City Regional Office", "NCDCM_ID": 0.0, "PHOTO": "VandemereAccess_2NOV2018.JPG", "PRK_FEE": "No", "DCM_Funded": "Y", "CONTRACT_YR": null, "CONTRACT_NUM": null, "ACESS_TYPE": "Shoreline", "KayakCanoeLaunch": "Yes", "PARKING_OPTIONS": "Onsite Parking", "BeachWheelchair": "N", "BWC_Info": "n/a", "PaidParkURL": "n/a", "WaterAccessTYPE": "Estuarine", "BeachMat": null, "Land_Status": "Municipality", "NEAR_FID": 558.0, "NEAR_DIST": 8211.0407823674814, "ACCESSIBILITY_NOTES": null, "LIFEGUARDS": null }, "geometry": { "type": "Point", "coordinates": [ -76.665347069803801, 35.185564942520479 ] } },
{ "type": "Feature", "properties": { "ACCESS_ID": "Graveyard Atlantic Museum and Ramp 55", "OBJECTID": 492, "PLACE": "Dare County", "ACCESS_LOC": "Museum Drive", "LOCL_SPONS": "NPS", "CAMA_SIGN": "No", "PARKING": 17.0, "DUNE_WALK": "Y", "OVERLOOK": "Yes", "HAND_DUNE": "Yes", "HAND_OVRLK": "Yes", "HAND_BEACH": "Y", "HAND_PRKG": 3.0, "RESTRM": "N", "SHOWER": "N", "PIC_TABLE": "No", "VEH_ACCESS": "Y", "BIKE_RACK": "Yes", "SURV_DATE": 1519776000000.0, "COMMENT_": "off-road vehicle permit required ", "PRKG_COMMENTS": " ", "COUNTY": "Dare", "DCM_RO": "Elizabeth City Regional Office", "NCDCM_ID": 1097.0, "PHOTO": "ecity_dare_nps55rampmuseum_039.png", "PRK_FEE": "No", "DCM_Funded": "N", "CONTRACT_YR": null, "CONTRACT_NUM": null, "ACESS_TYPE": "Beach", "KayakCanoeLaunch": "No", "PARKING_OPTIONS": "Onsite Parking", "BeachWheelchair": "N", "BWC_Info": "n/a", "PaidParkURL": "n/a", "WaterAccessTYPE": "Ocean", "BeachMat": null, "Land_Status": "STATE-NCDCR", "NEAR_FID": 652.0, "NEAR_DIST": 13820.02803642174, "ACCESSIBILITY_NOTES": null, "LIFEGUARDS": null }, "geometry": { "type": "Point", "coordinates": [ -75.703475056762898, 35.20600761743831 ] } },
{ "type": "Feature", "properties": { "ACCESS_ID": "Swan Quarter Community Park", "OBJECTID": 824, "PLACE": "Swan Quarter", "ACCESS_LOC": "Rose Bay Road (NC 45) &  Main Street (SR 1243) leading to the boat launch. ", "LOCL_SPONS": "Hyde County", "CAMA_SIGN": "No", "PARKING": 20.0, "DUNE_WALK": "Y", "OVERLOOK": "Y", "HAND_DUNE": "Y", "HAND_OVRLK": "Y", "HAND_BEACH": "N", "HAND_PRKG": 1.0, "RESTRM": "N", "SHOWER": "N", "PIC_TABLE": "N", "VEH_ACCESS": "No", "BIKE_RACK": "N", "SURV_DATE": 1617196706000.0, "COMMENT_": "Boardwalk to gazebo", "PRKG_COMMENTS": null, "COUNTY": "Hyde", "DCM_RO": "MHC", "NCDCM_ID": null, "PHOTO": null, "PRK_FEE": "N", "DCM_Funded": "Y", "CONTRACT_YR": "2006-2007", "CONTRACT_NUM": "S07007", "ACESS_TYPE": "Shoreline", "KayakCanoeLaunch": "N", "PARKING_OPTIONS": "Onsite Parking", "BeachWheelchair": "N", "BWC_Info": "n/a", "PaidParkURL": "n/a", "WaterAccessTYPE": "Estuarine", "BeachMat": null, "Land_Status": "County", "NEAR_FID": 786.0, "NEAR_DIST": 23140.488989917034, "ACCESSIBILITY_NOTES": null, "LIFEGUARDS": null }, "geometry": { "type": "Point", "coordinates": [ -76.330173253124201, 35.406059518940395 ] } },
{ "type": "Feature", "properties": { "ACCESS_ID": "Bell Island Pier", "OBJECTID": 786, "PLACE": "Swan Quarter", "ACCESS_LOC": "2-mile dirt road off Hwy 264 just west of Swan Quarter", "LOCL_SPONS": "Swan Quarter Refuge", "CAMA_SIGN": "No", "PARKING": 8.0, "DUNE_WALK": "N", "OVERLOOK": "Yes", "HAND_DUNE": "No", "HAND_OVRLK": "Yes", "HAND_BEACH": "No", "HAND_PRKG": null, "RESTRM": "N", "SHOWER": "N", "PIC_TABLE": "No", "VEH_ACCESS": "No", "BIKE_RACK": "No", "SURV_DATE": 1565049600000.0, "COMMENT_": "Fishing Pier", "PRKG_COMMENTS": "Unmarked gravel parking", "COUNTY": "Hyde", "DCM_RO": "Morehead City Regional Office", "NCDCM_ID": null, "PHOTO": null, "PRK_FEE": "No", "DCM_Funded": "N", "CONTRACT_YR": null, "CONTRACT_NUM": null, "ACESS_TYPE": "Shoreline", "KayakCanoeLaunch": "No", "PARKING_OPTIONS": "Onsite Parking", "BeachWheelchair": "N", "BWC_Info": "n/a", "PaidParkURL": "n/a", "WaterAccessTYPE": "Estuarine", "BeachMat": null, "Land_Status": "Federal", "NEAR_FID": 824.0, "NEAR_DIST": 23140.488989917034, "ACCESSIBILITY_NOTES": null, "LIFEGUARDS": null }, "geometry": { "type": "Point", "coordinates": [ -76.398829284925498, 35.435792780689297 ] } },
{ "type": "Feature", "properties": { "ACCESS_ID": "Far Creek Boardwalk", "OBJECTID": 823, "PLACE": "Engelhard", "ACCESS_LOC": "US Hwy 264", "LOCL_SPONS": "Hyde County", "CAMA_SIGN": "Yes", "PARKING": 0.0, "DUNE_WALK": "N", "OVERLOOK": "Y", "HAND_DUNE": "N", "HAND_OVRLK": "Y", "HAND_BEACH": "Y", "HAND_PRKG": 0.0, "RESTRM": "N", "SHOWER": "N", "PIC_TABLE": "N", "VEH_ACCESS": "No", "BIKE_RACK": "N", "SURV_DATE": 1617195720000.0, "COMMENT_": null, "PRKG_COMMENTS": null, "COUNTY": "Hyde", "DCM_RO": "MHC", "NCDCM_ID": null, "PHOTO": null, "PRK_FEE": null, "DCM_Funded": "Y", "CONTRACT_YR": "1998-1999", "CONTRACT_NUM": "BA98-007", "ACESS_TYPE": "Shoreline", "KayakCanoeLaunch": "N", "PARKING_OPTIONS": "On-Street Parking", "BeachWheelchair": "N", "BWC_Info": "n/a", "PaidParkURL": "n/a", "WaterAccessTYPE": "Estuarine", "BeachMat": null, "Land_Status": "County", "NEAR_FID": 824.0, "NEAR_DIST": 106038.45820435586, "ACCESSIBILITY_NOTES": null, "LIFEGUARDS": null }, "geometry": { "type": "Point", "coordinates": [ -75.997086240816003, 35.509069513462094 ] } },
{ "type": "Feature", "properties": { "ACCESS_ID": "Belhaven Beach", "OBJECTID": 905, "PLACE": "Belhaven", "ACCESS_LOC": "899 E Main St", "LOCL_SPONS": "Belhaven", "CAMA_SIGN": "Yes", "PARKING": 7.0, "DUNE_WALK": "N", "OVERLOOK": "N", "HAND_DUNE": "N", "HAND_OVRLK": "N", "HAND_BEACH": "N", "HAND_PRKG": 1.0, "RESTRM": "Y", "SHOWER": null, "PIC_TABLE": null, "VEH_ACCESS": "No", "BIKE_RACK": null, "SURV_DATE": 1700144624000.0, "COMMENT_": null, "PRKG_COMMENTS": null, "COUNTY": "Beaufort", "DCM_RO": "WARO", "NCDCM_ID": null, "PHOTO": null, "PRK_FEE": "N", "DCM_Funded": "Y", "CONTRACT_YR": "2010-2011", "CONTRACT_NUM": "4295", "ACESS_TYPE": "Shoreline", "KayakCanoeLaunch": "N", "PARKING_OPTIONS": "Both Parking Options", "BeachWheelchair": "N", "BWC_Info": null, "PaidParkURL": "n/a", "WaterAccessTYPE": "Estuarine", "BeachMat": "No", "Land_Status": "Municipality", "NEAR_FID": 773.0, "NEAR_DIST": 43793.082519700991, "ACCESSIBILITY_NOTES": null, "LIFEGUARDS": null }, "geometry": { "type": "Point", "coordinates": [ -76.6122449643469, 35.533602121796392 ] } },
{ "type": "Feature", "properties": { "ACCESS_ID": "Belhaven Harbor Park", "OBJECTID": 930, "PLACE": "Belhaven", "ACCESS_LOC": " 284 East Water Street", "LOCL_SPONS": "Belhaven", "CAMA_SIGN": null, "PARKING": 0.0, "DUNE_WALK": "N", "OVERLOOK": "N", "HAND_DUNE": "N", "HAND_OVRLK": "N", "HAND_BEACH": "N", "HAND_PRKG": 0.0, "RESTRM": "N", "SHOWER": "N", "PIC_TABLE": "N", "VEH_ACCESS": "No", "BIKE_RACK": "N", "SURV_DATE": 1767744000000.0, "COMMENT_": " 200-foot dock", "PRKG_COMMENTS": null, "COUNTY": "Beaufort", "DCM_RO": "WARO", "NCDCM_ID": null, "PHOTO": null, "PRK_FEE": "N", "DCM_Funded": "Y", "CONTRACT_YR": "2025", "CONTRACT_NUM": null, "ACESS_TYPE": "Shoreline", "KayakCanoeLaunch": "N", "PARKING_OPTIONS": "On-Street Parking", "BeachWheelchair": "N", "BWC_Info": null, "PaidParkURL": null, "WaterAccessTYPE": null, "BeachMat": "No", "Land_Status": "Local Government", "NEAR_FID": null, "NEAR_DIST": null, "ACCESSIBILITY_NOTES": null, "LIFEGUARDS": "No" }, "geometry": { "type": "Point", "coordinates": [ -76.6218888972749, 35.537173678527296 ] } },
{ "type": "Feature", "properties": { "ACCESS_ID": "Pea Island Visitor Center and North Pond Interpretive Trail", "OBJECTID": 628, "PLACE": "Dare County", "ACCESS_LOC": "NC 12", "LOCL_SPONS": "USFWS", "CAMA_SIGN": "No", "PARKING": 18.0, "DUNE_WALK": "N", "OVERLOOK": "No", "HAND_DUNE": "No", "HAND_OVRLK": "No", "HAND_BEACH": "No", "HAND_PRKG": 1.0, "RESTRM": "Y", "SHOWER": "N", "PIC_TABLE": "No", "VEH_ACCESS": " ", "BIKE_RACK": "Yes", "SURV_DATE": 1201651200000.0, "COMMENT_": "beach and sound access - overlook - walking and biking trail", "PRKG_COMMENTS": " ", "COUNTY": "Dare", "DCM_RO": "Elizabeth City Regional Office", "NCDCM_ID": 1110.0, "PHOTO": "ecity_dare_usfwsntrailpond_052.png", "PRK_FEE": "No", "DCM_Funded": "N", "CONTRACT_YR": null, "CONTRACT_NUM": null, "ACESS_TYPE": "Beach", "KayakCanoeLaunch": "No", "PARKING_OPTIONS": "Onsite Parking", "BeachWheelchair": "N", "BWC_Info": "n/a", "PaidParkURL": "n/a", "WaterAccessTYPE": "Ocean", "BeachMat": null, "Land_Status": "Federal", "NEAR_FID": 624.0, "NEAR_DIST": 1508.0093846910911, "ACCESSIBILITY_NOTES": null, "LIFEGUARDS": null }, "geometry": { "type": "Point", "coordinates": [ -75.493493142244304, 35.7162980231166 ] } },
{ "type": "Feature", "properties": { "ACCESS_ID": "Milepost 31 Beach Access", "OBJECTID": 624, "PLACE": "Dare County", "ACCESS_LOC": "NC 12", "LOCL_SPONS": "USFWS", "CAMA_SIGN": "No", "PARKING": 10.0, "DUNE_WALK": "N", "OVERLOOK": "No", "HAND_DUNE": "No", "HAND_OVRLK": "No", "HAND_BEACH": "No", "HAND_PRKG": null, "RESTRM": "N", "SHOWER": "N", "PIC_TABLE": "No", "VEH_ACCESS": " ", "BIKE_RACK": "No", "SURV_DATE": 1201737600000.0, "COMMENT_": "", "PRKG_COMMENTS": "Unmarked Parking", "COUNTY": "Dare", "DCM_RO": "Elizabeth City Regional Office", "NCDCM_ID": 1109.0, "PHOTO": "ecity_dare_usfws31milepost_051.png", "PRK_FEE": "No", "DCM_Funded": "N", "CONTRACT_YR": null, "CONTRACT_NUM": null, "ACESS_TYPE": "Beach", "KayakCanoeLaunch": "No", "PARKING_OPTIONS": "Onsite Parking", "BeachWheelchair": "N", "BWC_Info": "n/a", "PaidParkURL": "n/a", "WaterAccessTYPE": "Ocean", "BeachMat": null, "Land_Status": "Federal", "NEAR_FID": 628.0, "NEAR_DIST": 1508.0093846910911, "ACCESSIBILITY_NOTES": null, "LIFEGUARDS": null }, "geometry": { "type": "Point", "coordinates": [ -75.494990203530008, 35.720257095347691 ] } },
{ "type": "Feature", "properties": { "ACCESS_ID": "Salt Flats Wildlife Trail", "OBJECTID": 640, "PLACE": "Dare County", "ACCESS_LOC": "NC 12", "LOCL_SPONS": "USFWS", "CAMA_SIGN": "No", "PARKING": 8.0, "DUNE_WALK": "N", "OVERLOOK": "No", "HAND_DUNE": "No", "HAND_OVRLK": "No", "HAND_BEACH": "No", "HAND_PRKG": null, "RESTRM": "N", "SHOWER": "N", "PIC_TABLE": "No", "VEH_ACCESS": " ", "BIKE_RACK": "No", "SURV_DATE": 1201651200000.0, "COMMENT_": "beach and sound access - unmarked gravel parking - overlook - walking and biking trail", "PRKG_COMMENTS": " ", "COUNTY": "Dare", "DCM_RO": "Elizabeth City Regional Office", "NCDCM_ID": 1115.0, "PHOTO": "ecity_dare_usfwssaltflatstrail_063.png", "PRK_FEE": "No", "DCM_Funded": "N", "CONTRACT_YR": null, "CONTRACT_NUM": null, "ACESS_TYPE": "Beach", "KayakCanoeLaunch": "No", "PARKING_OPTIONS": "Onsite Parking", "BeachWheelchair": "N", "BWC_Info": "n/a", "PaidParkURL": "n/a", "WaterAccessTYPE": "Ocean", "BeachMat": null, "Land_Status": "Federal", "NEAR_FID": 624.0, "NEAR_DIST": 6569.9268047019086, "ACCESSIBILITY_NOTES": null, "LIFEGUARDS": null }, "geometry": { "type": "Point", "coordinates": [ -75.502516424625895, 35.737231682259193 ] } },
{ "type": "Feature", "properties": { "ACCESS_ID": "Oregon Inlet Bridge Lot", "OBJECTID": 620, "PLACE": "Dare County", "ACCESS_LOC": "NC 12 south side of Oregon Inlet", "LOCL_SPONS": "USFWS", "CAMA_SIGN": "No", "PARKING": 64.0, "DUNE_WALK": "N", "OVERLOOK": "No", "HAND_DUNE": "No", "HAND_OVRLK": "No", "HAND_BEACH": "No", "HAND_PRKG": 2.0, "RESTRM": "N", "SHOWER": "N", "PIC_TABLE": "No", "VEH_ACCESS": " ", "BIKE_RACK": "No", "SURV_DATE": 1554940800000.0, "COMMENT_": "CLOSED - parking for fishing off the bridge", "PRKG_COMMENTS": null, "COUNTY": "Dare", "DCM_RO": "Elizabeth City Regional Office", "NCDCM_ID": 1108.0, "PHOTO": "ecity_dare_usfwsoregoninletparking_050.png", "PRK_FEE": "No", "DCM_Funded": "N", "CONTRACT_YR": null, "CONTRACT_NUM": null, "ACESS_TYPE": "Beach", "KayakCanoeLaunch": "No", "PARKING_OPTIONS": "Onsite Parking", "BeachWheelchair": "N", "BWC_Info": "n/a", "PaidParkURL": "n/a", "WaterAccessTYPE": "Ocean", "BeachMat": null, "Land_Status": "Federal", "NEAR_FID": 617.0, "NEAR_DIST": 12263.7064512201, "ACCESSIBILITY_NOTES": null, "LIFEGUARDS": null }, "geometry": { "type": "Point", "coordinates": [ -75.525308894137893, 35.766906010179007 ] } },
{ "type": "Feature", "properties": { "ACCESS_ID": "Ramp 4", "OBJECTID": 617, "PLACE": "Dare County", "ACCESS_LOC": "NC 12", "LOCL_SPONS": "NPS", "CAMA_SIGN": "No", "PARKING": 0.0, "DUNE_WALK": "N", "OVERLOOK": "No", "HAND_DUNE": "No", "HAND_OVRLK": "No", "HAND_BEACH": "No", "HAND_PRKG": 0.0, "RESTRM": "N", "SHOWER": "N", "PIC_TABLE": "No", "VEH_ACCESS": "Y", "BIKE_RACK": "No", "SURV_DATE": 1201651200000.0, "COMMENT_": "off-road vehicle permit required to drive on beach", "PRKG_COMMENTS": null, "COUNTY": "Dare", "DCM_RO": "Elizabeth City Regional Office", "NCDCM_ID": 1107.0, "PHOTO": "ecity_dare_nps4ramp_049.png", "PRK_FEE": null, "DCM_Funded": "N", "CONTRACT_YR": null, "CONTRACT_NUM": null, "ACESS_TYPE": "Beach", "KayakCanoeLaunch": "No", "PARKING_OPTIONS": "No Parking", "BeachWheelchair": "N", "BWC_Info": "n/a", "PaidParkURL": "n/a", "WaterAccessTYPE": "Ocean", "BeachMat": null, "Land_Status": "Federal", "NEAR_FID": 613.0, "NEAR_DIST": 9675.4598845233668, "ACCESSIBILITY_NOTES": null, "LIFEGUARDS": null }, "geometry": { "type": "Point", "coordinates": [ -75.546224813564194, 35.795969383320795 ] } },
{ "type": "Feature", "properties": { "ACCESS_ID": "Bodie Island Visitor Center", "OBJECTID": 613, "PLACE": "Dare County", "ACCESS_LOC": "Bodie Island Lighthouse Road", "LOCL_SPONS": "NPS", "CAMA_SIGN": "No", "PARKING": 32.0, "DUNE_WALK": "N", "OVERLOOK": "No", "HAND_DUNE": "No", "HAND_OVRLK": "No", "HAND_BEACH": "No", "HAND_PRKG": 2.0, "RESTRM": "Y", "SHOWER": "N", "PIC_TABLE": "No", "VEH_ACCESS": " ", "BIKE_RACK": "Yes", "SURV_DATE": 1519776000000.0, "COMMENT_": "Sound Access", "PRKG_COMMENTS": null, "COUNTY": "Dare", "DCM_RO": "Elizabeth City Regional Office", "NCDCM_ID": 1106.0, "PHOTO": "ecity_dare_npsbodieislandlighthouse_048.png", "PRK_FEE": "No", "DCM_Funded": "N", "CONTRACT_YR": null, "CONTRACT_NUM": null, "ACESS_TYPE": "Shoreline", "KayakCanoeLaunch": "No", "PARKING_OPTIONS": "Onsite Parking", "BeachWheelchair": "N", "BWC_Info": "n/a", "PaidParkURL": "n/a", "WaterAccessTYPE": "Estuarine", "BeachMat": null, "Land_Status": "Federal", "NEAR_FID": 609.0, "NEAR_DIST": 5252.1795679506877, "ACCESSIBILITY_NOTES": null, "LIFEGUARDS": null }, "geometry": { "type": "Point", "coordinates": [ -75.563976501843698, 35.818273163345594 ] } },
{ "type": "Feature", "properties": { "ACCESS_ID": "Coquina Beach and Ramp 2", "OBJECTID": 609, "PLACE": "Dare County", "ACCESS_LOC": "NC 12 east of Bodie Island Lighthouse Road intersection", "LOCL_SPONS": "NPS", "CAMA_SIGN": "No", "PARKING": 178.0, "DUNE_WALK": "Y", "OVERLOOK": "Yes", "HAND_DUNE": "Yes", "HAND_OVRLK": "Yes", "HAND_BEACH": "No", "HAND_PRKG": null, "RESTRM": "Y", "SHOWER": "Y", "PIC_TABLE": "No", "VEH_ACCESS": "S", "BIKE_RACK": "Yes", "SURV_DATE": 1201737600000.0, "COMMENT_": "ORV Permit Office - off-road vehicle permit required to drive on beach - beach wheelchair available\r", "PRKG_COMMENTS": null, "COUNTY": "Dare", "DCM_RO": "Elizabeth City Regional Office", "NCDCM_ID": 1105.0, "PHOTO": "ecity_dare_nps2rampcoquinabeach_047.png", "PRK_FEE": "No", "DCM_Funded": "N", "CONTRACT_YR": null, "CONTRACT_NUM": null, "ACESS_TYPE": "Beach", "KayakCanoeLaunch": "No", "PARKING_OPTIONS": "Onsite Parking", "BeachWheelchair": "Y", "BWC_Info": null, "PaidParkURL": "n/a", "WaterAccessTYPE": "Ocean", "BeachMat": null, "Land_Status": "Federal", "NEAR_FID": 613.0, "NEAR_DIST": 5252.1795679506877, "ACCESSIBILITY_NOTES": null, "LIFEGUARDS": null }, "geometry": { "type": "Point", "coordinates": [ -75.558748721911797, 35.832059845983501 ] } },
{ "type": "Feature", "properties": { "ACCESS_ID": "Ramp 0", "OBJECTID": 638, "PLACE": "Dare County", "ACCESS_LOC": "S. Old Oregon Inlet Road just north of Park Service Road", "LOCL_SPONS": "NPS", "CAMA_SIGN": "No", "PARKING": 15.0, "DUNE_WALK": "N", "OVERLOOK": "No", "HAND_DUNE": "No", "HAND_OVRLK": "No", "HAND_BEACH": "No", "HAND_PRKG": null, "RESTRM": "N", "SHOWER": "N", "PIC_TABLE": "No", "VEH_ACCESS": "S", "BIKE_RACK": "No", "SURV_DATE": 1198022400000.0, "COMMENT_": "off-road vehicle permit required to drive on beach ", "PRKG_COMMENTS": "unmarked gravel parking", "COUNTY": "Dare", "DCM_RO": "Elizabeth City Regional Office", "NCDCM_ID": 1114.0, "PHOTO": "ecity_dare_nps0ramp_060.png", "PRK_FEE": "No", "DCM_Funded": "N", "CONTRACT_YR": null, "CONTRACT_NUM": null, "ACESS_TYPE": "Beach", "KayakCanoeLaunch": "No", "PARKING_OPTIONS": "Onsite Parking", "BeachWheelchair": "N", "BWC_Info": "n/a", "PaidParkURL": "n/a", "WaterAccessTYPE": "Ocean", "BeachMat": null, "Land_Status": "Federal", "NEAR_FID": 595.0, "NEAR_DIST": 1496.1944265770683, "ACCESSIBILITY_NOTES": null, "LIFEGUARDS": null }, "geometry": { "type": "Point", "coordinates": [ -75.564629437816393, 35.846346698464899 ] } },
{ "type": "Feature", "properties": { "ACCESS_ID": "Ehmann Property", "OBJECTID": 595, "PLACE": "Nags Head", "ACCESS_LOC": "10325 Old Oregon Inlet Road", "LOCL_SPONS": "Town of Nags Head", "CAMA_SIGN": "Yes", "PARKING": 0.0, "DUNE_WALK": "N", "OVERLOOK": "No", "HAND_DUNE": "No", "HAND_OVRLK": "No", "HAND_BEACH": "No", "HAND_PRKG": 0.0, "RESTRM": "N", "SHOWER": "N", "PIC_TABLE": "No", "VEH_ACCESS": " ", "BIKE_RACK": "No", "SURV_DATE": 1198022400000.0, "COMMENT_": " ", "PRKG_COMMENTS": null, "COUNTY": "Dare", "DCM_RO": "Elizabeth City Regional Office", "NCDCM_ID": 1219.0, "PHOTO": "ecity_nh_ehmann_185.png", "PRK_FEE": null, "DCM_Funded": "N", "CONTRACT_YR": null, "CONTRACT_NUM": null, "ACESS_TYPE": "Beach", "KayakCanoeLaunch": "No", "PARKING_OPTIONS": "No Parking", "BeachWheelchair": "Y", "BWC_Info": "http://nagsheadnc.gov/309/Public-Beach-Accesses", "PaidParkURL": "n/a", "WaterAccessTYPE": "Ocean", "BeachMat": "No", "Land_Status": "Municipality", "NEAR_FID": 638.0, "NEAR_DIST": 1496.1944265770683, "ACCESSIBILITY_NOTES": null, "LIFEGUARDS": null }, "geometry": { "type": "Point", "coordinates": [ -75.566440922027894, 35.850183396795622 ] } },
{ "type": "Feature", "properties": { "ACCESS_ID": "Juncos Street", "OBJECTID": 594, "PLACE": "Nags Head", "ACCESS_LOC": "S. Old Oregon Inlet Road and Juncos Street", "LOCL_SPONS": "Town of Nags Head", "CAMA_SIGN": "Yes", "PARKING": 20.0, "DUNE_WALK": "Y", "OVERLOOK": "No", "HAND_DUNE": "No", "HAND_OVRLK": "No", "HAND_BEACH": "No", "HAND_PRKG": null, "RESTRM": "N", "SHOWER": "Y", "PIC_TABLE": "No", "VEH_ACCESS": "S", "BIKE_RACK": "No", "SURV_DATE": 1652745600000.0, "COMMENT_": "Accessible to wheelchairs/strollers for beach viewing.", "PRKG_COMMENTS": null, "COUNTY": "Dare", "DCM_RO": "Elizabeth City Regional Office", "NCDCM_ID": 1218.0, "PHOTO": "ecity_nh_juncos_184.png", "PRK_FEE": "No", "DCM_Funded": "N", "CONTRACT_YR": null, "CONTRACT_NUM": null, "ACESS_TYPE": "Beach", "KayakCanoeLaunch": "No", "PARKING_OPTIONS": "Onsite Parking", "BeachWheelchair": "Y", "BWC_Info": "http://nagsheadnc.gov/309/Public-Beach-Accesses", "PaidParkURL": "n/a", "WaterAccessTYPE": "Ocean", "BeachMat": "No", "Land_Status": "Municipality", "NEAR_FID": 593.0, "NEAR_DIST": 857.93822734592823, "ACCESSIBILITY_NOTES": "Accessible to wheelchairs/strollers for beach viewing", "LIFEGUARDS": null }, "geometry": { "type": "Point", "coordinates": [ -75.575479968944407, 35.869341284682498 ] } },
{ "type": "Feature", "properties": { "ACCESS_ID": "Jacob Street", "OBJECTID": 593, "PLACE": "Nags Head", "ACCESS_LOC": "S. Old Oregon Inlet Road and Jacob Street", "LOCL_SPONS": "Town of Nags Head", "CAMA_SIGN": "Yes", "PARKING": 0.0, "DUNE_WALK": "N", "OVERLOOK": "No", "HAND_DUNE": "No", "HAND_OVRLK": "No", "HAND_BEACH": "No", "HAND_PRKG": 0.0, "RESTRM": "N", "SHOWER": "N", "PIC_TABLE": "No", "VEH_ACCESS": " ", "BIKE_RACK": "No", "SURV_DATE": 1198022400000.0, "COMMENT_": " ", "PRKG_COMMENTS": null, "COUNTY": "Dare", "DCM_RO": "Elizabeth City Regional Office", "NCDCM_ID": 1217.0, "PHOTO": "ecity_nh_jacob_183.png", "PRK_FEE": null, "DCM_Funded": "Y", "CONTRACT_YR": null, "CONTRACT_NUM": null, "ACESS_TYPE": "Beach", "KayakCanoeLaunch": "No", "PARKING_OPTIONS": "No Parking", "BeachWheelchair": "Y", "BWC_Info": "http://nagsheadnc.gov/309/Public-Beach-Accesses", "PaidParkURL": "n/a", "WaterAccessTYPE": "Ocean", "BeachMat": "No", "Land_Status": "Municipality", "NEAR_FID": 592.0, "NEAR_DIST": 847.02643286250782, "ACCESSIBILITY_NOTES": null, "LIFEGUARDS": null }, "geometry": { "type": "Point", "coordinates": [ -75.576797614209895, 35.871440088143103 ] } },
{ "type": "Feature", "properties": { "ACCESS_ID": "James Street", "OBJECTID": 592, "PLACE": "Nags Head", "ACCESS_LOC": "S. Old Oregon Inlet Road and James Street", "LOCL_SPONS": "Town of Nags Head", "CAMA_SIGN": "No", "PARKING": 0.0, "DUNE_WALK": "N", "OVERLOOK": "No", "HAND_DUNE": "No", "HAND_OVRLK": "No", "HAND_BEACH": "No", "HAND_PRKG": 0.0, "RESTRM": "N", "SHOWER": "N", "PIC_TABLE": "No", "VEH_ACCESS": " ", "BIKE_RACK": "No", "SURV_DATE": 1198022400000.0, "COMMENT_": " ", "PRKG_COMMENTS": null, "COUNTY": "Dare", "DCM_RO": "Elizabeth City Regional Office", "NCDCM_ID": 1216.0, "PHOTO": "ecity_nh_james_182.png", "PRK_FEE": null, "DCM_Funded": "N", "CONTRACT_YR": null, "CONTRACT_NUM": null, "ACESS_TYPE": "Beach", "KayakCanoeLaunch": "No", "PARKING_OPTIONS": "No Parking", "BeachWheelchair": "Y", "BWC_Info": "http://nagsheadnc.gov/309/Public-Beach-Accesses", "PaidParkURL": "n/a", "WaterAccessTYPE": "Ocean", "BeachMat": "No", "Land_Status": "Municipality", "NEAR_FID": 591.0, "NEAR_DIST": 846.91638202442164, "ACCESSIBILITY_NOTES": null, "LIFEGUARDS": null }, "geometry": { "type": "Point", "coordinates": [ -75.577909577614605, 35.873583839403601 ] } },
{ "type": "Feature", "properties": { "ACCESS_ID": "June Street", "OBJECTID": 591, "PLACE": "Nags Head", "ACCESS_LOC": "S. Old Oregon Inlet Road and June Street", "LOCL_SPONS": "Town of Nags Head", "CAMA_SIGN": "Yes", "PARKING": 12.0, "DUNE_WALK": "Y", "OVERLOOK": "Yes", "HAND_DUNE": "Yes", "HAND_OVRLK": "Yes", "HAND_BEACH": "No", "HAND_PRKG": 1.0, "RESTRM": "N", "SHOWER": "Y", "PIC_TABLE": "No", "VEH_ACCESS": " ", "BIKE_RACK": "Yes", "SURV_DATE": 1652745600000.0, "COMMENT_": "Accessible to wheelchairs/strollers for beach viewing.", "PRKG_COMMENTS": null, "COUNTY": "Dare", "DCM_RO": "Elizabeth City Regional Office", "NCDCM_ID": 1215.0, "PHOTO": "ecity_nh_june_181.png", "PRK_FEE": "No", "DCM_Funded": "Y", "CONTRACT_YR": null, "CONTRACT_NUM": null, "ACESS_TYPE": "Beach", "KayakCanoeLaunch": "No", "PARKING_OPTIONS": "Onsite Parking", "BeachWheelchair": "Y", "BWC_Info": "http://nagsheadnc.gov/309/Public-Beach-Accesses", "PaidParkURL": "n/a", "WaterAccessTYPE": "Ocean", "BeachMat": "No", "Land_Status": "Municipality", "NEAR_FID": 592.0, "NEAR_DIST": 846.91638202442164, "ACCESSIBILITY_NOTES": null, "LIFEGUARDS": null }, "geometry": { "type": "Point", "coordinates": [ -75.578932994980093, 35.875756289636804 ] } },
{ "type": "Feature", "properties": { "ACCESS_ID": "Jay Street", "OBJECTID": 590, "PLACE": "Nags Head", "ACCESS_LOC": "S. Old Oregon Inlet Road and Jay Street", "LOCL_SPONS": "Town of Nags Head", "CAMA_SIGN": "Yes", "PARKING": 0.0, "DUNE_WALK": "N", "OVERLOOK": "No", "HAND_DUNE": "No", "HAND_OVRLK": "No", "HAND_BEACH": "No", "HAND_PRKG": 0.0, "RESTRM": "N", "SHOWER": "N", "PIC_TABLE": "No", "VEH_ACCESS": " ", "BIKE_RACK": "No", "SURV_DATE": 1198022400000.0, "COMMENT_": " ", "PRKG_COMMENTS": null, "COUNTY": "Dare", "DCM_RO": "Elizabeth City Regional Office", "NCDCM_ID": 1214.0, "PHOTO": "ecity_nh_jay_180.png", "PRK_FEE": null, "DCM_Funded": "N", "CONTRACT_YR": null, "CONTRACT_NUM": null, "ACESS_TYPE": "Beach", "KayakCanoeLaunch": "No", "PARKING_OPTIONS": "No Parking", "BeachWheelchair": "Y", "BWC_Info": "http://nagsheadnc.gov/309/Public-Beach-Accesses", "PaidParkURL": "n/a", "WaterAccessTYPE": "Ocean", "BeachMat": "No", "Land_Status": "Municipality", "NEAR_FID": 589.0, "NEAR_DIST": 852.73337799691365, "ACCESSIBILITY_NOTES": null, "LIFEGUARDS": null }, "geometry": { "type": "Point", "coordinates": [ -75.580334960609704, 35.878557496849901 ] } },
{ "type": "Feature", "properties": { "ACCESS_ID": "Indigo Street", "OBJECTID": 589, "PLACE": "Nags Head", "ACCESS_LOC": "S. Old Oregon Inlet Road and Indigo Street", "LOCL_SPONS": "Town of Nags Head", "CAMA_SIGN": "Yes", "PARKING": 10.0, "DUNE_WALK": "Y", "OVERLOOK": "Yes", "HAND_DUNE": "Yes", "HAND_OVRLK": "Yes", "HAND_BEACH": "No", "HAND_PRKG": 1.0, "RESTRM": "N", "SHOWER": "Y", "PIC_TABLE": "No", "VEH_ACCESS": " ", "BIKE_RACK": "No", "SURV_DATE": 1198022400000.0, "COMMENT_": "Accessible to wheelchairs/strollers for beach viewing.", "PRKG_COMMENTS": null, "COUNTY": "Dare", "DCM_RO": "Elizabeth City Regional Office", "NCDCM_ID": 1213.0, "PHOTO": "ecity_nh_indigo_179.png", "PRK_FEE": "No", "DCM_Funded": "Y", "CONTRACT_YR": null, "CONTRACT_NUM": null, "ACESS_TYPE": "Beach", "KayakCanoeLaunch": "No", "PARKING_OPTIONS": "Onsite Parking", "BeachWheelchair": "Y", "BWC_Info": "http://nagsheadnc.gov/309/Public-Beach-Accesses", "PaidParkURL": "n/a", "WaterAccessTYPE": "Ocean", "BeachMat": "No", "Land_Status": "Municipality", "NEAR_FID": 588.0, "NEAR_DIST": 848.31527522796409, "ACCESSIBILITY_NOTES": null, "LIFEGUARDS": null }, "geometry": { "type": "Point", "coordinates": [ -75.581500627098805, 35.880699455706193 ] } },
{ "type": "Feature", "properties": { "ACCESS_ID": "Islington Street", "OBJECTID": 588, "PLACE": "Nags Head", "ACCESS_LOC": "S. Old Oregon Inlet Road and Islington Street", "LOCL_SPONS": "Town of Nags Head", "CAMA_SIGN": "Yes", "PARKING": 0.0, "DUNE_WALK": "Y", "OVERLOOK": "No", "HAND_DUNE": "No", "HAND_OVRLK": "No", "HAND_BEACH": "No", "HAND_PRKG": 0.0, "RESTRM": "N", "SHOWER": "N", "PIC_TABLE": "No", "VEH_ACCESS": " ", "BIKE_RACK": "No", "SURV_DATE": 1198022400000.0, "COMMENT_": " ", "PRKG_COMMENTS": null, "COUNTY": "Dare", "DCM_RO": "Elizabeth City Regional Office", "NCDCM_ID": 1212.0, "PHOTO": "ecity_nh_islington_178.png", "PRK_FEE": null, "DCM_Funded": "Y", "CONTRACT_YR": null, "CONTRACT_NUM": null, "ACESS_TYPE": "Beach", "KayakCanoeLaunch": "No", "PARKING_OPTIONS": "No Parking", "BeachWheelchair": "Y", "BWC_Info": "http://nagsheadnc.gov/309/Public-Beach-Accesses", "PaidParkURL": "n/a", "WaterAccessTYPE": "Ocean", "BeachMat": "No", "Land_Status": "Municipality", "NEAR_FID": 589.0, "NEAR_DIST": 848.31527522796409, "ACCESSIBILITY_NOTES": null, "LIFEGUARDS": null }, "geometry": { "type": "Point", "coordinates": [ -75.582655524584297, 35.882832025852586 ] } },
{ "type": "Feature", "properties": { "ACCESS_ID": "Isabella Street", "OBJECTID": 587, "PLACE": "Nags Head", "ACCESS_LOC": "S. Old Oregon Inlet Road and Isabella Street", "LOCL_SPONS": "Town of Nags Head", "CAMA_SIGN": "Yes", "PARKING": 4.0, "DUNE_WALK": "N", "OVERLOOK": "No", "HAND_DUNE": "No", "HAND_OVRLK": "No", "HAND_BEACH": "No", "HAND_PRKG": null, "RESTRM": "N", "SHOWER": "N", "PIC_TABLE": "No", "VEH_ACCESS": " ", "BIKE_RACK": "No", "SURV_DATE": 1198022400000.0, "COMMENT_": "", "PRKG_COMMENTS": "Unmarked gravel and grass parking", "COUNTY": "Dare", "DCM_RO": "Elizabeth City Regional Office", "NCDCM_ID": 1211.0, "PHOTO": "ecity_nh_isabella_177.png", "PRK_FEE": "No", "DCM_Funded": "N", "CONTRACT_YR": null, "CONTRACT_NUM": null, "ACESS_TYPE": "Beach", "KayakCanoeLaunch": "No", "PARKING_OPTIONS": "Onsite Parking", "BeachWheelchair": "Y", "BWC_Info": "http://nagsheadnc.gov/309/Public-Beach-Accesses", "PaidParkURL": "n/a", "WaterAccessTYPE": "Ocean", "BeachMat": "No", "Land_Status": "Municipality", "NEAR_FID": 586.0, "NEAR_DIST": 746.30887162471993, "ACCESSIBILITY_NOTES": null, "LIFEGUARDS": null }, "geometry": { "type": "Point", "coordinates": [ -75.583816631225005, 35.884982254224099 ] } }
]
}
