{
"type": "FeatureCollection",
"name": "access_in_lease_counties",
"crs": { "type": "name", "properties": { "name": "urn:ogc:def:crs:OGC:1.3:CRS84" } },
"features": [
{ "type": "Feature", "properties": { "ACCESS_ID": "Public Beach Access #39", "OBJECTID": 196, "PLACE": "Bald Head Island", "ACCESS_LOC": "Station House Way", "LOCL_SPONS": "Bald Head Island", "CAMA_SIGN": "No", "PARKING": 20.0, "DUNE_WALK": "Y", "OVERLOOK": null, "HAND_DUNE": "No", "HAND_OVRLK": "No", "HAND_BEACH": "No", "HAND_PRKG": null, "RESTRM": "N", "SHOWER": "N", "PIC_TABLE": "No", "VEH_ACCESS": "No", "BIKE_RACK": "Yes", "SURV_DATE": 1628505376000.0, "COMMENT_": null, "PRKG_COMMENTS": null, "COUNTY": "Brunswick", "DCM_RO": "Wilmington Regional Office", "NCDCM_ID": 585.0, "PHOTO": "BH27.png", "PRK_FEE": "No", "DCM_Funded": "N", "CONTRACT_YR": null, "CONTRACT_NUM": null, "ACESS_TYPE": "Beach", "KayakCanoeLaunch": "No", "PARKING_OPTIONS": "Both Parking Options", "BeachWheelchair": "Y", "BWC_Info": "https://live-village-bhi.pantheonsite.io/departments-services/public-safety/beach-wheelchair-information/", "PaidParkURL": "n/a", "WaterAccessTYPE": "Ocean", "BeachMat": null, "Land_Status": "Municipality", "NEAR_FID": 836.0, "NEAR_DIST": 791.56824295021454, "ACCESSIBILITY_NOTES": null, "LIFEGUARDS": null }, "geometry": { "type": "Point", "coordinates": [ -77.961459216668999, 33.845486942951098 ] } },
{ "type": "Feature", "properties": { "ACCESS_ID": "Public Beach Access #36", "OBJECTID": 493, "PLACE": "Bald Head Island", "ACCESS_LOC": "In front of what is known as Captain Charlie's Station off of South Bald Head Wynd and Federal Road", "LOCL_SPONS": " ", "CAMA_SIGN": "No", "PARKING": 12.0, "DUNE_WALK": "Y", "OVERLOOK": "No", "HAND_DUNE": "No", "HAND_OVRLK": "No", "HAND_BEACH": "No", "HAND_PRKG": null, "RESTRM": "N", "SHOWER": "N", "PIC_TABLE": "No", "VEH_ACCESS": " ", "BIKE_RACK": "No", "SURV_DATE": 1628505376000.0, "COMMENT_": null, "PRKG_COMMENTS": null, "COUNTY": "Brunswick", "DCM_RO": "Wilmington Regional Office", "NCDCM_ID": 344.0, "PHOTO": "BH25.png", "PRK_FEE": "No", "DCM_Funded": "N", "CONTRACT_YR": null, "CONTRACT_NUM": null, "ACESS_TYPE": "Beach", "KayakCanoeLaunch": "No", "PARKING_OPTIONS": "Onsite Parking", "BeachWheelchair": "Y", "BWC_Info": "https://live-village-bhi.pantheonsite.io/departments-services/public-safety/beach-wheelchair-information/", "PaidParkURL": "n/a", "WaterAccessTYPE": "Ocean", "BeachMat": null, "Land_Status": "Municipality", "NEAR_FID": 490.0, "NEAR_DIST": 600.48099053979263, "ACCESSIBILITY_NOTES": null, "LIFEGUARDS": null }, "geometry": { "type": "Point", "coordinates": [ -77.966955497649394, 33.846075350793697 ] } },
{ "type": "Feature", "properties": { "ACCESS_ID": "Public Beach Access #35", "OBJECTID": 490, "PLACE": "Bald Head Island", "ACCESS_LOC": "Immediately on the North  side of Loggerhead Trail on South Bald Head Wynd", "LOCL_SPONS": "Bald Head Island", "CAMA_SIGN": "No", "PARKING": 12.0, "DUNE_WALK": "Y", "OVERLOOK": "No", "HAND_DUNE": "No", "HAND_OVRLK": "No", "HAND_BEACH": "No", "HAND_PRKG": null, "RESTRM": "N", "SHOWER": "N", "PIC_TABLE": "No", "VEH_ACCESS": "E", "BIKE_RACK": "No", "SURV_DATE": 1628505376000.0, "COMMENT_": null, "PRKG_COMMENTS": "This is a Emergency Vehicle Access - DO NOT BLOCK.", "COUNTY": "Brunswick", "DCM_RO": "Wilmington Regional Office", "NCDCM_ID": 343.0, "PHOTO": "BH24.png", "PRK_FEE": "No", "DCM_Funded": "N", "CONTRACT_YR": null, "CONTRACT_NUM": null, "ACESS_TYPE": "Beach", "KayakCanoeLaunch": "No", "PARKING_OPTIONS": "Onsite Parking", "BeachWheelchair": "Y", "BWC_Info": "https://live-village-bhi.pantheonsite.io/departments-services/public-safety/beach-wheelchair-information/", "PaidParkURL": "n/a", "WaterAccessTYPE": "Ocean", "BeachMat": null, "Land_Status": "Municipality", "NEAR_FID": 835.0, "NEAR_DIST": 451.07019342374332, "ACCESSIBILITY_NOTES": null, "LIFEGUARDS": null }, "geometry": { "type": "Point", "coordinates": [ -77.968804771289996, 33.846659248267898 ] } },
{ "type": "Feature", "properties": { "ACCESS_ID": "Public Beach Access #34", "OBJECTID": 835, "PLACE": "Bald Head Island", "ACCESS_LOC": "Off of S. Bald Head Wynd near Loggerhead Trail", "LOCL_SPONS": "Bald Head Island", "CAMA_SIGN": "Unknown", "PARKING": null, "DUNE_WALK": "Y", "OVERLOOK": "N", "HAND_DUNE": "N", "HAND_OVRLK": "N", "HAND_BEACH": "N", "HAND_PRKG": null, "RESTRM": "N", "SHOWER": "N", "PIC_TABLE": "N", "VEH_ACCESS": "No", "BIKE_RACK": "N", "SURV_DATE": 1628505376000.0, "COMMENT_": null, "PRKG_COMMENTS": null, "COUNTY": "Brunswick", "DCM_RO": "WILM", "NCDCM_ID": null, "PHOTO": null, "PRK_FEE": null, "DCM_Funded": "N", "CONTRACT_YR": null, "CONTRACT_NUM": null, "ACESS_TYPE": "Beach", "KayakCanoeLaunch": "N", "PARKING_OPTIONS": "No Parking", "BeachWheelchair": "Y", "BWC_Info": "https://live-village-bhi.pantheonsite.io/departments-services/public-safety/beach-wheelchair-information/", "PaidParkURL": "n/a", "WaterAccessTYPE": "Ocean", "BeachMat": null, "Land_Status": "Municipality", "NEAR_FID": 488.0, "NEAR_DIST": 110.63144041137984, "ACCESSIBILITY_NOTES": null, "LIFEGUARDS": null }, "geometry": { "type": "Point", "coordinates": [ -77.970136653954398, 33.847207762181199 ] } },
{ "type": "Feature", "properties": { "ACCESS_ID": "Public Beach Access #34", "OBJECTID": 488, "PLACE": "Bald Head Island", "ACCESS_LOC": "Directly across from 995 Loggerhead Trail on South Bald Head Wynd", "LOCL_SPONS": " ", "CAMA_SIGN": "No", "PARKING": 6.0, "DUNE_WALK": "Y", "OVERLOOK": "No", "HAND_DUNE": "No", "HAND_OVRLK": "No", "HAND_BEACH": "No", "HAND_PRKG": null, "RESTRM": "N", "SHOWER": "N", "PIC_TABLE": "No", "VEH_ACCESS": " ", "BIKE_RACK": "No", "SURV_DATE": 1628505376000.0, "COMMENT_": null, "PRKG_COMMENTS": null, "COUNTY": "Brunswick", "DCM_RO": "Wilmington Regional Office", "NCDCM_ID": 342.0, "PHOTO": "BH23.png", "PRK_FEE": "No", "DCM_Funded": "N", "CONTRACT_YR": null, "CONTRACT_NUM": null, "ACESS_TYPE": "Beach", "KayakCanoeLaunch": "No", "PARKING_OPTIONS": "Onsite Parking", "BeachWheelchair": "Y", "BWC_Info": "https://live-village-bhi.pantheonsite.io/departments-services/public-safety/beach-wheelchair-information/", "PaidParkURL": "n/a", "WaterAccessTYPE": "Ocean", "BeachMat": null, "Land_Status": "Municipality", "NEAR_FID": 835.0, "NEAR_DIST": 110.63144041137984, "ACCESSIBILITY_NOTES": null, "LIFEGUARDS": null }, "geometry": { "type": "Point", "coordinates": [ -77.970443442098599, 33.8473716647947 ] } },
{ "type": "Feature", "properties": { "ACCESS_ID": "Public Beach Access #41", "OBJECTID": 836, "PLACE": "Bald Head Island", "ACCESS_LOC": "Off Station House Way", "LOCL_SPONS": "Bald Head Island", "CAMA_SIGN": "Unknown", "PARKING": 0.0, "DUNE_WALK": "Y", "OVERLOOK": "N", "HAND_DUNE": "N", "HAND_OVRLK": "N", "HAND_BEACH": "N", "HAND_PRKG": 0.0, "RESTRM": "N", "SHOWER": "N", "PIC_TABLE": "N", "VEH_ACCESS": "No", "BIKE_RACK": "N", "SURV_DATE": 1628505376000.0, "COMMENT_": null, "PRKG_COMMENTS": null, "COUNTY": "Brunswick", "DCM_RO": "WILM", "NCDCM_ID": null, "PHOTO": null, "PRK_FEE": null, "DCM_Funded": "N", "CONTRACT_YR": null, "CONTRACT_NUM": null, "ACESS_TYPE": "Beach", "KayakCanoeLaunch": "N", "PARKING_OPTIONS": "No Parking", "BeachWheelchair": "Y", "BWC_Info": "https://live-village-bhi.pantheonsite.io/departments-services/public-safety/beach-wheelchair-information/", "PaidParkURL": "n/a", "WaterAccessTYPE": "Ocean", "BeachMat": null, "Land_Status": "Municipality", "NEAR_FID": 196.0, "NEAR_DIST": 791.56824295021454, "ACCESSIBILITY_NOTES": null, "LIFEGUARDS": null }, "geometry": { "type": "Point", "coordinates": [ -77.960970616697793, 33.847623202809203 ] } },
{ "type": "Feature", "properties": { "ACCESS_ID": "Public Beach Access #32", "OBJECTID": 486, "PLACE": "Bald Head Island", "ACCESS_LOC": "Directly adjacent to Lot 2255 on South Bald Head Wynd", "LOCL_SPONS": "Bald Head Island", "CAMA_SIGN": "No", "PARKING": 6.0, "DUNE_WALK": "Y", "OVERLOOK": "No", "HAND_DUNE": "No", "HAND_OVRLK": "No", "HAND_BEACH": "No", "HAND_PRKG": null, "RESTRM": "N", "SHOWER": "N", "PIC_TABLE": "No", "VEH_ACCESS": "No", "BIKE_RACK": "Yes", "SURV_DATE": 1628505376000.0, "COMMENT_": null, "PRKG_COMMENTS": null, "COUNTY": "Brunswick", "DCM_RO": "Wilmington Regional Office", "NCDCM_ID": 341.0, "PHOTO": "BH22.png", "PRK_FEE": "No", "DCM_Funded": "N", "CONTRACT_YR": null, "CONTRACT_NUM": null, "ACESS_TYPE": "Beach", "KayakCanoeLaunch": "No", "PARKING_OPTIONS": "Onsite Parking", "BeachWheelchair": "Y", "BWC_Info": "https://live-village-bhi.pantheonsite.io/departments-services/public-safety/beach-wheelchair-information/", "PaidParkURL": "n/a", "WaterAccessTYPE": "Ocean", "BeachMat": null, "Land_Status": "Municipality", "NEAR_FID": 488.0, "NEAR_DIST": 1697.2043378434653, "ACCESSIBILITY_NOTES": null, "LIFEGUARDS": null }, "geometry": { "type": "Point", "coordinates": [ -77.975389563357993, 33.849542466820097 ] } },
{ "type": "Feature", "properties": { "ACCESS_ID": "Public Beach Access #42", "OBJECTID": 496, "PLACE": "Bald Head Island", "ACCESS_LOC": "Off of South East Beach Drive immediately prior to East Beach Drive", "LOCL_SPONS": " ", "CAMA_SIGN": "No", "PARKING": 30.0, "DUNE_WALK": "Y", "OVERLOOK": "No", "HAND_DUNE": "No", "HAND_OVRLK": "No", "HAND_BEACH": "No", "HAND_PRKG": null, "RESTRM": "N", "SHOWER": "N", "PIC_TABLE": "No", "VEH_ACCESS": "E", "BIKE_RACK": "No", "SURV_DATE": 1628505376000.0, "COMMENT_": null, "PRKG_COMMENTS": "This is a Emergency Vehicle Access - DO NOT BLOCK.", "COUNTY": "Brunswick", "DCM_RO": "Wilmington Regional Office", "NCDCM_ID": 345.0, "PHOTO": "BH26.png", "PRK_FEE": "No", "DCM_Funded": "N", "CONTRACT_YR": null, "CONTRACT_NUM": null, "ACESS_TYPE": "Beach", "KayakCanoeLaunch": "No", "PARKING_OPTIONS": "Onsite Parking", "BeachWheelchair": "Y", "BWC_Info": "https://live-village-bhi.pantheonsite.io/departments-services/public-safety/beach-wheelchair-information/", "PaidParkURL": "n/a", "WaterAccessTYPE": "Ocean", "BeachMat": null, "Land_Status": "Municipality", "NEAR_FID": 836.0, "NEAR_DIST": 849.32821960259719, "ACCESSIBILITY_NOTES": null, "LIFEGUARDS": null }, "geometry": { "type": "Point", "coordinates": [ -77.961068466588401, 33.849955282681499 ] } },
{ "type": "Feature", "properties": { "ACCESS_ID": "Public Beach Access #26b ", "OBJECTID": 195, "PLACE": "Bald Head Island", "ACCESS_LOC": "Brown Pelican Trail", "LOCL_SPONS": "Bald Head Island", "CAMA_SIGN": "No", "PARKING": null, "DUNE_WALK": "N", "OVERLOOK": "No", "HAND_DUNE": "No", "HAND_OVRLK": "No", "HAND_BEACH": "No", "HAND_PRKG": null, "RESTRM": "N", "SHOWER": "N", "PIC_TABLE": "No", "VEH_ACCESS": "No", "BIKE_RACK": "No", "SURV_DATE": 1628505376000.0, "COMMENT_": null, "PRKG_COMMENTS": " ", "COUNTY": "Brunswick", "DCM_RO": "Wilmington Regional Office", "NCDCM_ID": 584.0, "PHOTO": "BH21.png", "PRK_FEE": null, "DCM_Funded": "N", "CONTRACT_YR": null, "CONTRACT_NUM": null, "ACESS_TYPE": "Beach", "KayakCanoeLaunch": "No", "PARKING_OPTIONS": "No Parking", "BeachWheelchair": "Y", "BWC_Info": "https://live-village-bhi.pantheonsite.io/departments-services/public-safety/beach-wheelchair-information/", "PaidParkURL": "n/a", "WaterAccessTYPE": "Ocean", "BeachMat": null, "Land_Status": "Municipality", "NEAR_FID": 483.0, "NEAR_DIST": 273.82660184357877, "ACCESSIBILITY_NOTES": null, "LIFEGUARDS": null }, "geometry": { "type": "Point", "coordinates": [ -77.9825860677104, 33.851395302338901 ] } },
{ "type": "Feature", "properties": { "ACCESS_ID": "Public Beach Access #26a", "OBJECTID": 483, "PLACE": "Bald Head Island", "ACCESS_LOC": "Directly across from Wild Bean Court and meeting in with the North end of Brown Pelican Trail off of South Bald Head Wynd", "LOCL_SPONS": " ", "CAMA_SIGN": "No", "PARKING": 14.0, "DUNE_WALK": "Y", "OVERLOOK": "No", "HAND_DUNE": "No", "HAND_OVRLK": "No", "HAND_BEACH": "No", "HAND_PRKG": null, "RESTRM": "N", "SHOWER": "N", "PIC_TABLE": "No", "VEH_ACCESS": " ", "BIKE_RACK": "Yes", "SURV_DATE": 1628505376000.0, "COMMENT_": null, "PRKG_COMMENTS": null, "COUNTY": "Brunswick", "DCM_RO": "Wilmington Regional Office", "NCDCM_ID": 340.0, "PHOTO": "BH20.png", "PRK_FEE": "No", "DCM_Funded": "N", "CONTRACT_YR": null, "CONTRACT_NUM": null, "ACESS_TYPE": "Beach", "KayakCanoeLaunch": "No", "PARKING_OPTIONS": "Onsite Parking", "BeachWheelchair": "Y", "BWC_Info": "https://live-village-bhi.pantheonsite.io/departments-services/public-safety/beach-wheelchair-information/", "PaidParkURL": "n/a", "WaterAccessTYPE": "Ocean", "BeachMat": null, "Land_Status": "Municipality", "NEAR_FID": 195.0, "NEAR_DIST": 273.82660184357877, "ACCESSIBILITY_NOTES": null, "LIFEGUARDS": null }, "geometry": { "type": "Point", "coordinates": [ -77.983073881655798, 33.852028036020698 ] } },
{ "type": "Feature", "properties": { "ACCESS_ID": "Public Beach Access #25B", "OBJECTID": 482, "PLACE": "Bald Head Island", "ACCESS_LOC": "South end of Coquina Trail off of South Bald Head Wynd", "LOCL_SPONS": "Bald Head Island", "CAMA_SIGN": "No", "PARKING": 0.0, "DUNE_WALK": "Y", "OVERLOOK": "No", "HAND_DUNE": "No", "HAND_OVRLK": "No", "HAND_BEACH": "No", "HAND_PRKG": 0.0, "RESTRM": "N", "SHOWER": "N", "PIC_TABLE": "No", "VEH_ACCESS": "No", "BIKE_RACK": "No", "SURV_DATE": 1628505376000.0, "COMMENT_": null, "PRKG_COMMENTS": null, "COUNTY": "Brunswick", "DCM_RO": "Wilmington Regional Office", "NCDCM_ID": 339.0, "PHOTO": "BH19.png", "PRK_FEE": null, "DCM_Funded": "N", "CONTRACT_YR": null, "CONTRACT_NUM": null, "ACESS_TYPE": "Beach", "KayakCanoeLaunch": "No", "PARKING_OPTIONS": "No Parking", "BeachWheelchair": "Y", "BWC_Info": "https://live-village-bhi.pantheonsite.io/departments-services/public-safety/beach-wheelchair-information/", "PaidParkURL": "n/a", "WaterAccessTYPE": "Ocean", "BeachMat": null, "Land_Status": "Municipality", "NEAR_FID": 194.0, "NEAR_DIST": 434.6396437157062, "ACCESSIBILITY_NOTES": null, "LIFEGUARDS": null }, "geometry": { "type": "Point", "coordinates": [ -77.985242805518794, 33.852325757459298 ] } },
{ "type": "Feature", "properties": { "ACCESS_ID": "Public Beach Access #24", "OBJECTID": 194, "PLACE": "Bald Head Island", "ACCESS_LOC": "Pepper Vine Trail", "LOCL_SPONS": "Bald Head Island", "CAMA_SIGN": "Yes", "PARKING": 9.0, "DUNE_WALK": "Y", "OVERLOOK": "No", "HAND_DUNE": "Y", "HAND_OVRLK": "No", "HAND_BEACH": "No", "HAND_PRKG": 0.0, "RESTRM": "N", "SHOWER": "N", "PIC_TABLE": "No", "VEH_ACCESS": "No", "BIKE_RACK": "No", "SURV_DATE": 1678098976000.0, "COMMENT_": null, "PRKG_COMMENTS": "At the corner S Bald Head Wynd & Peppervine Trail", "COUNTY": "Brunswick", "DCM_RO": "Wilmington Regional Office", "NCDCM_ID": 583.0, "PHOTO": "BH18.png", "PRK_FEE": null, "DCM_Funded": "Y", "CONTRACT_YR": null, "CONTRACT_NUM": null, "ACESS_TYPE": "Beach", "KayakCanoeLaunch": "No", "PARKING_OPTIONS": "Parking off-site", "BeachWheelchair": "Y", "BWC_Info": "https://live-village-bhi.pantheonsite.io/departments-services/public-safety/beach-wheelchair-information/", "PaidParkURL": "n/a", "WaterAccessTYPE": "Ocean", "BeachMat": null, "Land_Status": "Municipality", "NEAR_FID": 479.0, "NEAR_DIST": 428.06160657253969, "ACCESSIBILITY_NOTES": null, "LIFEGUARDS": null }, "geometry": { "type": "Point", "coordinates": [ -77.986585535340296, 33.8527392618807 ] } },
{ "type": "Feature", "properties": { "ACCESS_ID": "Public Beach Access #23", "OBJECTID": 473, "PLACE": "Bald Head Island", "ACCESS_LOC": "South end of Silversides Trail off of South Bald Head Wynd", "LOCL_SPONS": "Bald Head Island", "CAMA_SIGN": "No", "PARKING": 8.0, "DUNE_WALK": "Y", "OVERLOOK": "No", "HAND_DUNE": "No", "HAND_OVRLK": "No", "HAND_BEACH": "No", "HAND_PRKG": null, "RESTRM": "N", "SHOWER": "N", "PIC_TABLE": "No", "VEH_ACCESS": "No", "BIKE_RACK": "No", "SURV_DATE": 1628505376000.0, "COMMENT_": null, "PRKG_COMMENTS": null, "COUNTY": "Brunswick", "DCM_RO": "Wilmington Regional Office", "NCDCM_ID": 336.0, "PHOTO": "BH14.png", "PRK_FEE": "No", "DCM_Funded": "N", "CONTRACT_YR": null, "CONTRACT_NUM": null, "ACESS_TYPE": "Beach", "KayakCanoeLaunch": "No", "PARKING_OPTIONS": "Onsite Parking", "BeachWheelchair": "Y", "BWC_Info": "https://live-village-bhi.pantheonsite.io/departments-services/public-safety/beach-wheelchair-information/", "PaidParkURL": "n/a", "WaterAccessTYPE": "Ocean", "BeachMat": null, "Land_Status": "Municipality", "NEAR_FID": 476.0, "NEAR_DIST": 369.39109334996766, "ACCESSIBILITY_NOTES": null, "LIFEGUARDS": null }, "geometry": { "type": "Point", "coordinates": [ -77.989363531338995, 33.853120257871502 ] } },
{ "type": "Feature", "properties": { "ACCESS_ID": "Public Beach Access #25A", "OBJECTID": 479, "PLACE": "Bald Head Island", "ACCESS_LOC": "South end of Peppervine Trail off of South Bald Head Wynd", "LOCL_SPONS": "Bald Head Island", "CAMA_SIGN": "No", "PARKING": 0.0, "DUNE_WALK": "Y", "OVERLOOK": "No", "HAND_DUNE": "No", "HAND_OVRLK": "No", "HAND_BEACH": "No", "HAND_PRKG": 0.0, "RESTRM": "N", "SHOWER": "N", "PIC_TABLE": "No", "VEH_ACCESS": "E", "BIKE_RACK": "No", "SURV_DATE": 1628505376000.0, "COMMENT_": null, "PRKG_COMMENTS": "Emergency Vehicle Access - DO NOT BLOCK", "COUNTY": "Brunswick", "DCM_RO": "Wilmington Regional Office", "NCDCM_ID": 338.0, "PHOTO": "BH17.png", "PRK_FEE": null, "DCM_Funded": "N", "CONTRACT_YR": null, "CONTRACT_NUM": null, "ACESS_TYPE": "Beach", "KayakCanoeLaunch": "No", "PARKING_OPTIONS": "No Parking", "BeachWheelchair": "Y", "BWC_Info": "https://live-village-bhi.pantheonsite.io/departments-services/public-safety/beach-wheelchair-information/", "PaidParkURL": "n/a", "WaterAccessTYPE": "Ocean", "BeachMat": null, "Land_Status": "Municipality", "NEAR_FID": 476.0, "NEAR_DIST": 230.50064572573851, "ACCESSIBILITY_NOTES": null, "LIFEGUARDS": null }, "geometry": { "type": "Point", "coordinates": [ -77.987887442122002, 33.853190163873698 ] } },
{ "type": "Feature", "properties": { "ACCESS_ID": "Public Beach Access #24A", "OBJECTID": 476, "PLACE": "Bald Head Island", "ACCESS_LOC": "Adjacent to intersection of South Bald Head Wynd and Muscadine Wynd", "LOCL_SPONS": "Bald Head Island", "CAMA_SIGN": "No", "PARKING": 14.0, "DUNE_WALK": "Y", "OVERLOOK": "No", "HAND_DUNE": "No", "HAND_OVRLK": "No", "HAND_BEACH": "No", "HAND_PRKG": null, "RESTRM": "N", "SHOWER": "N", "PIC_TABLE": "No", "VEH_ACCESS": " ", "BIKE_RACK": "No", "SURV_DATE": 1628505376000.0, "COMMENT_": null, "PRKG_COMMENTS": null, "COUNTY": "Brunswick", "DCM_RO": "Wilmington Regional Office", "NCDCM_ID": 337.0, "PHOTO": "BH16.png", "PRK_FEE": "No", "DCM_Funded": "N", "CONTRACT_YR": null, "CONTRACT_NUM": null, "ACESS_TYPE": "Beach", "KayakCanoeLaunch": "No", "PARKING_OPTIONS": "Onsite Parking", "BeachWheelchair": "Y", "BWC_Info": "https://live-village-bhi.pantheonsite.io/departments-services/public-safety/beach-wheelchair-information/", "PaidParkURL": "n/a", "WaterAccessTYPE": "Ocean", "BeachMat": null, "Land_Status": "Municipality", "NEAR_FID": 479.0, "NEAR_DIST": 230.50064572573851, "ACCESSIBILITY_NOTES": null, "LIFEGUARDS": null }, "geometry": { "type": "Point", "coordinates": [ -77.9883557195066, 33.853688582573497 ] } },
{ "type": "Feature", "properties": { "ACCESS_ID": "Public Beach Access #21", "OBJECTID": 470, "PLACE": "Bald Head Island", "ACCESS_LOC": "North end of Silversides Trail off of South Bald Head Wynd", "LOCL_SPONS": "Bald Head Island", "CAMA_SIGN": "No", "PARKING": 0.0, "DUNE_WALK": "Y", "OVERLOOK": "No", "HAND_DUNE": "No", "HAND_OVRLK": "No", "HAND_BEACH": "No", "HAND_PRKG": 0.0, "RESTRM": "N", "SHOWER": "N", "PIC_TABLE": "No", "VEH_ACCESS": " ", "BIKE_RACK": "No", "SURV_DATE": 1628505376000.0, "COMMENT_": null, "PRKG_COMMENTS": null, "COUNTY": "Brunswick", "DCM_RO": "Wilmington Regional Office", "NCDCM_ID": 335.0, "PHOTO": "BH15.png", "PRK_FEE": null, "DCM_Funded": "N", "CONTRACT_YR": null, "CONTRACT_NUM": null, "ACESS_TYPE": "Beach", "KayakCanoeLaunch": "No", "PARKING_OPTIONS": "No Parking", "BeachWheelchair": "Y", "BWC_Info": "https://live-village-bhi.pantheonsite.io/departments-services/public-safety/beach-wheelchair-information/", "PaidParkURL": "n/a", "WaterAccessTYPE": "Ocean", "BeachMat": null, "Land_Status": "Municipality", "NEAR_FID": 467.0, "NEAR_DIST": 493.9252486036151, "ACCESSIBILITY_NOTES": null, "LIFEGUARDS": null }, "geometry": { "type": "Point", "coordinates": [ -77.9916813994694, 33.853859478589001 ] } },
{ "type": "Feature", "properties": { "ACCESS_ID": "Public Beach Access #20", "OBJECTID": 467, "PLACE": "Bald Head Island", "ACCESS_LOC": "South end of Sandspur Trail off of South Bald Head Wynd", "LOCL_SPONS": "Bald Head Island", "CAMA_SIGN": "No", "PARKING": 0.0, "DUNE_WALK": "Y", "OVERLOOK": "No", "HAND_DUNE": "No", "HAND_OVRLK": "No", "HAND_BEACH": "No", "HAND_PRKG": 0.0, "RESTRM": "N", "SHOWER": "N", "PIC_TABLE": "No", "VEH_ACCESS": " ", "BIKE_RACK": "No", "SURV_DATE": 1628505376000.0, "COMMENT_": null, "PRKG_COMMENTS": null, "COUNTY": "Brunswick", "DCM_RO": "Wilmington Regional Office", "NCDCM_ID": 334.0, "PHOTO": "BH13.png", "PRK_FEE": null, "DCM_Funded": "N", "CONTRACT_YR": null, "CONTRACT_NUM": null, "ACESS_TYPE": "Beach", "KayakCanoeLaunch": "No", "PARKING_OPTIONS": "No Parking", "BeachWheelchair": "Y", "BWC_Info": "https://live-village-bhi.pantheonsite.io/departments-services/public-safety/beach-wheelchair-information/", "PaidParkURL": "n/a", "WaterAccessTYPE": "Ocean", "BeachMat": null, "Land_Status": "Municipality", "NEAR_FID": 470.0, "NEAR_DIST": 493.9252486036151, "ACCESSIBILITY_NOTES": null, "LIFEGUARDS": null }, "geometry": { "type": "Point", "coordinates": [ -77.993204427456604, 33.854335849483299 ] } },
{ "type": "Feature", "properties": { "ACCESS_ID": "Public Beach Access #19", "OBJECTID": 464, "PLACE": "Bald Head Island", "ACCESS_LOC": "North end of Sandspur Trail off of South Bald Head Wynd", "LOCL_SPONS": "Bald Head Island", "CAMA_SIGN": "No", "PARKING": 0.0, "DUNE_WALK": "Y", "OVERLOOK": "No", "HAND_DUNE": "No", "HAND_OVRLK": "No", "HAND_BEACH": "No", "HAND_PRKG": 0.0, "RESTRM": "N", "SHOWER": "N", "PIC_TABLE": "No", "VEH_ACCESS": "No", "BIKE_RACK": "Yes", "SURV_DATE": 1628505376000.0, "COMMENT_": null, "PRKG_COMMENTS": null, "COUNTY": "Brunswick", "DCM_RO": "Wilmington Regional Office", "NCDCM_ID": 333.0, "PHOTO": "BH12.png", "PRK_FEE": null, "DCM_Funded": "N", "CONTRACT_YR": null, "CONTRACT_NUM": null, "ACESS_TYPE": "Beach", "KayakCanoeLaunch": "No", "PARKING_OPTIONS": "No Parking", "BeachWheelchair": "Y", "BWC_Info": "https://live-village-bhi.pantheonsite.io/departments-services/public-safety/beach-wheelchair-information/", "PaidParkURL": "n/a", "WaterAccessTYPE": "Ocean", "BeachMat": null, "Land_Status": "Municipality", "NEAR_FID": 467.0, "NEAR_DIST": 532.17429361535164, "ACCESSIBILITY_NOTES": null, "LIFEGUARDS": null }, "geometry": { "type": "Point", "coordinates": [ -77.9948084116172, 33.8549249147827 ] } },
{ "type": "Feature", "properties": { "ACCESS_ID": "Public Beach Access #18", "OBJECTID": 461, "PLACE": "Bald Head Island", "ACCESS_LOC": "Starrush Trail off of South Bald Head Wynd", "LOCL_SPONS": "Bald Head Island", "CAMA_SIGN": "No", "PARKING": 14.0, "DUNE_WALK": "Y", "OVERLOOK": "No", "HAND_DUNE": "No", "HAND_OVRLK": "No", "HAND_BEACH": "No", "HAND_PRKG": null, "RESTRM": "N", "SHOWER": "N", "PIC_TABLE": "No", "VEH_ACCESS": "No", "BIKE_RACK": "No", "SURV_DATE": 1628505376000.0, "COMMENT_": null, "PRKG_COMMENTS": null, "COUNTY": "Brunswick", "DCM_RO": "Wilmington Regional Office", "NCDCM_ID": 332.0, "PHOTO": "BH11.png", "PRK_FEE": "No", "DCM_Funded": "N", "CONTRACT_YR": null, "CONTRACT_NUM": null, "ACESS_TYPE": "Beach", "KayakCanoeLaunch": "No", "PARKING_OPTIONS": "Onsite Parking", "BeachWheelchair": "Y", "BWC_Info": "https://live-village-bhi.pantheonsite.io/departments-services/public-safety/beach-wheelchair-information/", "PaidParkURL": "n/a", "WaterAccessTYPE": "Ocean", "BeachMat": null, "Land_Status": "Municipality", "NEAR_FID": 464.0, "NEAR_DIST": 682.35908374422445, "ACCESSIBILITY_NOTES": null, "LIFEGUARDS": null }, "geometry": { "type": "Point", "coordinates": [ -77.996910357092602, 33.8555877883609 ] } },
{ "type": "Feature", "properties": { "ACCESS_ID": "Public Beach Access #17", "OBJECTID": 459, "PLACE": "Bald Head Island", "ACCESS_LOC": "Off of South Bald Head Wynd just prior to Mourning Warbler Trail", "LOCL_SPONS": "Bald Head Island", "CAMA_SIGN": "No", "PARKING": 12.0, "DUNE_WALK": "Y", "OVERLOOK": "No", "HAND_DUNE": "No", "HAND_OVRLK": "No", "HAND_BEACH": "No", "HAND_PRKG": null, "RESTRM": "N", "SHOWER": "N", "PIC_TABLE": "No", "VEH_ACCESS": "No", "BIKE_RACK": "Yes", "SURV_DATE": 1628505376000.0, "COMMENT_": null, "PRKG_COMMENTS": null, "COUNTY": "Brunswick", "DCM_RO": "Wilmington Regional Office", "NCDCM_ID": 331.0, "PHOTO": "BH10.png", "PRK_FEE": "No", "DCM_Funded": "N", "CONTRACT_YR": null, "CONTRACT_NUM": null, "ACESS_TYPE": "Beach", "KayakCanoeLaunch": "No", "PARKING_OPTIONS": "Onsite Parking", "BeachWheelchair": "Y", "BWC_Info": "https://live-village-bhi.pantheonsite.io/departments-services/public-safety/beach-wheelchair-information/", "PaidParkURL": "n/a", "WaterAccessTYPE": "Ocean", "BeachMat": null, "Land_Status": "Municipality", "NEAR_FID": 456.0, "NEAR_DIST": 706.91442574250311, "ACCESSIBILITY_NOTES": null, "LIFEGUARDS": null }, "geometry": { "type": "Point", "coordinates": [ -77.999626858020207, 33.857221974906402 ] } },
{ "type": "Feature", "properties": { "ACCESS_ID": "40th Street", "OBJECTID": 289, "PLACE": "Sunset Beach", "ACCESS_LOC": "40th Street", "LOCL_SPONS": "Sunset Beach", "CAMA_SIGN": "Yes", "PARKING": null, "DUNE_WALK": "Y", "OVERLOOK": "Y", "HAND_DUNE": "No", "HAND_OVRLK": "No", "HAND_BEACH": "No", "HAND_PRKG": null, "RESTRM": "N", "SHOWER": "N", "PIC_TABLE": "No", "VEH_ACCESS": "No", "BIKE_RACK": "Yes", "SURV_DATE": 1068249600000.0, "COMMENT_": " ", "PRKG_COMMENTS": null, "COUNTY": "Brunswick", "DCM_RO": "Wilmington Regional Office", "NCDCM_ID": 131.0, "PHOTO": "SB34.png", "PRK_FEE": "No", "DCM_Funded": "N", "CONTRACT_YR": null, "CONTRACT_NUM": null, "ACESS_TYPE": "Beach", "KayakCanoeLaunch": "No", "PARKING_OPTIONS": "On-Street Parking", "BeachWheelchair": "Y", "BWC_Info": "https://www.sunsetbeachnc.gov/vertical/sites/%7BA2C1D077-15B6-49E5-B8FD-53D65FA0DC5D%7D/uploads/2022_Surf_Chair-Walker_Letter_and_Agreement.pdf", "PaidParkURL": "n/a", "WaterAccessTYPE": "Ocean", "BeachMat": null, "Land_Status": "Municipality", "NEAR_FID": 285.0, "NEAR_DIST": 210.45897566168873, "ACCESSIBILITY_NOTES": null, "LIFEGUARDS": null }, "geometry": { "type": "Point", "coordinates": [ -78.516267699531198, 33.865803708381499 ] } },
{ "type": "Feature", "properties": { "ACCESS_ID": "39th Street", "OBJECTID": 285, "PLACE": "Sunset Beach", "ACCESS_LOC": "39th Street", "LOCL_SPONS": "Sunset Beach", "CAMA_SIGN": "Yes", "PARKING": null, "DUNE_WALK": "Y", "OVERLOOK": "No", "HAND_DUNE": "No", "HAND_OVRLK": "No", "HAND_BEACH": "No", "HAND_PRKG": null, "RESTRM": "N", "SHOWER": "N", "PIC_TABLE": "No", "VEH_ACCESS": " ", "BIKE_RACK": "No", "SURV_DATE": 1068249600000.0, "COMMENT_": " ", "PRKG_COMMENTS": null, "COUNTY": "Brunswick", "DCM_RO": "Wilmington Regional Office", "NCDCM_ID": 130.0, "PHOTO": "SB33.png", "PRK_FEE": "No", "DCM_Funded": "N", "CONTRACT_YR": null, "CONTRACT_NUM": null, "ACESS_TYPE": "Beach", "KayakCanoeLaunch": "No", "PARKING_OPTIONS": "On-Street Parking", "BeachWheelchair": "Y", "BWC_Info": "https://www.sunsetbeachnc.gov/vertical/sites/%7BA2C1D077-15B6-49E5-B8FD-53D65FA0DC5D%7D/uploads/2022_Surf_Chair-Walker_Letter_and_Agreement.pdf", "PaidParkURL": "n/a", "WaterAccessTYPE": "Ocean", "BeachMat": null, "Land_Status": "Municipality", "NEAR_FID": 282.0, "NEAR_DIST": 209.1270411814059, "ACCESSIBILITY_NOTES": null, "LIFEGUARDS": null }, "geometry": { "type": "Point", "coordinates": [ -78.515617608523002, 33.866004347183697 ] } },
{ "type": "Feature", "properties": { "ACCESS_ID": "38th Street", "OBJECTID": 282, "PLACE": "Sunset Beach", "ACCESS_LOC": "38th Street", "LOCL_SPONS": "Sunset Beach", "CAMA_SIGN": "Yes", "PARKING": null, "DUNE_WALK": "Y", "OVERLOOK": "No", "HAND_DUNE": "No", "HAND_OVRLK": "No", "HAND_BEACH": "No", "HAND_PRKG": null, "RESTRM": "N", "SHOWER": "N", "PIC_TABLE": "No", "VEH_ACCESS": " ", "BIKE_RACK": "No", "SURV_DATE": 1068249600000.0, "COMMENT_": " ", "PRKG_COMMENTS": null, "COUNTY": "Brunswick", "DCM_RO": "Wilmington Regional Office", "NCDCM_ID": 129.0, "PHOTO": "SB32.png", "PRK_FEE": "No", "DCM_Funded": "N", "CONTRACT_YR": null, "CONTRACT_NUM": null, "ACESS_TYPE": "Beach", "KayakCanoeLaunch": "No", "PARKING_OPTIONS": "On-Street Parking", "BeachWheelchair": "Y", "BWC_Info": "https://www.sunsetbeachnc.gov/vertical/sites/%7BA2C1D077-15B6-49E5-B8FD-53D65FA0DC5D%7D/uploads/2022_Surf_Chair-Walker_Letter_and_Agreement.pdf", "PaidParkURL": "n/a", "WaterAccessTYPE": "Ocean", "BeachMat": null, "Land_Status": "Municipality", "NEAR_FID": 285.0, "NEAR_DIST": 209.1270411814059, "ACCESSIBILITY_NOTES": null, "LIFEGUARDS": null }, "geometry": { "type": "Point", "coordinates": [ -78.514970939197696, 33.866202152555303 ] } },
{ "type": "Feature", "properties": { "ACCESS_ID": "37th Street", "OBJECTID": 281, "PLACE": "Sunset Beach", "ACCESS_LOC": "37th Street", "LOCL_SPONS": "Sunset Beach", "CAMA_SIGN": "Yes", "PARKING": null, "DUNE_WALK": "Y", "OVERLOOK": "No", "HAND_DUNE": "No", "HAND_OVRLK": "No", "HAND_BEACH": "No", "HAND_PRKG": null, "RESTRM": "N", "SHOWER": "N", "PIC_TABLE": "No", "VEH_ACCESS": " ", "BIKE_RACK": "No", "SURV_DATE": 1068249600000.0, "COMMENT_": " ", "PRKG_COMMENTS": null, "COUNTY": "Brunswick", "DCM_RO": "Wilmington Regional Office", "NCDCM_ID": 128.0, "PHOTO": "SB31.png", "PRK_FEE": "No", "DCM_Funded": "Y", "CONTRACT_YR": null, "CONTRACT_NUM": null, "ACESS_TYPE": "Beach", "KayakCanoeLaunch": "No", "PARKING_OPTIONS": "On-Street Parking", "BeachWheelchair": "Y", "BWC_Info": "https://www.sunsetbeachnc.gov/vertical/sites/%7BA2C1D077-15B6-49E5-B8FD-53D65FA0DC5D%7D/uploads/2022_Surf_Chair-Walker_Letter_and_Agreement.pdf", "PaidParkURL": "n/a", "WaterAccessTYPE": "Ocean", "BeachMat": null, "Land_Status": "Municipality", "NEAR_FID": 278.0, "NEAR_DIST": 209.85807366165639, "ACCESSIBILITY_NOTES": null, "LIFEGUARDS": null }, "geometry": { "type": "Point", "coordinates": [ -78.514310957738303, 33.866402743428999 ] } },
{ "type": "Feature", "properties": { "ACCESS_ID": "36th Street", "OBJECTID": 278, "PLACE": "Sunset Beach", "ACCESS_LOC": "36th Street", "LOCL_SPONS": "Sunset Beach", "CAMA_SIGN": "Yes", "PARKING": null, "DUNE_WALK": "Y", "OVERLOOK": "No", "HAND_DUNE": "No", "HAND_OVRLK": "No", "HAND_BEACH": "No", "HAND_PRKG": null, "RESTRM": "N", "SHOWER": "N", "PIC_TABLE": "No", "VEH_ACCESS": " ", "BIKE_RACK": "No", "SURV_DATE": 1068249600000.0, "COMMENT_": " ", "PRKG_COMMENTS": null, "COUNTY": "Brunswick", "DCM_RO": "Wilmington Regional Office", "NCDCM_ID": 127.0, "PHOTO": "SB30.png", "PRK_FEE": "No", "DCM_Funded": "N", "CONTRACT_YR": null, "CONTRACT_NUM": null, "ACESS_TYPE": "Beach", "KayakCanoeLaunch": "No", "PARKING_OPTIONS": "On-Street Parking", "BeachWheelchair": "Y", "BWC_Info": "https://www.sunsetbeachnc.gov/vertical/sites/%7BA2C1D077-15B6-49E5-B8FD-53D65FA0DC5D%7D/uploads/2022_Surf_Chair-Walker_Letter_and_Agreement.pdf", "PaidParkURL": "n/a", "WaterAccessTYPE": "Ocean", "BeachMat": null, "Land_Status": "Municipality", "NEAR_FID": 281.0, "NEAR_DIST": 209.85807366165639, "ACCESSIBILITY_NOTES": null, "LIFEGUARDS": null }, "geometry": { "type": "Point", "coordinates": [ -78.513664248887096, 33.866606228687203 ] } },
{ "type": "Feature", "properties": { "ACCESS_ID": "35th Street", "OBJECTID": 275, "PLACE": "Sunset Beach", "ACCESS_LOC": "35th Street", "LOCL_SPONS": "Sunset Beach", "CAMA_SIGN": "Yes", "PARKING": null, "DUNE_WALK": "Y", "OVERLOOK": "No", "HAND_DUNE": "No", "HAND_OVRLK": "No", "HAND_BEACH": "No", "HAND_PRKG": null, "RESTRM": "N", "SHOWER": "N", "PIC_TABLE": "No", "VEH_ACCESS": " ", "BIKE_RACK": "No", "SURV_DATE": 1068249600000.0, "COMMENT_": " ", "PRKG_COMMENTS": null, "COUNTY": "Brunswick", "DCM_RO": "Wilmington Regional Office", "NCDCM_ID": 126.0, "PHOTO": "SB29.png", "PRK_FEE": "No", "DCM_Funded": "N", "CONTRACT_YR": null, "CONTRACT_NUM": null, "ACESS_TYPE": "Beach", "KayakCanoeLaunch": "No", "PARKING_OPTIONS": "On-Street Parking", "BeachWheelchair": "Y", "BWC_Info": "https://www.sunsetbeachnc.gov/vertical/sites/%7BA2C1D077-15B6-49E5-B8FD-53D65FA0DC5D%7D/uploads/2022_Surf_Chair-Walker_Letter_and_Agreement.pdf", "PaidParkURL": "n/a", "WaterAccessTYPE": "Ocean", "BeachMat": null, "Land_Status": "Municipality", "NEAR_FID": 270.0, "NEAR_DIST": 209.77562914264942, "ACCESSIBILITY_NOTES": null, "LIFEGUARDS": null }, "geometry": { "type": "Point", "coordinates": [ -78.513017535544407, 33.866809709730902 ] } },
{ "type": "Feature", "properties": { "ACCESS_ID": "34th Street", "OBJECTID": 270, "PLACE": "Sunset Beach", "ACCESS_LOC": "34th Street", "LOCL_SPONS": "Sunset Beach", "CAMA_SIGN": "Yes", "PARKING": null, "DUNE_WALK": "Y", "OVERLOOK": "No", "HAND_DUNE": "No", "HAND_OVRLK": "No", "HAND_BEACH": "No", "HAND_PRKG": null, "RESTRM": "N", "SHOWER": "N", "PIC_TABLE": "No", "VEH_ACCESS": " ", "BIKE_RACK": "No", "SURV_DATE": 1068249600000.0, "COMMENT_": " ", "PRKG_COMMENTS": null, "COUNTY": "Brunswick", "DCM_RO": "Wilmington Regional Office", "NCDCM_ID": 125.0, "PHOTO": "SB28.png", "PRK_FEE": "No", "DCM_Funded": "Y", "CONTRACT_YR": null, "CONTRACT_NUM": null, "ACESS_TYPE": "Beach", "KayakCanoeLaunch": "No", "PARKING_OPTIONS": "On-Street Parking", "BeachWheelchair": "Y", "BWC_Info": "https://www.sunsetbeachnc.gov/vertical/sites/%7BA2C1D077-15B6-49E5-B8FD-53D65FA0DC5D%7D/uploads/2022_Surf_Chair-Walker_Letter_and_Agreement.pdf", "PaidParkURL": "n/a", "WaterAccessTYPE": "Ocean", "BeachMat": null, "Land_Status": "Municipality", "NEAR_FID": 267.0, "NEAR_DIST": 209.22840121777287, "ACCESSIBILITY_NOTES": null, "LIFEGUARDS": null }, "geometry": { "type": "Point", "coordinates": [ -78.512367460705903, 33.867004928689198 ] } },
{ "type": "Feature", "properties": { "ACCESS_ID": "33rd Street", "OBJECTID": 267, "PLACE": "Sunset Beach", "ACCESS_LOC": "33rd Street", "LOCL_SPONS": "Sunset Beach", "CAMA_SIGN": "Yes", "PARKING": null, "DUNE_WALK": "Y", "OVERLOOK": "No", "HAND_DUNE": "No", "HAND_OVRLK": "No", "HAND_BEACH": "No", "HAND_PRKG": null, "RESTRM": "N", "SHOWER": "N", "PIC_TABLE": "No", "VEH_ACCESS": " ", "BIKE_RACK": "No", "SURV_DATE": 1068249600000.0, "COMMENT_": " ", "PRKG_COMMENTS": null, "COUNTY": "Brunswick", "DCM_RO": "Wilmington Regional Office", "NCDCM_ID": 124.0, "PHOTO": "SB27.png", "PRK_FEE": "No", "DCM_Funded": "N", "CONTRACT_YR": null, "CONTRACT_NUM": null, "ACESS_TYPE": "Beach", "KayakCanoeLaunch": "No", "PARKING_OPTIONS": "On-Street Parking", "BeachWheelchair": "Y", "BWC_Info": "https://www.sunsetbeachnc.gov/vertical/sites/%7BA2C1D077-15B6-49E5-B8FD-53D65FA0DC5D%7D/uploads/2022_Surf_Chair-Walker_Letter_and_Agreement.pdf", "PaidParkURL": "n/a", "WaterAccessTYPE": "Ocean", "BeachMat": null, "Land_Status": "Municipality", "NEAR_FID": 270.0, "NEAR_DIST": 209.22840121777287, "ACCESSIBILITY_NOTES": null, "LIFEGUARDS": null }, "geometry": { "type": "Point", "coordinates": [ -78.511724134910096, 33.867210975422303 ] } },
{ "type": "Feature", "properties": { "ACCESS_ID": "32nd Street", "OBJECTID": 265, "PLACE": "Sunset Beach", "ACCESS_LOC": "32nd Street", "LOCL_SPONS": "Sunset Beach", "CAMA_SIGN": "Yes", "PARKING": null, "DUNE_WALK": "Y", "OVERLOOK": "No", "HAND_DUNE": "No", "HAND_OVRLK": "No", "HAND_BEACH": "No", "HAND_PRKG": null, "RESTRM": "N", "SHOWER": "N", "PIC_TABLE": "No", "VEH_ACCESS": " ", "BIKE_RACK": "No", "SURV_DATE": 1068249600000.0, "COMMENT_": " ", "PRKG_COMMENTS": null, "COUNTY": "Brunswick", "DCM_RO": "Wilmington Regional Office", "NCDCM_ID": 123.0, "PHOTO": "SB26.png", "PRK_FEE": "No", "DCM_Funded": "N", "CONTRACT_YR": null, "CONTRACT_NUM": null, "ACESS_TYPE": "Beach", "KayakCanoeLaunch": "No", "PARKING_OPTIONS": "On-Street Parking", "BeachWheelchair": "Y", "BWC_Info": "https://www.sunsetbeachnc.gov/vertical/sites/%7BA2C1D077-15B6-49E5-B8FD-53D65FA0DC5D%7D/uploads/2022_Surf_Chair-Walker_Letter_and_Agreement.pdf", "PaidParkURL": "n/a", "WaterAccessTYPE": "Ocean", "BeachMat": null, "Land_Status": "Municipality", "NEAR_FID": 262.0, "NEAR_DIST": 180.77975501756774, "ACCESSIBILITY_NOTES": null, "LIFEGUARDS": null }, "geometry": { "type": "Point", "coordinates": [ -78.510975199576293, 33.867408624343199 ] } },
{ "type": "Feature", "properties": { "ACCESS_ID": "31st Street", "OBJECTID": 262, "PLACE": "Sunset Beach", "ACCESS_LOC": "31st Street", "LOCL_SPONS": "Sunset Beach", "CAMA_SIGN": "Yes", "PARKING": null, "DUNE_WALK": "Y", "OVERLOOK": "No", "HAND_DUNE": "No", "HAND_OVRLK": "No", "HAND_BEACH": "No", "HAND_PRKG": null, "RESTRM": "N", "SHOWER": "N", "PIC_TABLE": "No", "VEH_ACCESS": " ", "BIKE_RACK": "No", "SURV_DATE": 1068249600000.0, "COMMENT_": " ", "PRKG_COMMENTS": null, "COUNTY": "Brunswick", "DCM_RO": "Wilmington Regional Office", "NCDCM_ID": 122.0, "PHOTO": "SB25.png", "PRK_FEE": "No", "DCM_Funded": "N", "CONTRACT_YR": null, "CONTRACT_NUM": null, "ACESS_TYPE": "Beach", "KayakCanoeLaunch": "No", "PARKING_OPTIONS": "On-Street Parking", "BeachWheelchair": "Y", "BWC_Info": "https://www.sunsetbeachnc.gov/vertical/sites/%7BA2C1D077-15B6-49E5-B8FD-53D65FA0DC5D%7D/uploads/2022_Surf_Chair-Walker_Letter_and_Agreement.pdf", "PaidParkURL": "n/a", "WaterAccessTYPE": "Ocean", "BeachMat": null, "Land_Status": "Municipality", "NEAR_FID": 265.0, "NEAR_DIST": 180.77975501756774, "ACCESSIBILITY_NOTES": null, "LIFEGUARDS": null }, "geometry": { "type": "Point", "coordinates": [ -78.510430736970804, 33.8676096688705 ] } },
{ "type": "Feature", "properties": { "ACCESS_ID": "30th Street", "OBJECTID": 260, "PLACE": "Sunset Beach", "ACCESS_LOC": "30th Street", "LOCL_SPONS": "Sunset Beach", "CAMA_SIGN": "Yes", "PARKING": null, "DUNE_WALK": "Y", "OVERLOOK": "No", "HAND_DUNE": "No", "HAND_OVRLK": "No", "HAND_BEACH": "No", "HAND_PRKG": null, "RESTRM": "N", "SHOWER": "N", "PIC_TABLE": "No", "VEH_ACCESS": " ", "BIKE_RACK": "No", "SURV_DATE": 1068249600000.0, "COMMENT_": " ", "PRKG_COMMENTS": null, "COUNTY": "Brunswick", "DCM_RO": "Wilmington Regional Office", "NCDCM_ID": 121.0, "PHOTO": "SB24.png", "PRK_FEE": "No", "DCM_Funded": "N", "CONTRACT_YR": null, "CONTRACT_NUM": null, "ACESS_TYPE": "Beach", "KayakCanoeLaunch": "No", "PARKING_OPTIONS": "On-Street Parking", "BeachWheelchair": "Y", "BWC_Info": "https://www.sunsetbeachnc.gov/vertical/sites/%7BA2C1D077-15B6-49E5-B8FD-53D65FA0DC5D%7D/uploads/2022_Surf_Chair-Walker_Letter_and_Agreement.pdf", "PaidParkURL": "n/a", "WaterAccessTYPE": "Ocean", "BeachMat": null, "Land_Status": "Municipality", "NEAR_FID": 257.0, "NEAR_DIST": 208.61911816174381, "ACCESSIBILITY_NOTES": null, "LIFEGUARDS": null }, "geometry": { "type": "Point", "coordinates": [ -78.509784041594401, 33.867807445908099 ] } },
{ "type": "Feature", "properties": { "ACCESS_ID": "29th Street", "OBJECTID": 257, "PLACE": "Sunset Beach", "ACCESS_LOC": "29th Street", "LOCL_SPONS": "Sunset Beach", "CAMA_SIGN": "Yes", "PARKING": null, "DUNE_WALK": "Y", "OVERLOOK": "No", "HAND_DUNE": "No", "HAND_OVRLK": "No", "HAND_BEACH": "No", "HAND_PRKG": null, "RESTRM": "N", "SHOWER": "N", "PIC_TABLE": "No", "VEH_ACCESS": " ", "BIKE_RACK": "No", "SURV_DATE": 1068249600000.0, "COMMENT_": " ", "PRKG_COMMENTS": null, "COUNTY": "Brunswick", "DCM_RO": "Wilmington Regional Office", "NCDCM_ID": 120.0, "PHOTO": "SB23.png", "PRK_FEE": "No", "DCM_Funded": "Y", "CONTRACT_YR": null, "CONTRACT_NUM": null, "ACESS_TYPE": "Beach", "KayakCanoeLaunch": "No", "PARKING_OPTIONS": "On-Street Parking", "BeachWheelchair": "Y", "BWC_Info": "https://www.sunsetbeachnc.gov/vertical/sites/%7BA2C1D077-15B6-49E5-B8FD-53D65FA0DC5D%7D/uploads/2022_Surf_Chair-Walker_Letter_and_Agreement.pdf", "PaidParkURL": "n/a", "WaterAccessTYPE": "Ocean", "BeachMat": null, "Land_Status": "Municipality", "NEAR_FID": 260.0, "NEAR_DIST": 208.61911816174381, "ACCESSIBILITY_NOTES": null, "LIFEGUARDS": null }, "geometry": { "type": "Point", "coordinates": [ -78.509140395100005, 33.868008076271799 ] } },
{ "type": "Feature", "properties": { "ACCESS_ID": "Gazebo", "OBJECTID": 313, "PLACE": "Sunset Beach", "ACCESS_LOC": "W Main St & Sunset Blvd S", "LOCL_SPONS": "Sunset Beach", "CAMA_SIGN": "Yes", "PARKING": 103.0, "DUNE_WALK": "Y", "OVERLOOK": "Yes", "HAND_DUNE": "Yes", "HAND_OVRLK": "Yes", "HAND_BEACH": "Y", "HAND_PRKG": 4.0, "RESTRM": "Y", "SHOWER": "N", "PIC_TABLE": "No", "VEH_ACCESS": "E", "BIKE_RACK": "Yes", "SURV_DATE": 1628640000000.0, "COMMENT_": "Handicap accessible to beach", "PRKG_COMMENTS": null, "COUNTY": "Brunswick", "DCM_RO": "Wilmington Regional Office", "NCDCM_ID": 139.0, "PHOTO": "SB20.png", "PRK_FEE": "No", "DCM_Funded": "N", "CONTRACT_YR": null, "CONTRACT_NUM": null, "ACESS_TYPE": "Beach", "KayakCanoeLaunch": "No", "PARKING_OPTIONS": "Onsite Parking", "BeachWheelchair": "Y", "BWC_Info": "https://www.sunsetbeachnc.gov/vertical/sites/%7BA2C1D077-15B6-49E5-B8FD-53D65FA0DC5D%7D/uploads/2022_Surf_Chair-Walker_Letter_and_Agreement.pdf", "PaidParkURL": "n/a", "WaterAccessTYPE": "Ocean", "BeachMat": null, "Land_Status": "Municipality", "NEAR_FID": 162.0, "NEAR_DIST": 327.75046059609321, "ACCESSIBILITY_NOTES": null, "LIFEGUARDS": null }, "geometry": { "type": "Point", "coordinates": [ -78.506857307042495, 33.868103264018501 ] } },
{ "type": "Feature", "properties": { "ACCESS_ID": "28th Street", "OBJECTID": 252, "PLACE": "Sunset Beach", "ACCESS_LOC": "28th Street", "LOCL_SPONS": "Sunset Beach", "CAMA_SIGN": "Yes", "PARKING": null, "DUNE_WALK": "Y", "OVERLOOK": "No", "HAND_DUNE": "No", "HAND_OVRLK": "No", "HAND_BEACH": "No", "HAND_PRKG": null, "RESTRM": "N", "SHOWER": "N", "PIC_TABLE": "No", "VEH_ACCESS": " ", "BIKE_RACK": "No", "SURV_DATE": 1068249600000.0, "COMMENT_": " ", "PRKG_COMMENTS": null, "COUNTY": "Brunswick", "DCM_RO": "Wilmington Regional Office", "NCDCM_ID": 119.0, "PHOTO": "SB21.png", "PRK_FEE": "No", "DCM_Funded": "N", "CONTRACT_YR": null, "CONTRACT_NUM": null, "ACESS_TYPE": "Beach", "KayakCanoeLaunch": "No", "PARKING_OPTIONS": "On-Street Parking", "BeachWheelchair": "Y", "BWC_Info": "https://www.sunsetbeachnc.gov/vertical/sites/%7BA2C1D077-15B6-49E5-B8FD-53D65FA0DC5D%7D/uploads/2022_Surf_Chair-Walker_Letter_and_Agreement.pdf", "PaidParkURL": "n/a", "WaterAccessTYPE": "Ocean", "BeachMat": null, "Land_Status": "Municipality", "NEAR_FID": 257.0, "NEAR_DIST": 214.14452193801498, "ACCESSIBILITY_NOTES": null, "LIFEGUARDS": null }, "geometry": { "type": "Point", "coordinates": [ -78.508477318046104, 33.868208621878203 ] } },
{ "type": "Feature", "properties": { "ACCESS_ID": "1st Street", "OBJECTID": 162, "PLACE": "Sunset Beach", "ACCESS_LOC": "E Main St & 1st St", "LOCL_SPONS": "Sunset Beach", "CAMA_SIGN": "Yes", "PARKING": 0.0, "DUNE_WALK": "Y", "OVERLOOK": "No", "HAND_DUNE": "Y", "HAND_OVRLK": "No", "HAND_BEACH": "Y", "HAND_PRKG": 0.0, "RESTRM": "N", "SHOWER": "N", "PIC_TABLE": "No", "VEH_ACCESS": "No", "BIKE_RACK": "No", "SURV_DATE": 1628640000000.0, "COMMENT_": " ", "PRKG_COMMENTS": null, "COUNTY": "Brunswick", "DCM_RO": "Wilmington Regional Office", "NCDCM_ID": 107.0, "PHOTO": "SB19.png", "PRK_FEE": null, "DCM_Funded": "Y", "CONTRACT_YR": null, "CONTRACT_NUM": null, "ACESS_TYPE": "Beach", "KayakCanoeLaunch": "No", "PARKING_OPTIONS": "No Parking", "BeachWheelchair": "Y", "BWC_Info": "https://www.sunsetbeachnc.gov/vertical/sites/%7BA2C1D077-15B6-49E5-B8FD-53D65FA0DC5D%7D/uploads/2022_Surf_Chair-Walker_Letter_and_Agreement.pdf", "PaidParkURL": "n/a", "WaterAccessTYPE": "Ocean", "BeachMat": null, "Land_Status": "Municipality", "NEAR_FID": 231.0, "NEAR_DIST": 210.08922681131554, "ACCESSIBILITY_NOTES": null, "LIFEGUARDS": null }, "geometry": { "type": "Point", "coordinates": [ -78.506217339149202, 33.868828448758698 ] } },
{ "type": "Feature", "properties": { "ACCESS_ID": "2nd Street", "OBJECTID": 231, "PLACE": "Sunset Beach", "ACCESS_LOC": "E Mains St & 2nd Street", "LOCL_SPONS": "Sunset Beach", "CAMA_SIGN": "Yes", "PARKING": 0.0, "DUNE_WALK": "Y", "OVERLOOK": "No", "HAND_DUNE": "No", "HAND_OVRLK": "No", "HAND_BEACH": "No", "HAND_PRKG": 0.0, "RESTRM": "N", "SHOWER": "N", "PIC_TABLE": "No", "VEH_ACCESS": " ", "BIKE_RACK": "No", "SURV_DATE": 1628640000000.0, "COMMENT_": " ", "PRKG_COMMENTS": null, "COUNTY": "Brunswick", "DCM_RO": "Wilmington Regional Office", "NCDCM_ID": 108.0, "PHOTO": "SB18.png", "PRK_FEE": null, "DCM_Funded": "N", "CONTRACT_YR": null, "CONTRACT_NUM": null, "ACESS_TYPE": "Beach", "KayakCanoeLaunch": "No", "PARKING_OPTIONS": "On-Street Parking", "BeachWheelchair": "Y", "BWC_Info": "https://www.sunsetbeachnc.gov/vertical/sites/%7BA2C1D077-15B6-49E5-B8FD-53D65FA0DC5D%7D/uploads/2022_Surf_Chair-Walker_Letter_and_Agreement.pdf", "PaidParkURL": "n/a", "WaterAccessTYPE": "Ocean", "BeachMat": null, "Land_Status": "Municipality", "NEAR_FID": 233.0, "NEAR_DIST": 210.017294947946, "ACCESSIBILITY_NOTES": null, "LIFEGUARDS": null }, "geometry": { "type": "Point", "coordinates": [ -78.5055477600893, 33.868974078989403 ] } },
{ "type": "Feature", "properties": { "ACCESS_ID": "3rd St", "OBJECTID": 233, "PLACE": "Sunset Beach", "ACCESS_LOC": "E Mains St & 3rd Street", "LOCL_SPONS": "Sunset Beach", "CAMA_SIGN": "Yes", "PARKING": 1.0, "DUNE_WALK": "Y", "OVERLOOK": "No", "HAND_DUNE": "Y", "HAND_OVRLK": "No", "HAND_BEACH": "Y", "HAND_PRKG": 1.0, "RESTRM": "N", "SHOWER": "N", "PIC_TABLE": "No", "VEH_ACCESS": " ", "BIKE_RACK": "No", "SURV_DATE": 1628640000000.0, "COMMENT_": "Handicap accessible to beach", "PRKG_COMMENTS": null, "COUNTY": "Brunswick", "DCM_RO": "Wilmington Regional Office", "NCDCM_ID": 109.0, "PHOTO": "SB17.png", "PRK_FEE": "No", "DCM_Funded": "N", "CONTRACT_YR": null, "CONTRACT_NUM": null, "ACESS_TYPE": "Beach", "KayakCanoeLaunch": "No", "PARKING_OPTIONS": "Both Parking Options", "BeachWheelchair": "Y", "BWC_Info": "https://www.sunsetbeachnc.gov/vertical/sites/%7BA2C1D077-15B6-49E5-B8FD-53D65FA0DC5D%7D/uploads/2022_Surf_Chair-Walker_Letter_and_Agreement.pdf", "PaidParkURL": "n/a", "WaterAccessTYPE": "Ocean", "BeachMat": null, "Land_Status": "Municipality", "NEAR_FID": 231.0, "NEAR_DIST": 210.017294947946, "ACCESSIBILITY_NOTES": null, "LIFEGUARDS": null }, "geometry": { "type": "Point", "coordinates": [ -78.504875175266406, 33.869108889943199 ] } },
{ "type": "Feature", "properties": { "ACCESS_ID": "4th Street", "OBJECTID": 235, "PLACE": "Sunset Beach", "ACCESS_LOC": "E Mains St & 4th Street", "LOCL_SPONS": "Sunset Beach", "CAMA_SIGN": "Yes", "PARKING": 0.0, "DUNE_WALK": "Y", "OVERLOOK": "No", "HAND_DUNE": "No", "HAND_OVRLK": "No", "HAND_BEACH": "No", "HAND_PRKG": 0.0, "RESTRM": "N", "SHOWER": "N", "PIC_TABLE": "No", "VEH_ACCESS": " ", "BIKE_RACK": "No", "SURV_DATE": 1628640000000.0, "COMMENT_": " ", "PRKG_COMMENTS": null, "COUNTY": "Brunswick", "DCM_RO": "Wilmington Regional Office", "NCDCM_ID": 110.0, "PHOTO": "SB16.png", "PRK_FEE": null, "DCM_Funded": "N", "CONTRACT_YR": null, "CONTRACT_NUM": null, "ACESS_TYPE": "Beach", "KayakCanoeLaunch": "No", "PARKING_OPTIONS": "On-Street Parking", "BeachWheelchair": "Y", "BWC_Info": "https://www.sunsetbeachnc.gov/vertical/sites/%7BA2C1D077-15B6-49E5-B8FD-53D65FA0DC5D%7D/uploads/2022_Surf_Chair-Walker_Letter_and_Agreement.pdf", "PaidParkURL": "n/a", "WaterAccessTYPE": "Ocean", "BeachMat": null, "Land_Status": "Municipality", "NEAR_FID": 237.0, "NEAR_DIST": 210.59490675354749, "ACCESSIBILITY_NOTES": null, "LIFEGUARDS": null }, "geometry": { "type": "Point", "coordinates": [ -78.504199116658299, 33.86925420195 ] } },
{ "type": "Feature", "properties": { "ACCESS_ID": "5th Street", "OBJECTID": 237, "PLACE": "Sunset Beach", "ACCESS_LOC": "E Mains St & 5th Street", "LOCL_SPONS": "Sunset Beach", "CAMA_SIGN": "Yes", "PARKING": 0.0, "DUNE_WALK": "Y", "OVERLOOK": "No", "HAND_DUNE": "No", "HAND_OVRLK": "No", "HAND_BEACH": "No", "HAND_PRKG": 0.0, "RESTRM": "N", "SHOWER": "N", "PIC_TABLE": "No", "VEH_ACCESS": " ", "BIKE_RACK": "No", "SURV_DATE": 1628640000000.0, "COMMENT_": " ", "PRKG_COMMENTS": null, "COUNTY": "Brunswick", "DCM_RO": "Wilmington Regional Office", "NCDCM_ID": 111.0, "PHOTO": "SB15.png", "PRK_FEE": null, "DCM_Funded": "N", "CONTRACT_YR": null, "CONTRACT_NUM": null, "ACESS_TYPE": "Beach", "KayakCanoeLaunch": "No", "PARKING_OPTIONS": "On-Street Parking", "BeachWheelchair": "Y", "BWC_Info": "https://www.sunsetbeachnc.gov/vertical/sites/%7BA2C1D077-15B6-49E5-B8FD-53D65FA0DC5D%7D/uploads/2022_Surf_Chair-Walker_Letter_and_Agreement.pdf", "PaidParkURL": "n/a", "WaterAccessTYPE": "Ocean", "BeachMat": null, "Land_Status": "Municipality", "NEAR_FID": 239.0, "NEAR_DIST": 209.46623182282994, "ACCESSIBILITY_NOTES": null, "LIFEGUARDS": null }, "geometry": { "type": "Point", "coordinates": [ -78.503526154542996, 33.869394405175797 ] } },
{ "type": "Feature", "properties": { "ACCESS_ID": " ", "OBJECTID": 239, "PLACE": "Sunset Beach", "ACCESS_LOC": "E Main St & 6th Street", "LOCL_SPONS": "Sunset Beach", "CAMA_SIGN": "Yes", "PARKING": 0.0, "DUNE_WALK": "Y", "OVERLOOK": "No", "HAND_DUNE": "No", "HAND_OVRLK": "No", "HAND_BEACH": "No", "HAND_PRKG": 0.0, "RESTRM": "N", "SHOWER": "N", "PIC_TABLE": "No", "VEH_ACCESS": " ", "BIKE_RACK": "No", "SURV_DATE": 1628640000000.0, "COMMENT_": " ", "PRKG_COMMENTS": null, "COUNTY": "Brunswick", "DCM_RO": "Wilmington Regional Office", "NCDCM_ID": 112.0, "PHOTO": "SB14.png", "PRK_FEE": null, "DCM_Funded": "N", "CONTRACT_YR": null, "CONTRACT_NUM": null, "ACESS_TYPE": "Beach", "KayakCanoeLaunch": "No", "PARKING_OPTIONS": "On-Street Parking", "BeachWheelchair": "Y", "BWC_Info": "https://www.sunsetbeachnc.gov/vertical/sites/%7BA2C1D077-15B6-49E5-B8FD-53D65FA0DC5D%7D/uploads/2022_Surf_Chair-Walker_Letter_and_Agreement.pdf", "PaidParkURL": "n/a", "WaterAccessTYPE": "Ocean", "BeachMat": null, "Land_Status": "Municipality", "NEAR_FID": 237.0, "NEAR_DIST": 209.46623182282994, "ACCESSIBILITY_NOTES": null, "LIFEGUARDS": null }, "geometry": { "type": "Point", "coordinates": [ -78.502856941097406, 33.869534335925401 ] } },
{ "type": "Feature", "properties": { "ACCESS_ID": "7th Street", "OBJECTID": 241, "PLACE": "Sunset Beach", "ACCESS_LOC": "E Main St & 7th Street", "LOCL_SPONS": "Sunset Beach", "CAMA_SIGN": "Yes", "PARKING": 0.0, "DUNE_WALK": "Y", "OVERLOOK": "No", "HAND_DUNE": "No", "HAND_OVRLK": "No", "HAND_BEACH": "No", "HAND_PRKG": 0.0, "RESTRM": "N", "SHOWER": "N", "PIC_TABLE": "No", "VEH_ACCESS": " ", "BIKE_RACK": "No", "SURV_DATE": 1628640000000.0, "COMMENT_": " ", "PRKG_COMMENTS": null, "COUNTY": "Brunswick", "DCM_RO": "Wilmington Regional Office", "NCDCM_ID": 113.0, "PHOTO": "SB13.png", "PRK_FEE": null, "DCM_Funded": "N", "CONTRACT_YR": null, "CONTRACT_NUM": null, "ACESS_TYPE": "Beach", "KayakCanoeLaunch": "No", "PARKING_OPTIONS": "On-Street Parking", "BeachWheelchair": "Y", "BWC_Info": "https://www.sunsetbeachnc.gov/vertical/sites/%7BA2C1D077-15B6-49E5-B8FD-53D65FA0DC5D%7D/uploads/2022_Surf_Chair-Walker_Letter_and_Agreement.pdf", "PaidParkURL": "n/a", "WaterAccessTYPE": "Ocean", "BeachMat": null, "Land_Status": "Municipality", "NEAR_FID": 243.0, "NEAR_DIST": 208.33407276632138, "ACCESSIBILITY_NOTES": null, "LIFEGUARDS": null }, "geometry": { "type": "Point", "coordinates": [ -78.5021839906602, 33.869671688692002 ] } },
{ "type": "Feature", "properties": { "ACCESS_ID": "8th Street ", "OBJECTID": 243, "PLACE": "Sunset Beach", "ACCESS_LOC": "E Main St & 8th Street", "LOCL_SPONS": "Sunset Beach", "CAMA_SIGN": "Yes", "PARKING": 0.0, "DUNE_WALK": "Y", "OVERLOOK": "No", "HAND_DUNE": "No", "HAND_OVRLK": "No", "HAND_BEACH": "No", "HAND_PRKG": 0.0, "RESTRM": "N", "SHOWER": "N", "PIC_TABLE": "No", "VEH_ACCESS": " ", "BIKE_RACK": "No", "SURV_DATE": 1628640000000.0, "COMMENT_": " ", "PRKG_COMMENTS": null, "COUNTY": "Brunswick", "DCM_RO": "Wilmington Regional Office", "NCDCM_ID": 114.0, "PHOTO": "SB12.png", "PRK_FEE": null, "DCM_Funded": "N", "CONTRACT_YR": null, "CONTRACT_NUM": null, "ACESS_TYPE": "Beach", "KayakCanoeLaunch": "No", "PARKING_OPTIONS": "On-Street Parking", "BeachWheelchair": "Y", "BWC_Info": "https://www.sunsetbeachnc.gov/vertical/sites/%7BA2C1D077-15B6-49E5-B8FD-53D65FA0DC5D%7D/uploads/2022_Surf_Chair-Walker_Letter_and_Agreement.pdf", "PaidParkURL": "n/a", "WaterAccessTYPE": "Ocean", "BeachMat": null, "Land_Status": "Municipality", "NEAR_FID": 241.0, "NEAR_DIST": 208.33407276632138, "ACCESSIBILITY_NOTES": null, "LIFEGUARDS": null }, "geometry": { "type": "Point", "coordinates": [ -78.501517855741, 33.869809065851499 ] } },
{ "type": "Feature", "properties": { "ACCESS_ID": "9th Street", "OBJECTID": 245, "PLACE": "Sunset Beach", "ACCESS_LOC": "E Main St & 9th Street", "LOCL_SPONS": "Sunset Beach", "CAMA_SIGN": "Yes", "PARKING": 0.0, "DUNE_WALK": "Y", "OVERLOOK": "No", "HAND_DUNE": "No", "HAND_OVRLK": "No", "HAND_BEACH": "No", "HAND_PRKG": 0.0, "RESTRM": "N", "SHOWER": "N", "PIC_TABLE": "No", "VEH_ACCESS": " ", "BIKE_RACK": "No", "SURV_DATE": 1628640000000.0, "COMMENT_": " ", "PRKG_COMMENTS": null, "COUNTY": "Brunswick", "DCM_RO": "Wilmington Regional Office", "NCDCM_ID": 115.0, "PHOTO": "SB11.png", "PRK_FEE": null, "DCM_Funded": "N", "CONTRACT_YR": null, "CONTRACT_NUM": null, "ACESS_TYPE": "Beach", "KayakCanoeLaunch": "No", "PARKING_OPTIONS": "On-Street Parking", "BeachWheelchair": "Y", "BWC_Info": "https://www.sunsetbeachnc.gov/vertical/sites/%7BA2C1D077-15B6-49E5-B8FD-53D65FA0DC5D%7D/uploads/2022_Surf_Chair-Walker_Letter_and_Agreement.pdf", "PaidParkURL": "n/a", "WaterAccessTYPE": "Ocean", "BeachMat": null, "Land_Status": "Municipality", "NEAR_FID": 247.0, "NEAR_DIST": 209.8256419588698, "ACCESSIBILITY_NOTES": null, "LIFEGUARDS": null }, "geometry": { "type": "Point", "coordinates": [ -78.500841801624503, 33.8699518004128 ] } },
{ "type": "Feature", "properties": { "ACCESS_ID": "10th Street", "OBJECTID": 247, "PLACE": "Sunset Beach", "ACCESS_LOC": "E Main St & 10th St", "LOCL_SPONS": "Sunset Beach", "CAMA_SIGN": "Yes", "PARKING": 0.0, "DUNE_WALK": "Y", "OVERLOOK": "No", "HAND_DUNE": "No", "HAND_OVRLK": "No", "HAND_BEACH": "No", "HAND_PRKG": 0.0, "RESTRM": "N", "SHOWER": "N", "PIC_TABLE": "No", "VEH_ACCESS": " ", "BIKE_RACK": "No", "SURV_DATE": 1628640000000.0, "COMMENT_": " ", "PRKG_COMMENTS": null, "COUNTY": "Brunswick", "DCM_RO": "Wilmington Regional Office", "NCDCM_ID": 116.0, "PHOTO": "SB10.png", "PRK_FEE": null, "DCM_Funded": "N", "CONTRACT_YR": null, "CONTRACT_NUM": null, "ACESS_TYPE": "Beach", "KayakCanoeLaunch": "No", "PARKING_OPTIONS": "On-Street Parking", "BeachWheelchair": "Y", "BWC_Info": "https://www.sunsetbeachnc.gov/vertical/sites/%7BA2C1D077-15B6-49E5-B8FD-53D65FA0DC5D%7D/uploads/2022_Surf_Chair-Walker_Letter_and_Agreement.pdf", "PaidParkURL": "n/a", "WaterAccessTYPE": "Ocean", "BeachMat": null, "Land_Status": "Municipality", "NEAR_FID": 249.0, "NEAR_DIST": 208.59019129863461, "ACCESSIBILITY_NOTES": null, "LIFEGUARDS": null }, "geometry": { "type": "Point", "coordinates": [ -78.500172220767894, 33.870094557857598 ] } },
{ "type": "Feature", "properties": { "ACCESS_ID": "11th Street", "OBJECTID": 249, "PLACE": "Sunset Beach", "ACCESS_LOC": "E Main St & 11th Street", "LOCL_SPONS": "Sunset Beach", "CAMA_SIGN": "Yes", "PARKING": 0.0, "DUNE_WALK": "Y", "OVERLOOK": "No", "HAND_DUNE": "No", "HAND_OVRLK": "No", "HAND_BEACH": "No", "HAND_PRKG": 0.0, "RESTRM": "N", "SHOWER": "N", "PIC_TABLE": "No", "VEH_ACCESS": " ", "BIKE_RACK": "No", "SURV_DATE": 1628640000000.0, "COMMENT_": " ", "PRKG_COMMENTS": null, "COUNTY": "Brunswick", "DCM_RO": "Wilmington Regional Office", "NCDCM_ID": 117.0, "PHOTO": "SB09.png", "PRK_FEE": null, "DCM_Funded": "N", "CONTRACT_YR": null, "CONTRACT_NUM": null, "ACESS_TYPE": "Beach", "KayakCanoeLaunch": "No", "PARKING_OPTIONS": "On-Street Parking", "BeachWheelchair": "Y", "BWC_Info": "https://www.sunsetbeachnc.gov/vertical/sites/%7BA2C1D077-15B6-49E5-B8FD-53D65FA0DC5D%7D/uploads/2022_Surf_Chair-Walker_Letter_and_Agreement.pdf", "PaidParkURL": "n/a", "WaterAccessTYPE": "Ocean", "BeachMat": null, "Land_Status": "Municipality", "NEAR_FID": 247.0, "NEAR_DIST": 208.59019129863461, "ACCESSIBILITY_NOTES": null, "LIFEGUARDS": null }, "geometry": { "type": "Point", "coordinates": [ -78.499506060695893, 33.870234767161897 ] } },
{ "type": "Feature", "properties": { "ACCESS_ID": "12th Street", "OBJECTID": 251, "PLACE": "Sunset Beach", "ACCESS_LOC": "E Main St & 12th Street", "LOCL_SPONS": "Sunset Beach", "CAMA_SIGN": "Yes", "PARKING": 0.0, "DUNE_WALK": "Y", "OVERLOOK": "No", "HAND_DUNE": "No", "HAND_OVRLK": "No", "HAND_BEACH": "No", "HAND_PRKG": 0.0, "RESTRM": "N", "SHOWER": "N", "PIC_TABLE": "No", "VEH_ACCESS": "No", "BIKE_RACK": "No", "SURV_DATE": 1628640000000.0, "COMMENT_": " ", "PRKG_COMMENTS": null, "COUNTY": "Brunswick", "DCM_RO": "Wilmington Regional Office", "NCDCM_ID": 118.0, "PHOTO": "SB08.png", "PRK_FEE": null, "DCM_Funded": "N", "CONTRACT_YR": null, "CONTRACT_NUM": null, "ACESS_TYPE": "Beach", "KayakCanoeLaunch": "No", "PARKING_OPTIONS": "On-Street Parking", "BeachWheelchair": "Y", "BWC_Info": "https://www.sunsetbeachnc.gov/vertical/sites/%7BA2C1D077-15B6-49E5-B8FD-53D65FA0DC5D%7D/uploads/2022_Surf_Chair-Walker_Letter_and_Agreement.pdf", "PaidParkURL": "n/a", "WaterAccessTYPE": "Ocean", "BeachMat": null, "Land_Status": "Municipality", "NEAR_FID": 249.0, "NEAR_DIST": 210.24096693306677, "ACCESSIBILITY_NOTES": null, "LIFEGUARDS": null }, "geometry": { "type": "Point", "coordinates": [ -78.498833440838695, 33.870372102392302 ] } },
{ "type": "Feature", "properties": { "ACCESS_ID": "1220 Main Street East", "OBJECTID": 292, "PLACE": "Sunset Beach", "ACCESS_LOC": "1220 Main Street East", "LOCL_SPONS": "Sunset Beach", "CAMA_SIGN": "Yes", "PARKING": 0.0, "DUNE_WALK": "Y", "OVERLOOK": "No", "HAND_DUNE": "No", "HAND_OVRLK": "No", "HAND_BEACH": "No", "HAND_PRKG": 0.0, "RESTRM": "N", "SHOWER": "N", "PIC_TABLE": "No", "VEH_ACCESS": " ", "BIKE_RACK": "No", "SURV_DATE": 1628640000000.0, "COMMENT_": " ", "PRKG_COMMENTS": null, "COUNTY": "Brunswick", "DCM_RO": "Wilmington Regional Office", "NCDCM_ID": 132.0, "PHOTO": "SB07.png", "PRK_FEE": null, "DCM_Funded": "N", "CONTRACT_YR": null, "CONTRACT_NUM": null, "ACESS_TYPE": "Beach", "KayakCanoeLaunch": "No", "PARKING_OPTIONS": "On-Street Parking", "BeachWheelchair": "Y", "BWC_Info": "https://www.sunsetbeachnc.gov/vertical/sites/%7BA2C1D077-15B6-49E5-B8FD-53D65FA0DC5D%7D/uploads/2022_Surf_Chair-Walker_Letter_and_Agreement.pdf", "PaidParkURL": "n/a", "WaterAccessTYPE": "Ocean", "BeachMat": null, "Land_Status": "Municipality", "NEAR_FID": 295.0, "NEAR_DIST": 454.79109102808525, "ACCESSIBILITY_NOTES": null, "LIFEGUARDS": null }, "geometry": { "type": "Point", "coordinates": [ -78.497134935943905, 33.870727434933997 ] } },
{ "type": "Feature", "properties": { "ACCESS_ID": "1318 Main Street East", "OBJECTID": 295, "PLACE": "Sunset Beach", "ACCESS_LOC": "1318 Main Street East", "LOCL_SPONS": "Sunset Beach", "CAMA_SIGN": "Yes", "PARKING": 0.0, "DUNE_WALK": "Y", "OVERLOOK": "No", "HAND_DUNE": "No", "HAND_OVRLK": "No", "HAND_BEACH": "No", "HAND_PRKG": 0.0, "RESTRM": "N", "SHOWER": "N", "PIC_TABLE": "No", "VEH_ACCESS": "No", "BIKE_RACK": "No", "SURV_DATE": 1628640000000.0, "COMMENT_": " ", "PRKG_COMMENTS": null, "COUNTY": "Brunswick", "DCM_RO": "Wilmington Regional Office", "NCDCM_ID": 133.0, "PHOTO": "SB06.png", "PRK_FEE": null, "DCM_Funded": "N", "CONTRACT_YR": null, "CONTRACT_NUM": null, "ACESS_TYPE": "Beach", "KayakCanoeLaunch": "No", "PARKING_OPTIONS": "On-Street Parking", "BeachWheelchair": "Y", "BWC_Info": "https://www.sunsetbeachnc.gov/vertical/sites/%7BA2C1D077-15B6-49E5-B8FD-53D65FA0DC5D%7D/uploads/2022_Surf_Chair-Walker_Letter_and_Agreement.pdf", "PaidParkURL": "n/a", "WaterAccessTYPE": "Ocean", "BeachMat": null, "Land_Status": "Municipality", "NEAR_FID": 299.0, "NEAR_DIST": 354.55519286916831, "ACCESSIBILITY_NOTES": null, "LIFEGUARDS": null }, "geometry": { "type": "Point", "coordinates": [ -78.495680461090998, 33.871026347220102 ] } },
{ "type": "Feature", "properties": { "ACCESS_ID": "1502 Main Street East", "OBJECTID": 299, "PLACE": "Sunset Beach", "ACCESS_LOC": "1502 Main Street East", "LOCL_SPONS": "Sunset Beach", "CAMA_SIGN": "Yes", "PARKING": null, "DUNE_WALK": "Y", "OVERLOOK": "No", "HAND_DUNE": "No", "HAND_OVRLK": "No", "HAND_BEACH": "No", "HAND_PRKG": null, "RESTRM": "N", "SHOWER": "N", "PIC_TABLE": "No", "VEH_ACCESS": "No", "BIKE_RACK": "No", "SURV_DATE": 1628640000000.0, "COMMENT_": " ", "PRKG_COMMENTS": null, "COUNTY": "Brunswick", "DCM_RO": "Wilmington Regional Office", "NCDCM_ID": 134.0, "PHOTO": "SB05.png", "PRK_FEE": "No", "DCM_Funded": "N", "CONTRACT_YR": null, "CONTRACT_NUM": null, "ACESS_TYPE": "Beach", "KayakCanoeLaunch": "No", "PARKING_OPTIONS": "On-Street Parking", "BeachWheelchair": "Y", "BWC_Info": "https://www.sunsetbeachnc.gov/vertical/sites/%7BA2C1D077-15B6-49E5-B8FD-53D65FA0DC5D%7D/uploads/2022_Surf_Chair-Walker_Letter_and_Agreement.pdf", "PaidParkURL": "n/a", "WaterAccessTYPE": "Ocean", "BeachMat": null, "Land_Status": "Municipality", "NEAR_FID": 295.0, "NEAR_DIST": 354.55519286916831, "ACCESSIBILITY_NOTES": null, "LIFEGUARDS": null }, "geometry": { "type": "Point", "coordinates": [ -78.494558820135595, 33.871297574989697 ] } },
{ "type": "Feature", "properties": { "ACCESS_ID": " ", "OBJECTID": 302, "PLACE": "Sunset Beach", "ACCESS_LOC": "1602 Main Street East", "LOCL_SPONS": "Sunset Beach", "CAMA_SIGN": "Yes", "PARKING": null, "DUNE_WALK": "Y", "OVERLOOK": "No", "HAND_DUNE": "No", "HAND_OVRLK": "No", "HAND_BEACH": "No", "HAND_PRKG": null, "RESTRM": "N", "SHOWER": "N", "PIC_TABLE": "No", "VEH_ACCESS": "No", "BIKE_RACK": "No", "SURV_DATE": 1628640000000.0, "COMMENT_": " ", "PRKG_COMMENTS": null, "COUNTY": "Brunswick", "DCM_RO": "Wilmington Regional Office", "NCDCM_ID": 135.0, "PHOTO": "SB04.png", "PRK_FEE": null, "DCM_Funded": "N", "CONTRACT_YR": null, "CONTRACT_NUM": null, "ACESS_TYPE": "Beach", "KayakCanoeLaunch": "No", "PARKING_OPTIONS": "On-Street Parking", "BeachWheelchair": "Y", "BWC_Info": "https://www.sunsetbeachnc.gov/vertical/sites/%7BA2C1D077-15B6-49E5-B8FD-53D65FA0DC5D%7D/uploads/2022_Surf_Chair-Walker_Letter_and_Agreement.pdf", "PaidParkURL": "n/a", "WaterAccessTYPE": "Ocean", "BeachMat": null, "Land_Status": "Municipality", "NEAR_FID": 304.0, "NEAR_DIST": 405.72759086248493, "ACCESSIBILITY_NOTES": null, "LIFEGUARDS": null }, "geometry": { "type": "Point", "coordinates": [ -78.493246509066296, 33.871529760527203 ] } },
{ "type": "Feature", "properties": { "ACCESS_ID": "1702 Main Street East", "OBJECTID": 304, "PLACE": "Sunset Beach", "ACCESS_LOC": "1702 Main Street East", "LOCL_SPONS": "Sunset Beach", "CAMA_SIGN": "Yes", "PARKING": null, "DUNE_WALK": "Y", "OVERLOOK": "No", "HAND_DUNE": "No", "HAND_OVRLK": "No", "HAND_BEACH": "No", "HAND_PRKG": null, "RESTRM": "N", "SHOWER": "N", "PIC_TABLE": "No", "VEH_ACCESS": " ", "BIKE_RACK": "No", "SURV_DATE": 1628640000000.0, "COMMENT_": " ", "PRKG_COMMENTS": null, "COUNTY": "Brunswick", "DCM_RO": "Wilmington Regional Office", "NCDCM_ID": 136.0, "PHOTO": "SB03.png", "PRK_FEE": null, "DCM_Funded": "N", "CONTRACT_YR": null, "CONTRACT_NUM": null, "ACESS_TYPE": "Beach", "KayakCanoeLaunch": "No", "PARKING_OPTIONS": "On-Street Parking", "BeachWheelchair": "Y", "BWC_Info": "https://www.sunsetbeachnc.gov/vertical/sites/%7BA2C1D077-15B6-49E5-B8FD-53D65FA0DC5D%7D/uploads/2022_Surf_Chair-Walker_Letter_and_Agreement.pdf", "PaidParkURL": "n/a", "WaterAccessTYPE": "Ocean", "BeachMat": null, "Land_Status": "Municipality", "NEAR_FID": 302.0, "NEAR_DIST": 405.72759086248493, "ACCESSIBILITY_NOTES": null, "LIFEGUARDS": null }, "geometry": { "type": "Point", "coordinates": [ -78.491947320586704, 33.871790906409203 ] } },
{ "type": "Feature", "properties": { "ACCESS_ID": "1802 Main Street East", "OBJECTID": 307, "PLACE": "Sunset Beach", "ACCESS_LOC": "1802 Main Street East", "LOCL_SPONS": "Sunset Beach", "CAMA_SIGN": "Yes", "PARKING": 0.0, "DUNE_WALK": "Y", "OVERLOOK": "No", "HAND_DUNE": "No", "HAND_OVRLK": "No", "HAND_BEACH": "No", "HAND_PRKG": 0.0, "RESTRM": "N", "SHOWER": "N", "PIC_TABLE": "No", "VEH_ACCESS": "No", "BIKE_RACK": "No", "SURV_DATE": 1628640000000.0, "COMMENT_": " ", "PRKG_COMMENTS": null, "COUNTY": "Brunswick", "DCM_RO": "Wilmington Regional Office", "NCDCM_ID": 137.0, "PHOTO": "SB02.png", "PRK_FEE": null, "DCM_Funded": "N", "CONTRACT_YR": null, "CONTRACT_NUM": null, "ACESS_TYPE": "Beach", "KayakCanoeLaunch": "No", "PARKING_OPTIONS": "On-Street Parking", "BeachWheelchair": "Y", "BWC_Info": "https://www.sunsetbeachnc.gov/vertical/sites/%7BA2C1D077-15B6-49E5-B8FD-53D65FA0DC5D%7D/uploads/2022_Surf_Chair-Walker_Letter_and_Agreement.pdf", "PaidParkURL": "n/a", "WaterAccessTYPE": "Ocean", "BeachMat": null, "Land_Status": "Municipality", "NEAR_FID": 310.0, "NEAR_DIST": 403.18042696355246, "ACCESSIBILITY_NOTES": null, "LIFEGUARDS": null }, "geometry": { "type": "Point", "coordinates": [ -78.490492774766807, 33.872095156796597 ] } },
{ "type": "Feature", "properties": { "ACCESS_ID": " ", "OBJECTID": 310, "PLACE": "Sunset Beach", "ACCESS_LOC": "1818 Main Street East", "LOCL_SPONS": "Sunset Beach", "CAMA_SIGN": "Yes", "PARKING": null, "DUNE_WALK": "Y", "OVERLOOK": "No", "HAND_DUNE": "No", "HAND_OVRLK": "No", "HAND_BEACH": "No", "HAND_PRKG": null, "RESTRM": "N", "SHOWER": "N", "PIC_TABLE": "No", "VEH_ACCESS": "No", "BIKE_RACK": "Yes", "SURV_DATE": 1628640000000.0, "COMMENT_": " ", "PRKG_COMMENTS": null, "COUNTY": "Brunswick", "DCM_RO": "Wilmington Regional Office", "NCDCM_ID": 138.0, "PHOTO": "SB01.png", "PRK_FEE": "No", "DCM_Funded": "N", "CONTRACT_YR": null, "CONTRACT_NUM": null, "ACESS_TYPE": "Beach", "KayakCanoeLaunch": "No", "PARKING_OPTIONS": "On-Street Parking", "BeachWheelchair": "Y", "BWC_Info": "https://www.sunsetbeachnc.gov/vertical/sites/%7BA2C1D077-15B6-49E5-B8FD-53D65FA0DC5D%7D/uploads/2022_Surf_Chair-Walker_Letter_and_Agreement.pdf", "PaidParkURL": "n/a", "WaterAccessTYPE": "Ocean", "BeachMat": null, "Land_Status": "Municipality", "NEAR_FID": 307.0, "NEAR_DIST": 403.18042696355246, "ACCESSIBILITY_NOTES": null, "LIFEGUARDS": null }, "geometry": { "type": "Point", "coordinates": [ -78.489340055695905, 33.872645194470202 ] } },
{ "type": "Feature", "properties": { "ACCESS_ID": "Oceanside West II Access", "OBJECTID": 338, "PLACE": "Ocean Isle Beach", "ACCESS_LOC": "Ocean Isle West Blvd", "LOCL_SPONS": "Ocean Isle Beach", "CAMA_SIGN": "No", "PARKING": null, "DUNE_WALK": "Y", "OVERLOOK": "No", "HAND_DUNE": "No", "HAND_OVRLK": "No", "HAND_BEACH": "No", "HAND_PRKG": null, "RESTRM": "N", "SHOWER": "N", "PIC_TABLE": "No", "VEH_ACCESS": "No", "BIKE_RACK": "No", "SURV_DATE": 1628677185000.0, "COMMENT_": " ", "PRKG_COMMENTS": "https://www.oibgov.com/20698/Public-Beach-Access", "COUNTY": "Brunswick", "DCM_RO": "WILM", "NCDCM_ID": 147.0, "PHOTO": "OC73.png", "PRK_FEE": null, "DCM_Funded": "N", "CONTRACT_YR": null, "CONTRACT_NUM": null, "ACESS_TYPE": "Beach", "KayakCanoeLaunch": "No", "PARKING_OPTIONS": "No Parking", "BeachWheelchair": "Y", "BWC_Info": "https://www.oibgov.com/pview.aspx?id=20773&catid=0", "PaidParkURL": "n/a", "WaterAccessTYPE": "Ocean", "BeachMat": null, "Land_Status": "Municipality", "NEAR_FID": 334.0, "NEAR_DIST": 1066.5032298180056, "ACCESSIBILITY_NOTES": null, "LIFEGUARDS": null }, "geometry": { "type": "Point", "coordinates": [ -78.469690714107898, 33.878887410493903 ] } },
{ "type": "Feature", "properties": { "ACCESS_ID": "The Resort/The Isles", "OBJECTID": 334, "PLACE": "Ocean Isle Beach", "ACCESS_LOC": "Ocean Isle West Blvd", "LOCL_SPONS": "Ocean Isle Beach", "CAMA_SIGN": "Yes", "PARKING": null, "DUNE_WALK": "Y", "OVERLOOK": "No", "HAND_DUNE": "No", "HAND_OVRLK": "No", "HAND_BEACH": "No", "HAND_PRKG": null, "RESTRM": "N", "SHOWER": "N", "PIC_TABLE": "No", "VEH_ACCESS": "No", "BIKE_RACK": "No", "SURV_DATE": 1628677185000.0, "COMMENT_": " ", "PRKG_COMMENTS": "https://www.oibgov.com/20698/Public-Beach-Access", "COUNTY": "Brunswick", "DCM_RO": "WILM", "NCDCM_ID": 146.0, "PHOTO": "OC72.png", "PRK_FEE": null, "DCM_Funded": "N", "CONTRACT_YR": null, "CONTRACT_NUM": null, "ACESS_TYPE": "Beach", "KayakCanoeLaunch": "No", "PARKING_OPTIONS": "No Parking", "BeachWheelchair": "Y", "BWC_Info": "https://www.oibgov.com/pview.aspx?id=20773&catid=0", "PaidParkURL": "n/a", "WaterAccessTYPE": "Ocean", "BeachMat": null, "Land_Status": "Municipality", "NEAR_FID": 338.0, "NEAR_DIST": 1066.5032298180056, "ACCESSIBILITY_NOTES": null, "LIFEGUARDS": null }, "geometry": { "type": "Point", "coordinates": [ -78.4664722220231, 33.880062111453498 ] } },
{ "type": "Feature", "properties": { "ACCESS_ID": "Sunset Beach Boating Access & Fishing Pier", "OBJECTID": 909, "PLACE": "Sunset Beach", "ACCESS_LOC": "101 Sunset Boulevard N", "LOCL_SPONS": "Sunset Beach", "CAMA_SIGN": null, "PARKING": 11.0, "DUNE_WALK": "N", "OVERLOOK": "N", "HAND_DUNE": "N", "HAND_OVRLK": "N", "HAND_BEACH": "N", "HAND_PRKG": 1.0, "RESTRM": "N", "SHOWER": "N", "PIC_TABLE": "N", "VEH_ACCESS": "No", "BIKE_RACK": "N", "SURV_DATE": 1700573299779.0, "COMMENT_": null, "PRKG_COMMENTS": "Canoes, kayaks and other non-trailered vehicles mu", "COUNTY": "Brunswick", "DCM_RO": "WILM", "NCDCM_ID": null, "PHOTO": null, "PRK_FEE": "N", "DCM_Funded": "Y", "CONTRACT_YR": "2007", "CONTRACT_NUM": "974", "ACESS_TYPE": "Shoreline", "KayakCanoeLaunch": "Y", "PARKING_OPTIONS": "Onsite Parking", "BeachWheelchair": "N", "BWC_Info": null, "PaidParkURL": null, "WaterAccessTYPE": "Estuarine", "BeachMat": "No", "Land_Status": "Municipality", "NEAR_FID": 162.0, "NEAR_DIST": 5190.1542735520898, "ACCESSIBILITY_NOTES": null, "LIFEGUARDS": null }, "geometry": { "type": "Point", "coordinates": [ -78.511521045439096, 33.882384806111503 ] } },
{ "type": "Feature", "properties": { "ACCESS_ID": "Beaufort Access", "OBJECTID": 72, "PLACE": "Ocean Isle Beach", "ACCESS_LOC": "West First Street and Beaufort Street", "LOCL_SPONS": "Ocean Isle Beach", "CAMA_SIGN": "Yes", "PARKING": 35.0, "DUNE_WALK": "Y", "OVERLOOK": "Yes", "HAND_DUNE": "Y", "HAND_OVRLK": "Yes", "HAND_BEACH": "Y", "HAND_PRKG": 4.0, "RESTRM": "N", "SHOWER": "N", "PIC_TABLE": "No", "VEH_ACCESS": "No", "BIKE_RACK": "Yes", "SURV_DATE": 1713521985000.0, "COMMENT_": "Fully handicapped accessible to the beach", "PRKG_COMMENTS": "Parking lot on Beaufort St, https://www.oibgov.com", "COUNTY": "Brunswick", "DCM_RO": "WILM", "NCDCM_ID": 385.0, "PHOTO": "OC71.png", "PRK_FEE": "No", "DCM_Funded": "Y", "CONTRACT_YR": null, "CONTRACT_NUM": null, "ACESS_TYPE": "Beach", "KayakCanoeLaunch": "No", "PARKING_OPTIONS": "Onsite Parking", "BeachWheelchair": "Y", "BWC_Info": "https://www.oibgov.com/pview.aspx?id=20773&catid=0", "PaidParkURL": "n/a", "WaterAccessTYPE": "Ocean", "BeachMat": null, "Land_Status": "Municipality", "NEAR_FID": 71.0, "NEAR_DIST": 691.72854275439784, "ACCESSIBILITY_NOTES": null, "LIFEGUARDS": null }, "geometry": { "type": "Point", "coordinates": [ -78.454694027650703, 33.882868796730101 ] } },
{ "type": "Feature", "properties": { "ACCESS_ID": "Starboard Access", "OBJECTID": 71, "PLACE": "Ocean Isle Beach", "ACCESS_LOC": "West First Street and Starboard Street", "LOCL_SPONS": "Ocean Isle Beach", "CAMA_SIGN": "Yes", "PARKING": 0.0, "DUNE_WALK": "N", "OVERLOOK": "No", "HAND_DUNE": "No", "HAND_OVRLK": "No", "HAND_BEACH": "No", "HAND_PRKG": 0.0, "RESTRM": "N", "SHOWER": "N", "PIC_TABLE": "No", "VEH_ACCESS": "E", "BIKE_RACK": "No", "SURV_DATE": 1713521985000.0, "COMMENT_": " ", "PRKG_COMMENTS": "https://www.oibgov.com/20698/Public-Beach-Access", "COUNTY": "Brunswick", "DCM_RO": "WILM", "NCDCM_ID": 384.0, "PHOTO": "OC70.png", "PRK_FEE": null, "DCM_Funded": "N", "CONTRACT_YR": null, "CONTRACT_NUM": null, "ACESS_TYPE": "Beach", "KayakCanoeLaunch": "No", "PARKING_OPTIONS": "No Parking", "BeachWheelchair": "Y", "BWC_Info": "https://www.oibgov.com/pview.aspx?id=20773&catid=0", "PaidParkURL": "n/a", "WaterAccessTYPE": "Ocean", "BeachMat": null, "Land_Status": "Municipality", "NEAR_FID": 72.0, "NEAR_DIST": 691.72854275439784, "ACCESSIBILITY_NOTES": null, "LIFEGUARDS": null }, "geometry": { "type": "Point", "coordinates": [ -78.452508462497093, 33.8834066389459 ] } },
{ "type": "Feature", "properties": { "ACCESS_ID": "Driftwood Access", "OBJECTID": 70, "PLACE": "Ocean Isle Beach", "ACCESS_LOC": "West First Street and Driftwood Street", "LOCL_SPONS": "Ocean Isle Beach", "CAMA_SIGN": "Yes", "PARKING": 0.0, "DUNE_WALK": "Y", "OVERLOOK": "No", "HAND_DUNE": "Y", "HAND_OVRLK": "No", "HAND_BEACH": "Y", "HAND_PRKG": 0.0, "RESTRM": "N", "SHOWER": "N", "PIC_TABLE": "No", "VEH_ACCESS": "No", "BIKE_RACK": "No", "SURV_DATE": 1713521985000.0, "COMMENT_": "Fully handicapped accessible to the beach", "PRKG_COMMENTS": "https://www.oibgov.com/20698/Public-Beach-Access", "COUNTY": "Brunswick", "DCM_RO": "WILM", "NCDCM_ID": 383.0, "PHOTO": "OC69.png", "PRK_FEE": null, "DCM_Funded": "Y", "CONTRACT_YR": null, "CONTRACT_NUM": null, "ACESS_TYPE": "Beach", "KayakCanoeLaunch": "No", "PARKING_OPTIONS": "No Parking", "BeachWheelchair": "Y", "BWC_Info": "https://www.oibgov.com/pview.aspx?id=20773&catid=0", "PaidParkURL": "n/a", "WaterAccessTYPE": "Ocean", "BeachMat": null, "Land_Status": "Municipality", "NEAR_FID": 69.0, "NEAR_DIST": 286.0938856480584, "ACCESSIBILITY_NOTES": null, "LIFEGUARDS": null }, "geometry": { "type": "Point", "coordinates": [ -78.450254665806, 33.883984321858101 ] } },
{ "type": "Feature", "properties": { "ACCESS_ID": "Isle Plaza Access", "OBJECTID": 69, "PLACE": "Ocean Isle Beach", "ACCESS_LOC": "West First Street and Isle Plaza", "LOCL_SPONS": "Ocean Isle Beach", "CAMA_SIGN": "Yes", "PARKING": 0.0, "DUNE_WALK": "Y", "OVERLOOK": "No", "HAND_DUNE": "No", "HAND_OVRLK": "No", "HAND_BEACH": "No", "HAND_PRKG": 0.0, "RESTRM": "N", "SHOWER": "N", "PIC_TABLE": "No", "VEH_ACCESS": "No", "BIKE_RACK": "No", "SURV_DATE": 1713521985000.0, "COMMENT_": " ", "PRKG_COMMENTS": "https://www.oibgov.com/20698/Public-Beach-Access", "COUNTY": "Brunswick", "DCM_RO": "WILM", "NCDCM_ID": 382.0, "PHOTO": "OC68.png", "PRK_FEE": null, "DCM_Funded": "N", "CONTRACT_YR": null, "CONTRACT_NUM": null, "ACESS_TYPE": "Beach", "KayakCanoeLaunch": "No", "PARKING_OPTIONS": "No Parking", "BeachWheelchair": "Y", "BWC_Info": "https://www.oibgov.com/pview.aspx?id=20773&catid=0", "PaidParkURL": "n/a", "WaterAccessTYPE": "Ocean", "BeachMat": null, "Land_Status": "Municipality", "NEAR_FID": 68.0, "NEAR_DIST": 232.40624232470364, "ACCESSIBILITY_NOTES": null, "LIFEGUARDS": null }, "geometry": { "type": "Point", "coordinates": [ -78.449358117508098, 33.884226698613197 ] } },
{ "type": "Feature", "properties": { "ACCESS_ID": "Public Beach Access #11", "OBJECTID": 834, "PLACE": "Bald Head Island", "ACCESS_LOC": "Off of Sandpiper Trail", "LOCL_SPONS": "Bald Head Island", "CAMA_SIGN": "Unknown", "PARKING": 0.0, "DUNE_WALK": "N", "OVERLOOK": "N", "HAND_DUNE": "N", "HAND_OVRLK": "N", "HAND_BEACH": "N", "HAND_PRKG": 0.0, "RESTRM": "N", "SHOWER": "N", "PIC_TABLE": "N", "VEH_ACCESS": "E", "BIKE_RACK": "N", "SURV_DATE": 1628505376000.0, "COMMENT_": "", "PRKG_COMMENTS": null, "COUNTY": "Brunswick", "DCM_RO": "WILM", "NCDCM_ID": null, "PHOTO": null, "PRK_FEE": null, "DCM_Funded": "N", "CONTRACT_YR": null, "CONTRACT_NUM": null, "ACESS_TYPE": "Beach", "KayakCanoeLaunch": "N", "PARKING_OPTIONS": "No Parking", "BeachWheelchair": "Y", "BWC_Info": "https://live-village-bhi.pantheonsite.io/departments-services/public-safety/beach-wheelchair-information/", "PaidParkURL": "n/a", "WaterAccessTYPE": "Ocean", "BeachMat": null, "Land_Status": "Municipality", "NEAR_FID": 450.0, "NEAR_DIST": 1488.0411839550463, "ACCESSIBILITY_NOTES": null, "LIFEGUARDS": null }, "geometry": { "type": "Point", "coordinates": [ -78.008564000050896, 33.865105999937903 ] } },
{ "type": "Feature", "properties": { "ACCESS_ID": "Public Beach Access #9", "OBJECTID": 450, "PLACE": "Bald Head Island", "ACCESS_LOC": "Cape Fear Trail off of South Bald Head Wynd", "LOCL_SPONS": "Bald Head Island", "CAMA_SIGN": "No", "PARKING": 0.0, "DUNE_WALK": "Y", "OVERLOOK": "No", "HAND_DUNE": "No", "HAND_OVRLK": "No", "HAND_BEACH": "No", "HAND_PRKG": 0.0, "RESTRM": "N", "SHOWER": "N", "PIC_TABLE": "No", "VEH_ACCESS": "No", "BIKE_RACK": "No", "SURV_DATE": 1628505376000.0, "COMMENT_": null, "PRKG_COMMENTS": null, "COUNTY": "Brunswick", "DCM_RO": "Wilmington Regional Office", "NCDCM_ID": 328.0, "PHOTO": "BH07.png", "PRK_FEE": null, "DCM_Funded": "N", "CONTRACT_YR": null, "CONTRACT_NUM": null, "ACESS_TYPE": "Beach", "KayakCanoeLaunch": "No", "PARKING_OPTIONS": "No Parking", "BeachWheelchair": "Y", "BWC_Info": "https://live-village-bhi.pantheonsite.io/departments-services/public-safety/beach-wheelchair-information/", "PaidParkURL": "n/a", "WaterAccessTYPE": "Ocean", "BeachMat": null, "Land_Status": "Municipality", "NEAR_FID": 447.0, "NEAR_DIST": 1096.5409277717713, "ACCESSIBILITY_NOTES": null, "LIFEGUARDS": null }, "geometry": { "type": "Point", "coordinates": [ -78.006527290231404, 33.868824627588801 ] } },
{ "type": "Feature", "properties": { "ACCESS_ID": "Bill Boyd Way", "OBJECTID": 862, "PLACE": "Caswell Beach", "ACCESS_LOC": "Between 201 & 121 Caswell Beach Rd", "LOCL_SPONS": "Caswell Beach", "CAMA_SIGN": "Yes", "PARKING": 0.0, "DUNE_WALK": "Y", "OVERLOOK": "Y", "HAND_DUNE": null, "HAND_OVRLK": null, "HAND_BEACH": null, "HAND_PRKG": 0.0, "RESTRM": "N", "SHOWER": "N", "PIC_TABLE": "N", "VEH_ACCESS": "No", "BIKE_RACK": "N", "SURV_DATE": 1657559175000.0, "COMMENT_": null, "PRKG_COMMENTS": null, "COUNTY": "Brunswick", "DCM_RO": "WILM", "NCDCM_ID": null, "PHOTO": null, "PRK_FEE": null, "DCM_Funded": "Y", "CONTRACT_YR": null, "CONTRACT_NUM": "S06089\r\n", "ACESS_TYPE": "Beach", "KayakCanoeLaunch": "N", "PARKING_OPTIONS": "No Parking", "BeachWheelchair": null, "BWC_Info": null, "PaidParkURL": "n/a", "WaterAccessTYPE": "Ocean", "BeachMat": null, "Land_Status": "Municipality", "NEAR_FID": 781.0, "NEAR_DIST": 863.48740400466124, "ACCESSIBILITY_NOTES": null, "LIFEGUARDS": null }, "geometry": { "type": "Point", "coordinates": [ -78.031014834443795, 33.891679166729098 ] } },
{ "type": "Feature", "properties": { "ACCESS_ID": "Oak Island Lighthouse", "OBJECTID": 781, "PLACE": "Caswell Beach", "ACCESS_LOC": "Caswell Beach Rd, across from Oak Island Light House", "LOCL_SPONS": "Caswell Beach", "CAMA_SIGN": "No", "PARKING": 20.0, "DUNE_WALK": "Y", "OVERLOOK": "Yes", "HAND_DUNE": "Yes", "HAND_OVRLK": "Yes", "HAND_BEACH": "No", "HAND_PRKG": null, "RESTRM": "N", "SHOWER": "N", "PIC_TABLE": "No", "VEH_ACCESS": "No", "BIKE_RACK": "No", "SURV_DATE": 1564963200000.0, "COMMENT_": "", "PRKG_COMMENTS": "Parking for Lighthouse Visitors", "COUNTY": "Brunswick", "DCM_RO": "Wilmington Regional Office", "NCDCM_ID": null, "PHOTO": null, "PRK_FEE": null, "DCM_Funded": "Y", "CONTRACT_YR": "2017-18", "CONTRACT_NUM": "7500", "ACESS_TYPE": "Beach", "KayakCanoeLaunch": "No", "PARKING_OPTIONS": "Onsite Parking", "BeachWheelchair": "N", "BWC_Info": "n/a", "PaidParkURL": "n/a", "WaterAccessTYPE": "Ocean", "BeachMat": null, "Land_Status": "County", "NEAR_FID": 862.0, "NEAR_DIST": 863.48740400466124, "ACCESSIBILITY_NOTES": null, "LIFEGUARDS": null }, "geometry": { "type": "Point", "coordinates": [ -78.033807735716394, 33.8921304023945 ] } },
{ "type": "Feature", "properties": { "ACCESS_ID": null, "OBJECTID": 863, "PLACE": "Caswell Beach", "ACCESS_LOC": "Between 601 & 527 Caswell Beach Rd", "LOCL_SPONS": "Caswell Beach", "CAMA_SIGN": "Yes", "PARKING": 0.0, "DUNE_WALK": "Y", "OVERLOOK": "N", "HAND_DUNE": null, "HAND_OVRLK": null, "HAND_BEACH": null, "HAND_PRKG": 0.0, "RESTRM": "N", "SHOWER": "N", "PIC_TABLE": "N", "VEH_ACCESS": "No", "BIKE_RACK": "N", "SURV_DATE": 1657559483000.0, "COMMENT_": null, "PRKG_COMMENTS": null, "COUNTY": "Brunswick", "DCM_RO": "WILM", "NCDCM_ID": null, "PHOTO": null, "PRK_FEE": null, "DCM_Funded": "Y", "CONTRACT_YR": null, "CONTRACT_NUM": "S06090\r\n", "ACESS_TYPE": "Beach", "KayakCanoeLaunch": "N", "PARKING_OPTIONS": "No Parking", "BeachWheelchair": null, "BWC_Info": null, "PaidParkURL": "n/a", "WaterAccessTYPE": "Ocean", "BeachMat": null, "Land_Status": "Municipality", "NEAR_FID": 887.0, "NEAR_DIST": 1083.3996785651525, "ACCESSIBILITY_NOTES": null, "LIFEGUARDS": null }, "geometry": { "type": "Point", "coordinates": [ -78.046388047266504, 33.895456076405701 ] } },
{ "type": "Feature", "properties": { "ACCESS_ID": null, "OBJECTID": 887, "PLACE": "Caswell Beach", "ACCESS_LOC": "Between 627 & 629 Caswell Beach Rd", "LOCL_SPONS": "Caswell Beach", "CAMA_SIGN": "Yes", "PARKING": 0.0, "DUNE_WALK": "Y", "OVERLOOK": "N", "HAND_DUNE": "Y", "HAND_OVRLK": "N", "HAND_BEACH": "Y", "HAND_PRKG": 0.0, "RESTRM": "N", "SHOWER": "N", "PIC_TABLE": "N", "VEH_ACCESS": "No", "BIKE_RACK": "N", "SURV_DATE": 1657901880000.0, "COMMENT_": null, "PRKG_COMMENTS": null, "COUNTY": "Brunswick", "DCM_RO": "WILM", "NCDCM_ID": null, "PHOTO": null, "PRK_FEE": null, "DCM_Funded": "Y", "CONTRACT_YR": null, "CONTRACT_NUM": null, "ACESS_TYPE": "Beach", "KayakCanoeLaunch": "N", "PARKING_OPTIONS": "No Parking", "BeachWheelchair": null, "BWC_Info": null, "PaidParkURL": "n/a", "WaterAccessTYPE": "Ocean", "BeachMat": null, "Land_Status": "Municipality", "NEAR_FID": 863.0, "NEAR_DIST": 1083.3996785651525, "ACCESSIBILITY_NOTES": null, "LIFEGUARDS": null }, "geometry": { "type": "Point", "coordinates": [ -78.049783679818901, 33.8963738244016 ] } },
{ "type": "Feature", "properties": { "ACCESS_ID": "Caswell Beach Regional Access", "OBJECTID": 426, "PLACE": "Caswell Beach", "ACCESS_LOC": "Caswell Beach", "LOCL_SPONS": "Caswell Beach", "CAMA_SIGN": "Yes", "PARKING": 80.0, "DUNE_WALK": "Y", "OVERLOOK": "No", "HAND_DUNE": "Yes", "HAND_OVRLK": "No", "HAND_BEACH": "Y", "HAND_PRKG": 4.0, "RESTRM": "N", "SHOWER": "N", "PIC_TABLE": "No", "VEH_ACCESS": " ", "BIKE_RACK": "No", "SURV_DATE": 1068508800000.0, "COMMENT_": "Handicap accessible to beach", "PRKG_COMMENTS": null, "COUNTY": "Brunswick", "DCM_RO": "Wilmington Regional Office", "NCDCM_ID": 472.0, "PHOTO": "Neighborhood.png", "PRK_FEE": "No", "DCM_Funded": "Y", "CONTRACT_YR": null, "CONTRACT_NUM": null, "ACESS_TYPE": "Beach", "KayakCanoeLaunch": "No", "PARKING_OPTIONS": "Onsite Parking", "BeachWheelchair": "N", "BWC_Info": "n/a", "PaidParkURL": "n/a", "WaterAccessTYPE": "Ocean", "BeachMat": null, "Land_Status": "County", "NEAR_FID": 887.0, "NEAR_DIST": 1276.0268755113834, "ACCESSIBILITY_NOTES": null, "LIFEGUARDS": null }, "geometry": { "type": "Point", "coordinates": [ -78.053923182562599, 33.896986611300299 ] } },
{ "type": "Feature", "properties": { "ACCESS_ID": "Tom Hess Way", "OBJECTID": 864, "PLACE": "Caswell Beach", "ACCESS_LOC": "Oceangreens Ln & Caswell Beach Rd", "LOCL_SPONS": "Caswell Beach", "CAMA_SIGN": "Yes", "PARKING": 0.0, "DUNE_WALK": "Y", "OVERLOOK": "Y", "HAND_DUNE": "N", "HAND_OVRLK": "N", "HAND_BEACH": "N", "HAND_PRKG": 0.0, "RESTRM": "N", "SHOWER": "N", "PIC_TABLE": "N", "VEH_ACCESS": "No", "BIKE_RACK": "N", "SURV_DATE": 1657559822000.0, "COMMENT_": null, "PRKG_COMMENTS": null, "COUNTY": "Brunswick", "DCM_RO": "WILM", "NCDCM_ID": null, "PHOTO": null, "PRK_FEE": null, "DCM_Funded": "Y", "CONTRACT_YR": null, "CONTRACT_NUM": "BA 96-002\r\n", "ACESS_TYPE": "Beach", "KayakCanoeLaunch": "N", "PARKING_OPTIONS": "No Parking", "BeachWheelchair": null, "BWC_Info": null, "PaidParkURL": "n/a", "WaterAccessTYPE": "Ocean", "BeachMat": null, "Land_Status": "Municipality", "NEAR_FID": 865.0, "NEAR_DIST": 1078.208956309649, "ACCESSIBILITY_NOTES": null, "LIFEGUARDS": null }, "geometry": { "type": "Point", "coordinates": [ -78.058080170681805, 33.898122260788703 ] } },
{ "type": "Feature", "properties": { "ACCESS_ID": "Bob Spake Way", "OBJECTID": 865, "PLACE": "Caswell Beach", "ACCESS_LOC": "800 Caswell Beach Rd\r\n", "LOCL_SPONS": "Caswell Beach\r\n", "CAMA_SIGN": "Yes", "PARKING": 0.0, "DUNE_WALK": "Y", "OVERLOOK": "Y", "HAND_DUNE": "Y", "HAND_OVRLK": "Y", "HAND_BEACH": "Y", "HAND_PRKG": 0.0, "RESTRM": "N", "SHOWER": "N", "PIC_TABLE": "Y", "VEH_ACCESS": "No", "BIKE_RACK": "N", "SURV_DATE": 1657560120000.0, "COMMENT_": null, "PRKG_COMMENTS": null, "COUNTY": "Brunswick", "DCM_RO": "WILM", "NCDCM_ID": null, "PHOTO": null, "PRK_FEE": null, "DCM_Funded": "Y", "CONTRACT_YR": null, "CONTRACT_NUM": "S07003\r\n", "ACESS_TYPE": "Beach", "KayakCanoeLaunch": "N", "PARKING_OPTIONS": "No Parking", "BeachWheelchair": null, "BWC_Info": null, "PaidParkURL": "n/a", "WaterAccessTYPE": "Ocean", "BeachMat": null, "Land_Status": "Municipality", "NEAR_FID": 864.0, "NEAR_DIST": 1078.208956309649, "ACCESSIBILITY_NOTES": null, "LIFEGUARDS": null }, "geometry": { "type": "Point", "coordinates": [ -78.061346966139297, 33.899286293545003 ] } },
{ "type": "Feature", "properties": { "ACCESS_ID": "Joe O'Brien Way", "OBJECTID": 866, "PLACE": "Caswell Beach", "ACCESS_LOC": "829 Caswell Beach Rd", "LOCL_SPONS": "Caswell Beach", "CAMA_SIGN": "Yes", "PARKING": 0.0, "DUNE_WALK": "Y", "OVERLOOK": "Y", "HAND_DUNE": "Y", "HAND_OVRLK": "Y", "HAND_BEACH": "Y", "HAND_PRKG": 0.0, "RESTRM": "N", "SHOWER": "N", "PIC_TABLE": "N", "VEH_ACCESS": "No", "BIKE_RACK": "N", "SURV_DATE": 1657560371000.0, "COMMENT_": null, "PRKG_COMMENTS": "Golf Cart/Bike Parking Across the Street", "COUNTY": "Brunswick", "DCM_RO": "WILM", "NCDCM_ID": null, "PHOTO": null, "PRK_FEE": null, "DCM_Funded": "Y", "CONTRACT_YR": null, "CONTRACT_NUM": "S07003", "ACESS_TYPE": "Beach", "KayakCanoeLaunch": "N", "PARKING_OPTIONS": "No Parking", "BeachWheelchair": null, "BWC_Info": null, "PaidParkURL": "n/a", "WaterAccessTYPE": "Ocean", "BeachMat": null, "Land_Status": "Municipality", "NEAR_FID": 865.0, "NEAR_DIST": 1489.9693914802979, "ACCESSIBILITY_NOTES": null, "LIFEGUARDS": null }, "geometry": { "type": "Point", "coordinates": [ -78.066054184399206, 33.900448739477802 ] } },
{ "type": "Feature", "properties": { "ACCESS_ID": "Duneside Access", "OBJECTID": 68, "PLACE": "Ocean Isle Beach", "ACCESS_LOC": "West First Street and Duneside Street", "LOCL_SPONS": "Ocean Isle Beach", "CAMA_SIGN": "Yes", "PARKING": 0.0, "DUNE_WALK": "Y", "OVERLOOK": "No", "HAND_DUNE": "No", "HAND_OVRLK": "No", "HAND_BEACH": "No", "HAND_PRKG": 0.0, "RESTRM": "N", "SHOWER": "N", "PIC_TABLE": "No", "VEH_ACCESS": "No", "BIKE_RACK": "No", "SURV_DATE": 1713521985000.0, "COMMENT_": " ", "PRKG_COMMENTS": "https://www.oibgov.com/20698/Public-Beach-Access", "COUNTY": "Brunswick", "DCM_RO": "WILM", "NCDCM_ID": 381.0, "PHOTO": "OC67.png", "PRK_FEE": null, "DCM_Funded": "Y", "CONTRACT_YR": null, "CONTRACT_NUM": null, "ACESS_TYPE": "Beach", "KayakCanoeLaunch": "No", "PARKING_OPTIONS": "No Parking", "BeachWheelchair": "Y", "BWC_Info": "https://www.oibgov.com/pview.aspx?id=20773&catid=0", "PaidParkURL": "n/a", "WaterAccessTYPE": "Ocean", "BeachMat": null, "Land_Status": "Municipality", "NEAR_FID": 69.0, "NEAR_DIST": 232.40624232470364, "ACCESSIBILITY_NOTES": null, "LIFEGUARDS": null }, "geometry": { "type": "Point", "coordinates": [ -78.448627489839694, 33.884417515103799 ] } },
{ "type": "Feature", "properties": { "ACCESS_ID": "Summerplace Access", "OBJECTID": 67, "PLACE": "Ocean Isle Beach", "ACCESS_LOC": "123 West First Street", "LOCL_SPONS": " ", "CAMA_SIGN": "Yes", "PARKING": 14.0, "DUNE_WALK": "Y", "OVERLOOK": "No", "HAND_DUNE": "No", "HAND_OVRLK": "No", "HAND_BEACH": "No", "HAND_PRKG": null, "RESTRM": "N", "SHOWER": "N", "PIC_TABLE": "No", "VEH_ACCESS": "No", "BIKE_RACK": "No", "SURV_DATE": 1628677185000.0, "COMMENT_": " ", "PRKG_COMMENTS": null, "COUNTY": "Brunswick", "DCM_RO": "WILM", "NCDCM_ID": 380.0, "PHOTO": "OC66.png", "PRK_FEE": "No", "DCM_Funded": "N", "CONTRACT_YR": null, "CONTRACT_NUM": null, "ACESS_TYPE": "Beach", "KayakCanoeLaunch": "No", "PARKING_OPTIONS": "On-Street Parking", "BeachWheelchair": "Y", "BWC_Info": "https://www.oibgov.com/pview.aspx?id=20773&catid=0", "PaidParkURL": "n/a", "WaterAccessTYPE": "Ocean", "BeachMat": null, "Land_Status": "Municipality", "NEAR_FID": 68.0, "NEAR_DIST": 538.05062312240943, "ACCESSIBILITY_NOTES": null, "LIFEGUARDS": null }, "geometry": { "type": "Point", "coordinates": [ -78.446932094912398, 33.884848778398599 ] } },
{ "type": "Feature", "properties": { "ACCESS_ID": "Shelby Access", "OBJECTID": 66, "PLACE": "Ocean Isle Beach", "ACCESS_LOC": "West First Street and Shelby Street", "LOCL_SPONS": "Ocean Isle Beach", "CAMA_SIGN": "Yes", "PARKING": 0.0, "DUNE_WALK": "Y", "OVERLOOK": "No", "HAND_DUNE": "No", "HAND_OVRLK": "No", "HAND_BEACH": "No", "HAND_PRKG": 0.0, "RESTRM": "N", "SHOWER": "N", "PIC_TABLE": "No", "VEH_ACCESS": "No", "BIKE_RACK": "No", "SURV_DATE": 1628677185000.0, "COMMENT_": " ", "PRKG_COMMENTS": "Golf Cart Parking ONLY, https://www.oibgov.com/206", "COUNTY": "Brunswick", "DCM_RO": "WILM", "NCDCM_ID": 379.0, "PHOTO": "OC65.png", "PRK_FEE": null, "DCM_Funded": "Y", "CONTRACT_YR": null, "CONTRACT_NUM": null, "ACESS_TYPE": "Beach", "KayakCanoeLaunch": "No", "PARKING_OPTIONS": "No Parking", "BeachWheelchair": "Y", "BWC_Info": "https://www.oibgov.com/pview.aspx?id=20773&catid=0", "PaidParkURL": "n/a", "WaterAccessTYPE": "Ocean", "BeachMat": null, "Land_Status": "Municipality", "NEAR_FID": 65.0, "NEAR_DIST": 1061.2685613273932, "ACCESSIBILITY_NOTES": null, "LIFEGUARDS": null }, "geometry": { "type": "Point", "coordinates": [ -78.443263501954505, 33.8857852241348 ] } },
{ "type": "Feature", "properties": { "ACCESS_ID": "Oxford Access", "OBJECTID": 65, "PLACE": "Ocean Isle Beach", "ACCESS_LOC": "West First Street and Oxford Street", "LOCL_SPONS": " ", "CAMA_SIGN": "Yes", "PARKING": null, "DUNE_WALK": "Y", "OVERLOOK": "No", "HAND_DUNE": "No", "HAND_OVRLK": "No", "HAND_BEACH": "No", "HAND_PRKG": null, "RESTRM": "N", "SHOWER": "N", "PIC_TABLE": "No", "VEH_ACCESS": "No", "BIKE_RACK": "No", "SURV_DATE": 1628677185000.0, "COMMENT_": " ", "PRKG_COMMENTS": null, "COUNTY": "Brunswick", "DCM_RO": "WILM", "NCDCM_ID": 378.0, "PHOTO": "OC64.png", "PRK_FEE": null, "DCM_Funded": "N", "CONTRACT_YR": null, "CONTRACT_NUM": null, "ACESS_TYPE": "Beach", "KayakCanoeLaunch": "No", "PARKING_OPTIONS": "No Parking", "BeachWheelchair": "Y", "BWC_Info": "https://www.oibgov.com/pview.aspx?id=20773&catid=0", "PaidParkURL": "n/a", "WaterAccessTYPE": "Ocean", "BeachMat": null, "Land_Status": "Municipality", "NEAR_FID": 64.0, "NEAR_DIST": 579.74912652740159, "ACCESSIBILITY_NOTES": null, "LIFEGUARDS": null }, "geometry": { "type": "Point", "coordinates": [ -78.439916958619307, 33.886629197371597 ] } },
{ "type": "Feature", "properties": { "ACCESS_ID": "Pier #1", "OBJECTID": 64, "PLACE": "Ocean Isle Beach", "ACCESS_LOC": "W First St & Clinton St", "LOCL_SPONS": "Odell Williamson", "CAMA_SIGN": "No", "PARKING": 100.0, "DUNE_WALK": "Y", "OVERLOOK": "No", "HAND_DUNE": "No", "HAND_OVRLK": "No", "HAND_BEACH": "No", "HAND_PRKG": null, "RESTRM": "N", "SHOWER": "N", "PIC_TABLE": "No", "VEH_ACCESS": "E", "BIKE_RACK": "No", "SURV_DATE": 1628677185000.0, "COMMENT_": " ", "PRKG_COMMENTS": "Additional parking at pier", "COUNTY": "Brunswick", "DCM_RO": "WILM", "NCDCM_ID": 377.0, "PHOTO": "OC63.png", "PRK_FEE": "Y", "DCM_Funded": "N", "CONTRACT_YR": null, "CONTRACT_NUM": null, "ACESS_TYPE": "Beach", "KayakCanoeLaunch": "No", "PARKING_OPTIONS": "Onsite Parking", "BeachWheelchair": "Y", "BWC_Info": "https://www.oibgov.com/pview.aspx?id=20773&catid=0", "PaidParkURL": "https://oibpier.com/park-at-the-pier/", "WaterAccessTYPE": "Ocean", "BeachMat": null, "Land_Status": "Municipality", "NEAR_FID": 65.0, "NEAR_DIST": 579.74912652740159, "ACCESSIBILITY_NOTES": null, "LIFEGUARDS": null }, "geometry": { "type": "Point", "coordinates": [ -78.438045534320494, 33.886947373508299 ] } },
{ "type": "Feature", "properties": { "ACCESS_ID": "Monroe Access", "OBJECTID": 63, "PLACE": "Ocean Isle Beach", "ACCESS_LOC": "E First St & Monroe St", "LOCL_SPONS": " ", "CAMA_SIGN": "Yes", "PARKING": 33.0, "DUNE_WALK": "Y", "OVERLOOK": "Yes", "HAND_DUNE": "Y", "HAND_OVRLK": "Yes", "HAND_BEACH": "Y", "HAND_PRKG": 3.0, "RESTRM": "Y", "SHOWER": "Y", "PIC_TABLE": "No", "VEH_ACCESS": "No", "BIKE_RACK": "Yes", "SURV_DATE": 1628677185000.0, "COMMENT_": "Fully handicapped accessible to the beach", "PRKG_COMMENTS": "Additional parking on Monroe St", "COUNTY": "Brunswick", "DCM_RO": "WILM", "NCDCM_ID": 376.0, "PHOTO": "OC62.png", "PRK_FEE": "No", "DCM_Funded": "Y", "CONTRACT_YR": "2017-2018", "CONTRACT_NUM": "7502", "ACESS_TYPE": "Beach", "KayakCanoeLaunch": "N", "PARKING_OPTIONS": "Both Parking Options", "BeachWheelchair": "Y", "BWC_Info": "https://www.oibgov.com/pview.aspx?id=20773&catid=0", "PaidParkURL": "n/a", "WaterAccessTYPE": "Ocean", "BeachMat": null, "Land_Status": "Municipality", "NEAR_FID": 62.0, "NEAR_DIST": 1099.3106437526517, "ACCESSIBILITY_NOTES": null, "LIFEGUARDS": null }, "geometry": { "type": "Point", "coordinates": [ -78.4328718114091, 33.888299246991998 ] } },
{ "type": "Feature", "properties": { "ACCESS_ID": "Concord Access", "OBJECTID": 62, "PLACE": "Ocean Isle Beach", "ACCESS_LOC": "East First Street and Concord Street", "LOCL_SPONS": " ", "CAMA_SIGN": "Yes", "PARKING": 27.0, "DUNE_WALK": "Y", "OVERLOOK": "No", "HAND_DUNE": "No", "HAND_OVRLK": "No", "HAND_BEACH": "No", "HAND_PRKG": 2.0, "RESTRM": "N", "SHOWER": "N", "PIC_TABLE": "No", "VEH_ACCESS": "No", "BIKE_RACK": "Yes", "SURV_DATE": 1628677185000.0, "COMMENT_": " ", "PRKG_COMMENTS": "Additional parking on Concord St", "COUNTY": "Brunswick", "DCM_RO": "WILM", "NCDCM_ID": 375.0, "PHOTO": "OC61.png", "PRK_FEE": "No", "DCM_Funded": "Y", "CONTRACT_YR": null, "CONTRACT_NUM": null, "ACESS_TYPE": "Beach", "KayakCanoeLaunch": "No", "PARKING_OPTIONS": "Both Parking Options", "BeachWheelchair": "Y", "BWC_Info": "https://www.oibgov.com/pview.aspx?id=20773&catid=0", "PaidParkURL": "n/a", "WaterAccessTYPE": "Ocean", "BeachMat": null, "Land_Status": "Municipality", "NEAR_FID": 63.0, "NEAR_DIST": 1099.3106437526517, "ACCESSIBILITY_NOTES": null, "LIFEGUARDS": null }, "geometry": { "type": "Point", "coordinates": [ -78.429409185976198, 33.889184385254403 ] } },
{ "type": "Feature", "properties": { "ACCESS_ID": "Newport Access", "OBJECTID": 61, "PLACE": "Ocean Isle Beach", "ACCESS_LOC": "E First St & Newport St", "LOCL_SPONS": " ", "CAMA_SIGN": "Yes", "PARKING": 24.0, "DUNE_WALK": "Y", "OVERLOOK": "No", "HAND_DUNE": "No", "HAND_OVRLK": "No", "HAND_BEACH": "No", "HAND_PRKG": 2.0, "RESTRM": "N", "SHOWER": "N", "PIC_TABLE": "No", "VEH_ACCESS": "No", "BIKE_RACK": "Yes", "SURV_DATE": 1628677185000.0, "COMMENT_": " ", "PRKG_COMMENTS": "Additional parking on Newport St", "COUNTY": "Brunswick", "DCM_RO": "WILM", "NCDCM_ID": 374.0, "PHOTO": "OC60.png", "PRK_FEE": "No", "DCM_Funded": "Y", "CONTRACT_YR": null, "CONTRACT_NUM": null, "ACESS_TYPE": "Beach", "KayakCanoeLaunch": "No", "PARKING_OPTIONS": "Both Parking Options", "BeachWheelchair": "Y", "BWC_Info": "https://www.oibgov.com/pview.aspx?id=20773&catid=0", "PaidParkURL": "n/a", "WaterAccessTYPE": "Ocean", "BeachMat": null, "Land_Status": "Municipality", "NEAR_FID": 60.0, "NEAR_DIST": 1095.9643818606951, "ACCESSIBILITY_NOTES": null, "LIFEGUARDS": null }, "geometry": { "type": "Point", "coordinates": [ -78.425940124114206, 33.890068698536503 ] } },
{ "type": "Feature", "properties": { "ACCESS_ID": "Raeford Access", "OBJECTID": 60, "PLACE": "Ocean Isle Beach", "ACCESS_LOC": "East First Street and Raeford Street", "LOCL_SPONS": " ", "CAMA_SIGN": "Yes", "PARKING": 18.0, "DUNE_WALK": "Y", "OVERLOOK": "Yes", "HAND_DUNE": "Y", "HAND_OVRLK": "Yes", "HAND_BEACH": "Y", "HAND_PRKG": 5.0, "RESTRM": "N", "SHOWER": "N", "PIC_TABLE": "No", "VEH_ACCESS": "No", "BIKE_RACK": "No", "SURV_DATE": 1628677185000.0, "COMMENT_": "Fully handicapped accessible to the beach", "PRKG_COMMENTS": "Parking on Raeford St. Golf cart parking on-site.", "COUNTY": "Brunswick", "DCM_RO": "WILM", "NCDCM_ID": 373.0, "PHOTO": "OC59.png", "PRK_FEE": "No", "DCM_Funded": "Y", "CONTRACT_YR": null, "CONTRACT_NUM": null, "ACESS_TYPE": "Beach", "KayakCanoeLaunch": "No", "PARKING_OPTIONS": "Both Parking Options", "BeachWheelchair": "Y", "BWC_Info": "https://www.oibgov.com/pview.aspx?id=20773&catid=0", "PaidParkURL": "n/a", "WaterAccessTYPE": "Ocean", "BeachMat": null, "Land_Status": "Municipality", "NEAR_FID": 61.0, "NEAR_DIST": 1095.9643818606951, "ACCESSIBILITY_NOTES": null, "LIFEGUARDS": null }, "geometry": { "type": "Point", "coordinates": [ -78.422499943088695, 33.890983100259 ] } },
{ "type": "Feature", "properties": { "ACCESS_ID": "Leland Access", "OBJECTID": 59, "PLACE": "Ocean Isle Beach", "ACCESS_LOC": "E First St & Leland St", "LOCL_SPONS": " ", "CAMA_SIGN": "Yes", "PARKING": 25.0, "DUNE_WALK": "Y", "OVERLOOK": "No", "HAND_DUNE": "No", "HAND_OVRLK": "No", "HAND_BEACH": "No", "HAND_PRKG": 2.0, "RESTRM": "N", "SHOWER": "N", "PIC_TABLE": "No", "VEH_ACCESS": "No", "BIKE_RACK": "Yes", "SURV_DATE": 1628677185000.0, "COMMENT_": " ", "PRKG_COMMENTS": "Parking on Leland St", "COUNTY": "Brunswick", "DCM_RO": "WILM", "NCDCM_ID": 372.0, "PHOTO": "OC58.png", "PRK_FEE": "No", "DCM_Funded": "Y", "CONTRACT_YR": null, "CONTRACT_NUM": null, "ACESS_TYPE": "Beach", "KayakCanoeLaunch": "No", "PARKING_OPTIONS": "Both Parking Options", "BeachWheelchair": "Y", "BWC_Info": "https://www.oibgov.com/pview.aspx?id=20773&catid=0", "PaidParkURL": "n/a", "WaterAccessTYPE": "Ocean", "BeachMat": null, "Land_Status": "Municipality", "NEAR_FID": 566.0, "NEAR_DIST": 1098.9097071662072, "ACCESSIBILITY_NOTES": null, "LIFEGUARDS": null }, "geometry": { "type": "Point", "coordinates": [ -78.419003915598594, 33.891840097640703 ] } },
{ "type": "Feature", "properties": { "ACCESS_ID": "Goldsboro Access", "OBJECTID": 566, "PLACE": "Ocean Isle Beach", "ACCESS_LOC": "East First St & Goldsboro St", "LOCL_SPONS": " ", "CAMA_SIGN": "Yes", "PARKING": 21.0, "DUNE_WALK": "Y", "OVERLOOK": "No", "HAND_DUNE": "No", "HAND_OVRLK": "No", "HAND_BEACH": "No", "HAND_PRKG": 2.0, "RESTRM": "N", "SHOWER": "N", "PIC_TABLE": "No", "VEH_ACCESS": " ", "BIKE_RACK": "Yes", "SURV_DATE": 1628677185000.0, "COMMENT_": " ", "PRKG_COMMENTS": "Parking on Goldsboro St", "COUNTY": "Brunswick", "DCM_RO": "WILM", "NCDCM_ID": 371.0, "PHOTO": "OC57.png", "PRK_FEE": "No", "DCM_Funded": "Y", "CONTRACT_YR": null, "CONTRACT_NUM": null, "ACESS_TYPE": "Beach", "KayakCanoeLaunch": "No", "PARKING_OPTIONS": "Both Parking Options", "BeachWheelchair": "Y", "BWC_Info": "https://www.oibgov.com/pview.aspx?id=20773&catid=0", "PaidParkURL": "n/a", "WaterAccessTYPE": "Ocean", "BeachMat": null, "Land_Status": "Municipality", "NEAR_FID": 59.0, "NEAR_DIST": 1098.9097071662072, "ACCESSIBILITY_NOTES": null, "LIFEGUARDS": null }, "geometry": { "type": "Point", "coordinates": [ -78.415554902337206, 33.892758231123302 ] } },
{ "type": "Feature", "properties": { "ACCESS_ID": "Chadbourn Access", "OBJECTID": 564, "PLACE": "Ocean Isle Beach", "ACCESS_LOC": "East First Street and Chadbourn Street", "LOCL_SPONS": "Ocean Isle Beach", "CAMA_SIGN": "Yes", "PARKING": 25.0, "DUNE_WALK": "Y", "OVERLOOK": "No", "HAND_DUNE": "No", "HAND_OVRLK": "No", "HAND_BEACH": "No", "HAND_PRKG": null, "RESTRM": "N", "SHOWER": "N", "PIC_TABLE": "No", "VEH_ACCESS": "No", "BIKE_RACK": "N", "SURV_DATE": 1628677185000.0, "COMMENT_": " ", "PRKG_COMMENTS": "https://www.oibgov.com/20698/Public-Beach-Access", "COUNTY": "Brunswick", "DCM_RO": "WILM", "NCDCM_ID": 370.0, "PHOTO": "OC56.png", "PRK_FEE": "No", "DCM_Funded": "Y", "CONTRACT_YR": null, "CONTRACT_NUM": null, "ACESS_TYPE": "Beach", "KayakCanoeLaunch": "No", "PARKING_OPTIONS": "Both Parking Options", "BeachWheelchair": "Y", "BWC_Info": "https://www.oibgov.com/pview.aspx?id=20773&catid=0", "PaidParkURL": "n/a", "WaterAccessTYPE": "Ocean", "BeachMat": null, "Land_Status": "Municipality", "NEAR_FID": 562.0, "NEAR_DIST": 1098.3493340628361, "ACCESSIBILITY_NOTES": null, "LIFEGUARDS": null }, "geometry": { "type": "Point", "coordinates": [ -78.412081978617806, 33.893618572888101 ] } },
{ "type": "Feature", "properties": { "ACCESS_ID": "Winnabow Access", "OBJECTID": 562, "PLACE": "Ocean Isle Beach", "ACCESS_LOC": "East First Street and Winnabow Street", "LOCL_SPONS": " ", "CAMA_SIGN": "Yes", "PARKING": 25.0, "DUNE_WALK": "Y", "OVERLOOK": "No", "HAND_DUNE": "No", "HAND_OVRLK": "No", "HAND_BEACH": "No", "HAND_PRKG": 2.0, "RESTRM": "N", "SHOWER": "N", "PIC_TABLE": "No", "VEH_ACCESS": "E", "BIKE_RACK": "Yes", "SURV_DATE": 1628677185000.0, "COMMENT_": " ", "PRKG_COMMENTS": "Additional parking on Winnabow St", "COUNTY": "Brunswick", "DCM_RO": "WILM", "NCDCM_ID": 369.0, "PHOTO": "OC55.png", "PRK_FEE": "No", "DCM_Funded": "Y", "CONTRACT_YR": null, "CONTRACT_NUM": null, "ACESS_TYPE": "Beach", "KayakCanoeLaunch": "No", "PARKING_OPTIONS": "Both Parking Options", "BeachWheelchair": "Y", "BWC_Info": "https://www.oibgov.com/pview.aspx?id=20773&catid=0", "PaidParkURL": "n/a", "WaterAccessTYPE": "Ocean", "BeachMat": null, "Land_Status": "Municipality", "NEAR_FID": 564.0, "NEAR_DIST": 1098.3493340628361, "ACCESSIBILITY_NOTES": null, "LIFEGUARDS": null }, "geometry": { "type": "Point", "coordinates": [ -78.408619080097097, 33.894494517877 ] } },
{ "type": "Feature", "properties": { "ACCESS_ID": "Greensboro Access", "OBJECTID": 560, "PLACE": "Ocean Isle Beach", "ACCESS_LOC": "East First Street and Greensboro Street", "LOCL_SPONS": " ", "CAMA_SIGN": "Yes", "PARKING": null, "DUNE_WALK": "Y", "OVERLOOK": "No", "HAND_DUNE": "No", "HAND_OVRLK": "No", "HAND_BEACH": "No", "HAND_PRKG": null, "RESTRM": "N", "SHOWER": "N", "PIC_TABLE": "No", "VEH_ACCESS": "E", "BIKE_RACK": "No", "SURV_DATE": 1628677185000.0, "COMMENT_": " ", "PRKG_COMMENTS": null, "COUNTY": "Brunswick", "DCM_RO": "WILM", "NCDCM_ID": 368.0, "PHOTO": "OC54.png", "PRK_FEE": null, "DCM_Funded": "Y", "CONTRACT_YR": null, "CONTRACT_NUM": null, "ACESS_TYPE": "Beach", "KayakCanoeLaunch": "No", "PARKING_OPTIONS": "No Parking", "BeachWheelchair": "Y", "BWC_Info": "https://www.oibgov.com/pview.aspx?id=20773&catid=0", "PaidParkURL": "n/a", "WaterAccessTYPE": "Ocean", "BeachMat": null, "Land_Status": "Municipality", "NEAR_FID": 557.0, "NEAR_DIST": 840.96249750845618, "ACCESSIBILITY_NOTES": null, "LIFEGUARDS": null }, "geometry": { "type": "Point", "coordinates": [ -78.405068055050293, 33.895287958487003 ] } },
{ "type": "Feature", "properties": { "ACCESS_ID": "391 E. First Street Access", "OBJECTID": 557, "PLACE": "Ocean Isle Beach", "ACCESS_LOC": "391 E. First Street", "LOCL_SPONS": " ", "CAMA_SIGN": "Yes", "PARKING": null, "DUNE_WALK": "Y", "OVERLOOK": "No", "HAND_DUNE": "No", "HAND_OVRLK": "No", "HAND_BEACH": "No", "HAND_PRKG": null, "RESTRM": "N", "SHOWER": "N", "PIC_TABLE": "No", "VEH_ACCESS": "No", "BIKE_RACK": "No", "SURV_DATE": 1628677185000.0, "COMMENT_": " ", "PRKG_COMMENTS": null, "COUNTY": "Brunswick", "DCM_RO": "WILM", "NCDCM_ID": 367.0, "PHOTO": "OC53.png", "PRK_FEE": null, "DCM_Funded": "N", "CONTRACT_YR": null, "CONTRACT_NUM": null, "ACESS_TYPE": "Beach", "KayakCanoeLaunch": "No", "PARKING_OPTIONS": "No Parking", "BeachWheelchair": "Y", "BWC_Info": "https://www.oibgov.com/pview.aspx?id=20773&catid=0", "PaidParkURL": "n/a", "WaterAccessTYPE": "Ocean", "BeachMat": null, "Land_Status": "Municipality", "NEAR_FID": 555.0, "NEAR_DIST": 257.697006550232, "ACCESSIBILITY_NOTES": null, "LIFEGUARDS": null }, "geometry": { "type": "Point", "coordinates": [ -78.402382186673904, 33.895855472309101 ] } },
{ "type": "Feature", "properties": { "ACCESS_ID": "Highpoint Street", "OBJECTID": 555, "PLACE": "Ocean Isle Beach", "ACCESS_LOC": "E 1st St & Highpoint St", "LOCL_SPONS": " ", "CAMA_SIGN": "No", "PARKING": null, "DUNE_WALK": "Y", "OVERLOOK": "No", "HAND_DUNE": "No", "HAND_OVRLK": "No", "HAND_BEACH": "No", "HAND_PRKG": null, "RESTRM": "N", "SHOWER": "N", "PIC_TABLE": "No", "VEH_ACCESS": "No", "BIKE_RACK": "No", "SURV_DATE": 1628677185000.0, "COMMENT_": " ", "PRKG_COMMENTS": null, "COUNTY": "Brunswick", "DCM_RO": "WILM", "NCDCM_ID": 366.0, "PHOTO": "OC52.png", "PRK_FEE": null, "DCM_Funded": "Y", "CONTRACT_YR": null, "CONTRACT_NUM": null, "ACESS_TYPE": "Beach", "KayakCanoeLaunch": "No", "PARKING_OPTIONS": "No Parking", "BeachWheelchair": "Y", "BWC_Info": "https://www.oibgov.com/pview.aspx?id=20773&catid=0", "PaidParkURL": "n/a", "WaterAccessTYPE": "Ocean", "BeachMat": null, "Land_Status": "Municipality", "NEAR_FID": 557.0, "NEAR_DIST": 257.697006550232, "ACCESSIBILITY_NOTES": null, "LIFEGUARDS": null }, "geometry": { "type": "Point", "coordinates": [ -78.4015509458971, 33.895999709031102 ] } },
{ "type": "Feature", "properties": { "ACCESS_ID": "Lumberton Access", "OBJECTID": 553, "PLACE": "Ocean Isle Beach", "ACCESS_LOC": "Lumberton Street", "LOCL_SPONS": " ", "CAMA_SIGN": "Yes", "PARKING": null, "DUNE_WALK": "Y", "OVERLOOK": "No", "HAND_DUNE": "No", "HAND_OVRLK": "No", "HAND_BEACH": "No", "HAND_PRKG": null, "RESTRM": "N", "SHOWER": "N", "PIC_TABLE": "No", "VEH_ACCESS": "No", "BIKE_RACK": "No", "SURV_DATE": 1628677185000.0, "COMMENT_": " ", "PRKG_COMMENTS": "12 Golf Park Parking Spots", "COUNTY": "Brunswick", "DCM_RO": "WILM", "NCDCM_ID": 365.0, "PHOTO": "OC51.png", "PRK_FEE": null, "DCM_Funded": "N", "CONTRACT_YR": null, "CONTRACT_NUM": null, "ACESS_TYPE": "Beach", "KayakCanoeLaunch": "No", "PARKING_OPTIONS": "No Parking", "BeachWheelchair": "Y", "BWC_Info": "https://www.oibgov.com/pview.aspx?id=20773&catid=0", "PaidParkURL": "n/a", "WaterAccessTYPE": "Ocean", "BeachMat": null, "Land_Status": "Municipality", "NEAR_FID": 842.0, "NEAR_DIST": 553.78964966988178, "ACCESSIBILITY_NOTES": null, "LIFEGUARDS": null }, "geometry": { "type": "Point", "coordinates": [ -78.399755999670006, 33.896598667084703 ] } },
{ "type": "Feature", "properties": { "ACCESS_ID": "Durham St", "OBJECTID": 842, "PLACE": "Ocean Isle Beach", "ACCESS_LOC": "E 2nd St & Durham St", "LOCL_SPONS": "Ocean Isle Beach", "CAMA_SIGN": "Yes", "PARKING": 2.0, "DUNE_WALK": "Y", "OVERLOOK": "Y", "HAND_DUNE": "N", "HAND_OVRLK": "Y", "HAND_BEACH": "N", "HAND_PRKG": null, "RESTRM": "N", "SHOWER": "N", "PIC_TABLE": "N", "VEH_ACCESS": "No", "BIKE_RACK": "N", "SURV_DATE": 1628674755000.0, "COMMENT_": "Handicap access to gazebo only", "PRKG_COMMENTS": "https://www.oibgov.com/20698/Public-Beach-Access", "COUNTY": "Brunswick", "DCM_RO": "WILM", "NCDCM_ID": null, "PHOTO": null, "PRK_FEE": null, "DCM_Funded": "Y", "CONTRACT_YR": null, "CONTRACT_NUM": null, "ACESS_TYPE": "Beach", "KayakCanoeLaunch": "N", "PARKING_OPTIONS": "Onsite Parking", "BeachWheelchair": "Y", "BWC_Info": "https://www.oibgov.com/pview.aspx?id=20773&catid=0", "PaidParkURL": "n/a", "WaterAccessTYPE": "Ocean", "BeachMat": null, "Land_Status": "Municipality", "NEAR_FID": 551.0, "NEAR_DIST": 544.87059977592116, "ACCESSIBILITY_NOTES": null, "LIFEGUARDS": null }, "geometry": { "type": "Point", "coordinates": [ -78.3979933559622, 33.896991842703898 ] } },
{ "type": "Feature", "properties": { "ACCESS_ID": "Charlotte Street - TEMP CLOSED", "OBJECTID": 551, "PLACE": "Ocean Isle Beach", "ACCESS_LOC": "East 2nd St & Charlotte St", "LOCL_SPONS": " ", "CAMA_SIGN": "Yes", "PARKING": 16.0, "DUNE_WALK": "N", "OVERLOOK": "No", "HAND_DUNE": "No", "HAND_OVRLK": "No", "HAND_BEACH": "N", "HAND_PRKG": 3.0, "RESTRM": "N", "SHOWER": "N", "PIC_TABLE": "No", "VEH_ACCESS": "No", "BIKE_RACK": "No", "SURV_DATE": 1628677185000.0, "COMMENT_": "Handicap accessible to beach", "PRKG_COMMENTS": "Parking on Charlotte St", "COUNTY": "Brunswick", "DCM_RO": "WILM", "NCDCM_ID": 364.0, "PHOTO": "OC49.png", "PRK_FEE": "No", "DCM_Funded": "Y", "CONTRACT_YR": null, "CONTRACT_NUM": null, "ACESS_TYPE": "Beach", "KayakCanoeLaunch": "No", "PARKING_OPTIONS": "On-Street Parking", "BeachWheelchair": "Y", "BWC_Info": "https://www.oibgov.com/pview.aspx?id=20773&catid=0", "PaidParkURL": "n/a", "WaterAccessTYPE": "Ocean", "BeachMat": null, "Land_Status": "Municipality", "NEAR_FID": 842.0, "NEAR_DIST": 544.87059977592116, "ACCESSIBILITY_NOTES": null, "LIFEGUARDS": null }, "geometry": { "type": "Point", "coordinates": [ -78.396211374221295, 33.897173410832799 ] } },
{ "type": "Feature", "properties": { "ACCESS_ID": "Shalotte Blvd", "OBJECTID": 841, "PLACE": "Ocean Isle Beach", "ACCESS_LOC": "E 3rd St & Shallotte Blvd", "LOCL_SPONS": null, "CAMA_SIGN": "Yes", "PARKING": 61.0, "DUNE_WALK": "Y", "OVERLOOK": "N", "HAND_DUNE": "N", "HAND_OVRLK": "N", "HAND_BEACH": "N", "HAND_PRKG": 6.0, "RESTRM": "N", "SHOWER": "N", "PIC_TABLE": "Y", "VEH_ACCESS": "No", "BIKE_RACK": "N", "SURV_DATE": 1628677185000.0, "COMMENT_": null, "PRKG_COMMENTS": "Parking on E 3rd St", "COUNTY": "Brunswick", "DCM_RO": "WILM", "NCDCM_ID": null, "PHOTO": null, "PRK_FEE": "N", "DCM_Funded": "Y", "CONTRACT_YR": null, "CONTRACT_NUM": null, "ACESS_TYPE": "Beach", "KayakCanoeLaunch": "N", "PARKING_OPTIONS": "On-Street Parking", "BeachWheelchair": "Y", "BWC_Info": "https://www.oibgov.com/pview.aspx?id=20773&catid=0", "PaidParkURL": "n/a", "WaterAccessTYPE": "Ocean", "BeachMat": null, "Land_Status": "Municipality", "NEAR_FID": 551.0, "NEAR_DIST": 716.53755251927942, "ACCESSIBILITY_NOTES": null, "LIFEGUARDS": null }, "geometry": { "type": "Point", "coordinates": [ -78.394120513058198, 33.898087631995203 ] } },
{ "type": "Feature", "properties": { "ACCESS_ID": "Commissioner's Park", "OBJECTID": 342, "PLACE": "Oak Island", "ACCESS_LOC": "McGlammery St and Ocean Dr", "LOCL_SPONS": "Oak Island", "CAMA_SIGN": "No", "PARKING": 15.0, "DUNE_WALK": "N", "OVERLOOK": "Yes", "HAND_DUNE": "N", "HAND_OVRLK": "Yes", "HAND_BEACH": "No", "HAND_PRKG": 1.0, "RESTRM": "N", "SHOWER": "N", "PIC_TABLE": "N", "VEH_ACCESS": "E", "BIKE_RACK": "No", "SURV_DATE": 1713529268839.0, "COMMENT_": "", "PRKG_COMMENTS": null, "COUNTY": "Brunswick", "DCM_RO": "Wilmington Regional Office", "NCDCM_ID": 148.0, "PHOTO": "Neighborhood.png", "PRK_FEE": "No", "DCM_Funded": "Y", "CONTRACT_YR": null, "CONTRACT_NUM": null, "ACESS_TYPE": "Beach", "KayakCanoeLaunch": "No", "PARKING_OPTIONS": "Onsite Parking", "BeachWheelchair": "Y", "BWC_Info": "https://oakisland.recdesk.com/Community/Page?pageId=8056", "PaidParkURL": "n/a", "WaterAccessTYPE": "Ocean", "BeachMat": "No", "Land_Status": "Municipality", "NEAR_FID": 345.0, "NEAR_DIST": 359.09135313739796, "ACCESSIBILITY_NOTES": null, "LIFEGUARDS": null }, "geometry": { "type": "Point", "coordinates": [ -78.075355073626795, 33.902830186534302 ] } },
{ "type": "Feature", "properties": { "ACCESS_ID": "Sellers St", "OBJECTID": 345, "PLACE": "Oak Island", "ACCESS_LOC": "Sellers St and Ocean Dr", "LOCL_SPONS": "Oak Island", "CAMA_SIGN": "No", "PARKING": 7.0, "DUNE_WALK": "N", "OVERLOOK": "No", "HAND_DUNE": "N", "HAND_OVRLK": "No", "HAND_BEACH": "No", "HAND_PRKG": null, "RESTRM": "N", "SHOWER": "N", "PIC_TABLE": "No", "VEH_ACCESS": "No", "BIKE_RACK": "No", "SURV_DATE": 1713529268839.0, "COMMENT_": "Doggie Box", "PRKG_COMMENTS": null, "COUNTY": "Brunswick", "DCM_RO": "Wilmington Regional Office", "NCDCM_ID": 149.0, "PHOTO": "Neighborhood.png", "PRK_FEE": "No", "DCM_Funded": "Y", "CONTRACT_YR": null, "CONTRACT_NUM": null, "ACESS_TYPE": "Beach", "KayakCanoeLaunch": "No", "PARKING_OPTIONS": "Onsite Parking", "BeachWheelchair": "Y", "BWC_Info": "https://oakisland.recdesk.com/Community/Page?pageId=8056", "PaidParkURL": "n/a", "WaterAccessTYPE": "Ocean", "BeachMat": "No", "Land_Status": "Municipality", "NEAR_FID": 342.0, "NEAR_DIST": 359.09135313739796, "ACCESSIBILITY_NOTES": null, "LIFEGUARDS": null }, "geometry": { "type": "Point", "coordinates": [ -78.076510903563502, 33.903041224948502 ] } },
{ "type": "Feature", "properties": { "ACCESS_ID": "Mercer St", "OBJECTID": 349, "PLACE": "Oak Island", "ACCESS_LOC": "Mercer St & Ocean Dr", "LOCL_SPONS": "Oak Island", "CAMA_SIGN": "No", "PARKING": 6.0, "DUNE_WALK": "N", "OVERLOOK": "Yes", "HAND_DUNE": "N", "HAND_OVRLK": "Y", "HAND_BEACH": "No", "HAND_PRKG": 1.0, "RESTRM": "N", "SHOWER": "N", "PIC_TABLE": "No", "VEH_ACCESS": "No", "BIKE_RACK": "No", "SURV_DATE": 1713529268839.0, "COMMENT_": "", "PRKG_COMMENTS": null, "COUNTY": "Brunswick", "DCM_RO": "Wilmington Regional Office", "NCDCM_ID": 150.0, "PHOTO": "Neighborhood.png", "PRK_FEE": "No", "DCM_Funded": "Y", "CONTRACT_YR": null, "CONTRACT_NUM": null, "ACESS_TYPE": "Beach", "KayakCanoeLaunch": "No", "PARKING_OPTIONS": "Onsite Parking", "BeachWheelchair": "Y", "BWC_Info": "https://oakisland.recdesk.com/Community/Page?pageId=8056", "PaidParkURL": "n/a", "WaterAccessTYPE": "Ocean", "BeachMat": "No", "Land_Status": "Municipality", "NEAR_FID": 352.0, "NEAR_DIST": 344.98447551939711, "ACCESSIBILITY_NOTES": null, "LIFEGUARDS": null }, "geometry": { "type": "Point", "coordinates": [ -78.077631386590397, 33.903398438986798 ] } },
{ "type": "Feature", "properties": { "ACCESS_ID": "Norton St", "OBJECTID": 352, "PLACE": "Oak Island", "ACCESS_LOC": "Norton St & Ocean Dr", "LOCL_SPONS": "Oak Island", "CAMA_SIGN": "No", "PARKING": 4.0, "DUNE_WALK": "N", "OVERLOOK": "No", "HAND_DUNE": "Yes", "HAND_OVRLK": "No", "HAND_BEACH": "No", "HAND_PRKG": null, "RESTRM": "N", "SHOWER": "N", "PIC_TABLE": "No", "VEH_ACCESS": "No", "BIKE_RACK": "No", "SURV_DATE": 1713529268839.0, "COMMENT_": "Doggie Box", "PRKG_COMMENTS": null, "COUNTY": "Brunswick", "DCM_RO": "Wilmington Regional Office", "NCDCM_ID": 151.0, "PHOTO": "Local.png", "PRK_FEE": "No", "DCM_Funded": "Y", "CONTRACT_YR": null, "CONTRACT_NUM": null, "ACESS_TYPE": "Beach", "KayakCanoeLaunch": "No", "PARKING_OPTIONS": "Onsite Parking", "BeachWheelchair": "Y", "BWC_Info": "https://oakisland.recdesk.com/Community/Page?pageId=8056", "PaidParkURL": "n/a", "WaterAccessTYPE": "Ocean", "BeachMat": "No", "Land_Status": "Municipality", "NEAR_FID": 349.0, "NEAR_DIST": 344.98447551939711, "ACCESSIBILITY_NOTES": null, "LIFEGUARDS": null }, "geometry": { "type": "Point", "coordinates": [ -78.078756727706406, 33.903532326203702 ] } },
{ "type": "Feature", "properties": { "ACCESS_ID": "Trott St", "OBJECTID": 355, "PLACE": "Oak Island", "ACCESS_LOC": "Trott St & Ocean Dr", "LOCL_SPONS": "Oak Island", "CAMA_SIGN": "No", "PARKING": 5.0, "DUNE_WALK": "N", "OVERLOOK": "No", "HAND_DUNE": "Yes", "HAND_OVRLK": "No", "HAND_BEACH": "No", "HAND_PRKG": null, "RESTRM": "N", "SHOWER": "N", "PIC_TABLE": "No", "VEH_ACCESS": "E", "BIKE_RACK": "No", "SURV_DATE": 1713529268839.0, "COMMENT_": "Doggie Box", "PRKG_COMMENTS": null, "COUNTY": "Brunswick", "DCM_RO": "Wilmington Regional Office", "NCDCM_ID": 152.0, "PHOTO": "Local.png", "PRK_FEE": "No", "DCM_Funded": "Y", "CONTRACT_YR": null, "CONTRACT_NUM": null, "ACESS_TYPE": "Beach", "KayakCanoeLaunch": "No", "PARKING_OPTIONS": "Onsite Parking", "BeachWheelchair": "Y", "BWC_Info": "https://oakisland.recdesk.com/Community/Page?pageId=8056", "PaidParkURL": "n/a", "WaterAccessTYPE": "Ocean", "BeachMat": "No", "Land_Status": "Municipality", "NEAR_FID": 358.0, "NEAR_DIST": 329.57185745822841, "ACCESSIBILITY_NOTES": null, "LIFEGUARDS": null }, "geometry": { "type": "Point", "coordinates": [ -78.079956499633496, 33.903640800089804 ] } },
{ "type": "Feature", "properties": { "ACCESS_ID": "Oak Island (Yaupon) Pier", "OBJECTID": 872, "PLACE": "Oak Island", "ACCESS_LOC": "705 Ocean Dr", "LOCL_SPONS": "Oak Island", "CAMA_SIGN": "No", "PARKING": 35.0, "DUNE_WALK": "N", "OVERLOOK": "Y", "HAND_DUNE": "N", "HAND_OVRLK": "Y", "HAND_BEACH": "Y", "HAND_PRKG": 3.0, "RESTRM": "Y", "SHOWER": null, "PIC_TABLE": "N", "VEH_ACCESS": null, "BIKE_RACK": null, "SURV_DATE": 1713529268839.0, "COMMENT_": null, "PRKG_COMMENTS": "Additional parking one block west on Ocean Dr.", "COUNTY": "Brunswick", "DCM_RO": "WILM", "NCDCM_ID": null, "PHOTO": null, "PRK_FEE": null, "DCM_Funded": "Y", "CONTRACT_YR": null, "CONTRACT_NUM": null, "ACESS_TYPE": "Beach", "KayakCanoeLaunch": "N", "PARKING_OPTIONS": "Onsite Parking", "BeachWheelchair": "N", "BWC_Info": null, "PaidParkURL": "n/a", "WaterAccessTYPE": "Ocean", "BeachMat": "Yes", "Land_Status": "Municipality", "NEAR_FID": 358.0, "NEAR_DIST": 295.57348967337316, "ACCESSIBILITY_NOTES": null, "LIFEGUARDS": null }, "geometry": { "type": "Point", "coordinates": [ -78.081949438741205, 33.903873023723797 ] } },
{ "type": "Feature", "properties": { "ACCESS_ID": "Keziah Street", "OBJECTID": 358, "PLACE": "Oak Island", "ACCESS_LOC": "Keziah and Ocean Dr", "LOCL_SPONS": "Oak Island", "CAMA_SIGN": "No", "PARKING": 12.0, "DUNE_WALK": "N", "OVERLOOK": "No", "HAND_DUNE": "N", "HAND_OVRLK": "No", "HAND_BEACH": "No", "HAND_PRKG": null, "RESTRM": "N", "SHOWER": "N", "PIC_TABLE": "No", "VEH_ACCESS": "No", "BIKE_RACK": "No", "SURV_DATE": 1713529268839.0, "COMMENT_": "Doggie Box", "PRKG_COMMENTS": null, "COUNTY": "Brunswick", "DCM_RO": "Wilmington Regional Office", "NCDCM_ID": 153.0, "PHOTO": "Neighborhood.png", "PRK_FEE": "No", "DCM_Funded": "Y", "CONTRACT_YR": null, "CONTRACT_NUM": null, "ACESS_TYPE": "Beach", "KayakCanoeLaunch": "No", "PARKING_OPTIONS": "Onsite Parking", "BeachWheelchair": "Y", "BWC_Info": "https://oakisland.recdesk.com/Community/Page?pageId=8056", "PaidParkURL": "n/a", "WaterAccessTYPE": "Ocean", "BeachMat": "Yes", "Land_Status": "Municipality", "NEAR_FID": 872.0, "NEAR_DIST": 295.57348967337316, "ACCESSIBILITY_NOTES": null, "LIFEGUARDS": null }, "geometry": { "type": "Point", "coordinates": [ -78.080979339382395, 33.9039450099676 ] } },
{ "type": "Feature", "properties": { "ACCESS_ID": "Barbee Blvd", "OBJECTID": 361, "PLACE": "Oak Island", "ACCESS_LOC": "Barbee and Ocean Dr", "LOCL_SPONS": "Oak Island", "CAMA_SIGN": "No", "PARKING": 40.0, "DUNE_WALK": "N", "OVERLOOK": "No", "HAND_DUNE": "No", "HAND_OVRLK": "No", "HAND_BEACH": "No", "HAND_PRKG": null, "RESTRM": "Y", "SHOWER": "Y", "PIC_TABLE": "Yes", "VEH_ACCESS": "No", "BIKE_RACK": "No", "SURV_DATE": 1713529268839.0, "COMMENT_": "Doggie Box", "PRKG_COMMENTS": "Additional parking on Barbee Blvd", "COUNTY": "Brunswick", "DCM_RO": "Wilmington Regional Office", "NCDCM_ID": 154.0, "PHOTO": "Neighborhood.png", "PRK_FEE": "No", "DCM_Funded": "Y", "CONTRACT_YR": null, "CONTRACT_NUM": null, "ACESS_TYPE": "Beach", "KayakCanoeLaunch": "No", "PARKING_OPTIONS": "Both Parking Options", "BeachWheelchair": "Y", "BWC_Info": "https://oakisland.recdesk.com/Community/Page?pageId=8056", "PaidParkURL": "n/a", "WaterAccessTYPE": "Ocean", "BeachMat": "No", "Land_Status": "Municipality", "NEAR_FID": 872.0, "NEAR_DIST": 351.61008603484373, "ACCESSIBILITY_NOTES": null, "LIFEGUARDS": null }, "geometry": { "type": "Point", "coordinates": [ -78.082910065964597, 33.904413084927299 ] } },
{ "type": "Feature", "properties": { "ACCESS_ID": "Sherril St", "OBJECTID": 365, "PLACE": "Oak Island", "ACCESS_LOC": "Sherrill and Ocean Dr", "LOCL_SPONS": "Oak Island", "CAMA_SIGN": "No", "PARKING": 10.0, "DUNE_WALK": "N", "OVERLOOK": "No", "HAND_DUNE": "No", "HAND_OVRLK": "No", "HAND_BEACH": "No", "HAND_PRKG": null, "RESTRM": "N", "SHOWER": "N", "PIC_TABLE": "No", "VEH_ACCESS": "No", "BIKE_RACK": "No", "SURV_DATE": 1713529268839.0, "COMMENT_": "Doggie Box", "PRKG_COMMENTS": null, "COUNTY": "Brunswick", "DCM_RO": "Wilmington Regional Office", "NCDCM_ID": 155.0, "PHOTO": "Neighborhood.png", "PRK_FEE": "No", "DCM_Funded": "Y", "CONTRACT_YR": null, "CONTRACT_NUM": null, "ACESS_TYPE": "Beach", "KayakCanoeLaunch": "No", "PARKING_OPTIONS": "Both Parking Options", "BeachWheelchair": "Y", "BWC_Info": "https://oakisland.recdesk.com/Community/Page?pageId=8056", "PaidParkURL": "n/a", "WaterAccessTYPE": "Ocean", "BeachMat": "No", "Land_Status": "Municipality", "NEAR_FID": 368.0, "NEAR_DIST": 327.50619280073568, "ACCESSIBILITY_NOTES": null, "LIFEGUARDS": null }, "geometry": { "type": "Point", "coordinates": [ -78.0841017997666, 33.9046901435512 ] } },
{ "type": "Feature", "properties": { "ACCESS_ID": "Crowell Street", "OBJECTID": 368, "PLACE": "Oak Island", "ACCESS_LOC": "Crowell and Ocean Dr", "LOCL_SPONS": "Oak Island", "CAMA_SIGN": "Yes", "PARKING": 5.0, "DUNE_WALK": "N", "OVERLOOK": "No", "HAND_DUNE": "No", "HAND_OVRLK": "No", "HAND_BEACH": "No", "HAND_PRKG": null, "RESTRM": "N", "SHOWER": "N", "PIC_TABLE": "No", "VEH_ACCESS": "E", "BIKE_RACK": "No", "SURV_DATE": 1713529268839.0, "COMMENT_": "Doggie Box", "PRKG_COMMENTS": "Parking across the street.", "COUNTY": "Brunswick", "DCM_RO": "Wilmington Regional Office", "NCDCM_ID": 156.0, "PHOTO": "Neighborhood.png", "PRK_FEE": "No", "DCM_Funded": "Y", "CONTRACT_YR": null, "CONTRACT_NUM": null, "ACESS_TYPE": "Beach", "KayakCanoeLaunch": "No", "PARKING_OPTIONS": "Both Parking Options", "BeachWheelchair": "Y", "BWC_Info": "https://oakisland.recdesk.com/Community/Page?pageId=8056", "PaidParkURL": "n/a", "WaterAccessTYPE": "Ocean", "BeachMat": "No", "Land_Status": "Municipality", "NEAR_FID": 370.0, "NEAR_DIST": 314.37785648776583, "ACCESSIBILITY_NOTES": null, "LIFEGUARDS": null }, "geometry": { "type": "Point", "coordinates": [ -78.0851663941081, 33.904837507162497 ] } },
{ "type": "Feature", "properties": { "ACCESS_ID": "Fourth Street", "OBJECTID": 840, "PLACE": "Ocean Isle Beach", "ACCESS_LOC": "E 4th St", "LOCL_SPONS": "Ocean Isle Beach", "CAMA_SIGN": "Yes", "PARKING": null, "DUNE_WALK": "N", "OVERLOOK": "N", "HAND_DUNE": "N", "HAND_OVRLK": "N", "HAND_BEACH": "N", "HAND_PRKG": null, "RESTRM": "N", "SHOWER": "N", "PIC_TABLE": "N", "VEH_ACCESS": "No", "BIKE_RACK": "N", "SURV_DATE": 1628677185000.0, "COMMENT_": "Sand path ", "PRKG_COMMENTS": "https://www.oibgov.com/20698/Public-Beach-Access", "COUNTY": "Brunswick", "DCM_RO": "WILM", "NCDCM_ID": null, "PHOTO": null, "PRK_FEE": null, "DCM_Funded": "N", "CONTRACT_YR": null, "CONTRACT_NUM": null, "ACESS_TYPE": "Beach", "KayakCanoeLaunch": "N", "PARKING_OPTIONS": "No Parking", "BeachWheelchair": "Y", "BWC_Info": "https://www.oibgov.com/pview.aspx?id=20773&catid=0", "PaidParkURL": "n/a", "WaterAccessTYPE": "Ocean", "BeachMat": null, "Land_Status": "Municipality", "NEAR_FID": 841.0, "NEAR_DIST": 982.14870480976094, "ACCESSIBILITY_NOTES": null, "LIFEGUARDS": null }, "geometry": { "type": "Point", "coordinates": [ -78.391179183577904, 33.899212754797901 ] } },
{ "type": "Feature", "properties": { "ACCESS_ID": "Ferry Landing Park", "OBJECTID": 870, "PLACE": "Ocean Isle Beach", "ACCESS_LOC": "End of Shallottee Blvd", "LOCL_SPONS": "Ocean Isle Beach", "CAMA_SIGN": "No", "PARKING": 32.0, "DUNE_WALK": "N", "OVERLOOK": "Y", "HAND_DUNE": "N", "HAND_OVRLK": "Y", "HAND_BEACH": "N", "HAND_PRKG": 2.0, "RESTRM": "N", "SHOWER": "N", "PIC_TABLE": "Y", "VEH_ACCESS": "E", "BIKE_RACK": "N", "SURV_DATE": 1657626971000.0, "COMMENT_": "Gazebo & Pier overlooking the AIWW", "PRKG_COMMENTS": "https://www.oibgov.com/20698/Public-Beach-Access", "COUNTY": "Brunswick", "DCM_RO": "WILM", "NCDCM_ID": null, "PHOTO": null, "PRK_FEE": "N", "DCM_Funded": "Y", "CONTRACT_YR": null, "CONTRACT_NUM": "980\r\n", "ACESS_TYPE": "Shoreline", "KayakCanoeLaunch": "N", "PARKING_OPTIONS": "Onsite Parking", "BeachWheelchair": "N", "BWC_Info": null, "PaidParkURL": "n/a", "WaterAccessTYPE": "Estuarine", "BeachMat": null, "Land_Status": "Municipality", "NEAR_FID": 840.0, "NEAR_DIST": 1683.4050326310785, "ACCESSIBILITY_NOTES": null, "LIFEGUARDS": null }, "geometry": { "type": "Point", "coordinates": [ -78.394082264489597, 33.903153850491599 ] } },
{ "type": "Feature", "properties": { "ACCESS_ID": "PW500", "OBJECTID": 787, "PLACE": "Holden Beach", "ACCESS_LOC": "Adjacent to 1089 Ocean Blvd West", "LOCL_SPONS": "Holden Beach", "CAMA_SIGN": null, "PARKING": null, "DUNE_WALK": "Y", "OVERLOOK": "No", "HAND_DUNE": "No", "HAND_OVRLK": "No", "HAND_BEACH": "No", "HAND_PRKG": null, "RESTRM": "N", "SHOWER": "N", "PIC_TABLE": "No", "VEH_ACCESS": "No", "BIKE_RACK": "No", "SURV_DATE": 1713484800000.0, "COMMENT_": "", "PRKG_COMMENTS": null, "COUNTY": "Brunswick", "DCM_RO": "Wilmington Regional Office", "NCDCM_ID": null, "PHOTO": null, "PRK_FEE": null, "DCM_Funded": "N", "CONTRACT_YR": null, "CONTRACT_NUM": null, "ACESS_TYPE": "Beach", "KayakCanoeLaunch": "No", "PARKING_OPTIONS": "No Parking", "BeachWheelchair": "N", "BWC_Info": "n/a", "PaidParkURL": "n/a", "WaterAccessTYPE": "Ocean", "BeachMat": null, "Land_Status": "Municipality", "NEAR_FID": 519.0, "NEAR_DIST": 1707.2106010696114, "ACCESSIBILITY_NOTES": null, "LIFEGUARDS": null }, "geometry": { "type": "Point", "coordinates": [ -78.3492660983962, 33.906338711162299 ] } },
{ "type": "Feature", "properties": { "ACCESS_ID": "PW460", "OBJECTID": 519, "PLACE": "Holden Beach", "ACCESS_LOC": "1017 Ocean Blvd West", "LOCL_SPONS": " ", "CAMA_SIGN": "Yes", "PARKING": null, "DUNE_WALK": "Y", "OVERLOOK": "No", "HAND_DUNE": "No", "HAND_OVRLK": "No", "HAND_BEACH": "No", "HAND_PRKG": null, "RESTRM": "N", "SHOWER": "N", "PIC_TABLE": "No", "VEH_ACCESS": " ", "BIKE_RACK": "Yes", "SURV_DATE": 1713484800000.0, "COMMENT_": " ", "PRKG_COMMENTS": null, "COUNTY": "Brunswick", "DCM_RO": "Wilmington Regional Office", "NCDCM_ID": 521.0, "PHOTO": "Local.png", "PRK_FEE": null, "DCM_Funded": "Y", "CONTRACT_YR": null, "CONTRACT_NUM": null, "ACESS_TYPE": "Beach", "KayakCanoeLaunch": "No", "PARKING_OPTIONS": "No Parking", "BeachWheelchair": "N", "BWC_Info": "n/a", "PaidParkURL": "n/a", "WaterAccessTYPE": "Ocean", "BeachMat": null, "Land_Status": "Municipality", "NEAR_FID": 787.0, "NEAR_DIST": 1707.2106010696114, "ACCESSIBILITY_NOTES": null, "LIFEGUARDS": null }, "geometry": { "type": "Point", "coordinates": [ -78.343685005673194, 33.906927249071003 ] } },
{ "type": "Feature", "properties": { "ACCESS_ID": "PW440", "OBJECTID": 516, "PLACE": "Holden Beach", "ACCESS_LOC": "917 Ocean Blvd West", "LOCL_SPONS": " ", "CAMA_SIGN": "Yes", "PARKING": null, "DUNE_WALK": "Y", "OVERLOOK": "Yes", "HAND_DUNE": "Yes", "HAND_OVRLK": "Yes", "HAND_BEACH": "No", "HAND_PRKG": null, "RESTRM": "N", "SHOWER": "N", "PIC_TABLE": "No", "VEH_ACCESS": "No", "BIKE_RACK": "Yes", "SURV_DATE": 1713484800000.0, "COMMENT_": " ", "PRKG_COMMENTS": "Street Parking Only on Marlin Dr", "COUNTY": "Brunswick", "DCM_RO": "Wilmington Regional Office", "NCDCM_ID": 520.0, "PHOTO": "Local.png", "PRK_FEE": null, "DCM_Funded": "N", "CONTRACT_YR": null, "CONTRACT_NUM": null, "ACESS_TYPE": "Beach", "KayakCanoeLaunch": "No", "PARKING_OPTIONS": "On-Street Parking", "BeachWheelchair": "N", "BWC_Info": "n/a", "PaidParkURL": "n/a", "WaterAccessTYPE": "Ocean", "BeachMat": null, "Land_Status": "Municipality", "NEAR_FID": 839.0, "NEAR_DIST": 805.02889296956971, "ACCESSIBILITY_NOTES": null, "LIFEGUARDS": null }, "geometry": { "type": "Point", "coordinates": [ -78.335361208165693, 33.907802545156002 ] } },
{ "type": "Feature", "properties": { "ACCESS_ID": "PW420", "OBJECTID": 839, "PLACE": "Holden Beach", "ACCESS_LOC": "883 Ocean Blnd W", "LOCL_SPONS": "Holden Beach", "CAMA_SIGN": "No", "PARKING": null, "DUNE_WALK": "Y", "OVERLOOK": "N", "HAND_DUNE": "Y", "HAND_OVRLK": "N", "HAND_BEACH": "Y", "HAND_PRKG": null, "RESTRM": "N", "SHOWER": "N", "PIC_TABLE": "N", "VEH_ACCESS": "No", "BIKE_RACK": "N", "SURV_DATE": 1713484800000.0, "COMMENT_": null, "PRKG_COMMENTS": null, "COUNTY": "Brunswick", "DCM_RO": "WILM", "NCDCM_ID": null, "PHOTO": null, "PRK_FEE": null, "DCM_Funded": "N", "CONTRACT_YR": null, "CONTRACT_NUM": null, "ACESS_TYPE": "Beach", "KayakCanoeLaunch": "N", "PARKING_OPTIONS": "No Parking", "BeachWheelchair": "N", "BWC_Info": "n/a", "PaidParkURL": "n/a", "WaterAccessTYPE": "Ocean", "BeachMat": null, "Land_Status": "Municipality", "NEAR_FID": 516.0, "NEAR_DIST": 805.02889296956971, "ACCESSIBILITY_NOTES": null, "LIFEGUARDS": null }, "geometry": { "type": "Point", "coordinates": [ -78.332746257289401, 33.908174607573301 ] } },
{ "type": "Feature", "properties": { "ACCESS_ID": "PW400", "OBJECTID": 512, "PLACE": "Holden Beach", "ACCESS_LOC": "801 Ocean Blvd West", "LOCL_SPONS": " ", "CAMA_SIGN": "Yes", "PARKING": 12.0, "DUNE_WALK": "Y", "OVERLOOK": "Yes", "HAND_DUNE": "Yes", "HAND_OVRLK": "Yes", "HAND_BEACH": "No", "HAND_PRKG": 1.0, "RESTRM": "N", "SHOWER": "N", "PIC_TABLE": "Yes", "VEH_ACCESS": "No", "BIKE_RACK": "Yes", "SURV_DATE": 1713484800000.0, "COMMENT_": " ", "PRKG_COMMENTS": "Parking across the street on north side of road", "COUNTY": "Brunswick", "DCM_RO": "Wilmington Regional Office", "NCDCM_ID": 519.0, "PHOTO": "Neighborhood.png", "PRK_FEE": "No", "DCM_Funded": "N", "CONTRACT_YR": null, "CONTRACT_NUM": null, "ACESS_TYPE": "Beach", "KayakCanoeLaunch": "No", "PARKING_OPTIONS": "Parking off-site", "BeachWheelchair": "N", "BWC_Info": "n/a", "PaidParkURL": "n/a", "WaterAccessTYPE": "Ocean", "BeachMat": null, "Land_Status": "Municipality", "NEAR_FID": 839.0, "NEAR_DIST": 2022.3481077973211, "ACCESSIBILITY_NOTES": null, "LIFEGUARDS": null }, "geometry": { "type": "Point", "coordinates": [ -78.326129241753705, 33.908834184602199 ] } },
{ "type": "Feature", "properties": { "ACCESS_ID": "PW380", "OBJECTID": 507, "PLACE": "Holden Beach", "ACCESS_LOC": "677.5 Ocean Blvd West", "LOCL_SPONS": " ", "CAMA_SIGN": "Yes", "PARKING": null, "DUNE_WALK": "Y", "OVERLOOK": "No", "HAND_DUNE": "Yes", "HAND_OVRLK": "No", "HAND_BEACH": "No", "HAND_PRKG": null, "RESTRM": "N", "SHOWER": "N", "PIC_TABLE": "No", "VEH_ACCESS": "No", "BIKE_RACK": "Yes", "SURV_DATE": 1713484800000.0, "COMMENT_": " ", "PRKG_COMMENTS": null, "COUNTY": "Brunswick", "DCM_RO": "Wilmington Regional Office", "NCDCM_ID": 518.0, "PHOTO": "Local.png", "PRK_FEE": null, "DCM_Funded": "N", "CONTRACT_YR": null, "CONTRACT_NUM": null, "ACESS_TYPE": "Beach", "KayakCanoeLaunch": "No", "PARKING_OPTIONS": "No Parking", "BeachWheelchair": "N", "BWC_Info": "n/a", "PaidParkURL": "n/a", "WaterAccessTYPE": "Ocean", "BeachMat": null, "Land_Status": "Municipality", "NEAR_FID": 501.0, "NEAR_DIST": 2709.9752225905982, "ACCESSIBILITY_NOTES": null, "LIFEGUARDS": null }, "geometry": { "type": "Point", "coordinates": [ -78.316031872533003, 33.909788209680102 ] } },
{ "type": "Feature", "properties": { "ACCESS_ID": "PW360", "OBJECTID": 501, "PLACE": "Holden Beach", "ACCESS_LOC": "567.5 Ocean Blvd West", "LOCL_SPONS": " ", "CAMA_SIGN": "Yes", "PARKING": null, "DUNE_WALK": "Y", "OVERLOOK": "No", "HAND_DUNE": "Yes", "HAND_OVRLK": "No", "HAND_BEACH": "Y", "HAND_PRKG": null, "RESTRM": "N", "SHOWER": "N", "PIC_TABLE": "No", "VEH_ACCESS": " ", "BIKE_RACK": "Yes", "SURV_DATE": 1713484800000.0, "COMMENT_": " ", "PRKG_COMMENTS": "Street parking on Starfish Dr. Handicapped Parking", "COUNTY": "Brunswick", "DCM_RO": "Wilmington Regional Office", "NCDCM_ID": 517.0, "PHOTO": "Local.png", "PRK_FEE": "No", "DCM_Funded": "N", "CONTRACT_YR": null, "CONTRACT_NUM": null, "ACESS_TYPE": "Beach", "KayakCanoeLaunch": "No", "PARKING_OPTIONS": "On-Street Parking", "BeachWheelchair": "N", "BWC_Info": "n/a", "PaidParkURL": "n/a", "WaterAccessTYPE": "Ocean", "BeachMat": null, "Land_Status": "Municipality", "NEAR_FID": 903.0, "NEAR_DIST": 2628.6076648282851, "ACCESSIBILITY_NOTES": null, "LIFEGUARDS": null }, "geometry": { "type": "Point", "coordinates": [ -78.307157784150505, 33.910621698211202 ] } },
{ "type": "Feature", "properties": { "ACCESS_ID": "PW340", "OBJECTID": 903, "PLACE": "Holden Beach", "ACCESS_LOC": "441 Ocean Blvd W", "LOCL_SPONS": "Holden Beach", "CAMA_SIGN": "Yes", "PARKING": 40.0, "DUNE_WALK": "Y", "OVERLOOK": "N", "HAND_DUNE": "Y", "HAND_OVRLK": "N", "HAND_BEACH": "Y", "HAND_PRKG": 2.0, "RESTRM": "Y", "SHOWER": "Y", "PIC_TABLE": "N", "VEH_ACCESS": "E", "BIKE_RACK": "N", "SURV_DATE": 1716336000000.0, "COMMENT_": null, "PRKG_COMMENTS": null, "COUNTY": "Brunswick", "DCM_RO": "WILM", "NCDCM_ID": null, "PHOTO": null, "PRK_FEE": null, "DCM_Funded": "Y", "CONTRACT_YR": "2021", "CONTRACT_NUM": "CW24248", "ACESS_TYPE": "Beach", "KayakCanoeLaunch": "N", "PARKING_OPTIONS": "Onsite Parking", "BeachWheelchair": "N", "BWC_Info": "n/a", "PaidParkURL": "n/a", "WaterAccessTYPE": "Ocean", "BeachMat": "Yes", "Land_Status": "Municipality", "NEAR_FID": 497.0, "NEAR_DIST": 1895.9311100665122, "ACCESSIBILITY_NOTES": null, "LIFEGUARDS": null }, "geometry": { "type": "Point", "coordinates": [ -78.297508208246597, 33.911113517855597 ] } },
{ "type": "Feature", "properties": { "ACCESS_ID": "SE 79th Street", "OBJECTID": 370, "PLACE": "Oak Island", "ACCESS_LOC": "SE 79th and E Beach Dr", "LOCL_SPONS": "Oak Island", "CAMA_SIGN": "No", "PARKING": 6.0, "DUNE_WALK": "N", "OVERLOOK": "No", "HAND_DUNE": "No", "HAND_OVRLK": "No", "HAND_BEACH": "No", "HAND_PRKG": null, "RESTRM": "N", "SHOWER": "N", "PIC_TABLE": "No", "VEH_ACCESS": "No", "BIKE_RACK": "No", "SURV_DATE": 1713529268839.0, "COMMENT_": "Doggie Box", "PRKG_COMMENTS": null, "COUNTY": "Brunswick", "DCM_RO": "Wilmington Regional Office", "NCDCM_ID": 157.0, "PHOTO": "Local.png", "PRK_FEE": "No", "DCM_Funded": "Y", "CONTRACT_YR": null, "CONTRACT_NUM": null, "ACESS_TYPE": "Beach", "KayakCanoeLaunch": "No", "PARKING_OPTIONS": "Onsite Parking", "BeachWheelchair": "Y", "BWC_Info": "https://oakisland.recdesk.com/Community/Page?pageId=8056", "PaidParkURL": "n/a", "WaterAccessTYPE": "Ocean", "BeachMat": "No", "Land_Status": "Municipality", "NEAR_FID": 373.0, "NEAR_DIST": 299.29725995024529, "ACCESSIBILITY_NOTES": null, "LIFEGUARDS": null }, "geometry": { "type": "Point", "coordinates": [ -78.086094340321907, 33.905221445239803 ] } },
{ "type": "Feature", "properties": { "ACCESS_ID": "SE 78th Street", "OBJECTID": 373, "PLACE": "Oak Island", "ACCESS_LOC": "SE 78th and E Beach Dr", "LOCL_SPONS": "Oak Island", "CAMA_SIGN": "No", "PARKING": 8.0, "DUNE_WALK": "N", "OVERLOOK": "No", "HAND_DUNE": "No", "HAND_OVRLK": "No", "HAND_BEACH": "No", "HAND_PRKG": null, "RESTRM": "N", "SHOWER": "N", "PIC_TABLE": "No", "VEH_ACCESS": "No", "BIKE_RACK": "No", "SURV_DATE": 1713529268839.0, "COMMENT_": "Doggie Box", "PRKG_COMMENTS": null, "COUNTY": "Brunswick", "DCM_RO": "Wilmington Regional Office", "NCDCM_ID": 158.0, "PHOTO": "Neighborhood.png", "PRK_FEE": "No", "DCM_Funded": "Y", "CONTRACT_YR": null, "CONTRACT_NUM": null, "ACESS_TYPE": "Beach", "KayakCanoeLaunch": "No", "PARKING_OPTIONS": "Onsite Parking", "BeachWheelchair": "Y", "BWC_Info": "https://oakisland.recdesk.com/Community/Page?pageId=8056", "PaidParkURL": "n/a", "WaterAccessTYPE": "Ocean", "BeachMat": "No", "Land_Status": "Municipality", "NEAR_FID": 370.0, "NEAR_DIST": 299.29725995024529, "ACCESSIBILITY_NOTES": null, "LIFEGUARDS": null }, "geometry": { "type": "Point", "coordinates": [ -78.087069635836002, 33.905343505663502 ] } },
{ "type": "Feature", "properties": { "ACCESS_ID": "SE 77th Street", "OBJECTID": 375, "PLACE": "Oak Island", "ACCESS_LOC": "SE 77th and E Beach Dr", "LOCL_SPONS": "Oak Island", "CAMA_SIGN": "No", "PARKING": 9.0, "DUNE_WALK": "N", "OVERLOOK": "No", "HAND_DUNE": "No", "HAND_OVRLK": "No", "HAND_BEACH": "No", "HAND_PRKG": null, "RESTRM": "N", "SHOWER": "N", "PIC_TABLE": "No", "VEH_ACCESS": "No", "BIKE_RACK": "No", "SURV_DATE": 1713529268839.0, "COMMENT_": "Doggie Box", "PRKG_COMMENTS": null, "COUNTY": "Brunswick", "DCM_RO": "Wilmington Regional Office", "NCDCM_ID": 159.0, "PHOTO": "Neighborhood.png", "PRK_FEE": "No", "DCM_Funded": "N", "CONTRACT_YR": null, "CONTRACT_NUM": null, "ACESS_TYPE": "Beach", "KayakCanoeLaunch": "No", "PARKING_OPTIONS": "Onsite Parking", "BeachWheelchair": "Y", "BWC_Info": "https://oakisland.recdesk.com/Community/Page?pageId=8056", "PaidParkURL": "n/a", "WaterAccessTYPE": "Ocean", "BeachMat": "No", "Land_Status": "Municipality", "NEAR_FID": 378.0, "NEAR_DIST": 300.25767102113969, "ACCESSIBILITY_NOTES": null, "LIFEGUARDS": null }, "geometry": { "type": "Point", "coordinates": [ -78.088073630726797, 33.905559091761802 ] } },
{ "type": "Feature", "properties": { "ACCESS_ID": "SE 75th Street", "OBJECTID": 378, "PLACE": "Oak Island", "ACCESS_LOC": "SE 76th and E Beach Drive", "LOCL_SPONS": "Oak Island", "CAMA_SIGN": "No", "PARKING": 4.0, "DUNE_WALK": "N", "OVERLOOK": "No", "HAND_DUNE": "No", "HAND_OVRLK": "No", "HAND_BEACH": "No", "HAND_PRKG": null, "RESTRM": "N", "SHOWER": "N", "PIC_TABLE": "No", "VEH_ACCESS": "E", "BIKE_RACK": "No", "SURV_DATE": 1713529268839.0, "COMMENT_": "Doggie Box", "PRKG_COMMENTS": null, "COUNTY": "Brunswick", "DCM_RO": "Wilmington Regional Office", "NCDCM_ID": 160.0, "PHOTO": "Neighborhood.png", "PRK_FEE": "No", "DCM_Funded": "Y", "CONTRACT_YR": null, "CONTRACT_NUM": null, "ACESS_TYPE": "Beach", "KayakCanoeLaunch": "No", "PARKING_OPTIONS": "Onsite Parking", "BeachWheelchair": "Y", "BWC_Info": "https://oakisland.recdesk.com/Community/Page?pageId=8056", "PaidParkURL": "n/a", "WaterAccessTYPE": "Ocean", "BeachMat": "No", "Land_Status": "Municipality", "NEAR_FID": 375.0, "NEAR_DIST": 300.25767102113969, "ACCESSIBILITY_NOTES": null, "LIFEGUARDS": null }, "geometry": { "type": "Point", "coordinates": [ -78.089042734153594, 33.905725289022499 ] } },
{ "type": "Feature", "properties": { "ACCESS_ID": "SE 75th Street", "OBJECTID": 381, "PLACE": "Oak Island", "ACCESS_LOC": "SE 75th and E Beach Dr", "LOCL_SPONS": "Oak Island", "CAMA_SIGN": "No", "PARKING": 8.0, "DUNE_WALK": "N", "OVERLOOK": "No", "HAND_DUNE": "No", "HAND_OVRLK": "No", "HAND_BEACH": "No", "HAND_PRKG": null, "RESTRM": "N", "SHOWER": "N", "PIC_TABLE": "No", "VEH_ACCESS": "No", "BIKE_RACK": "No", "SURV_DATE": 1713529268839.0, "COMMENT_": "Doggie Box", "PRKG_COMMENTS": null, "COUNTY": "Brunswick", "DCM_RO": "Wilmington Regional Office", "NCDCM_ID": 161.0, "PHOTO": "Neighborhood.png", "PRK_FEE": "No", "DCM_Funded": "N", "CONTRACT_YR": null, "CONTRACT_NUM": null, "ACESS_TYPE": "Beach", "KayakCanoeLaunch": "No", "PARKING_OPTIONS": "Onsite Parking", "BeachWheelchair": "Y", "BWC_Info": "https://oakisland.recdesk.com/Community/Page?pageId=8056", "PaidParkURL": "n/a", "WaterAccessTYPE": "Ocean", "BeachMat": "No", "Land_Status": "Municipality", "NEAR_FID": 384.0, "NEAR_DIST": 306.6051206284107, "ACCESSIBILITY_NOTES": null, "LIFEGUARDS": null }, "geometry": { "type": "Point", "coordinates": [ -78.090036623895699, 33.905909309343301 ] } },
{ "type": "Feature", "properties": { "ACCESS_ID": "SE 74th Street", "OBJECTID": 384, "PLACE": "Oak Island", "ACCESS_LOC": "SE 74th and E Beach Dr", "LOCL_SPONS": "Oak Island", "CAMA_SIGN": "No", "PARKING": 7.0, "DUNE_WALK": "N", "OVERLOOK": "No", "HAND_DUNE": "No", "HAND_OVRLK": "No", "HAND_BEACH": "No", "HAND_PRKG": null, "RESTRM": "N", "SHOWER": "N", "PIC_TABLE": "No", "VEH_ACCESS": "No", "BIKE_RACK": "No", "SURV_DATE": 1713529268839.0, "COMMENT_": "Doggie Box", "PRKG_COMMENTS": null, "COUNTY": "Brunswick", "DCM_RO": "Wilmington Regional Office", "NCDCM_ID": 162.0, "PHOTO": "Neighborhood.png", "PRK_FEE": "No", "DCM_Funded": "Y", "CONTRACT_YR": null, "CONTRACT_NUM": null, "ACESS_TYPE": "Beach", "KayakCanoeLaunch": "No", "PARKING_OPTIONS": "Onsite Parking", "BeachWheelchair": "Y", "BWC_Info": "https://oakisland.recdesk.com/Community/Page?pageId=8056", "PaidParkURL": "n/a", "WaterAccessTYPE": "Ocean", "BeachMat": "Yes", "Land_Status": "Municipality", "NEAR_FID": 381.0, "NEAR_DIST": 306.6051206284107, "ACCESSIBILITY_NOTES": null, "LIFEGUARDS": null }, "geometry": { "type": "Point", "coordinates": [ -78.091039247059101, 33.906013012347898 ] } },
{ "type": "Feature", "properties": { "ACCESS_ID": "SE 73rd St", "OBJECTID": 387, "PLACE": "Oak Island", "ACCESS_LOC": "End of SE 73rd St", "LOCL_SPONS": "Oak Island", "CAMA_SIGN": "No", "PARKING": 4.0, "DUNE_WALK": "N", "OVERLOOK": "No", "HAND_DUNE": "No", "HAND_OVRLK": "No", "HAND_BEACH": "No", "HAND_PRKG": null, "RESTRM": "N", "SHOWER": "N", "PIC_TABLE": "No", "VEH_ACCESS": "No", "BIKE_RACK": "No", "SURV_DATE": 1713529268839.0, "COMMENT_": "Doggie Box", "PRKG_COMMENTS": "", "COUNTY": "Brunswick", "DCM_RO": "Wilmington Regional Office", "NCDCM_ID": 163.0, "PHOTO": "Local.png", "PRK_FEE": "No", "DCM_Funded": "N", "CONTRACT_YR": null, "CONTRACT_NUM": null, "ACESS_TYPE": "Beach", "KayakCanoeLaunch": "No", "PARKING_OPTIONS": "Onsite Parking", "BeachWheelchair": "Y", "BWC_Info": "https://oakisland.recdesk.com/Community/Page?pageId=8056", "PaidParkURL": "n/a", "WaterAccessTYPE": "Ocean", "BeachMat": "No", "Land_Status": "Municipality", "NEAR_FID": 390.0, "NEAR_DIST": 316.73039696492799, "ACCESSIBILITY_NOTES": null, "LIFEGUARDS": null }, "geometry": { "type": "Point", "coordinates": [ -78.092342146479197, 33.906313572457897 ] } },
{ "type": "Feature", "properties": { "ACCESS_ID": "SE 72nd Street", "OBJECTID": 390, "PLACE": "Oak Island", "ACCESS_LOC": "End of SE 72nd St", "LOCL_SPONS": "Oak Island", "CAMA_SIGN": "No", "PARKING": 4.0, "DUNE_WALK": "N", "OVERLOOK": "No", "HAND_DUNE": "No", "HAND_OVRLK": "No", "HAND_BEACH": "No", "HAND_PRKG": null, "RESTRM": "N", "SHOWER": "N", "PIC_TABLE": "No", "VEH_ACCESS": "E", "BIKE_RACK": "No", "SURV_DATE": 1713529268839.0, "COMMENT_": "Doggie Box", "PRKG_COMMENTS": "", "COUNTY": "Brunswick", "DCM_RO": "Wilmington Regional Office", "NCDCM_ID": 164.0, "PHOTO": "Local.png", "PRK_FEE": "No", "DCM_Funded": "Y", "CONTRACT_YR": null, "CONTRACT_NUM": null, "ACESS_TYPE": "Beach", "KayakCanoeLaunch": "No", "PARKING_OPTIONS": "Onsite Parking", "BeachWheelchair": "Y", "BWC_Info": "https://oakisland.recdesk.com/Community/Page?pageId=8056", "PaidParkURL": "n/a", "WaterAccessTYPE": "Ocean", "BeachMat": "No", "Land_Status": "Municipality", "NEAR_FID": 392.0, "NEAR_DIST": 298.85780172283995, "ACCESSIBILITY_NOTES": null, "LIFEGUARDS": null }, "geometry": { "type": "Point", "coordinates": [ -78.093265679269905, 33.906718934838601 ] } },
{ "type": "Feature", "properties": { "ACCESS_ID": "SE 70th Street", "OBJECTID": 610, "PLACE": "Oak Island", "ACCESS_LOC": "SE 70th and E Beach Dr", "LOCL_SPONS": "Oak Island", "CAMA_SIGN": "Yes", "PARKING": 8.0, "DUNE_WALK": "N", "OVERLOOK": "No", "HAND_DUNE": "No", "HAND_OVRLK": "No", "HAND_BEACH": "No", "HAND_PRKG": null, "RESTRM": "N", "SHOWER": "N", "PIC_TABLE": "No", "VEH_ACCESS": "E", "BIKE_RACK": "No", "SURV_DATE": 1713529268839.0, "COMMENT_": "Doggie Box", "PRKG_COMMENTS": null, "COUNTY": "Brunswick", "DCM_RO": "Wilmington Regional Office", "NCDCM_ID": 166.0, "PHOTO": "Neighborhood.png", "PRK_FEE": "No", "DCM_Funded": "Y", "CONTRACT_YR": null, "CONTRACT_NUM": null, "ACESS_TYPE": "Beach", "KayakCanoeLaunch": "No", "PARKING_OPTIONS": "Onsite Parking", "BeachWheelchair": "Y", "BWC_Info": "https://oakisland.recdesk.com/Community/Page?pageId=8056", "PaidParkURL": "n/a", "WaterAccessTYPE": "Ocean", "BeachMat": "No", "Land_Status": "Municipality", "NEAR_FID": 612.0, "NEAR_DIST": 300.66220307521655, "ACCESSIBILITY_NOTES": null, "LIFEGUARDS": null }, "geometry": { "type": "Point", "coordinates": [ -78.095260889618203, 33.906798659868699 ] } },
{ "type": "Feature", "properties": { "ACCESS_ID": "SE 71st St", "OBJECTID": 392, "PLACE": "Oak Island", "ACCESS_LOC": "SE 71st and E Beach Dr", "LOCL_SPONS": " ", "CAMA_SIGN": "No", "PARKING": 16.0, "DUNE_WALK": "N", "OVERLOOK": "No", "HAND_DUNE": "No", "HAND_OVRLK": "No", "HAND_BEACH": "No", "HAND_PRKG": null, "RESTRM": "N", "SHOWER": "N", "PIC_TABLE": "No", "VEH_ACCESS": "No", "BIKE_RACK": "No", "SURV_DATE": 1713529268839.0, "COMMENT_": "Doggie Box", "PRKG_COMMENTS": null, "COUNTY": "Brunswick", "DCM_RO": "Wilmington Regional Office", "NCDCM_ID": 165.0, "PHOTO": "Neighborhood.png", "PRK_FEE": "No", "DCM_Funded": "Y", "CONTRACT_YR": null, "CONTRACT_NUM": null, "ACESS_TYPE": "Beach", "KayakCanoeLaunch": "No", "PARKING_OPTIONS": "Onsite Parking", "BeachWheelchair": "Y", "BWC_Info": "https://oakisland.recdesk.com/Community/Page?pageId=8056", "PaidParkURL": "n/a", "WaterAccessTYPE": "Ocean", "BeachMat": null, "Land_Status": "Municipality", "NEAR_FID": 390.0, "NEAR_DIST": 298.85780172283995, "ACCESSIBILITY_NOTES": null, "LIFEGUARDS": null }, "geometry": { "type": "Point", "coordinates": [ -78.094238190904903, 33.906848190685501 ] } },
{ "type": "Feature", "properties": { "ACCESS_ID": "Public Beach Access #15", "OBJECTID": 456, "PLACE": "Bald Head Island", "ACCESS_LOC": "Across from Snowy Egret Trail on South Bald Head Wynd", "LOCL_SPONS": "Bald Head Island", "CAMA_SIGN": "No", "PARKING": 12.0, "DUNE_WALK": "Y", "OVERLOOK": "No", "HAND_DUNE": "Y", "HAND_OVRLK": "No", "HAND_BEACH": "Y", "HAND_PRKG": null, "RESTRM": "N", "SHOWER": "N", "PIC_TABLE": "No", "VEH_ACCESS": "No", "BIKE_RACK": "Yes", "SURV_DATE": 1628505376000.0, "COMMENT_": null, "PRKG_COMMENTS": null, "COUNTY": "Brunswick", "DCM_RO": "Wilmington Regional Office", "NCDCM_ID": 330.0, "PHOTO": "BH09.png", "PRK_FEE": "No", "DCM_Funded": "N", "CONTRACT_YR": null, "CONTRACT_NUM": null, "ACESS_TYPE": "Beach", "KayakCanoeLaunch": "No", "PARKING_OPTIONS": "Onsite Parking", "BeachWheelchair": "Y", "BWC_Info": "https://live-village-bhi.pantheonsite.io/departments-services/public-safety/beach-wheelchair-information/", "PaidParkURL": "n/a", "WaterAccessTYPE": "Ocean", "BeachMat": null, "Land_Status": "Municipality", "NEAR_FID": 459.0, "NEAR_DIST": 706.91442574250311, "ACCESSIBILITY_NOTES": null, "LIFEGUARDS": null }, "geometry": { "type": "Point", "coordinates": [ -78.001695796697206, 33.858112434317597 ] } },
{ "type": "Feature", "properties": { "ACCESS_ID": "Public Beach Access #13", "OBJECTID": 453, "PLACE": "Bald Head Island", "ACCESS_LOC": "Across from Bald Head Island  Villas on South Bald Head Wynd", "LOCL_SPONS": "Bald Head Island", "CAMA_SIGN": "No", "PARKING": 9.0, "DUNE_WALK": "Y", "OVERLOOK": "No", "HAND_DUNE": "No", "HAND_OVRLK": "No", "HAND_BEACH": "No", "HAND_PRKG": 0.0, "RESTRM": "N", "SHOWER": "N", "PIC_TABLE": "No", "VEH_ACCESS": "No", "BIKE_RACK": "No", "SURV_DATE": 1628505376000.0, "COMMENT_": null, "PRKG_COMMENTS": null, "COUNTY": "Brunswick", "DCM_RO": "Wilmington Regional Office", "NCDCM_ID": 329.0, "PHOTO": "BH08.png", "PRK_FEE": "No", "DCM_Funded": "N", "CONTRACT_YR": null, "CONTRACT_NUM": null, "ACESS_TYPE": "Beach", "KayakCanoeLaunch": "No", "PARKING_OPTIONS": "Onsite Parking", "BeachWheelchair": "Y", "BWC_Info": "https://live-village-bhi.pantheonsite.io/departments-services/public-safety/beach-wheelchair-information/", "PaidParkURL": "n/a", "WaterAccessTYPE": "Ocean", "BeachMat": null, "Land_Status": "Municipality", "NEAR_FID": 456.0, "NEAR_DIST": 869.78133605922892, "ACCESSIBILITY_NOTES": null, "LIFEGUARDS": null }, "geometry": { "type": "Point", "coordinates": [ -78.003831941933797, 33.859704521030999 ] } },
{ "type": "Feature", "properties": { "ACCESS_ID": "Public Beach Access #8", "OBJECTID": 447, "PLACE": "Bald Head Island", "ACCESS_LOC": "Seagull Trail off of West Bald Head Wynd", "LOCL_SPONS": " ", "CAMA_SIGN": "No", "PARKING": 8.0, "DUNE_WALK": "Y", "OVERLOOK": "No", "HAND_DUNE": "No", "HAND_OVRLK": "No", "HAND_BEACH": "No", "HAND_PRKG": null, "RESTRM": "N", "SHOWER": "N", "PIC_TABLE": "No", "VEH_ACCESS": "No", "BIKE_RACK": "Yes", "SURV_DATE": 1628505376000.0, "COMMENT_": null, "PRKG_COMMENTS": null, "COUNTY": "Brunswick", "DCM_RO": "Wilmington Regional Office", "NCDCM_ID": 327.0, "PHOTO": "BH06.png", "PRK_FEE": "No", "DCM_Funded": "N", "CONTRACT_YR": null, "CONTRACT_NUM": null, "ACESS_TYPE": "Beach", "KayakCanoeLaunch": "No", "PARKING_OPTIONS": "Onsite Parking", "BeachWheelchair": "Y", "BWC_Info": "https://live-village-bhi.pantheonsite.io/departments-services/public-safety/beach-wheelchair-information/", "PaidParkURL": "n/a", "WaterAccessTYPE": "Ocean", "BeachMat": null, "Land_Status": "Municipality", "NEAR_FID": 445.0, "NEAR_DIST": 768.69852161520976, "ACCESSIBILITY_NOTES": null, "LIFEGUARDS": null }, "geometry": { "type": "Point", "coordinates": [ -78.004249999900694, 33.871163000202202 ] } },
{ "type": "Feature", "properties": { "ACCESS_ID": "Village Creek Access", "OBJECTID": 860, "PLACE": "Bald Head Island", "ACCESS_LOC": "Federal Rd, Bald Head Island, NC 28461", "LOCL_SPONS": "Bald Head Island", "CAMA_SIGN": "Unknown", "PARKING": null, "DUNE_WALK": "N", "OVERLOOK": "N", "HAND_DUNE": "N", "HAND_OVRLK": null, "HAND_BEACH": null, "HAND_PRKG": null, "RESTRM": "Y", "SHOWER": null, "PIC_TABLE": "N", "VEH_ACCESS": null, "BIKE_RACK": null, "SURV_DATE": 1657554784371.0, "COMMENT_": null, "PRKG_COMMENTS": null, "COUNTY": "New Hanover", "DCM_RO": "WILM", "NCDCM_ID": null, "PHOTO": null, "PRK_FEE": null, "DCM_Funded": "Y", "CONTRACT_YR": "2013-14", "CONTRACT_NUM": "5862", "ACESS_TYPE": "Shoreline", "KayakCanoeLaunch": "Y", "PARKING_OPTIONS": "Onsite Parking", "BeachWheelchair": "N", "BWC_Info": null, "PaidParkURL": "n/a", "WaterAccessTYPE": "Estuarine", "BeachMat": null, "Land_Status": "Municipality", "NEAR_FID": 445.0, "NEAR_DIST": 1569.5715843952269, "ACCESSIBILITY_NOTES": null, "LIFEGUARDS": null }, "geometry": { "type": "Point", "coordinates": [ -77.998311438239696, 33.871988839006697 ] } },
{ "type": "Feature", "properties": { "ACCESS_ID": "Public Beach Access #7", "OBJECTID": 445, "PLACE": "Bald Head Island", "ACCESS_LOC": "Green Teal Trail off of West Bald Head Wynd", "LOCL_SPONS": "Bald Head Island", "CAMA_SIGN": "No", "PARKING": 7.0, "DUNE_WALK": "Y", "OVERLOOK": "No", "HAND_DUNE": "No", "HAND_OVRLK": "No", "HAND_BEACH": "No", "HAND_PRKG": 0.0, "RESTRM": "N", "SHOWER": "N", "PIC_TABLE": "No", "VEH_ACCESS": "No", "BIKE_RACK": "Yes", "SURV_DATE": 1628505376000.0, "COMMENT_": null, "PRKG_COMMENTS": null, "COUNTY": "Brunswick", "DCM_RO": "Wilmington Regional Office", "NCDCM_ID": 326.0, "PHOTO": "BH05.png", "PRK_FEE": "No", "DCM_Funded": "N", "CONTRACT_YR": null, "CONTRACT_NUM": null, "ACESS_TYPE": "Beach", "KayakCanoeLaunch": "No", "PARKING_OPTIONS": "Onsite Parking", "BeachWheelchair": "Y", "BWC_Info": "https://live-village-bhi.pantheonsite.io/departments-services/public-safety/beach-wheelchair-information/", "PaidParkURL": "n/a", "WaterAccessTYPE": "Ocean", "BeachMat": null, "Land_Status": "Municipality", "NEAR_FID": 447.0, "NEAR_DIST": 768.69852161520976, "ACCESSIBILITY_NOTES": null, "LIFEGUARDS": null }, "geometry": { "type": "Point", "coordinates": [ -78.003300061132194, 33.873120713972497 ] } },
{ "type": "Feature", "properties": { "ACCESS_ID": "Public Beach Access #4", "OBJECTID": 399, "PLACE": "Bald Head Island", "ACCESS_LOC": "Adjacent to Marina Mouth on the South side", "LOCL_SPONS": " ", "CAMA_SIGN": "No", "PARKING": 0.0, "DUNE_WALK": "Y", "OVERLOOK": "Yes", "HAND_DUNE": "No", "HAND_OVRLK": "No", "HAND_BEACH": "No", "HAND_PRKG": 0.0, "RESTRM": "N", "SHOWER": "N", "PIC_TABLE": "No", "VEH_ACCESS": " ", "BIKE_RACK": "Yes", "SURV_DATE": 1628505376000.0, "COMMENT_": null, "PRKG_COMMENTS": null, "COUNTY": "Brunswick", "DCM_RO": "Wilmington Regional Office", "NCDCM_ID": 324.0, "PHOTO": "BH02.png", "PRK_FEE": null, "DCM_Funded": "N", "CONTRACT_YR": null, "CONTRACT_NUM": null, "ACESS_TYPE": "Beach", "KayakCanoeLaunch": "No", "PARKING_OPTIONS": "No Parking", "BeachWheelchair": "Y", "BWC_Info": "https://live-village-bhi.pantheonsite.io/departments-services/public-safety/beach-wheelchair-information/", "PaidParkURL": "n/a", "WaterAccessTYPE": "Ocean", "BeachMat": null, "Land_Status": "Municipality", "NEAR_FID": 833.0, "NEAR_DIST": 215.399367181847, "ACCESSIBILITY_NOTES": null, "LIFEGUARDS": null }, "geometry": { "type": "Point", "coordinates": [ -78.001171233571895, 33.876712244830301 ] } },
{ "type": "Feature", "properties": { "ACCESS_ID": "Public Beach Access #3", "OBJECTID": 833, "PLACE": "Bald Head Island", "ACCESS_LOC": null, "LOCL_SPONS": "Bald Head Island", "CAMA_SIGN": "Unknown", "PARKING": 0.0, "DUNE_WALK": "N", "OVERLOOK": "N", "HAND_DUNE": "N", "HAND_OVRLK": "N", "HAND_BEACH": "N", "HAND_PRKG": 0.0, "RESTRM": "N", "SHOWER": "N", "PIC_TABLE": "N", "VEH_ACCESS": "No", "BIKE_RACK": "N", "SURV_DATE": 1628505376000.0, "COMMENT_": null, "PRKG_COMMENTS": "Parking by Permit Only", "COUNTY": "Brunswick", "DCM_RO": "WILM", "NCDCM_ID": null, "PHOTO": null, "PRK_FEE": null, "DCM_Funded": "N", "CONTRACT_YR": null, "CONTRACT_NUM": null, "ACESS_TYPE": "Shoreline", "KayakCanoeLaunch": "N", "PARKING_OPTIONS": "Onsite Parking", "BeachWheelchair": "Y", "BWC_Info": "https://live-village-bhi.pantheonsite.io/departments-services/public-safety/beach-wheelchair-information/", "PaidParkURL": "n/a", "WaterAccessTYPE": "Estuarine", "BeachMat": null, "Land_Status": "Municipality", "NEAR_FID": 399.0, "NEAR_DIST": 215.399367181847, "ACCESSIBILITY_NOTES": null, "LIFEGUARDS": null }, "geometry": { "type": "Point", "coordinates": [ -78.000795000266194, 33.877214000222999 ] } },
{ "type": "Feature", "properties": { "ACCESS_ID": "Public Beach Access #2", "OBJECTID": 398, "PLACE": "Bald Head Island", "ACCESS_LOC": "West End of Transom Row in Harbor Village", "LOCL_SPONS": " ", "CAMA_SIGN": "No", "PARKING": null, "DUNE_WALK": "Y", "OVERLOOK": "No", "HAND_DUNE": "No", "HAND_OVRLK": "No", "HAND_BEACH": "No", "HAND_PRKG": null, "RESTRM": "N", "SHOWER": "N", "PIC_TABLE": "No", "VEH_ACCESS": "No", "BIKE_RACK": "Yes", "SURV_DATE": 1628505376000.0, "COMMENT_": null, "PRKG_COMMENTS": "Parking by Permit Only", "COUNTY": "Brunswick", "DCM_RO": "Wilmington Regional Office", "NCDCM_ID": 323.0, "PHOTO": "BH04.png", "PRK_FEE": "No", "DCM_Funded": "N", "CONTRACT_YR": null, "CONTRACT_NUM": null, "ACESS_TYPE": "Beach", "KayakCanoeLaunch": "No", "PARKING_OPTIONS": "Onsite Parking", "BeachWheelchair": "Y", "BWC_Info": "https://live-village-bhi.pantheonsite.io/departments-services/public-safety/beach-wheelchair-information/", "PaidParkURL": "n/a", "WaterAccessTYPE": "Ocean", "BeachMat": null, "Land_Status": "Municipality", "NEAR_FID": 397.0, "NEAR_DIST": 451.28862924548326, "ACCESSIBILITY_NOTES": null, "LIFEGUARDS": null }, "geometry": { "type": "Point", "coordinates": [ -77.999383546630597, 33.878982534648202 ] } },
{ "type": "Feature", "properties": { "ACCESS_ID": "Public Beach Access  #1", "OBJECTID": 397, "PLACE": "Bald Head Island", "ACCESS_LOC": "Adjacent to Gazebo in Harbor Village off of Turks Head Court", "LOCL_SPONS": "Bald Head Island", "CAMA_SIGN": "No", "PARKING": null, "DUNE_WALK": "Y", "OVERLOOK": "Yes", "HAND_DUNE": "No", "HAND_OVRLK": "No", "HAND_BEACH": "No", "HAND_PRKG": null, "RESTRM": "N", "SHOWER": "N", "PIC_TABLE": "No", "VEH_ACCESS": " ", "BIKE_RACK": "No", "SURV_DATE": 1628505376000.0, "COMMENT_": null, "PRKG_COMMENTS": "Parking by Permit Only", "COUNTY": "Brunswick", "DCM_RO": "Wilmington Regional Office", "NCDCM_ID": 322.0, "PHOTO": "BH03.png", "PRK_FEE": null, "DCM_Funded": "N", "CONTRACT_YR": null, "CONTRACT_NUM": null, "ACESS_TYPE": "Beach", "KayakCanoeLaunch": "No", "PARKING_OPTIONS": "No Parking", "BeachWheelchair": "Y", "BWC_Info": "https://live-village-bhi.pantheonsite.io/departments-services/public-safety/beach-wheelchair-information/", "PaidParkURL": "n/a", "WaterAccessTYPE": "Ocean", "BeachMat": null, "Land_Status": "Municipality", "NEAR_FID": 398.0, "NEAR_DIST": 451.28862924548326, "ACCESSIBILITY_NOTES": null, "LIFEGUARDS": null }, "geometry": { "type": "Point", "coordinates": [ -77.998090326557602, 33.879594033350003 ] } },
{ "type": "Feature", "properties": { "ACCESS_ID": "Federal Point, Buzzard Bay", "OBJECTID": 911, "PLACE": "NC WRC", "ACCESS_LOC": "2515 S FORT FISHER BLVD", "LOCL_SPONS": "Military Ocean Termilnal Sunny Point", "CAMA_SIGN": "No", "PARKING": 13.0, "DUNE_WALK": "N", "OVERLOOK": "N", "HAND_DUNE": "N", "HAND_OVRLK": "N", "HAND_BEACH": "N", "HAND_PRKG": 2.0, "RESTRM": "N", "SHOWER": "N", "PIC_TABLE": "N", "VEH_ACCESS": "No", "BIKE_RACK": "N", "SURV_DATE": 1700524800000.0, "COMMENT_": null, "PRKG_COMMENTS": "Canoes, kayaks and other non-trailered vehicles mu", "COUNTY": "New Hanover", "DCM_RO": "WILM", "NCDCM_ID": null, "PHOTO": null, "PRK_FEE": "N", "DCM_Funded": "Y", "CONTRACT_YR": "2009", "CONTRACT_NUM": "2874", "ACESS_TYPE": "Shoreline", "KayakCanoeLaunch": "Y", "PARKING_OPTIONS": "Onsite Parking", "BeachWheelchair": "N", "BWC_Info": null, "PaidParkURL": null, "WaterAccessTYPE": "Estuarine", "BeachMat": "No", "Land_Status": "Federal", "NEAR_FID": 201.0, "NEAR_DIST": 6180.2456929233067, "ACCESSIBILITY_NOTES": null, "LIFEGUARDS": null }, "geometry": { "type": "Point", "coordinates": [ -77.941577020218503, 33.9591853199396 ] } },
{ "type": "Feature", "properties": { "ACCESS_ID": "SE 69th Street", "OBJECTID": 612, "PLACE": "Oak Island", "ACCESS_LOC": "SE 69th and E Beach Dr", "LOCL_SPONS": "Oak Island", "CAMA_SIGN": "No", "PARKING": 7.0, "DUNE_WALK": "N", "OVERLOOK": "No", "HAND_DUNE": "No", "HAND_OVRLK": "No", "HAND_BEACH": "No", "HAND_PRKG": null, "RESTRM": "N", "SHOWER": "N", "PIC_TABLE": "No", "VEH_ACCESS": "No", "BIKE_RACK": "No", "SURV_DATE": 1713529268839.0, "COMMENT_": "Doggie Box", "PRKG_COMMENTS": null, "COUNTY": "Brunswick", "DCM_RO": "Wilmington Regional Office", "NCDCM_ID": 167.0, "PHOTO": "Neighborhood.png", "PRK_FEE": "No", "DCM_Funded": "Y", "CONTRACT_YR": null, "CONTRACT_NUM": null, "ACESS_TYPE": "Beach", "KayakCanoeLaunch": "No", "PARKING_OPTIONS": "Onsite Parking", "BeachWheelchair": "Y", "BWC_Info": "https://oakisland.recdesk.com/Community/Page?pageId=8056", "PaidParkURL": "n/a", "WaterAccessTYPE": "Ocean", "BeachMat": "No", "Land_Status": "Municipality", "NEAR_FID": 610.0, "NEAR_DIST": 300.66220307521655, "ACCESSIBILITY_NOTES": null, "LIFEGUARDS": null }, "geometry": { "type": "Point", "coordinates": [ -78.096201099632296, 33.907059099865002 ] } },
{ "type": "Feature", "properties": { "ACCESS_ID": "SE 67th Street ", "OBJECTID": 615, "PLACE": "Oak Island", "ACCESS_LOC": "End of SE 67th St", "LOCL_SPONS": "Oak Island", "CAMA_SIGN": "No", "PARKING": 11.0, "DUNE_WALK": "N", "OVERLOOK": "No", "HAND_DUNE": "No", "HAND_OVRLK": "No", "HAND_BEACH": "No", "HAND_PRKG": null, "RESTRM": "N", "SHOWER": "N", "PIC_TABLE": "No", "VEH_ACCESS": "No", "BIKE_RACK": "Y", "SURV_DATE": 1713529268839.0, "COMMENT_": "Doggie Box", "PRKG_COMMENTS": "", "COUNTY": "Brunswick", "DCM_RO": "Wilmington Regional Office", "NCDCM_ID": 168.0, "PHOTO": "Neighborhood.png", "PRK_FEE": "No", "DCM_Funded": "N", "CONTRACT_YR": null, "CONTRACT_NUM": null, "ACESS_TYPE": "Beach", "KayakCanoeLaunch": "No", "PARKING_OPTIONS": "Both Parking Options", "BeachWheelchair": "Y", "BWC_Info": "https://oakisland.recdesk.com/Community/Page?pageId=8056", "PaidParkURL": "n/a", "WaterAccessTYPE": "Ocean", "BeachMat": "No", "Land_Status": "Municipality", "NEAR_FID": 612.0, "NEAR_DIST": 597.7427208751426, "ACCESSIBILITY_NOTES": null, "LIFEGUARDS": null }, "geometry": { "type": "Point", "coordinates": [ -78.098155384532902, 33.907264010579702 ] } },
{ "type": "Feature", "properties": { "ACCESS_ID": "SE 64th Street", "OBJECTID": 618, "PLACE": "Oak Island", "ACCESS_LOC": "End of SE 64th St", "LOCL_SPONS": "Oak Island", "CAMA_SIGN": "No", "PARKING": 5.0, "DUNE_WALK": "N", "OVERLOOK": "No", "HAND_DUNE": "No", "HAND_OVRLK": "No", "HAND_BEACH": "No", "HAND_PRKG": null, "RESTRM": "N", "SHOWER": "N", "PIC_TABLE": "No", "VEH_ACCESS": "E", "BIKE_RACK": "No", "SURV_DATE": 1713529268839.0, "COMMENT_": "Doggie Box", "PRKG_COMMENTS": "", "COUNTY": "Brunswick", "DCM_RO": "Wilmington Regional Office", "NCDCM_ID": 169.0, "PHOTO": "Neighborhood.png", "PRK_FEE": "No", "DCM_Funded": "N", "CONTRACT_YR": null, "CONTRACT_NUM": null, "ACESS_TYPE": "Beach", "KayakCanoeLaunch": "No", "PARKING_OPTIONS": "Both Parking Options", "BeachWheelchair": "Y", "BWC_Info": "https://oakisland.recdesk.com/Community/Page?pageId=8056", "PaidParkURL": "n/a", "WaterAccessTYPE": "Ocean", "BeachMat": "No", "Land_Status": "Municipality", "NEAR_FID": 619.0, "NEAR_DIST": 459.1549739433529, "ACCESSIBILITY_NOTES": null, "LIFEGUARDS": null }, "geometry": { "type": "Point", "coordinates": [ -78.101088991196704, 33.9076866352762 ] } },
{ "type": "Feature", "properties": { "ACCESS_ID": "SE 63rd St", "OBJECTID": 619, "PLACE": "Oak Island", "ACCESS_LOC": "End of SE 63rd St", "LOCL_SPONS": "Oak Island", "CAMA_SIGN": "No", "PARKING": 16.0, "DUNE_WALK": "N", "OVERLOOK": "No", "HAND_DUNE": "No", "HAND_OVRLK": "No", "HAND_BEACH": "No", "HAND_PRKG": null, "RESTRM": "N", "SHOWER": "N", "PIC_TABLE": "No", "VEH_ACCESS": "E", "BIKE_RACK": "No", "SURV_DATE": 1713529268839.0, "COMMENT_": "Doggie Box", "PRKG_COMMENTS": "", "COUNTY": "Brunswick", "DCM_RO": "Wilmington Regional Office", "NCDCM_ID": 170.0, "PHOTO": "Local.png", "PRK_FEE": "No", "DCM_Funded": "N", "CONTRACT_YR": null, "CONTRACT_NUM": null, "ACESS_TYPE": "Beach", "KayakCanoeLaunch": "No", "PARKING_OPTIONS": "Onsite Parking", "BeachWheelchair": "Y", "BWC_Info": "https://oakisland.recdesk.com/Community/Page?pageId=8056", "PaidParkURL": "n/a", "WaterAccessTYPE": "Ocean", "BeachMat": "No", "Land_Status": "Municipality", "NEAR_FID": 618.0, "NEAR_DIST": 459.1549739433529, "ACCESSIBILITY_NOTES": null, "LIFEGUARDS": null }, "geometry": { "type": "Point", "coordinates": [ -78.102437345370106, 33.908258960302902 ] } },
{ "type": "Feature", "properties": { "ACCESS_ID": "SE 58th Street", "OBJECTID": 622, "PLACE": "Oak Island", "ACCESS_LOC": "SE 58th and E Beach Dr", "LOCL_SPONS": "Oak Island", "CAMA_SIGN": "No", "PARKING": 4.0, "DUNE_WALK": "N", "OVERLOOK": "No", "HAND_DUNE": "No", "HAND_OVRLK": "No", "HAND_BEACH": "No", "HAND_PRKG": null, "RESTRM": "N", "SHOWER": "N", "PIC_TABLE": "No", "VEH_ACCESS": "No", "BIKE_RACK": "No", "SURV_DATE": 1713529268839.0, "COMMENT_": "Doggie Box", "PRKG_COMMENTS": null, "COUNTY": "Brunswick", "DCM_RO": "Wilmington Regional Office", "NCDCM_ID": 171.0, "PHOTO": "Local.png", "PRK_FEE": "N", "DCM_Funded": "Y", "CONTRACT_YR": null, "CONTRACT_NUM": null, "ACESS_TYPE": "Beach", "KayakCanoeLaunch": "No", "PARKING_OPTIONS": "Onsite Parking", "BeachWheelchair": "Y", "BWC_Info": "https://oakisland.recdesk.com/Community/Page?pageId=8056", "PaidParkURL": "n/a", "WaterAccessTYPE": "Ocean", "BeachMat": "No", "Land_Status": "Municipality", "NEAR_FID": 625.0, "NEAR_DIST": 811.10192733013866, "ACCESSIBILITY_NOTES": null, "LIFEGUARDS": null }, "geometry": { "type": "Point", "coordinates": [ -78.106851699914003, 33.9086338999929 ] } },
{ "type": "Feature", "properties": { "ACCESS_ID": "SE 55th Street", "OBJECTID": 625, "PLACE": "Oak Island", "ACCESS_LOC": "SE 55th and E Beach Dr", "LOCL_SPONS": "Oak Island", "CAMA_SIGN": "No", "PARKING": 6.0, "DUNE_WALK": "N", "OVERLOOK": "No", "HAND_DUNE": "N", "HAND_OVRLK": "No", "HAND_BEACH": "N", "HAND_PRKG": null, "RESTRM": "N", "SHOWER": "N", "PIC_TABLE": "No", "VEH_ACCESS": "No", "BIKE_RACK": "No", "SURV_DATE": 1713529268839.0, "COMMENT_": "", "PRKG_COMMENTS": "", "COUNTY": "Brunswick", "DCM_RO": "Wilmington Regional Office", "NCDCM_ID": 172.0, "PHOTO": "Local.png", "PRK_FEE": "No", "DCM_Funded": "N", "CONTRACT_YR": null, "CONTRACT_NUM": null, "ACESS_TYPE": "Beach", "KayakCanoeLaunch": "No", "PARKING_OPTIONS": "Onsite Parking", "BeachWheelchair": "Y", "BWC_Info": "https://oakisland.recdesk.com/Community/Page?pageId=8056", "PaidParkURL": "n/a", "WaterAccessTYPE": "Ocean", "BeachMat": "Yes", "Land_Status": "Municipality", "NEAR_FID": 622.0, "NEAR_DIST": 811.10192733013866, "ACCESSIBILITY_NOTES": null, "LIFEGUARDS": null }, "geometry": { "type": "Point", "coordinates": [ -78.109497831313803, 33.908947862282403 ] } },
{ "type": "Feature", "properties": { "ACCESS_ID": "SE 52nd Street", "OBJECTID": 627, "PLACE": "Oak Island", "ACCESS_LOC": "SE 52nd and E Beach Dr", "LOCL_SPONS": "Oak Island", "CAMA_SIGN": "Yes", "PARKING": 8.0, "DUNE_WALK": "N", "OVERLOOK": "No", "HAND_DUNE": "No", "HAND_OVRLK": "No", "HAND_BEACH": "No", "HAND_PRKG": null, "RESTRM": "N", "SHOWER": "N", "PIC_TABLE": "No", "VEH_ACCESS": "E", "BIKE_RACK": "No", "SURV_DATE": 1713529268839.0, "COMMENT_": "Doggie Box", "PRKG_COMMENTS": null, "COUNTY": "Brunswick", "DCM_RO": "Wilmington Regional Office", "NCDCM_ID": 173.0, "PHOTO": "Local.png", "PRK_FEE": "No", "DCM_Funded": "N", "CONTRACT_YR": null, "CONTRACT_NUM": null, "ACESS_TYPE": "Beach", "KayakCanoeLaunch": "No", "PARKING_OPTIONS": "Onsite Parking", "BeachWheelchair": "Y", "BWC_Info": "https://oakisland.recdesk.com/Community/Page?pageId=8056", "PaidParkURL": "n/a", "WaterAccessTYPE": "Ocean", "BeachMat": "No", "Land_Status": "Municipality", "NEAR_FID": 630.0, "NEAR_DIST": 803.15425266126067, "ACCESSIBILITY_NOTES": null, "LIFEGUARDS": null }, "geometry": { "type": "Point", "coordinates": [ -78.112143599794194, 33.909362900309603 ] } },
{ "type": "Feature", "properties": { "ACCESS_ID": "SE 49th Street", "OBJECTID": 630, "PLACE": "Oak Island", "ACCESS_LOC": "SE 49th and E Beach Dr", "LOCL_SPONS": "Oak Island", "CAMA_SIGN": "Yes", "PARKING": 10.0, "DUNE_WALK": "N", "OVERLOOK": "No", "HAND_DUNE": "No", "HAND_OVRLK": "No", "HAND_BEACH": "No", "HAND_PRKG": 2.0, "RESTRM": "N", "SHOWER": "N", "PIC_TABLE": "No", "VEH_ACCESS": "E", "BIKE_RACK": "No", "SURV_DATE": 1713529268839.0, "COMMENT_": "Doggie Box", "PRKG_COMMENTS": null, "COUNTY": "Brunswick", "DCM_RO": "Wilmington Regional Office", "NCDCM_ID": 174.0, "PHOTO": "Local.png", "PRK_FEE": "No", "DCM_Funded": "Y", "CONTRACT_YR": null, "CONTRACT_NUM": null, "ACESS_TYPE": "Beach", "KayakCanoeLaunch": "No", "PARKING_OPTIONS": "Both Parking Options", "BeachWheelchair": "Y", "BWC_Info": "https://oakisland.recdesk.com/Community/Page?pageId=8056", "PaidParkURL": "n/a", "WaterAccessTYPE": "Ocean", "BeachMat": "No", "Land_Status": "Municipality", "NEAR_FID": 633.0, "NEAR_DIST": 777.66514038526941, "ACCESSIBILITY_NOTES": null, "LIFEGUARDS": null }, "geometry": { "type": "Point", "coordinates": [ -78.114747999957501, 33.909755499671597 ] } },
{ "type": "Feature", "properties": { "ACCESS_ID": "Oak Island Cabana", "OBJECTID": 633, "PLACE": "Oak Island", "ACCESS_LOC": "SE 46th and E Beach Dr", "LOCL_SPONS": "Oak Island", "CAMA_SIGN": "No", "PARKING": 34.0, "DUNE_WALK": "N", "OVERLOOK": "Yes", "HAND_DUNE": "Yes", "HAND_OVRLK": "Yes", "HAND_BEACH": "No", "HAND_PRKG": 3.0, "RESTRM": "Y", "SHOWER": "Y", "PIC_TABLE": "No", "VEH_ACCESS": "No", "BIKE_RACK": "No", "SURV_DATE": 1713529268839.0, "COMMENT_": "", "PRKG_COMMENTS": "Parking across the street", "COUNTY": "Brunswick", "DCM_RO": "Wilmington Regional Office", "NCDCM_ID": 175.0, "PHOTO": "Regional.png", "PRK_FEE": "No", "DCM_Funded": "Y", "CONTRACT_YR": null, "CONTRACT_NUM": null, "ACESS_TYPE": "Beach", "KayakCanoeLaunch": "No", "PARKING_OPTIONS": "Both Parking Options", "BeachWheelchair": "Y", "BWC_Info": "https://oakisland.recdesk.com/Community/Page?pageId=8056", "PaidParkURL": "n/a", "WaterAccessTYPE": "Ocean", "BeachMat": "No", "Land_Status": "Municipality", "NEAR_FID": 630.0, "NEAR_DIST": 777.66514038526941, "ACCESSIBILITY_NOTES": null, "LIFEGUARDS": null }, "geometry": { "type": "Point", "coordinates": [ -78.117245727875797, 33.910233372450598 ] } },
{ "type": "Feature", "properties": { "ACCESS_ID": "SE 43rd Street", "OBJECTID": 637, "PLACE": "Oak Island", "ACCESS_LOC": "SE 43rd and E Beach Dr", "LOCL_SPONS": "Oak Island", "CAMA_SIGN": "No", "PARKING": 3.0, "DUNE_WALK": "N", "OVERLOOK": "No", "HAND_DUNE": "No", "HAND_OVRLK": "No", "HAND_BEACH": "No", "HAND_PRKG": null, "RESTRM": "N", "SHOWER": "N", "PIC_TABLE": "No", "VEH_ACCESS": "No", "BIKE_RACK": "No", "SURV_DATE": 1713529268839.0, "COMMENT_": "Doggie Box", "PRKG_COMMENTS": "Additional parking across the street.", "COUNTY": "Brunswick", "DCM_RO": "Wilmington Regional Office", "NCDCM_ID": 176.0, "PHOTO": "Local.png", "PRK_FEE": "No", "DCM_Funded": "N", "CONTRACT_YR": null, "CONTRACT_NUM": null, "ACESS_TYPE": "Beach", "KayakCanoeLaunch": "No", "PARKING_OPTIONS": "Both Parking Options", "BeachWheelchair": "Y", "BWC_Info": "https://oakisland.recdesk.com/Community/Page?pageId=8056", "PaidParkURL": "n/a", "WaterAccessTYPE": "Ocean", "BeachMat": "No", "Land_Status": "Municipality", "NEAR_FID": 641.0, "NEAR_DIST": 807.64556150589715, "ACCESSIBILITY_NOTES": null, "LIFEGUARDS": null }, "geometry": { "type": "Point", "coordinates": [ -78.119905815501895, 33.910632512721101 ] } },
{ "type": "Feature", "properties": { "ACCESS_ID": "SE 40th Street", "OBJECTID": 641, "PLACE": "Oak Island", "ACCESS_LOC": "SE 40th & E Beach Dr", "LOCL_SPONS": "Oak Island", "CAMA_SIGN": "No", "PARKING": 10.0, "DUNE_WALK": "Y", "OVERLOOK": "No", "HAND_DUNE": "Yes", "HAND_OVRLK": "No", "HAND_BEACH": "Y", "HAND_PRKG": 2.0, "RESTRM": "N", "SHOWER": "N", "PIC_TABLE": "No", "VEH_ACCESS": "No", "BIKE_RACK": "No", "SURV_DATE": 1713529268839.0, "COMMENT_": "", "PRKG_COMMENTS": null, "COUNTY": "Brunswick", "DCM_RO": "Wilmington Regional Office", "NCDCM_ID": 177.0, "PHOTO": "Neighborhood.png", "PRK_FEE": "No", "DCM_Funded": "Y", "CONTRACT_YR": null, "CONTRACT_NUM": null, "ACESS_TYPE": "Beach", "KayakCanoeLaunch": "No", "PARKING_OPTIONS": "Onsite Parking", "BeachWheelchair": "Y", "BWC_Info": "https://oakisland.recdesk.com/Community/Page?pageId=8056", "PaidParkURL": "n/a", "WaterAccessTYPE": "Ocean", "BeachMat": "Yes", "Land_Status": "Municipality", "NEAR_FID": 645.0, "NEAR_DIST": 802.94585300496806, "ACCESSIBILITY_NOTES": null, "LIFEGUARDS": null }, "geometry": { "type": "Point", "coordinates": [ -78.122535259796905, 33.910975692655001 ] } },
{ "type": "Feature", "properties": { "ACCESS_ID": " ", "OBJECTID": 645, "PLACE": "Oak Island", "ACCESS_LOC": "37th E Beach Dr", "LOCL_SPONS": " ", "CAMA_SIGN": "No", "PARKING": 5.0, "DUNE_WALK": "N", "OVERLOOK": "No", "HAND_DUNE": "No", "HAND_OVRLK": "No", "HAND_BEACH": "No", "HAND_PRKG": null, "RESTRM": "N", "SHOWER": "N", "PIC_TABLE": "No", "VEH_ACCESS": " ", "BIKE_RACK": "No", "SURV_DATE": 1713529268839.0, "COMMENT_": "Doggie Box", "PRKG_COMMENTS": "", "COUNTY": "Brunswick", "DCM_RO": "Wilmington Regional Office", "NCDCM_ID": 178.0, "PHOTO": "Neighborhood.png", "PRK_FEE": "No", "DCM_Funded": "N", "CONTRACT_YR": null, "CONTRACT_NUM": null, "ACESS_TYPE": "Beach", "KayakCanoeLaunch": "No", "PARKING_OPTIONS": "Both Parking Options", "BeachWheelchair": "Y", "BWC_Info": "https://oakisland.recdesk.com/Community/Page?pageId=8056", "PaidParkURL": "n/a", "WaterAccessTYPE": "Ocean", "BeachMat": null, "Land_Status": "Municipality", "NEAR_FID": 648.0, "NEAR_DIST": 795.07733013978179, "ACCESSIBILITY_NOTES": null, "LIFEGUARDS": null }, "geometry": { "type": "Point", "coordinates": [ -78.125149646531298, 33.911315628967898 ] } },
{ "type": "Feature", "properties": { "ACCESS_ID": "35th Place East", "OBJECTID": 648, "PLACE": "Oak Island", "ACCESS_LOC": "35th E Beach Dr", "LOCL_SPONS": "Oak Island", "CAMA_SIGN": "Yes", "PARKING": 3.0, "DUNE_WALK": "N", "OVERLOOK": "No", "HAND_DUNE": "No", "HAND_OVRLK": "No", "HAND_BEACH": "No", "HAND_PRKG": null, "RESTRM": "N", "SHOWER": "N", "PIC_TABLE": "No", "VEH_ACCESS": "E", "BIKE_RACK": "No", "SURV_DATE": 1713529268839.0, "COMMENT_": "Doggie Box", "PRKG_COMMENTS": "Additional parking across the street", "COUNTY": "Brunswick", "DCM_RO": "Wilmington Regional Office", "NCDCM_ID": 179.0, "PHOTO": "Local.png", "PRK_FEE": "No", "DCM_Funded": "Y", "CONTRACT_YR": null, "CONTRACT_NUM": null, "ACESS_TYPE": "Beach", "KayakCanoeLaunch": "No", "PARKING_OPTIONS": "Both Parking Options", "BeachWheelchair": "Y", "BWC_Info": "https://oakisland.recdesk.com/Community/Page?pageId=8056", "PaidParkURL": "n/a", "WaterAccessTYPE": "Ocean", "BeachMat": "No", "Land_Status": "Municipality", "NEAR_FID": 645.0, "NEAR_DIST": 795.07733013978179, "ACCESSIBILITY_NOTES": null, "LIFEGUARDS": null }, "geometry": { "type": "Point", "coordinates": [ -78.1277387007746, 33.911650755380201 ] } },
{ "type": "Feature", "properties": { "ACCESS_ID": "32nd Place East", "OBJECTID": 651, "PLACE": "Oak Island", "ACCESS_LOC": "32nd E Beach Dr", "LOCL_SPONS": "Oak Island", "CAMA_SIGN": "Yes", "PARKING": 5.0, "DUNE_WALK": "N", "OVERLOOK": "No", "HAND_DUNE": "No", "HAND_OVRLK": "No", "HAND_BEACH": "No", "HAND_PRKG": null, "RESTRM": "N", "SHOWER": "N", "PIC_TABLE": "No", "VEH_ACCESS": "E", "BIKE_RACK": "No", "SURV_DATE": 1713529268839.0, "COMMENT_": "Doggie Box", "PRKG_COMMENTS": "Additional parking across the street", "COUNTY": "Brunswick", "DCM_RO": "Wilmington Regional Office", "NCDCM_ID": 180.0, "PHOTO": "Local.png", "PRK_FEE": "No", "DCM_Funded": "N", "CONTRACT_YR": null, "CONTRACT_NUM": null, "ACESS_TYPE": "Beach", "KayakCanoeLaunch": "No", "PARKING_OPTIONS": "Both Parking Options", "BeachWheelchair": "Y", "BWC_Info": "https://oakisland.recdesk.com/Community/Page?pageId=8056", "PaidParkURL": "n/a", "WaterAccessTYPE": "Ocean", "BeachMat": "No", "Land_Status": "Municipality", "NEAR_FID": 648.0, "NEAR_DIST": 796.63935994339624, "ACCESSIBILITY_NOTES": null, "LIFEGUARDS": null }, "geometry": { "type": "Point", "coordinates": [ -78.130349125938494, 33.9118828482396 ] } },
{ "type": "Feature", "properties": { "ACCESS_ID": "29th Place East", "OBJECTID": 654, "PLACE": "Oak Island", "ACCESS_LOC": "29th Pl E & Beach Dr", "LOCL_SPONS": "Oak Island", "CAMA_SIGN": "No", "PARKING": null, "DUNE_WALK": "N", "OVERLOOK": "No", "HAND_DUNE": "No", "HAND_OVRLK": "No", "HAND_BEACH": "No", "HAND_PRKG": null, "RESTRM": "N", "SHOWER": "N", "PIC_TABLE": "No", "VEH_ACCESS": "No", "BIKE_RACK": "No", "SURV_DATE": 1713529268839.0, "COMMENT_": "Rinse Station", "PRKG_COMMENTS": null, "COUNTY": "Brunswick", "DCM_RO": "Wilmington Regional Office", "NCDCM_ID": 181.0, "PHOTO": "Local.png", "PRK_FEE": "No", "DCM_Funded": "Y", "CONTRACT_YR": null, "CONTRACT_NUM": null, "ACESS_TYPE": "Beach", "KayakCanoeLaunch": "No", "PARKING_OPTIONS": "On-Street Parking", "BeachWheelchair": "Y", "BWC_Info": "https://oakisland.recdesk.com/Community/Page?pageId=8056", "PaidParkURL": "n/a", "WaterAccessTYPE": "Ocean", "BeachMat": "No", "Land_Status": "Municipality", "NEAR_FID": 657.0, "NEAR_DIST": 794.19761981291799, "ACCESSIBILITY_NOTES": null, "LIFEGUARDS": null }, "geometry": { "type": "Point", "coordinates": [ -78.132984069719697, 33.912239625636602 ] } },
{ "type": "Feature", "properties": { "ACCESS_ID": "26th Place East", "OBJECTID": 657, "PLACE": "Oak Island", "ACCESS_LOC": "26th Pl E & E Beach Dr", "LOCL_SPONS": "Oak Island", "CAMA_SIGN": "No", "PARKING": null, "DUNE_WALK": "Y", "OVERLOOK": "No", "HAND_DUNE": "No", "HAND_OVRLK": "No", "HAND_BEACH": "No", "HAND_PRKG": null, "RESTRM": "N", "SHOWER": "N", "PIC_TABLE": "No", "VEH_ACCESS": "No", "BIKE_RACK": "No", "SURV_DATE": 1713529268839.0, "COMMENT_": "Doggie Box", "PRKG_COMMENTS": null, "COUNTY": "Brunswick", "DCM_RO": "Wilmington Regional Office", "NCDCM_ID": 182.0, "PHOTO": "Local.png", "PRK_FEE": "No", "DCM_Funded": "N", "CONTRACT_YR": null, "CONTRACT_NUM": null, "ACESS_TYPE": "Beach", "KayakCanoeLaunch": "No", "PARKING_OPTIONS": "On-Street Parking", "BeachWheelchair": "Y", "BWC_Info": "https://oakisland.recdesk.com/Community/Page?pageId=8056", "PaidParkURL": "n/a", "WaterAccessTYPE": "Ocean", "BeachMat": "No", "Land_Status": "Municipality", "NEAR_FID": 661.0, "NEAR_DIST": 386.11230474752386, "ACCESSIBILITY_NOTES": null, "LIFEGUARDS": null }, "geometry": { "type": "Point", "coordinates": [ -78.135535990304106, 33.912723951712799 ] } },
{ "type": "Feature", "properties": { "ACCESS_ID": "25th Place East", "OBJECTID": 661, "PLACE": "Oak Island", "ACCESS_LOC": "25th Pl E & E Beach Dr", "LOCL_SPONS": "Oak Island", "CAMA_SIGN": "Yes", "PARKING": 7.0, "DUNE_WALK": "Y", "OVERLOOK": "No", "HAND_DUNE": "Yes", "HAND_OVRLK": "No", "HAND_BEACH": "Y", "HAND_PRKG": 2.0, "RESTRM": "N", "SHOWER": "N", "PIC_TABLE": "No", "VEH_ACCESS": "E", "BIKE_RACK": "No", "SURV_DATE": 1713529268839.0, "COMMENT_": "Doggie Box.", "PRKG_COMMENTS": "Additional parking across the street.", "COUNTY": "Brunswick", "DCM_RO": "Wilmington Regional Office", "NCDCM_ID": 183.0, "PHOTO": "Neighborhood.png", "PRK_FEE": "No", "DCM_Funded": "Y", "CONTRACT_YR": null, "CONTRACT_NUM": null, "ACESS_TYPE": "Beach", "KayakCanoeLaunch": "No", "PARKING_OPTIONS": "Both Parking Options", "BeachWheelchair": "Y", "BWC_Info": "https://oakisland.recdesk.com/Community/Page?pageId=8056", "PaidParkURL": "n/a", "WaterAccessTYPE": "Ocean", "BeachMat": "No", "Land_Status": "Municipality", "NEAR_FID": 657.0, "NEAR_DIST": 386.11230474752386, "ACCESSIBILITY_NOTES": null, "LIFEGUARDS": null }, "geometry": { "type": "Point", "coordinates": [ -78.136801469502799, 33.912834445391198 ] } },
{ "type": "Feature", "properties": { "ACCESS_ID": "22nd Place East", "OBJECTID": 663, "PLACE": "Oak Island", "ACCESS_LOC": "22nd Pl E &  E Beach Dr", "LOCL_SPONS": "Oak Island", "CAMA_SIGN": "No", "PARKING": null, "DUNE_WALK": "N", "OVERLOOK": "No", "HAND_DUNE": "No", "HAND_OVRLK": "No", "HAND_BEACH": "No", "HAND_PRKG": null, "RESTRM": "N", "SHOWER": "N", "PIC_TABLE": "No", "VEH_ACCESS": "No", "BIKE_RACK": "No", "SURV_DATE": 1713529268839.0, "COMMENT_": "Doggie Box", "PRKG_COMMENTS": "Parking across the street", "COUNTY": "Brunswick", "DCM_RO": "Wilmington Regional Office", "NCDCM_ID": 184.0, "PHOTO": "Local.png", "PRK_FEE": "No", "DCM_Funded": "N", "CONTRACT_YR": null, "CONTRACT_NUM": null, "ACESS_TYPE": "Beach", "KayakCanoeLaunch": "No", "PARKING_OPTIONS": "On-Street Parking", "BeachWheelchair": "Y", "BWC_Info": "https://oakisland.recdesk.com/Community/Page?pageId=8056", "PaidParkURL": "n/a", "WaterAccessTYPE": "Ocean", "BeachMat": "No", "Land_Status": "Municipality", "NEAR_FID": 661.0, "NEAR_DIST": 783.49079581947296, "ACCESSIBILITY_NOTES": null, "LIFEGUARDS": null }, "geometry": { "type": "Point", "coordinates": [ -78.139354200367507, 33.913157300159298 ] } },
{ "type": "Feature", "properties": { "ACCESS_ID": "19th Place East", "OBJECTID": 666, "PLACE": "Oak Island", "ACCESS_LOC": "19th Pl E & E Beach Dr", "LOCL_SPONS": "Oak Island", "CAMA_SIGN": "No", "PARKING": 4.0, "DUNE_WALK": "N", "OVERLOOK": "No", "HAND_DUNE": "No", "HAND_OVRLK": "No", "HAND_BEACH": "No", "HAND_PRKG": null, "RESTRM": "N", "SHOWER": "N", "PIC_TABLE": "No", "VEH_ACCESS": "E", "BIKE_RACK": "No", "SURV_DATE": 1713529268839.0, "COMMENT_": "Doggie Box", "PRKG_COMMENTS": "Additional parking across the street", "COUNTY": "Brunswick", "DCM_RO": "Wilmington Regional Office", "NCDCM_ID": 185.0, "PHOTO": "Local.png", "PRK_FEE": "No", "DCM_Funded": "N", "CONTRACT_YR": null, "CONTRACT_NUM": null, "ACESS_TYPE": "Beach", "KayakCanoeLaunch": "No", "PARKING_OPTIONS": "Both Parking Options", "BeachWheelchair": "Y", "BWC_Info": "https://oakisland.recdesk.com/Community/Page?pageId=8056", "PaidParkURL": "n/a", "WaterAccessTYPE": "Ocean", "BeachMat": "Yes", "Land_Status": "Municipality", "NEAR_FID": 663.0, "NEAR_DIST": 818.88569701615108, "ACCESSIBILITY_NOTES": null, "LIFEGUARDS": null }, "geometry": { "type": "Point", "coordinates": [ -78.142046088354704, 33.913315699624597 ] } },
{ "type": "Feature", "properties": { "ACCESS_ID": "The Point", "OBJECTID": 269, "PLACE": "Oak Island", "ACCESS_LOC": "End W Beach Dr", "LOCL_SPONS": " Oak Island", "CAMA_SIGN": "No", "PARKING": 6.0, "DUNE_WALK": "N", "OVERLOOK": "N", "HAND_DUNE": "N", "HAND_OVRLK": "N", "HAND_BEACH": "Y", "HAND_PRKG": 1.0, "RESTRM": "Y", "SHOWER": "N", "PIC_TABLE": "No", "VEH_ACCESS": "E", "BIKE_RACK": "No", "SURV_DATE": 1713529268839.0, "COMMENT_": "Portable restrooms and Doggie Box.", "PRKG_COMMENTS": null, "COUNTY": "Brunswick", "DCM_RO": "Wilmington Regional Office", "NCDCM_ID": 213.0, "PHOTO": "Neighborhood.png", "PRK_FEE": "No", "DCM_Funded": "N", "CONTRACT_YR": null, "CONTRACT_NUM": null, "ACESS_TYPE": "Beach", "KayakCanoeLaunch": "No", "PARKING_OPTIONS": "Both Parking Options", "BeachWheelchair": "Y", "BWC_Info": "https://oakisland.recdesk.com/Community/Page?pageId=8056", "PaidParkURL": "n/a", "WaterAccessTYPE": "Ocean", "BeachMat": null, "Land_Status": "Municipality", "NEAR_FID": 837.0, "NEAR_DIST": 1456.4647849250534, "ACCESSIBILITY_NOTES": null, "LIFEGUARDS": null }, "geometry": { "type": "Point", "coordinates": [ -78.228151272915795, 33.913351481946499 ] } },
{ "type": "Feature", "properties": { "ACCESS_ID": "PW320", "OBJECTID": 497, "PLACE": "Holden Beach", "ACCESS_LOC": "389.5 Ocean Blvd West", "LOCL_SPONS": " ", "CAMA_SIGN": "Yes", "PARKING": 0.0, "DUNE_WALK": "Y", "OVERLOOK": "No", "HAND_DUNE": "Yes", "HAND_OVRLK": "No", "HAND_BEACH": "No", "HAND_PRKG": 0.0, "RESTRM": "N", "SHOWER": "N", "PIC_TABLE": "No", "VEH_ACCESS": "No", "BIKE_RACK": "Yes", "SURV_DATE": 1713484800000.0, "COMMENT_": " ", "PRKG_COMMENTS": "Street Parking Only on Fayetville St", "COUNTY": "Brunswick", "DCM_RO": "Wilmington Regional Office", "NCDCM_ID": 516.0, "PHOTO": "Local.png", "PRK_FEE": null, "DCM_Funded": "N", "CONTRACT_YR": null, "CONTRACT_NUM": null, "ACESS_TYPE": "Beach", "KayakCanoeLaunch": "No", "PARKING_OPTIONS": "On-Street Parking", "BeachWheelchair": "N", "BWC_Info": "n/a", "PaidParkURL": "n/a", "WaterAccessTYPE": "Ocean", "BeachMat": null, "Land_Status": "Municipality", "NEAR_FID": 494.0, "NEAR_DIST": 772.79873090981459, "ACCESSIBILITY_NOTES": null, "LIFEGUARDS": null }, "geometry": { "type": "Point", "coordinates": [ -78.292332498944404, 33.911937901064299 ] } },
{ "type": "Feature", "properties": { "ACCESS_ID": "Highpoint St (PW300)", "OBJECTID": 494, "PLACE": "Holden Beach", "ACCESS_LOC": "357.5 Ocean Blvd West", "LOCL_SPONS": " ", "CAMA_SIGN": "Yes", "PARKING": 0.0, "DUNE_WALK": "Y", "OVERLOOK": "No", "HAND_DUNE": "Yes", "HAND_OVRLK": "No", "HAND_BEACH": "No", "HAND_PRKG": 0.0, "RESTRM": "N", "SHOWER": "N", "PIC_TABLE": "No", "VEH_ACCESS": "No", "BIKE_RACK": "Yes", "SURV_DATE": 1713484800000.0, "COMMENT_": "", "PRKG_COMMENTS": "Street Parking Only on High Point Street", "COUNTY": "Brunswick", "DCM_RO": "Wilmington Regional Office", "NCDCM_ID": 515.0, "PHOTO": "Local.png", "PRK_FEE": null, "DCM_Funded": "Y", "CONTRACT_YR": null, "CONTRACT_NUM": null, "ACESS_TYPE": "Beach", "KayakCanoeLaunch": "No", "PARKING_OPTIONS": "On-Street Parking", "BeachWheelchair": "N", "BWC_Info": "n/a", "PaidParkURL": "n/a", "WaterAccessTYPE": "Ocean", "BeachMat": null, "Land_Status": "Municipality", "NEAR_FID": 491.0, "NEAR_DIST": 771.85293810454982, "ACCESSIBILITY_NOTES": null, "LIFEGUARDS": null }, "geometry": { "type": "Point", "coordinates": [ -78.289801528869106, 33.912173315117599 ] } },
{ "type": "Feature", "properties": { "ACCESS_ID": "PW280", "OBJECTID": 491, "PLACE": "Holden Beach", "ACCESS_LOC": "329.5 Ocean Blvd West", "LOCL_SPONS": " ", "CAMA_SIGN": "Yes", "PARKING": 0.0, "DUNE_WALK": "Y", "OVERLOOK": "No", "HAND_DUNE": "Yes", "HAND_OVRLK": "No", "HAND_BEACH": "No", "HAND_PRKG": 0.0, "RESTRM": "N", "SHOWER": "N", "PIC_TABLE": "No", "VEH_ACCESS": "No", "BIKE_RACK": "Yes", "SURV_DATE": 1713484800000.0, "COMMENT_": "", "PRKG_COMMENTS": "Street Parking Only on Neptune Street", "COUNTY": "Brunswick", "DCM_RO": "Wilmington Regional Office", "NCDCM_ID": 514.0, "PHOTO": "Local.png", "PRK_FEE": null, "DCM_Funded": "N", "CONTRACT_YR": null, "CONTRACT_NUM": null, "ACESS_TYPE": "Beach", "KayakCanoeLaunch": "No", "PARKING_OPTIONS": "On-Street Parking", "BeachWheelchair": "N", "BWC_Info": "n/a", "PaidParkURL": "n/a", "WaterAccessTYPE": "Ocean", "BeachMat": null, "Land_Status": "Municipality", "NEAR_FID": 494.0, "NEAR_DIST": 771.85293810454982, "ACCESSIBILITY_NOTES": null, "LIFEGUARDS": null }, "geometry": { "type": "Point", "coordinates": [ -78.287271060951994, 33.912388208515303 ] } },
{ "type": "Feature", "properties": { "ACCESS_ID": "PW260", "OBJECTID": 489, "PLACE": "Holden Beach", "ACCESS_LOC": "301.5 Ocean Blvd West", "LOCL_SPONS": " ", "CAMA_SIGN": "Yes", "PARKING": 0.0, "DUNE_WALK": "Y", "OVERLOOK": "No", "HAND_DUNE": "Yes", "HAND_OVRLK": "No", "HAND_BEACH": "No", "HAND_PRKG": 0.0, "RESTRM": "N", "SHOWER": "N", "PIC_TABLE": "No", "VEH_ACCESS": "No", "BIKE_RACK": "Yes", "SURV_DATE": 1713484800000.0, "COMMENT_": "", "PRKG_COMMENTS": "Street Parking Only on Neptune Street", "COUNTY": "Brunswick", "DCM_RO": "Wilmington Regional Office", "NCDCM_ID": 513.0, "PHOTO": "Local.png", "PRK_FEE": null, "DCM_Funded": "N", "CONTRACT_YR": null, "CONTRACT_NUM": null, "ACESS_TYPE": "Beach", "KayakCanoeLaunch": "No", "PARKING_OPTIONS": "On-Street Parking", "BeachWheelchair": "N", "BWC_Info": "n/a", "PaidParkURL": "n/a", "WaterAccessTYPE": "Ocean", "BeachMat": null, "Land_Status": "Municipality", "NEAR_FID": 889.0, "NEAR_DIST": 360.18962278518853, "ACCESSIBILITY_NOTES": null, "LIFEGUARDS": null }, "geometry": { "type": "Point", "coordinates": [ -78.284568944747093, 33.912615095759897 ] } },
{ "type": "Feature", "properties": { "ACCESS_ID": "PW240", "OBJECTID": 889, "PLACE": "Holden Beach", "ACCESS_LOC": "Adjacent to Neptune Dr & Ocean Blvd W", "LOCL_SPONS": "Holden Beach", "CAMA_SIGN": "Yes", "PARKING": 0.0, "DUNE_WALK": "Y", "OVERLOOK": "N", "HAND_DUNE": "Y", "HAND_OVRLK": "N", "HAND_BEACH": "Y", "HAND_PRKG": 0.0, "RESTRM": "N", "SHOWER": "N", "PIC_TABLE": "N", "VEH_ACCESS": "No", "BIKE_RACK": "N", "SURV_DATE": 1713484800000.0, "COMMENT_": null, "PRKG_COMMENTS": null, "COUNTY": "Brunswick", "DCM_RO": "WILM", "NCDCM_ID": null, "PHOTO": null, "PRK_FEE": null, "DCM_Funded": "Y", "CONTRACT_YR": null, "CONTRACT_NUM": null, "ACESS_TYPE": "Beach", "KayakCanoeLaunch": "N", "PARKING_OPTIONS": "No Parking", "BeachWheelchair": null, "BWC_Info": null, "PaidParkURL": "n/a", "WaterAccessTYPE": "Ocean", "BeachMat": null, "Land_Status": "Municipality", "NEAR_FID": 489.0, "NEAR_DIST": 360.18962278518853, "ACCESSIBILITY_NOTES": null, "LIFEGUARDS": null }, "geometry": { "type": "Point", "coordinates": [ -78.2833899999831, 33.912730000208697 ] } },
{ "type": "Feature", "properties": { "ACCESS_ID": "PW220", "OBJECTID": 487, "PLACE": "Holden Beach", "ACCESS_LOC": "111 Ocean Blvd West", "LOCL_SPONS": " ", "CAMA_SIGN": "Yes", "PARKING": 0.0, "DUNE_WALK": "Y", "OVERLOOK": "No", "HAND_DUNE": "Yes", "HAND_OVRLK": "No", "HAND_BEACH": "No", "HAND_PRKG": 0.0, "RESTRM": "N", "SHOWER": "Y", "PIC_TABLE": "No", "VEH_ACCESS": "Yes", "BIKE_RACK": "Yes", "SURV_DATE": 1713484800000.0, "COMMENT_": "", "PRKG_COMMENTS": null, "COUNTY": "Brunswick", "DCM_RO": "Wilmington Regional Office", "NCDCM_ID": 512.0, "PHOTO": "Local.png", "PRK_FEE": null, "DCM_Funded": "N", "CONTRACT_YR": null, "CONTRACT_NUM": null, "ACESS_TYPE": "Beach", "KayakCanoeLaunch": "No", "PARKING_OPTIONS": "No Parking", "BeachWheelchair": "N", "BWC_Info": "n/a", "PaidParkURL": "n/a", "WaterAccessTYPE": "Ocean", "BeachMat": null, "Land_Status": "Municipality", "NEAR_FID": 484.0, "NEAR_DIST": 277.13460929599228, "ACCESSIBILITY_NOTES": null, "LIFEGUARDS": null }, "geometry": { "type": "Point", "coordinates": [ -78.268217683283098, 33.913914003748701 ] } },
{ "type": "Feature", "properties": { "ACCESS_ID": "PW200", "OBJECTID": 484, "PLACE": "Holden Beach", "ACCESS_LOC": "End of Jordan Blvd", "LOCL_SPONS": " ", "CAMA_SIGN": "Yes", "PARKING": 65.0, "DUNE_WALK": "Y", "OVERLOOK": "No", "HAND_DUNE": "Yes", "HAND_OVRLK": "No", "HAND_BEACH": "Y", "HAND_PRKG": 4.0, "RESTRM": "Y", "SHOWER": "Y", "PIC_TABLE": "Yes", "VEH_ACCESS": " ", "BIKE_RACK": "Yes", "SURV_DATE": 1713484800000.0, "COMMENT_": "Full facilities,main parking area. Entering at NC 130, at bottom of bridge take a left. At Jordan Blvd make a left. Parking on left under bridge.", "PRKG_COMMENTS": "Parking available adjacent", "COUNTY": "Brunswick", "DCM_RO": "Wilmington Regional Office", "NCDCM_ID": 511.0, "PHOTO": "Regional.png", "PRK_FEE": "No", "DCM_Funded": "Y", "CONTRACT_YR": null, "CONTRACT_NUM": null, "ACESS_TYPE": "Beach", "KayakCanoeLaunch": "No", "PARKING_OPTIONS": "Both Parking Options", "BeachWheelchair": "N", "BWC_Info": "n/a", "PaidParkURL": "n/a", "WaterAccessTYPE": "Ocean", "BeachMat": null, "Land_Status": "Municipality", "NEAR_FID": 487.0, "NEAR_DIST": 277.13460929599228, "ACCESSIBILITY_NOTES": null, "LIFEGUARDS": null }, "geometry": { "type": "Point", "coordinates": [ -78.267310471982697, 33.914001680903198 ] } },
{ "type": "Feature", "properties": { "ACCESS_ID": "Quinton Street (PW180)", "OBJECTID": 480, "PLACE": "Holden Beach", "ACCESS_LOC": "112 Ocean Blvd East", "LOCL_SPONS": "Holden Beach", "CAMA_SIGN": "Yes", "PARKING": null, "DUNE_WALK": "Y", "OVERLOOK": "Yes", "HAND_DUNE": "Yes", "HAND_OVRLK": "Yes", "HAND_BEACH": "Y", "HAND_PRKG": 8.0, "RESTRM": "N", "SHOWER": "Y", "PIC_TABLE": "No", "VEH_ACCESS": "No", "BIKE_RACK": "Yes", "SURV_DATE": 1713484800000.0, "COMMENT_": "Completely handicap accessible site", "PRKG_COMMENTS": null, "COUNTY": "Brunswick", "DCM_RO": "Wilmington Regional Office", "NCDCM_ID": 510.0, "PHOTO": "Neighborhood.png", "PRK_FEE": "No", "DCM_Funded": "Y", "CONTRACT_YR": null, "CONTRACT_NUM": null, "ACESS_TYPE": "Beach", "KayakCanoeLaunch": "No", "PARKING_OPTIONS": "Onsite Parking", "BeachWheelchair": "N", "BWC_Info": "n/a", "PaidParkURL": "n/a", "WaterAccessTYPE": "Ocean", "BeachMat": null, "Land_Status": "Municipality", "NEAR_FID": 477.0, "NEAR_DIST": 264.56000260483398, "ACCESSIBILITY_NOTES": null, "LIFEGUARDS": null }, "geometry": { "type": "Point", "coordinates": [ -78.265823758390795, 33.914109804505401 ] } },
{ "type": "Feature", "properties": { "ACCESS_ID": "PW160", "OBJECTID": 477, "PLACE": "Holden Beach", "ACCESS_LOC": "122.5 Ocean Blvd East", "LOCL_SPONS": " ", "CAMA_SIGN": "Yes", "PARKING": null, "DUNE_WALK": "Y", "OVERLOOK": "No", "HAND_DUNE": "Yes", "HAND_OVRLK": "No", "HAND_BEACH": "No", "HAND_PRKG": null, "RESTRM": "N", "SHOWER": "N", "PIC_TABLE": "No", "VEH_ACCESS": "No", "BIKE_RACK": "Yes", "SURV_DATE": 1713484800000.0, "COMMENT_": " ", "PRKG_COMMENTS": "Parking available on side street", "COUNTY": "Brunswick", "DCM_RO": "Wilmington Regional Office", "NCDCM_ID": 509.0, "PHOTO": "Local.png", "PRK_FEE": "No", "DCM_Funded": "N", "CONTRACT_YR": null, "CONTRACT_NUM": null, "ACESS_TYPE": "Beach", "KayakCanoeLaunch": "No", "PARKING_OPTIONS": "On-Street Parking", "BeachWheelchair": "N", "BWC_Info": "n/a", "PaidParkURL": "n/a", "WaterAccessTYPE": "Ocean", "BeachMat": null, "Land_Status": "Municipality", "NEAR_FID": 480.0, "NEAR_DIST": 264.56000260483398, "ACCESSIBILITY_NOTES": null, "LIFEGUARDS": null }, "geometry": { "type": "Point", "coordinates": [ -78.264957759999007, 33.914193880748797 ] } },
{ "type": "Feature", "properties": { "ACCESS_ID": "PW140", "OBJECTID": 474, "PLACE": "Holden Beach", "ACCESS_LOC": "End of Ferry Road", "LOCL_SPONS": " ", "CAMA_SIGN": "Yes", "PARKING": 15.0, "DUNE_WALK": "Y", "OVERLOOK": "No", "HAND_DUNE": "N", "HAND_OVRLK": "No", "HAND_BEACH": "No", "HAND_PRKG": 2.0, "RESTRM": "N", "SHOWER": "Y", "PIC_TABLE": "No", "VEH_ACCESS": "No", "BIKE_RACK": "Yes", "SURV_DATE": 1713484800000.0, "COMMENT_": " ", "PRKG_COMMENTS": null, "COUNTY": "Brunswick", "DCM_RO": "Wilmington Regional Office", "NCDCM_ID": 508.0, "PHOTO": "Neighborhood.png", "PRK_FEE": "No", "DCM_Funded": "Y", "CONTRACT_YR": null, "CONTRACT_NUM": null, "ACESS_TYPE": "Beach", "KayakCanoeLaunch": "No", "PARKING_OPTIONS": "Onsite Parking", "BeachWheelchair": "N", "BWC_Info": "n/a", "PaidParkURL": "n/a", "WaterAccessTYPE": "Ocean", "BeachMat": null, "Land_Status": "Municipality", "NEAR_FID": 838.0, "NEAR_DIST": 520.38087268337938, "ACCESSIBILITY_NOTES": null, "LIFEGUARDS": null }, "geometry": { "type": "Point", "coordinates": [ -78.260382208621706, 33.914381986208298 ] } },
{ "type": "Feature", "properties": { "ACCESS_ID": "16th Place East", "OBJECTID": 668, "PLACE": "Oak Island", "ACCESS_LOC": "16th Pl E & E Beach Dr", "LOCL_SPONS": "Oak Island", "CAMA_SIGN": "No", "PARKING": 10.0, "DUNE_WALK": "N", "OVERLOOK": "No", "HAND_DUNE": "No", "HAND_OVRLK": "No", "HAND_BEACH": "No", "HAND_PRKG": null, "RESTRM": "N", "SHOWER": "N", "PIC_TABLE": "No", "VEH_ACCESS": "E", "BIKE_RACK": "No", "SURV_DATE": 1713529268839.0, "COMMENT_": "Doggie Box", "PRKG_COMMENTS": "Additional parking across the street", "COUNTY": "Brunswick", "DCM_RO": "Wilmington Regional Office", "NCDCM_ID": 186.0, "PHOTO": "Neighborhood.png", "PRK_FEE": "No", "DCM_Funded": "Y", "CONTRACT_YR": null, "CONTRACT_NUM": null, "ACESS_TYPE": "Beach", "KayakCanoeLaunch": "No", "PARKING_OPTIONS": "Both Parking Options", "BeachWheelchair": "Y", "BWC_Info": "https://oakisland.recdesk.com/Community/Page?pageId=8056", "PaidParkURL": "n/a", "WaterAccessTYPE": "Ocean", "BeachMat": "No", "Land_Status": "Municipality", "NEAR_FID": 670.0, "NEAR_DIST": 781.62720608635709, "ACCESSIBILITY_NOTES": null, "LIFEGUARDS": null }, "geometry": { "type": "Point", "coordinates": [ -78.145354327526206, 33.913573507496899 ] } },
{ "type": "Feature", "properties": { "ACCESS_ID": "14th Place East", "OBJECTID": 670, "PLACE": "Oak Island", "ACCESS_LOC": "14th Pl E & E Beach Dr", "LOCL_SPONS": "Oak Island", "CAMA_SIGN": "No", "PARKING": 5.0, "DUNE_WALK": "N", "OVERLOOK": "No", "HAND_DUNE": "No", "HAND_OVRLK": "No", "HAND_BEACH": "No", "HAND_PRKG": null, "RESTRM": "N", "SHOWER": "N", "PIC_TABLE": "No", "VEH_ACCESS": "No", "BIKE_RACK": "No", "SURV_DATE": 1713529268839.0, "COMMENT_": "Doggie Box", "PRKG_COMMENTS": "Additional parking across the street.", "COUNTY": "Brunswick", "DCM_RO": "Wilmington Regional Office", "NCDCM_ID": 187.0, "PHOTO": "Neighborhood.png", "PRK_FEE": "No", "DCM_Funded": "Y", "CONTRACT_YR": null, "CONTRACT_NUM": null, "ACESS_TYPE": "Beach", "KayakCanoeLaunch": "No", "PARKING_OPTIONS": "Both Parking Options", "BeachWheelchair": "Y", "BWC_Info": "https://oakisland.recdesk.com/Community/Page?pageId=8056", "PaidParkURL": "n/a", "WaterAccessTYPE": "Ocean", "BeachMat": "No", "Land_Status": "Municipality", "NEAR_FID": 668.0, "NEAR_DIST": 781.62720608635709, "ACCESSIBILITY_NOTES": null, "LIFEGUARDS": null }, "geometry": { "type": "Point", "coordinates": [ -78.147922634279695, 33.913737343066003 ] } },
{ "type": "Feature", "properties": { "ACCESS_ID": "11th Place East", "OBJECTID": 673, "PLACE": "Oak Island", "ACCESS_LOC": "11th Pl E & E Beach Dr", "LOCL_SPONS": "Oak Island", "CAMA_SIGN": "No", "PARKING": 3.0, "DUNE_WALK": "N", "OVERLOOK": "No", "HAND_DUNE": "No", "HAND_OVRLK": "No", "HAND_BEACH": "No", "HAND_PRKG": null, "RESTRM": "N", "SHOWER": "N", "PIC_TABLE": "No", "VEH_ACCESS": "No", "BIKE_RACK": "No", "SURV_DATE": 1713529268839.0, "COMMENT_": "Doggie Box", "PRKG_COMMENTS": "Additional parking across the street.", "COUNTY": "Brunswick", "DCM_RO": "Wilmington Regional Office", "NCDCM_ID": 188.0, "PHOTO": "Local.png", "PRK_FEE": "No", "DCM_Funded": "Y", "CONTRACT_YR": null, "CONTRACT_NUM": null, "ACESS_TYPE": "Beach", "KayakCanoeLaunch": "No", "PARKING_OPTIONS": "Both Parking Options", "BeachWheelchair": "Y", "BWC_Info": "https://oakisland.recdesk.com/Community/Page?pageId=8056", "PaidParkURL": "n/a", "WaterAccessTYPE": "Ocean", "BeachMat": "No", "Land_Status": "Municipality", "NEAR_FID": 676.0, "NEAR_DIST": 797.14503485691193, "ACCESSIBILITY_NOTES": null, "LIFEGUARDS": null }, "geometry": { "type": "Point", "coordinates": [ -78.150579321782402, 33.913818006069597 ] } },
{ "type": "Feature", "properties": { "ACCESS_ID": "57th Place West", "OBJECTID": 700, "PLACE": "Oak Island", "ACCESS_LOC": "57th W Beach Dr", "LOCL_SPONS": "Oak Island", "CAMA_SIGN": "No", "PARKING": 10.0, "DUNE_WALK": "Y", "OVERLOOK": "Yes", "HAND_DUNE": "Yes", "HAND_OVRLK": "Yes", "HAND_BEACH": "Y", "HAND_PRKG": 2.0, "RESTRM": "N", "SHOWER": "N", "PIC_TABLE": "No", "VEH_ACCESS": "No", "BIKE_RACK": "No", "SURV_DATE": 1713529268839.0, "COMMENT_": "", "PRKG_COMMENTS": null, "COUNTY": "Brunswick", "DCM_RO": "Wilmington Regional Office", "NCDCM_ID": 211.0, "PHOTO": "Neighborhood.png", "PRK_FEE": "No", "DCM_Funded": "N", "CONTRACT_YR": null, "CONTRACT_NUM": null, "ACESS_TYPE": "Beach", "KayakCanoeLaunch": "No", "PARKING_OPTIONS": "Onsite Parking", "BeachWheelchair": "Y", "BWC_Info": "https://oakisland.recdesk.com/Community/Page?pageId=8056", "PaidParkURL": "n/a", "WaterAccessTYPE": "Ocean", "BeachMat": "Yes", "Land_Status": "Municipality", "NEAR_FID": 699.0, "NEAR_DIST": 799.10407118852925, "ACCESSIBILITY_NOTES": null, "LIFEGUARDS": null }, "geometry": { "type": "Point", "coordinates": [ -78.213865586836306, 33.913853492220497 ] } },
{ "type": "Feature", "properties": { "ACCESS_ID": "60th Place West", "OBJECTID": 701, "PLACE": "Oak Island", "ACCESS_LOC": "60th Place West", "LOCL_SPONS": "Oak Island", "CAMA_SIGN": "No", "PARKING": null, "DUNE_WALK": "N", "OVERLOOK": "No", "HAND_DUNE": "No", "HAND_OVRLK": "No", "HAND_BEACH": "No", "HAND_PRKG": null, "RESTRM": "N", "SHOWER": "N", "PIC_TABLE": "No", "VEH_ACCESS": "No", "BIKE_RACK": "No", "SURV_DATE": 1713529268839.0, "COMMENT_": "Doggie Box", "PRKG_COMMENTS": null, "COUNTY": "Brunswick", "DCM_RO": "Wilmington Regional Office", "NCDCM_ID": 212.0, "PHOTO": "Local.png", "PRK_FEE": null, "DCM_Funded": "N", "CONTRACT_YR": null, "CONTRACT_NUM": null, "ACESS_TYPE": "Beach", "KayakCanoeLaunch": "No", "PARKING_OPTIONS": "No Parking", "BeachWheelchair": "Y", "BWC_Info": "https://oakisland.recdesk.com/Community/Page?pageId=8056", "PaidParkURL": "n/a", "WaterAccessTYPE": "Ocean", "BeachMat": "No", "Land_Status": "Municipality", "NEAR_FID": 700.0, "NEAR_DIST": 803.34332854838192, "ACCESSIBILITY_NOTES": null, "LIFEGUARDS": null }, "geometry": { "type": "Point", "coordinates": [ -78.216512554567601, 33.913892734141498 ] } },
{ "type": "Feature", "properties": { "ACCESS_ID": "9th Place East", "OBJECTID": 676, "PLACE": "Oak Island", "ACCESS_LOC": "9th Pl E & E Beach Dr", "LOCL_SPONS": "Oak Island", "CAMA_SIGN": "No", "PARKING": 3.0, "DUNE_WALK": "N", "OVERLOOK": "No", "HAND_DUNE": "No", "HAND_OVRLK": "No", "HAND_BEACH": "No", "HAND_PRKG": null, "RESTRM": "N", "SHOWER": "N", "PIC_TABLE": "No", "VEH_ACCESS": "No", "BIKE_RACK": "No", "SURV_DATE": 1713529268839.0, "COMMENT_": "Doggie Box", "PRKG_COMMENTS": "Additional parking across the street", "COUNTY": "Brunswick", "DCM_RO": "Wilmington Regional Office", "NCDCM_ID": 189.0, "PHOTO": "Local.png", "PRK_FEE": "No", "DCM_Funded": "N", "CONTRACT_YR": null, "CONTRACT_NUM": null, "ACESS_TYPE": "Beach", "KayakCanoeLaunch": "No", "PARKING_OPTIONS": "Both Parking Options", "BeachWheelchair": "Y", "BWC_Info": "https://oakisland.recdesk.com/Community/Page?pageId=8056", "PaidParkURL": "n/a", "WaterAccessTYPE": "Ocean", "BeachMat": "No", "Land_Status": "Municipality", "NEAR_FID": 673.0, "NEAR_DIST": 797.14503485691193, "ACCESSIBILITY_NOTES": null, "LIFEGUARDS": null }, "geometry": { "type": "Point", "coordinates": [ -78.1531994110222, 33.913976307393 ] } },
{ "type": "Feature", "properties": { "ACCESS_ID": "54th Place West", "OBJECTID": 699, "PLACE": "Oak Island", "ACCESS_LOC": "54th W Beach Dr", "LOCL_SPONS": "Oak Island", "CAMA_SIGN": "No", "PARKING": 14.0, "DUNE_WALK": "Y", "OVERLOOK": "No", "HAND_DUNE": "No", "HAND_OVRLK": "No", "HAND_BEACH": "No", "HAND_PRKG": null, "RESTRM": "N", "SHOWER": "N", "PIC_TABLE": "No", "VEH_ACCESS": "No", "BIKE_RACK": "No", "SURV_DATE": 1713529268839.0, "COMMENT_": "Doggie Box", "PRKG_COMMENTS": null, "COUNTY": "Brunswick", "DCM_RO": "Wilmington Regional Office", "NCDCM_ID": 210.0, "PHOTO": "Neighborhood.png", "PRK_FEE": "No", "DCM_Funded": "Y", "CONTRACT_YR": null, "CONTRACT_NUM": null, "ACESS_TYPE": "Beach", "KayakCanoeLaunch": "No", "PARKING_OPTIONS": "Onsite Parking", "BeachWheelchair": "Y", "BWC_Info": "https://oakisland.recdesk.com/Community/Page?pageId=8056", "PaidParkURL": "n/a", "WaterAccessTYPE": "Ocean", "BeachMat": "No", "Land_Status": "Municipality", "NEAR_FID": 700.0, "NEAR_DIST": 799.10407118852925, "ACCESSIBILITY_NOTES": null, "LIFEGUARDS": null }, "geometry": { "type": "Point", "coordinates": [ -78.211236513545401, 33.913979527911799 ] } },
{ "type": "Feature", "properties": { "ACCESS_ID": "51st Place West", "OBJECTID": 698, "PLACE": "Oak Island", "ACCESS_LOC": "51st W & Beach Dr", "LOCL_SPONS": "Oak Island", "CAMA_SIGN": "No", "PARKING": 12.0, "DUNE_WALK": "N", "OVERLOOK": "No", "HAND_DUNE": "No", "HAND_OVRLK": "No", "HAND_BEACH": "No", "HAND_PRKG": null, "RESTRM": "N", "SHOWER": "N", "PIC_TABLE": "No", "VEH_ACCESS": "No", "BIKE_RACK": "No", "SURV_DATE": 1713529268839.0, "COMMENT_": "Doggie Box", "PRKG_COMMENTS": null, "COUNTY": "Brunswick", "DCM_RO": "Wilmington Regional Office", "NCDCM_ID": 209.0, "PHOTO": "Neighborhood.png", "PRK_FEE": "No", "DCM_Funded": "N", "CONTRACT_YR": null, "CONTRACT_NUM": null, "ACESS_TYPE": "Beach", "KayakCanoeLaunch": "No", "PARKING_OPTIONS": "Onsite Parking", "BeachWheelchair": "Y", "BWC_Info": "https://oakisland.recdesk.com/Community/Page?pageId=8056", "PaidParkURL": "n/a", "WaterAccessTYPE": "Ocean", "BeachMat": "No", "Land_Status": "Municipality", "NEAR_FID": 697.0, "NEAR_DIST": 800.12877282660702, "ACCESSIBILITY_NOTES": null, "LIFEGUARDS": null }, "geometry": { "type": "Point", "coordinates": [ -78.208595700172097, 33.914088100326801 ] } },
{ "type": "Feature", "properties": { "ACCESS_ID": "6th Place East", "OBJECTID": 677, "PLACE": "Oak Island", "ACCESS_LOC": "6th Pl E & E Beach Dr", "LOCL_SPONS": "Oak Island", "CAMA_SIGN": "No", "PARKING": 4.0, "DUNE_WALK": "N", "OVERLOOK": "No", "HAND_DUNE": "No", "HAND_OVRLK": "No", "HAND_BEACH": "No", "HAND_PRKG": null, "RESTRM": "N", "SHOWER": "N", "PIC_TABLE": "No", "VEH_ACCESS": "No", "BIKE_RACK": "No", "SURV_DATE": 1713529268839.0, "COMMENT_": "Doggie Box", "PRKG_COMMENTS": "Additional parking across the street", "COUNTY": "Brunswick", "DCM_RO": "Wilmington Regional Office", "NCDCM_ID": 190.0, "PHOTO": "Local.png", "PRK_FEE": "No", "DCM_Funded": "N", "CONTRACT_YR": null, "CONTRACT_NUM": null, "ACESS_TYPE": "Beach", "KayakCanoeLaunch": "No", "PARKING_OPTIONS": "Both Parking Options", "BeachWheelchair": "Y", "BWC_Info": "https://oakisland.recdesk.com/Community/Page?pageId=8056", "PaidParkURL": "n/a", "WaterAccessTYPE": "Ocean", "BeachMat": "No", "Land_Status": "Municipality", "NEAR_FID": 678.0, "NEAR_DIST": 798.88603207051756, "ACCESSIBILITY_NOTES": null, "LIFEGUARDS": null }, "geometry": { "type": "Point", "coordinates": [ -78.155838962262493, 33.9141248268593 ] } },
{ "type": "Feature", "properties": { "ACCESS_ID": "48th Place West", "OBJECTID": 697, "PLACE": "Oak Island", "ACCESS_LOC": "48th W & Beach Dr", "LOCL_SPONS": "Oak Island", "CAMA_SIGN": "Yes", "PARKING": 8.0, "DUNE_WALK": "N", "OVERLOOK": "No", "HAND_DUNE": "No", "HAND_OVRLK": "No", "HAND_BEACH": "No", "HAND_PRKG": null, "RESTRM": "N", "SHOWER": "N", "PIC_TABLE": "No", "VEH_ACCESS": "E", "BIKE_RACK": "No", "SURV_DATE": 1713529268839.0, "COMMENT_": "Doggie Box", "PRKG_COMMENTS": null, "COUNTY": "Brunswick", "DCM_RO": "Wilmington Regional Office", "NCDCM_ID": 208.0, "PHOTO": "Neighborhood.png", "PRK_FEE": "No", "DCM_Funded": "N", "CONTRACT_YR": null, "CONTRACT_NUM": null, "ACESS_TYPE": "Beach", "KayakCanoeLaunch": "No", "PARKING_OPTIONS": "Onsite Parking", "BeachWheelchair": "Y", "BWC_Info": "https://oakisland.recdesk.com/Community/Page?pageId=8056", "PaidParkURL": "n/a", "WaterAccessTYPE": "Ocean", "BeachMat": "No", "Land_Status": "Municipality", "NEAR_FID": 698.0, "NEAR_DIST": 800.12877282660702, "ACCESSIBILITY_NOTES": null, "LIFEGUARDS": null }, "geometry": { "type": "Point", "coordinates": [ -78.205961399584496, 33.9141838002516 ] } },
{ "type": "Feature", "properties": { "ACCESS_ID": "3rd Place East", "OBJECTID": 678, "PLACE": "Oak Island", "ACCESS_LOC": "3rd Pl E & E. Beach Dr", "LOCL_SPONS": "Oak Island", "CAMA_SIGN": "No", "PARKING": 5.0, "DUNE_WALK": "N", "OVERLOOK": "No", "HAND_DUNE": "No", "HAND_OVRLK": "No", "HAND_BEACH": "No", "HAND_PRKG": null, "RESTRM": "N", "SHOWER": "N", "PIC_TABLE": "No", "VEH_ACCESS": "E", "BIKE_RACK": "No", "SURV_DATE": 1713529268839.0, "COMMENT_": "Doggie Box", "PRKG_COMMENTS": "Additional parking across the street.", "COUNTY": "Brunswick", "DCM_RO": "Wilmington Regional Office", "NCDCM_ID": 191.0, "PHOTO": "Neighborhood.png", "PRK_FEE": "No", "DCM_Funded": "Y", "CONTRACT_YR": null, "CONTRACT_NUM": null, "ACESS_TYPE": "Beach", "KayakCanoeLaunch": "No", "PARKING_OPTIONS": "Both Parking Options", "BeachWheelchair": "Y", "BWC_Info": "https://oakisland.recdesk.com/Community/Page?pageId=8056", "PaidParkURL": "n/a", "WaterAccessTYPE": "Ocean", "BeachMat": "No", "Land_Status": "Municipality", "NEAR_FID": 677.0, "NEAR_DIST": 798.88603207051756, "ACCESSIBILITY_NOTES": null, "LIFEGUARDS": null }, "geometry": { "type": "Point", "coordinates": [ -78.158467227968003, 33.9142522584484 ] } },
{ "type": "Feature", "properties": { "ACCESS_ID": "42nd Place West", "OBJECTID": 696, "PLACE": "Oak Island", "ACCESS_LOC": "42nd W & Beach Dr", "LOCL_SPONS": "Oak Island", "CAMA_SIGN": "No", "PARKING": 4.0, "DUNE_WALK": "Y", "OVERLOOK": "No", "HAND_DUNE": "Yes", "HAND_OVRLK": "No", "HAND_BEACH": "No", "HAND_PRKG": null, "RESTRM": "N", "SHOWER": "N", "PIC_TABLE": "No", "VEH_ACCESS": "No", "BIKE_RACK": "No", "SURV_DATE": 1713529268839.0, "COMMENT_": "Doggie Box", "PRKG_COMMENTS": null, "COUNTY": "Brunswick", "DCM_RO": "Wilmington Regional Office", "NCDCM_ID": 207.0, "PHOTO": "Local.png", "PRK_FEE": "No", "DCM_Funded": "Y", "CONTRACT_YR": null, "CONTRACT_NUM": null, "ACESS_TYPE": "Beach", "KayakCanoeLaunch": "No", "PARKING_OPTIONS": "Onsite Parking", "BeachWheelchair": "Y", "BWC_Info": "https://oakisland.recdesk.com/Community/Page?pageId=8056", "PaidParkURL": "n/a", "WaterAccessTYPE": "Ocean", "BeachMat": "No", "Land_Status": "Municipality", "NEAR_FID": 695.0, "NEAR_DIST": 796.57321942809187, "ACCESSIBILITY_NOTES": null, "LIFEGUARDS": null }, "geometry": { "type": "Point", "coordinates": [ -78.200660099733099, 33.914312599722201 ] } },
{ "type": "Feature", "properties": { "ACCESS_ID": "S Middleton Ave", "OBJECTID": 680, "PLACE": "Oak Island", "ACCESS_LOC": "S Middleton Ave and Beach Dr", "LOCL_SPONS": "Oak Island", "CAMA_SIGN": "No", "PARKING": null, "DUNE_WALK": "N", "OVERLOOK": "No", "HAND_DUNE": "No", "HAND_OVRLK": "No", "HAND_BEACH": "Y", "HAND_PRKG": null, "RESTRM": "N", "SHOWER": "N", "PIC_TABLE": "No", "VEH_ACCESS": "No", "BIKE_RACK": "Yes", "SURV_DATE": 1713529268839.0, "COMMENT_": "Doggie Box", "PRKG_COMMENTS": "Golf cart parking only.", "COUNTY": "Brunswick", "DCM_RO": "Wilmington Regional Office", "NCDCM_ID": 192.0, "PHOTO": "Local.png", "PRK_FEE": "N", "DCM_Funded": "Y", "CONTRACT_YR": null, "CONTRACT_NUM": null, "ACESS_TYPE": "Beach", "KayakCanoeLaunch": "No", "PARKING_OPTIONS": "No Parking", "BeachWheelchair": "Y", "BWC_Info": "https://oakisland.recdesk.com/Community/Page?pageId=8056", "PaidParkURL": "n/a", "WaterAccessTYPE": "Ocean", "BeachMat": "No", "Land_Status": "Municipality", "NEAR_FID": 678.0, "NEAR_DIST": 799.09278278551801, "ACCESSIBILITY_NOTES": null, "LIFEGUARDS": null }, "geometry": { "type": "Point", "coordinates": [ -78.161099108494099, 33.914326629796498 ] } },
{ "type": "Feature", "properties": { "ACCESS_ID": "36th Place West", "OBJECTID": 694, "PLACE": "Oak Island", "ACCESS_LOC": "36th W Beach Dr", "LOCL_SPONS": "Oak Island", "CAMA_SIGN": "No", "PARKING": 6.0, "DUNE_WALK": "N", "OVERLOOK": "No", "HAND_DUNE": "No", "HAND_OVRLK": "No", "HAND_BEACH": "No", "HAND_PRKG": null, "RESTRM": "N", "SHOWER": "N", "PIC_TABLE": "No", "VEH_ACCESS": "No", "BIKE_RACK": "No", "SURV_DATE": 1713529268839.0, "COMMENT_": "Doggie Box", "PRKG_COMMENTS": null, "COUNTY": "Brunswick", "DCM_RO": "Wilmington Regional Office", "NCDCM_ID": 205.0, "PHOTO": "Neighborhood.png", "PRK_FEE": "No", "DCM_Funded": "N", "CONTRACT_YR": null, "CONTRACT_NUM": null, "ACESS_TYPE": "Beach", "KayakCanoeLaunch": "No", "PARKING_OPTIONS": "Onsite Parking", "BeachWheelchair": "Y", "BWC_Info": "https://oakisland.recdesk.com/Community/Page?pageId=8056", "PaidParkURL": "n/a", "WaterAccessTYPE": "Ocean", "BeachMat": "No", "Land_Status": "Municipality", "NEAR_FID": 695.0, "NEAR_DIST": 793.78569178195892, "ACCESSIBILITY_NOTES": null, "LIFEGUARDS": null }, "geometry": { "type": "Point", "coordinates": [ -78.195421600204995, 33.914404700185102 ] } },
{ "type": "Feature", "properties": { "ACCESS_ID": "39th Place West", "OBJECTID": 695, "PLACE": "Oak Island", "ACCESS_LOC": "39th W & Beach Dr", "LOCL_SPONS": "Oak Island", "CAMA_SIGN": "No", "PARKING": 5.0, "DUNE_WALK": "Y", "OVERLOOK": "No", "HAND_DUNE": "No", "HAND_OVRLK": "No", "HAND_BEACH": "No", "HAND_PRKG": null, "RESTRM": "N", "SHOWER": "N", "PIC_TABLE": "No", "VEH_ACCESS": "No", "BIKE_RACK": "No", "SURV_DATE": 1713529268839.0, "COMMENT_": "Doggie Box", "PRKG_COMMENTS": null, "COUNTY": "Brunswick", "DCM_RO": "Wilmington Regional Office", "NCDCM_ID": 206.0, "PHOTO": "Neighborhood.png", "PRK_FEE": "No", "DCM_Funded": "N", "CONTRACT_YR": null, "CONTRACT_NUM": null, "ACESS_TYPE": "Beach", "KayakCanoeLaunch": "No", "PARKING_OPTIONS": "Onsite Parking", "BeachWheelchair": "Y", "BWC_Info": "https://oakisland.recdesk.com/Community/Page?pageId=8056", "PaidParkURL": "n/a", "WaterAccessTYPE": "Ocean", "BeachMat": "No", "Land_Status": "Municipality", "NEAR_FID": 694.0, "NEAR_DIST": 793.78569178195892, "ACCESSIBILITY_NOTES": null, "LIFEGUARDS": null }, "geometry": { "type": "Point", "coordinates": [ -78.198037503295396, 33.914407962435 ] } },
{ "type": "Feature", "properties": { "ACCESS_ID": "33rd Place West ", "OBJECTID": 693, "PLACE": "Oak Island", "ACCESS_LOC": "33rd W & Beach Dr", "LOCL_SPONS": "Oak Island", "CAMA_SIGN": "No", "PARKING": 8.0, "DUNE_WALK": "N", "OVERLOOK": "No", "HAND_DUNE": "No", "HAND_OVRLK": "No", "HAND_BEACH": "No", "HAND_PRKG": null, "RESTRM": "N", "SHOWER": "N", "PIC_TABLE": "No", "VEH_ACCESS": "No", "BIKE_RACK": "No", "SURV_DATE": 1713529268839.0, "COMMENT_": "Doggie Box", "PRKG_COMMENTS": null, "COUNTY": "Brunswick", "DCM_RO": "Wilmington Regional Office", "NCDCM_ID": 204.0, "PHOTO": "Local.png", "PRK_FEE": "No", "DCM_Funded": "N", "CONTRACT_YR": null, "CONTRACT_NUM": null, "ACESS_TYPE": "Beach", "KayakCanoeLaunch": "No", "PARKING_OPTIONS": "Onsite Parking", "BeachWheelchair": "Y", "BWC_Info": "https://oakisland.recdesk.com/Community/Page?pageId=8056", "PaidParkURL": "n/a", "WaterAccessTYPE": "Ocean", "BeachMat": "No", "Land_Status": "Municipality", "NEAR_FID": 694.0, "NEAR_DIST": 801.47340702291046, "ACCESSIBILITY_NOTES": null, "LIFEGUARDS": null }, "geometry": { "type": "Point", "coordinates": [ -78.192781500093901, 33.914469400208702 ] } },
{ "type": "Feature", "properties": { "ACCESS_ID": "2nd Place West", "OBJECTID": 681, "PLACE": "Oak Island", "ACCESS_LOC": "2nd Pl W & W Beach Dr", "LOCL_SPONS": "Oak Island", "CAMA_SIGN": "No", "PARKING": 5.0, "DUNE_WALK": "N", "OVERLOOK": "No", "HAND_DUNE": "No", "HAND_OVRLK": "No", "HAND_BEACH": "No", "HAND_PRKG": null, "RESTRM": "N", "SHOWER": "N", "PIC_TABLE": "No", "VEH_ACCESS": "No", "BIKE_RACK": "No", "SURV_DATE": 1713529268839.0, "COMMENT_": "Doggie Box", "PRKG_COMMENTS": "Additional parking across the street", "COUNTY": "Brunswick", "DCM_RO": "Wilmington Regional Office", "NCDCM_ID": 193.0, "PHOTO": "Neighborhood.png", "PRK_FEE": "No", "DCM_Funded": "N", "CONTRACT_YR": null, "CONTRACT_NUM": null, "ACESS_TYPE": "Beach", "KayakCanoeLaunch": "No", "PARKING_OPTIONS": "Both Parking Options", "BeachWheelchair": "Y", "BWC_Info": "https://oakisland.recdesk.com/Community/Page?pageId=8056", "PaidParkURL": "n/a", "WaterAccessTYPE": "Ocean", "BeachMat": "No", "Land_Status": "Municipality", "NEAR_FID": 683.0, "NEAR_DIST": 799.54151076174821, "ACCESSIBILITY_NOTES": null, "LIFEGUARDS": null }, "geometry": { "type": "Point", "coordinates": [ -78.163749310160497, 33.9144887813559 ] } },
{ "type": "Feature", "properties": { "ACCESS_ID": "30th Place West ", "OBJECTID": 692, "PLACE": "Oak Island", "ACCESS_LOC": "30th Pl W & Beach Dr", "LOCL_SPONS": "Oak Island", "CAMA_SIGN": "No", "PARKING": 10.0, "DUNE_WALK": "N", "OVERLOOK": "No", "HAND_DUNE": "No", "HAND_OVRLK": "No", "HAND_BEACH": "No", "HAND_PRKG": null, "RESTRM": "N", "SHOWER": "N", "PIC_TABLE": "No", "VEH_ACCESS": "No", "BIKE_RACK": "No", "SURV_DATE": 1713529268839.0, "COMMENT_": "Doggie Box", "PRKG_COMMENTS": null, "COUNTY": "Brunswick", "DCM_RO": "Wilmington Regional Office", "NCDCM_ID": 203.0, "PHOTO": "Neighborhood.png", "PRK_FEE": "No", "DCM_Funded": "Y", "CONTRACT_YR": null, "CONTRACT_NUM": null, "ACESS_TYPE": "Beach", "KayakCanoeLaunch": "No", "PARKING_OPTIONS": "Onsite Parking", "BeachWheelchair": "Y", "BWC_Info": "https://oakisland.recdesk.com/Community/Page?pageId=8056", "PaidParkURL": "n/a", "WaterAccessTYPE": "Ocean", "BeachMat": "No", "Land_Status": "Municipality", "NEAR_FID": 691.0, "NEAR_DIST": 798.98865511691292, "ACCESSIBILITY_NOTES": null, "LIFEGUARDS": null }, "geometry": { "type": "Point", "coordinates": [ -78.190127699776497, 33.914550600014401 ] } },
{ "type": "Feature", "properties": { "ACCESS_ID": "5th Place West", "OBJECTID": 683, "PLACE": "Oak Island", "ACCESS_LOC": "5th Pl W & Beach Dr", "LOCL_SPONS": "Oak Island", "CAMA_SIGN": "Yes", "PARKING": 6.0, "DUNE_WALK": "N", "OVERLOOK": "No", "HAND_DUNE": "No", "HAND_OVRLK": "No", "HAND_BEACH": "No", "HAND_PRKG": null, "RESTRM": "N", "SHOWER": "N", "PIC_TABLE": "No", "VEH_ACCESS": "No", "BIKE_RACK": "No", "SURV_DATE": 1713529268839.0, "COMMENT_": "Doggie Box", "PRKG_COMMENTS": "Additional parking across the street.", "COUNTY": "Brunswick", "DCM_RO": "Wilmington Regional Office", "NCDCM_ID": 194.0, "PHOTO": "Neighborhood.png", "PRK_FEE": "No", "DCM_Funded": "Y", "CONTRACT_YR": null, "CONTRACT_NUM": null, "ACESS_TYPE": "Beach", "KayakCanoeLaunch": "No", "PARKING_OPTIONS": "Both Parking Options", "BeachWheelchair": "Y", "BWC_Info": "https://oakisland.recdesk.com/Community/Page?pageId=8056", "PaidParkURL": "n/a", "WaterAccessTYPE": "Ocean", "BeachMat": "No", "Land_Status": "Municipality", "NEAR_FID": 681.0, "NEAR_DIST": 799.54151076174821, "ACCESSIBILITY_NOTES": null, "LIFEGUARDS": null }, "geometry": { "type": "Point", "coordinates": [ -78.166383099606705, 33.914551900140999 ] } },
{ "type": "Feature", "properties": { "ACCESS_ID": "7th Place West", "OBJECTID": 684, "PLACE": "Oak Island", "ACCESS_LOC": "7th Pl W & Beach Dr", "LOCL_SPONS": "Oak Island", "CAMA_SIGN": "No", "PARKING": 6.0, "DUNE_WALK": "N", "OVERLOOK": "No", "HAND_DUNE": "No", "HAND_OVRLK": "No", "HAND_BEACH": "Y", "HAND_PRKG": null, "RESTRM": "N", "SHOWER": "N", "PIC_TABLE": "No", "VEH_ACCESS": "No", "BIKE_RACK": "No", "SURV_DATE": 1713529268839.0, "COMMENT_": "Doggie Box", "PRKG_COMMENTS": "Additional parking across the street.", "COUNTY": "Brunswick", "DCM_RO": "Wilmington Regional Office", "NCDCM_ID": 195.0, "PHOTO": "Neighborhood.png", "PRK_FEE": "No", "DCM_Funded": "N", "CONTRACT_YR": null, "CONTRACT_NUM": null, "ACESS_TYPE": "Beach", "KayakCanoeLaunch": "No", "PARKING_OPTIONS": "Both Parking Options", "BeachWheelchair": "Y", "BWC_Info": "https://oakisland.recdesk.com/Community/Page?pageId=8056", "PaidParkURL": "n/a", "WaterAccessTYPE": "Ocean", "BeachMat": "No", "Land_Status": "Municipality", "NEAR_FID": 683.0, "NEAR_DIST": 800.20146167867154, "ACCESSIBILITY_NOTES": null, "LIFEGUARDS": null }, "geometry": { "type": "Point", "coordinates": [ -78.169020151733903, 33.914553447768803 ] } },
{ "type": "Feature", "properties": { "ACCESS_ID": "27th Place West", "OBJECTID": 691, "PLACE": "Oak Island", "ACCESS_LOC": "27th Pl W & Beach Dr", "LOCL_SPONS": "Oak Island", "CAMA_SIGN": "No", "PARKING": 5.0, "DUNE_WALK": "Y", "OVERLOOK": "No", "HAND_DUNE": "No", "HAND_OVRLK": "No", "HAND_BEACH": "No", "HAND_PRKG": null, "RESTRM": "N", "SHOWER": "N", "PIC_TABLE": "No", "VEH_ACCESS": "No", "BIKE_RACK": "No", "SURV_DATE": 1713529268839.0, "COMMENT_": "Doggie Box", "PRKG_COMMENTS": null, "COUNTY": "Brunswick", "DCM_RO": "Wilmington Regional Office", "NCDCM_ID": 202.0, "PHOTO": "Neighborhood.png", "PRK_FEE": "No", "DCM_Funded": "Y", "CONTRACT_YR": null, "CONTRACT_NUM": null, "ACESS_TYPE": "Beach", "KayakCanoeLaunch": "No", "PARKING_OPTIONS": "Onsite Parking", "BeachWheelchair": "Y", "BWC_Info": "https://oakisland.recdesk.com/Community/Page?pageId=8056", "PaidParkURL": "n/a", "WaterAccessTYPE": "Ocean", "BeachMat": "Yes", "Land_Status": "Municipality", "NEAR_FID": 692.0, "NEAR_DIST": 798.98865511691292, "ACCESSIBILITY_NOTES": null, "LIFEGUARDS": null }, "geometry": { "type": "Point", "coordinates": [ -78.187494672101707, 33.914560886222098 ] } },
{ "type": "Feature", "properties": { "ACCESS_ID": "31st Street Environmental Overlook Trail", "OBJECTID": 874, "PLACE": "Oak Island", "ACCESS_LOC": "Estuarine side of 29th Pl E", "LOCL_SPONS": "Oak Island", "CAMA_SIGN": "No", "PARKING": 0.0, "DUNE_WALK": "N", "OVERLOOK": "N", "HAND_DUNE": "N", "HAND_OVRLK": "N", "HAND_BEACH": "N", "HAND_PRKG": 0.0, "RESTRM": "N", "SHOWER": "N", "PIC_TABLE": "N", "VEH_ACCESS": "No", "BIKE_RACK": "N", "SURV_DATE": 1713529268839.0, "COMMENT_": null, "PRKG_COMMENTS": null, "COUNTY": "Brunswick", "DCM_RO": "WILM", "NCDCM_ID": null, "PHOTO": null, "PRK_FEE": null, "DCM_Funded": "Y", "CONTRACT_YR": null, "CONTRACT_NUM": null, "ACESS_TYPE": "Shoreline", "KayakCanoeLaunch": "N", "PARKING_OPTIONS": "No Parking", "BeachWheelchair": "N", "BWC_Info": null, "PaidParkURL": "n/a", "WaterAccessTYPE": "Estuarine", "BeachMat": "No", "Land_Status": "Municipality", "NEAR_FID": 197.0, "NEAR_DIST": 738.92050166632544, "ACCESSIBILITY_NOTES": null, "LIFEGUARDS": null }, "geometry": { "type": "Point", "coordinates": [ -78.132545253870404, 33.914566173725497 ] } },
{ "type": "Feature", "properties": { "ACCESS_ID": "25th Place West", "OBJECTID": 690, "PLACE": "Oak Island", "ACCESS_LOC": "25th W & Beach Dr", "LOCL_SPONS": "Oak Island", "CAMA_SIGN": "No", "PARKING": null, "DUNE_WALK": "N", "OVERLOOK": "No", "HAND_DUNE": "No", "HAND_OVRLK": "No", "HAND_BEACH": "No", "HAND_PRKG": null, "RESTRM": "N", "SHOWER": "N", "PIC_TABLE": "No", "VEH_ACCESS": "No", "BIKE_RACK": "No", "SURV_DATE": 1713529268839.0, "COMMENT_": "Doggie Box", "PRKG_COMMENTS": null, "COUNTY": "Brunswick", "DCM_RO": "Wilmington Regional Office", "NCDCM_ID": 201.0, "PHOTO": "Local.png", "PRK_FEE": "No", "DCM_Funded": "N", "CONTRACT_YR": null, "CONTRACT_NUM": null, "ACESS_TYPE": "Beach", "KayakCanoeLaunch": "No", "PARKING_OPTIONS": "No Parking", "BeachWheelchair": "Y", "BWC_Info": "https://oakisland.recdesk.com/Community/Page?pageId=8056", "PaidParkURL": "n/a", "WaterAccessTYPE": "Ocean", "BeachMat": "No", "Land_Status": "Municipality", "NEAR_FID": 689.0, "NEAR_DIST": 784.62061895171428, "ACCESSIBILITY_NOTES": null, "LIFEGUARDS": null }, "geometry": { "type": "Point", "coordinates": [ -78.184799700198198, 33.914618500293898 ] } },
{ "type": "Feature", "properties": { "ACCESS_ID": "10th Place West", "OBJECTID": 685, "PLACE": "Oak Island", "ACCESS_LOC": "10th Pl W & Beach Dr", "LOCL_SPONS": "Oak Island", "CAMA_SIGN": "Yes", "PARKING": 5.0, "DUNE_WALK": "N", "OVERLOOK": "No", "HAND_DUNE": "No", "HAND_OVRLK": "No", "HAND_BEACH": "Y", "HAND_PRKG": null, "RESTRM": "N", "SHOWER": "N", "PIC_TABLE": "No", "VEH_ACCESS": "E", "BIKE_RACK": "No", "SURV_DATE": 1713529268839.0, "COMMENT_": "Doggie Box", "PRKG_COMMENTS": "Additional parking across the street.", "COUNTY": "Brunswick", "DCM_RO": "Wilmington Regional Office", "NCDCM_ID": 196.0, "PHOTO": "Neighborhood.png", "PRK_FEE": "No", "DCM_Funded": "N", "CONTRACT_YR": null, "CONTRACT_NUM": null, "ACESS_TYPE": "Beach", "KayakCanoeLaunch": "No", "PARKING_OPTIONS": "Both Parking Options", "BeachWheelchair": "Y", "BWC_Info": "https://oakisland.recdesk.com/Community/Page?pageId=8056", "PaidParkURL": "n/a", "WaterAccessTYPE": "Ocean", "BeachMat": "Yes", "Land_Status": "Municipality", "NEAR_FID": 686.0, "NEAR_DIST": 794.9540755926173, "ACCESSIBILITY_NOTES": null, "LIFEGUARDS": null }, "geometry": { "type": "Point", "coordinates": [ -78.171668599888804, 33.914622200135099 ] } },
{ "type": "Feature", "properties": { "ACCESS_ID": "23rd Place West", "OBJECTID": 689, "PLACE": "Oak Island", "ACCESS_LOC": "23rd Pl W & Beach Dr", "LOCL_SPONS": "Oak Island", "CAMA_SIGN": "No", "PARKING": 6.0, "DUNE_WALK": "N", "OVERLOOK": "No", "HAND_DUNE": "No", "HAND_OVRLK": "No", "HAND_BEACH": "Y", "HAND_PRKG": null, "RESTRM": "N", "SHOWER": "N", "PIC_TABLE": "No", "VEH_ACCESS": "E", "BIKE_RACK": "No", "SURV_DATE": 1713529268839.0, "COMMENT_": "Doggie Box", "PRKG_COMMENTS": null, "COUNTY": "Brunswick", "DCM_RO": "Wilmington Regional Office", "NCDCM_ID": 200.0, "PHOTO": "Neighborhood.png", "PRK_FEE": "No", "DCM_Funded": "N", "CONTRACT_YR": null, "CONTRACT_NUM": null, "ACESS_TYPE": "Beach", "KayakCanoeLaunch": "No", "PARKING_OPTIONS": "Onsite Parking", "BeachWheelchair": "Y", "BWC_Info": "https://oakisland.recdesk.com/Community/Page?pageId=8056", "PaidParkURL": "n/a", "WaterAccessTYPE": "Ocean", "BeachMat": "No", "Land_Status": "Municipality", "NEAR_FID": 690.0, "NEAR_DIST": 784.62061895171428, "ACCESSIBILITY_NOTES": null, "LIFEGUARDS": null }, "geometry": { "type": "Point", "coordinates": [ -78.182214099977202, 33.914638300369603 ] } },
{ "type": "Feature", "properties": { "ACCESS_ID": "13th Place West", "OBJECTID": 686, "PLACE": "Oak Island", "ACCESS_LOC": "13th Pl W & Beach Dr", "LOCL_SPONS": "Oak Island", "CAMA_SIGN": "No", "PARKING": 5.0, "DUNE_WALK": "N", "OVERLOOK": "No", "HAND_DUNE": "No", "HAND_OVRLK": "No", "HAND_BEACH": "No", "HAND_PRKG": null, "RESTRM": "N", "SHOWER": "N", "PIC_TABLE": "No", "VEH_ACCESS": "No", "BIKE_RACK": "No", "SURV_DATE": 1713529268839.0, "COMMENT_": "Doggie Box", "PRKG_COMMENTS": "Additional parking across the street", "COUNTY": "Brunswick", "DCM_RO": "Wilmington Regional Office", "NCDCM_ID": 197.0, "PHOTO": "Neighborhood.png", "PRK_FEE": "No", "DCM_Funded": "N", "CONTRACT_YR": null, "CONTRACT_NUM": null, "ACESS_TYPE": "Beach", "KayakCanoeLaunch": "N", "PARKING_OPTIONS": "Both Parking Options", "BeachWheelchair": "Y", "BWC_Info": "https://oakisland.recdesk.com/Community/Page?pageId=8056", "PaidParkURL": "n/a", "WaterAccessTYPE": "Ocean", "BeachMat": "No", "Land_Status": "Municipality", "NEAR_FID": 685.0, "NEAR_DIST": 794.9540755926173, "ACCESSIBILITY_NOTES": null, "LIFEGUARDS": null }, "geometry": { "type": "Point", "coordinates": [ -78.174287837525696, 33.914665950392198 ] } },
{ "type": "Feature", "properties": { "ACCESS_ID": "20th Place West", "OBJECTID": 688, "PLACE": "Oak Island", "ACCESS_LOC": "20th Pl W & Beach Dr", "LOCL_SPONS": "Oak Island", "CAMA_SIGN": "No", "PARKING": 4.0, "DUNE_WALK": "N", "OVERLOOK": "No", "HAND_DUNE": "No", "HAND_OVRLK": "No", "HAND_BEACH": "No", "HAND_PRKG": null, "RESTRM": "N", "SHOWER": "N", "PIC_TABLE": "No", "VEH_ACCESS": "No", "BIKE_RACK": "No", "SURV_DATE": 1713529268839.0, "COMMENT_": "Doggie Box", "PRKG_COMMENTS": null, "COUNTY": "Brunswick", "DCM_RO": "Wilmington Regional Office", "NCDCM_ID": 199.0, "PHOTO": "Local.png", "PRK_FEE": "No", "DCM_Funded": "Y", "CONTRACT_YR": null, "CONTRACT_NUM": null, "ACESS_TYPE": "Beach", "KayakCanoeLaunch": "No", "PARKING_OPTIONS": "On-Street Parking", "BeachWheelchair": "Y", "BWC_Info": "https://oakisland.recdesk.com/Community/Page?pageId=8056", "PaidParkURL": "n/a", "WaterAccessTYPE": "Ocean", "BeachMat": "No", "Land_Status": "Municipality", "NEAR_FID": 689.0, "NEAR_DIST": 798.16785064004318, "ACCESSIBILITY_NOTES": null, "LIFEGUARDS": null }, "geometry": { "type": "Point", "coordinates": [ -78.179585722880702, 33.914723348948002 ] } },
{ "type": "Feature", "properties": { "ACCESS_ID": "17th Place West", "OBJECTID": 687, "PLACE": "Oak Island", "ACCESS_LOC": "17th Pl W & Beach Dr", "LOCL_SPONS": "Oak Island", "CAMA_SIGN": "No", "PARKING": 4.0, "DUNE_WALK": "N", "OVERLOOK": "No", "HAND_DUNE": "No", "HAND_OVRLK": "No", "HAND_BEACH": "No", "HAND_PRKG": null, "RESTRM": "N", "SHOWER": "N", "PIC_TABLE": "No", "VEH_ACCESS": "No", "BIKE_RACK": "No", "SURV_DATE": 1713529268839.0, "COMMENT_": "Doggie Box", "PRKG_COMMENTS": "Additional parking across the street", "COUNTY": "Brunswick", "DCM_RO": "Wilmington Regional Office", "NCDCM_ID": 198.0, "PHOTO": "Local.png", "PRK_FEE": "No", "DCM_Funded": "N", "CONTRACT_YR": null, "CONTRACT_NUM": null, "ACESS_TYPE": "Beach", "KayakCanoeLaunch": "No", "PARKING_OPTIONS": "Both Parking Options", "BeachWheelchair": "Y", "BWC_Info": "https://oakisland.recdesk.com/Community/Page?pageId=8056", "PaidParkURL": "n/a", "WaterAccessTYPE": "Ocean", "BeachMat": "No", "Land_Status": "Municipality", "NEAR_FID": 688.0, "NEAR_DIST": 799.80422603720046, "ACCESSIBILITY_NOTES": null, "LIFEGUARDS": null }, "geometry": { "type": "Point", "coordinates": [ -78.176950053260697, 33.914740493586102 ] } },
{ "type": "Feature", "properties": { "ACCESS_ID": "Points", "OBJECTID": 837, "PLACE": "Oak Island", "ACCESS_LOC": "Kings Lynn Drive", "LOCL_SPONS": "Oak Island", "CAMA_SIGN": "Unknown", "PARKING": 20.0, "DUNE_WALK": "N", "OVERLOOK": "N", "HAND_DUNE": "N", "HAND_OVRLK": "N", "HAND_BEACH": "Y", "HAND_PRKG": 1.0, "RESTRM": "Y", "SHOWER": "N", "PIC_TABLE": "N", "VEH_ACCESS": "No", "BIKE_RACK": "N", "SURV_DATE": 1713529268839.0, "COMMENT_": "Portable bathrooms and rinse stations.", "PRKG_COMMENTS": null, "COUNTY": "Brunswick", "DCM_RO": "WILM", "NCDCM_ID": null, "PHOTO": null, "PRK_FEE": null, "DCM_Funded": "N", "CONTRACT_YR": null, "CONTRACT_NUM": null, "ACESS_TYPE": "Shoreline", "KayakCanoeLaunch": "N", "PARKING_OPTIONS": "Onsite Parking", "BeachWheelchair": "Y", "BWC_Info": "https://oakisland.recdesk.com/Community/Page?pageId=8056", "PaidParkURL": "n/a", "WaterAccessTYPE": "Estuarine", "BeachMat": "No", "Land_Status": "Municipality", "NEAR_FID": 269.0, "NEAR_DIST": 1456.4647849250534, "ACCESSIBILITY_NOTES": null, "LIFEGUARDS": null }, "geometry": { "type": "Point", "coordinates": [ -78.231980499917796, 33.915764199950999 ] } },
{ "type": "Feature", "properties": { "ACCESS_ID": "31st Street Environmental Overlook Trail", "OBJECTID": 197, "PLACE": "Oak Island", "ACCESS_LOC": "SE 31st Street", "LOCL_SPONS": "Oak Island", "CAMA_SIGN": "Yes", "PARKING": 6.0, "DUNE_WALK": "Y", "OVERLOOK": "Y", "HAND_DUNE": "Yes", "HAND_OVRLK": "Yes", "HAND_BEACH": "No", "HAND_PRKG": null, "RESTRM": "N", "SHOWER": "N", "PIC_TABLE": "Yes", "VEH_ACCESS": "No", "BIKE_RACK": "No", "SURV_DATE": 1713529268839.0, "COMMENT_": "Sound Access", "PRKG_COMMENTS": null, "COUNTY": "Brunswick", "DCM_RO": "Wilmington Regional Office", "NCDCM_ID": 586.0, "PHOTO": "waterfront.png", "PRK_FEE": "No", "DCM_Funded": "Y", "CONTRACT_YR": null, "CONTRACT_NUM": null, "ACESS_TYPE": "Shoreline", "KayakCanoeLaunch": "No", "PARKING_OPTIONS": "Both Parking Options", "BeachWheelchair": "Y", "BWC_Info": "https://oakisland.recdesk.com/Community/Page?pageId=8056", "PaidParkURL": "n/a", "WaterAccessTYPE": "Estuarine", "BeachMat": "No", "Land_Status": "Municipality", "NEAR_FID": 874.0, "NEAR_DIST": 738.92050166632544, "ACCESSIBILITY_NOTES": null, "LIFEGUARDS": null }, "geometry": { "type": "Point", "coordinates": [ -78.130677641634506, 33.915868971157202 ] } },
{ "type": "Feature", "properties": { "ACCESS_ID": "PW120", "OBJECTID": 838, "PLACE": "Holden Beach", "ACCESS_LOC": "Ocean Blvd E & Ranger St", "LOCL_SPONS": "Holden Beach", "CAMA_SIGN": "No", "PARKING": null, "DUNE_WALK": "Y", "OVERLOOK": "N", "HAND_DUNE": "N", "HAND_OVRLK": "N", "HAND_BEACH": "N", "HAND_PRKG": null, "RESTRM": "N", "SHOWER": "N", "PIC_TABLE": "N", "VEH_ACCESS": "No", "BIKE_RACK": "Y", "SURV_DATE": 1713484800000.0, "COMMENT_": null, "PRKG_COMMENTS": "Golf Cart Parking Only", "COUNTY": "Brunswick", "DCM_RO": "WILM", "NCDCM_ID": null, "PHOTO": null, "PRK_FEE": null, "DCM_Funded": "N", "CONTRACT_YR": null, "CONTRACT_NUM": null, "ACESS_TYPE": "Beach", "KayakCanoeLaunch": "N", "PARKING_OPTIONS": "No Parking", "BeachWheelchair": "N", "BWC_Info": "n/a", "PaidParkURL": "n/a", "WaterAccessTYPE": "Ocean", "BeachMat": null, "Land_Status": "Municipality", "NEAR_FID": 474.0, "NEAR_DIST": 520.38087268337938, "ACCESSIBILITY_NOTES": null, "LIFEGUARDS": null }, "geometry": { "type": "Point", "coordinates": [ -78.258672759097493, 33.914495943239601 ] } },
{ "type": "Feature", "properties": { "ACCESS_ID": "PW40", "OBJECTID": 462, "PLACE": "Holden Beach", "ACCESS_LOC": "End of Dunscape Dr", "LOCL_SPONS": " ", "CAMA_SIGN": "Yes", "PARKING": null, "DUNE_WALK": "Y", "OVERLOOK": "No", "HAND_DUNE": "No", "HAND_OVRLK": "No", "HAND_BEACH": "No", "HAND_PRKG": null, "RESTRM": "N", "SHOWER": "N", "PIC_TABLE": "No", "VEH_ACCESS": "No", "BIKE_RACK": "N", "SURV_DATE": 1713484800000.0, "COMMENT_": "Stairs to beach", "PRKG_COMMENTS": null, "COUNTY": "Brunswick", "DCM_RO": "Wilmington Regional Office", "NCDCM_ID": 504.0, "PHOTO": "Local.png", "PRK_FEE": null, "DCM_Funded": "Y", "CONTRACT_YR": null, "CONTRACT_NUM": null, "ACESS_TYPE": "Beach", "KayakCanoeLaunch": "No", "PARKING_OPTIONS": "No Parking", "BeachWheelchair": "N", "BWC_Info": "n/a", "PaidParkURL": "n/a", "WaterAccessTYPE": "Ocean", "BeachMat": null, "Land_Status": "Municipality", "NEAR_FID": 465.0, "NEAR_DIST": 551.77808689545782, "ACCESSIBILITY_NOTES": null, "LIFEGUARDS": null }, "geometry": { "type": "Point", "coordinates": [ -78.250197532582504, 33.914503304167397 ] } },
{ "type": "Feature", "properties": { "ACCESS_ID": "PW60", "OBJECTID": 465, "PLACE": "Holden Beach", "ACCESS_LOC": "End of Avenue B", "LOCL_SPONS": " ", "CAMA_SIGN": "Yes", "PARKING": 12.0, "DUNE_WALK": "Y", "OVERLOOK": "No", "HAND_DUNE": "No", "HAND_OVRLK": "No", "HAND_BEACH": "No", "HAND_PRKG": null, "RESTRM": "N", "SHOWER": "N", "PIC_TABLE": "No", "VEH_ACCESS": "No", "BIKE_RACK": "Yes", "SURV_DATE": 1713484800000.0, "COMMENT_": " ", "PRKG_COMMENTS": "Parking available adjacent", "COUNTY": "Brunswick", "DCM_RO": "Wilmington Regional Office", "NCDCM_ID": 505.0, "PHOTO": "Neighborhood.png", "PRK_FEE": "No", "DCM_Funded": "Y", "CONTRACT_YR": null, "CONTRACT_NUM": null, "ACESS_TYPE": "Beach", "KayakCanoeLaunch": "No", "PARKING_OPTIONS": "Both Parking Options", "BeachWheelchair": "N", "BWC_Info": "n/a", "PaidParkURL": "n/a", "WaterAccessTYPE": "Ocean", "BeachMat": null, "Land_Status": "Municipality", "NEAR_FID": 462.0, "NEAR_DIST": 551.77808689545782, "ACCESSIBILITY_NOTES": null, "LIFEGUARDS": null }, "geometry": { "type": "Point", "coordinates": [ -78.252015637377596, 33.914529524392499 ] } },
{ "type": "Feature", "properties": { "ACCESS_ID": "PW80", "OBJECTID": 468, "PLACE": "Holden Beach", "ACCESS_LOC": "End of Avenue A", "LOCL_SPONS": " ", "CAMA_SIGN": "Yes", "PARKING": 15.0, "DUNE_WALK": "Y", "OVERLOOK": "No", "HAND_DUNE": "No", "HAND_OVRLK": "No", "HAND_BEACH": "No", "HAND_PRKG": 2.0, "RESTRM": "N", "SHOWER": "N", "PIC_TABLE": "No", "VEH_ACCESS": "No", "BIKE_RACK": "Yes", "SURV_DATE": 1713484800000.0, "COMMENT_": " ", "PRKG_COMMENTS": "Parking available adjacent", "COUNTY": "Brunswick", "DCM_RO": "Wilmington Regional Office", "NCDCM_ID": 506.0, "PHOTO": "Neighborhood.png", "PRK_FEE": "No", "DCM_Funded": "N", "CONTRACT_YR": null, "CONTRACT_NUM": null, "ACESS_TYPE": "Beach", "KayakCanoeLaunch": "No", "PARKING_OPTIONS": "Both Parking Options", "BeachWheelchair": "N", "BWC_Info": "n/a", "PaidParkURL": "n/a", "WaterAccessTYPE": "Ocean", "BeachMat": null, "Land_Status": "Municipality", "NEAR_FID": 465.0, "NEAR_DIST": 564.46797836232122, "ACCESSIBILITY_NOTES": null, "LIFEGUARDS": null }, "geometry": { "type": "Point", "coordinates": [ -78.253872730852706, 33.914619079535598 ] } },
{ "type": "Feature", "properties": { "ACCESS_ID": "PW100", "OBJECTID": 471, "PLACE": "Holden Beach", "ACCESS_LOC": "220 Ocean Blvd East", "LOCL_SPONS": " ", "CAMA_SIGN": "Yes", "PARKING": 15.0, "DUNE_WALK": "Y", "OVERLOOK": "No", "HAND_DUNE": "No", "HAND_OVRLK": "No", "HAND_BEACH": "No", "HAND_PRKG": 2.0, "RESTRM": "N", "SHOWER": "N", "PIC_TABLE": "No", "VEH_ACCESS": "No", "BIKE_RACK": "Yes", "SURV_DATE": 1713484800000.0, "COMMENT_": " ", "PRKG_COMMENTS": null, "COUNTY": "Brunswick", "DCM_RO": "Wilmington Regional Office", "NCDCM_ID": 507.0, "PHOTO": "Neighborhood.png", "PRK_FEE": "No", "DCM_Funded": "N", "CONTRACT_YR": null, "CONTRACT_NUM": null, "ACESS_TYPE": "Beach", "KayakCanoeLaunch": "No", "PARKING_OPTIONS": "Onsite Parking", "BeachWheelchair": "N", "BWC_Info": "n/a", "PaidParkURL": "n/a", "WaterAccessTYPE": "Ocean", "BeachMat": null, "Land_Status": "Municipality", "NEAR_FID": 838.0, "NEAR_DIST": 707.44490678860029, "ACCESSIBILITY_NOTES": null, "LIFEGUARDS": null }, "geometry": { "type": "Point", "coordinates": [ -78.256360128145204, 33.914741937588197 ] } },
{ "type": "Feature", "properties": { "ACCESS_ID": "PW20", "OBJECTID": 458, "PLACE": "Holden Beach", "ACCESS_LOC": "317 Ocean Blvd East: End of Ave D", "LOCL_SPONS": " ", "CAMA_SIGN": "Yes", "PARKING": 14.0, "DUNE_WALK": "Y", "OVERLOOK": "No", "HAND_DUNE": "No", "HAND_OVRLK": "No", "HAND_BEACH": "No", "HAND_PRKG": 2.0, "RESTRM": "N", "SHOWER": "N", "PIC_TABLE": "No", "VEH_ACCESS": "No", "BIKE_RACK": "Yes", "SURV_DATE": 1713484800000.0, "COMMENT_": "Stairs to beach", "PRKG_COMMENTS": "Parking on McCray St", "COUNTY": "Brunswick", "DCM_RO": "Wilmington Regional Office", "NCDCM_ID": 503.0, "PHOTO": "Neighborhood.png", "PRK_FEE": "No", "DCM_Funded": "Y", "CONTRACT_YR": null, "CONTRACT_NUM": null, "ACESS_TYPE": "Beach", "KayakCanoeLaunch": "No", "PARKING_OPTIONS": "Both Parking Options", "BeachWheelchair": "N", "BWC_Info": "n/a", "PaidParkURL": "n/a", "WaterAccessTYPE": "Ocean", "BeachMat": null, "Land_Status": "Municipality", "NEAR_FID": 462.0, "NEAR_DIST": 560.98120713091464, "ACCESSIBILITY_NOTES": null, "LIFEGUARDS": null }, "geometry": { "type": "Point", "coordinates": [ -78.248394843775998, 33.914845064025101 ] } },
{ "type": "Feature", "properties": { "ACCESS_ID": "PW1", "OBJECTID": 455, "PLACE": "Holden Beach", "ACCESS_LOC": "343.5 Ocean Blvd East", "LOCL_SPONS": "Holden Beach", "CAMA_SIGN": "Yes", "PARKING": 50.0, "DUNE_WALK": "N", "OVERLOOK": "No", "HAND_DUNE": "No", "HAND_OVRLK": "No", "HAND_BEACH": "N", "HAND_PRKG": 2.0, "RESTRM": "Y", "SHOWER": "N", "PIC_TABLE": "No", "VEH_ACCESS": "Yes", "BIKE_RACK": "Yes", "SURV_DATE": 1713484800000.0, "COMMENT_": "Portable restroom", "PRKG_COMMENTS": null, "COUNTY": "Brunswick", "DCM_RO": "Wilmington Regional Office", "NCDCM_ID": 502.0, "PHOTO": "Neighborhood.png", "PRK_FEE": "No", "DCM_Funded": "N", "CONTRACT_YR": null, "CONTRACT_NUM": null, "ACESS_TYPE": "Beach", "KayakCanoeLaunch": "No", "PARKING_OPTIONS": "Both Parking Options", "BeachWheelchair": "N", "BWC_Info": "n/a", "PaidParkURL": "n/a", "WaterAccessTYPE": "Ocean", "BeachMat": null, "Land_Status": "Municipality", "NEAR_FID": 458.0, "NEAR_DIST": 578.71735385324257, "ACCESSIBILITY_NOTES": null, "LIFEGUARDS": null }, "geometry": { "type": "Point", "coordinates": [ -78.246487726715998, 33.9148560397689 ] } },
{ "type": "Feature", "properties": { "ACCESS_ID": "Bridgeview Park", "OBJECTID": 895, "PLACE": "Holden Beach", "ACCESS_LOC": "Terminus of Davis St", "LOCL_SPONS": "Holden Beach", "CAMA_SIGN": "Unknown", "PARKING": null, "DUNE_WALK": "N", "OVERLOOK": "Y", "HAND_DUNE": "N", "HAND_OVRLK": "Y", "HAND_BEACH": "N", "HAND_PRKG": null, "RESTRM": "Y", "SHOWER": "N", "PIC_TABLE": "Y", "VEH_ACCESS": "No", "BIKE_RACK": "N", "SURV_DATE": 1713484800000.0, "COMMENT_": "Park has a playground, multipurpose court, bocce ball courts, picnic shelter, splash pad, restrooms, and pier with transient docks and a kayak launch into the Intracoastal Waterway.  ", "PRKG_COMMENTS": null, "COUNTY": "Brunswick", "DCM_RO": "WILM", "NCDCM_ID": null, "PHOTO": null, "PRK_FEE": null, "DCM_Funded": "N", "CONTRACT_YR": null, "CONTRACT_NUM": null, "ACESS_TYPE": "Shoreline", "KayakCanoeLaunch": "Y", "PARKING_OPTIONS": null, "BeachWheelchair": null, "BWC_Info": null, "PaidParkURL": "n/a", "WaterAccessTYPE": "Estuarine", "BeachMat": null, "Land_Status": "Municipality", "NEAR_FID": 487.0, "NEAR_DIST": 681.15878652992956, "ACCESSIBILITY_NOTES": null, "LIFEGUARDS": null }, "geometry": { "type": "Point", "coordinates": [ -78.269898936025896, 33.915154063145799 ] } },
{ "type": "Feature", "properties": { "ACCESS_ID": "Holden Beach Pavilion and Fishing Pier", "OBJECTID": 894, "PLACE": "Holden Beach", "ACCESS_LOC": "Jordan Boulevard", "LOCL_SPONS": "Holden Beach", "CAMA_SIGN": "Yes", "PARKING": null, "DUNE_WALK": "N", "OVERLOOK": "Y", "HAND_DUNE": "N", "HAND_OVRLK": "Y", "HAND_BEACH": "Y", "HAND_PRKG": null, "RESTRM": null, "SHOWER": null, "PIC_TABLE": "N", "VEH_ACCESS": "No", "BIKE_RACK": null, "SURV_DATE": 1713484800000.0, "COMMENT_": "fishing pier behind the Holden Beach Pavilion provides fishing access to the Intracoastal Waterway. ", "PRKG_COMMENTS": null, "COUNTY": null, "DCM_RO": "WILM", "NCDCM_ID": null, "PHOTO": null, "PRK_FEE": null, "DCM_Funded": "Y", "CONTRACT_YR": null, "CONTRACT_NUM": null, "ACESS_TYPE": "Shoreline", "KayakCanoeLaunch": "N", "PARKING_OPTIONS": null, "BeachWheelchair": null, "BWC_Info": null, "PaidParkURL": "n/a", "WaterAccessTYPE": "Estuarine", "BeachMat": null, "Land_Status": "Municipality", "NEAR_FID": 895.0, "NEAR_DIST": 701.06117633272481, "ACCESSIBILITY_NOTES": null, "LIFEGUARDS": null }, "geometry": { "type": "Point", "coordinates": [ -78.267770885822799, 33.9159040286414 ] } },
{ "type": "Feature", "properties": { "ACCESS_ID": "Halstead Park", "OBJECTID": 876, "PLACE": "Holden Beach", "ACCESS_LOC": "Located at the end of Halstead as it crosses South Shore Dr", "LOCL_SPONS": "Holden Beach", "CAMA_SIGN": "Yes", "PARKING": 2.0, "DUNE_WALK": "N", "OVERLOOK": "N", "HAND_DUNE": "N", "HAND_OVRLK": "N", "HAND_BEACH": "N", "HAND_PRKG": 1.0, "RESTRM": "N", "SHOWER": "N", "PIC_TABLE": "Y", "VEH_ACCESS": "No", "BIKE_RACK": "N", "SURV_DATE": 1713484800000.0, "COMMENT_": "Gazebo with picnic tables, fishing pier", "PRKG_COMMENTS": null, "COUNTY": "Brunswick", "DCM_RO": "WILM", "NCDCM_ID": null, "PHOTO": null, "PRK_FEE": "N", "DCM_Funded": "Y", "CONTRACT_YR": null, "CONTRACT_NUM": "BA04-006\r\n", "ACESS_TYPE": "Shoreline", "KayakCanoeLaunch": "N", "PARKING_OPTIONS": "Onsite Parking", "BeachWheelchair": null, "BWC_Info": null, "PaidParkURL": "n/a", "WaterAccessTYPE": "Estuarine", "BeachMat": null, "Land_Status": "Municipality", "NEAR_FID": 477.0, "NEAR_DIST": 986.20180037899547, "ACCESSIBILITY_NOTES": null, "LIFEGUARDS": null }, "geometry": { "type": "Point", "coordinates": [ -78.264361224532294, 33.9168574575489 ] } },
{ "type": "Feature", "properties": { "ACCESS_ID": "Historic River Walk", "OBJECTID": 193, "PLACE": "Southport", "ACCESS_LOC": "201 West Bay Street", "LOCL_SPONS": "Southport", "CAMA_SIGN": "No", "PARKING": null, "DUNE_WALK": "N", "OVERLOOK": "Yes", "HAND_DUNE": "Yes", "HAND_OVRLK": "Yes", "HAND_BEACH": "No", "HAND_PRKG": null, "RESTRM": "N", "SHOWER": "N", "PIC_TABLE": "No", "VEH_ACCESS": "No", "BIKE_RACK": "No", "SURV_DATE": 1112140800000.0, "COMMENT_": "Access to shore of river", "PRKG_COMMENTS": "", "COUNTY": "Brunswick", "DCM_RO": "Wilmington Regional Office", "NCDCM_ID": 582.0, "PHOTO": "SP33.png", "PRK_FEE": null, "DCM_Funded": "Y", "CONTRACT_YR": null, "CONTRACT_NUM": null, "ACESS_TYPE": "Shoreline", "KayakCanoeLaunch": "No", "PARKING_OPTIONS": "No Parking", "BeachWheelchair": "N", "BWC_Info": "n/a", "PaidParkURL": "n/a", "WaterAccessTYPE": "Estuarine", "BeachMat": null, "Land_Status": "Municipality", "NEAR_FID": 192.0, "NEAR_DIST": 871.72133458615838, "ACCESSIBILITY_NOTES": null, "LIFEGUARDS": null }, "geometry": { "type": "Point", "coordinates": [ -78.020539980990904, 33.916752672238701 ] } },
{ "type": "Feature", "properties": { "ACCESS_ID": "City Dock", "OBJECTID": 192, "PLACE": "Southport", "ACCESS_LOC": "116 East Bay Street", "LOCL_SPONS": "Southport", "CAMA_SIGN": "Yes", "PARKING": null, "DUNE_WALK": "N", "OVERLOOK": "Yes", "HAND_DUNE": "Yes", "HAND_OVRLK": "Yes", "HAND_BEACH": "No", "HAND_PRKG": null, "RESTRM": "N", "SHOWER": "N", "PIC_TABLE": "No", "VEH_ACCESS": "No", "BIKE_RACK": "No", "SURV_DATE": 1112140800000.0, "COMMENT_": "Pier over Cape Fear River", "PRKG_COMMENTS": " ", "COUNTY": "Brunswick", "DCM_RO": "Wilmington Regional Office", "NCDCM_ID": 581.0, "PHOTO": "SP32.png", "PRK_FEE": "No", "DCM_Funded": "Y", "CONTRACT_YR": null, "CONTRACT_NUM": null, "ACESS_TYPE": "Shoreline", "KayakCanoeLaunch": "No", "PARKING_OPTIONS": "On-Street Parking", "BeachWheelchair": "N", "BWC_Info": "n/a", "PaidParkURL": "n/a", "WaterAccessTYPE": "Estuarine", "BeachMat": null, "Land_Status": "Municipality", "NEAR_FID": 791.0, "NEAR_DIST": 790.93790733519666, "ACCESSIBILITY_NOTES": null, "LIFEGUARDS": null }, "geometry": { "type": "Point", "coordinates": [ -78.017729133602302, 33.917247509024797 ] } },
{ "type": "Feature", "properties": { "ACCESS_ID": "Davis Canal Crossover\r\n", "OBJECTID": 873, "PLACE": "Oak Island", "ACCESS_LOC": "SE 9th St", "LOCL_SPONS": "Oak Island", "CAMA_SIGN": "No", "PARKING": 0.0, "DUNE_WALK": "N", "OVERLOOK": "N", "HAND_DUNE": "N", "HAND_OVRLK": "N", "HAND_BEACH": "N", "HAND_PRKG": 0.0, "RESTRM": "N", "SHOWER": "N", "PIC_TABLE": "N", "VEH_ACCESS": "No", "BIKE_RACK": "N", "SURV_DATE": 1713529268839.0, "COMMENT_": "Walkway provides access to the 9th Place East Access Site", "PRKG_COMMENTS": null, "COUNTY": "Brunswick", "DCM_RO": "WILM", "NCDCM_ID": null, "PHOTO": null, "PRK_FEE": null, "DCM_Funded": "Y", "CONTRACT_YR": null, "CONTRACT_NUM": null, "ACESS_TYPE": "Shoreline", "KayakCanoeLaunch": "N", "PARKING_OPTIONS": "No Parking", "BeachWheelchair": "N", "BWC_Info": null, "PaidParkURL": "n/a", "WaterAccessTYPE": "Estuarine", "BeachMat": "No", "Land_Status": "Municipality", "NEAR_FID": 676.0, "NEAR_DIST": 1268.1474785347191, "ACCESSIBILITY_NOTES": null, "LIFEGUARDS": null }, "geometry": { "type": "Point", "coordinates": [ -78.152480643270806, 33.917408652495901 ] } },
{ "type": "Feature", "properties": { "ACCESS_ID": "Atlantic Ave Riverwalk Access", "OBJECTID": 791, "PLACE": "Southport", "ACCESS_LOC": "Terminus of S. Atlantic Ave", "LOCL_SPONS": "Southport", "CAMA_SIGN": "Yes", "PARKING": 0.0, "DUNE_WALK": "N", "OVERLOOK": "No", "HAND_DUNE": "No", "HAND_OVRLK": "No", "HAND_BEACH": "No", "HAND_PRKG": 0.0, "RESTRM": "N", "SHOWER": "N", "PIC_TABLE": "No", "VEH_ACCESS": "No", "BIKE_RACK": "No", "SURV_DATE": 1582070400000.0, "COMMENT_": null, "PRKG_COMMENTS": null, "COUNTY": "Brunswick", "DCM_RO": "Wilmington Regional Office", "NCDCM_ID": null, "PHOTO": null, "PRK_FEE": null, "DCM_Funded": "Y", "CONTRACT_YR": "2000", "CONTRACT_NUM": null, "ACESS_TYPE": "Shoreline", "KayakCanoeLaunch": "No", "PARKING_OPTIONS": "No Parking", "BeachWheelchair": "N", "BWC_Info": "n/a", "PaidParkURL": "n/a", "WaterAccessTYPE": "Estuarine", "BeachMat": null, "Land_Status": "Municipality", "NEAR_FID": 192.0, "NEAR_DIST": 790.93790733519666, "ACCESSIBILITY_NOTES": null, "LIFEGUARDS": null }, "geometry": { "type": "Point", "coordinates": [ -78.015448956984599, 33.918300502439003 ] } },
{ "type": "Feature", "properties": { "ACCESS_ID": "Kinsley Street Park", "OBJECTID": 868, "PLACE": "Southport", "ACCESS_LOC": "corner of Kingsley and East Bay Streets", "LOCL_SPONS": "Southport", "CAMA_SIGN": "No", "PARKING": 2.0, "DUNE_WALK": "N", "OVERLOOK": "Y", "HAND_DUNE": null, "HAND_OVRLK": "Y", "HAND_BEACH": "N", "HAND_PRKG": 0.0, "RESTRM": "N", "SHOWER": "N", "PIC_TABLE": "N", "VEH_ACCESS": "No", "BIKE_RACK": "N", "SURV_DATE": 1657622826317.0, "COMMENT_": "Passive park with a dock extending out into the Intracoastal waterway with views of the Cape Fear River and islands.", "PRKG_COMMENTS": "", "COUNTY": "Brunswick", "DCM_RO": "WILM", "NCDCM_ID": null, "PHOTO": null, "PRK_FEE": "N", "DCM_Funded": "Y", "CONTRACT_YR": null, "CONTRACT_NUM": null, "ACESS_TYPE": "Shoreline", "KayakCanoeLaunch": "N", "PARKING_OPTIONS": "Onsite Parking", "BeachWheelchair": null, "BWC_Info": null, "PaidParkURL": "n/a", "WaterAccessTYPE": "Estuarine", "BeachMat": null, "Land_Status": "Municipality", "NEAR_FID": 791.0, "NEAR_DIST": 856.41056273556387, "ACCESSIBILITY_NOTES": null, "LIFEGUARDS": null }, "geometry": { "type": "Point", "coordinates": [ -78.013157324606198, 33.919674073024701 ] } },
{ "type": "Feature", "properties": { "ACCESS_ID": "Southport West St Canoe/Kayak Launch", "OBJECTID": 926, "PLACE": "Southport", "ACCESS_LOC": "901 W. West St", "LOCL_SPONS": "Southport", "CAMA_SIGN": "Coming Soon", "PARKING": 30.0, "DUNE_WALK": "N", "OVERLOOK": "N", "HAND_DUNE": "N", "HAND_OVRLK": "N", "HAND_BEACH": "N", "HAND_PRKG": 2.0, "RESTRM": "N", "SHOWER": "N", "PIC_TABLE": "Y", "VEH_ACCESS": "No", "BIKE_RACK": "N", "SURV_DATE": 1739836800000.0, "COMMENT_": null, "PRKG_COMMENTS": null, "COUNTY": "Brunswick", "DCM_RO": "WILM", "NCDCM_ID": null, "PHOTO": null, "PRK_FEE": "N", "DCM_Funded": "Y", "CONTRACT_YR": "2022-23", "CONTRACT_NUM": "CW36055", "ACESS_TYPE": "Shoreline", "KayakCanoeLaunch": "Y", "PARKING_OPTIONS": "Onsite Parking", "BeachWheelchair": "N", "BWC_Info": null, "PaidParkURL": "No", "WaterAccessTYPE": null, "BeachMat": "No", "Land_Status": null, "NEAR_FID": null, "NEAR_DIST": null, "ACCESSIBILITY_NOTES": null, "LIFEGUARDS": null }, "geometry": { "type": "Point", "coordinates": [ -78.031370941998603, 33.919767136581001 ] } },
{ "type": "Feature", "properties": { "ACCESS_ID": "Malcolm Register Park", "OBJECTID": 202, "PLACE": "Oak Island", "ACCESS_LOC": "409 NE 52nd St,", "LOCL_SPONS": "Oak Island", "CAMA_SIGN": "Yes", "PARKING": null, "DUNE_WALK": "N", "OVERLOOK": "No", "HAND_DUNE": "No", "HAND_OVRLK": "No", "HAND_BEACH": "No", "HAND_PRKG": 3.0, "RESTRM": "N", "SHOWER": "N", "PIC_TABLE": "Y", "VEH_ACCESS": "No", "BIKE_RACK": "No", "SURV_DATE": 1713529268839.0, "COMMENT_": "Park has a nature trail, nature center, floating dock, fishing tee, picnic shelter and butterfly garden.", "PRKG_COMMENTS": " ", "COUNTY": "Brunswick", "DCM_RO": "Wilmington Regional Office", "NCDCM_ID": 591.0, "PHOTO": "waterfront.png", "PRK_FEE": "No", "DCM_Funded": "Y", "CONTRACT_YR": null, "CONTRACT_NUM": null, "ACESS_TYPE": "Shoreline", "KayakCanoeLaunch": "No", "PARKING_OPTIONS": "On-Street Parking", "BeachWheelchair": "Y", "BWC_Info": "https://oakisland.recdesk.com/Community/Page?pageId=8056", "PaidParkURL": "n/a", "WaterAccessTYPE": "Estuarine", "BeachMat": "No", "Land_Status": "Municipality", "NEAR_FID": 627.0, "NEAR_DIST": 4240.2414560783818, "ACCESSIBILITY_NOTES": null, "LIFEGUARDS": null }, "geometry": { "type": "Point", "coordinates": [ -78.109070973450301, 33.920727923350597 ] } },
{ "type": "Feature", "properties": { "ACCESS_ID": "Veterans Park (formally Waterway Park)", "OBJECTID": 871, "PLACE": "Oak Island", "ACCESS_LOC": "NE 15th St & E Yacht Dr", "LOCL_SPONS": "Oak Island", "CAMA_SIGN": "Yes", "PARKING": 14.0, "DUNE_WALK": "N", "OVERLOOK": "Y", "HAND_DUNE": "N", "HAND_OVRLK": "Y", "HAND_BEACH": "N", "HAND_PRKG": 2.0, "RESTRM": "N", "SHOWER": "N", "PIC_TABLE": "Y", "VEH_ACCESS": "No", "BIKE_RACK": "N", "SURV_DATE": 1713529268839.0, "COMMENT_": "Picnic Shelter, Pier, and Benches", "PRKG_COMMENTS": null, "COUNTY": "Brunswick", "DCM_RO": "WILM", "NCDCM_ID": null, "PHOTO": null, "PRK_FEE": "N", "DCM_Funded": "Y", "CONTRACT_YR": null, "CONTRACT_NUM": "7139", "ACESS_TYPE": "Shoreline", "KayakCanoeLaunch": "N", "PARKING_OPTIONS": "Onsite Parking", "BeachWheelchair": "N", "BWC_Info": null, "PaidParkURL": "n/a", "WaterAccessTYPE": "Estuarine", "BeachMat": "No", "Land_Status": "Municipality", "NEAR_FID": 873.0, "NEAR_DIST": 3753.250191914668, "ACCESSIBILITY_NOTES": null, "LIFEGUARDS": null }, "geometry": { "type": "Point", "coordinates": [ -78.144958863855905, 33.925595258882097 ] } },
{ "type": "Feature", "properties": { "ACCESS_ID": "Bill Smith Park", "OBJECTID": 776, "PLACE": "Oak Island", "ACCESS_LOC": "4410 Fish Factory Rd", "LOCL_SPONS": "Oak Island", "CAMA_SIGN": "Yes", "PARKING": 16.0, "DUNE_WALK": "N", "OVERLOOK": "No", "HAND_DUNE": "No", "HAND_OVRLK": "No", "HAND_BEACH": "No", "HAND_PRKG": 2.0, "RESTRM": "Y", "SHOWER": "N", "PIC_TABLE": "Yes", "VEH_ACCESS": "No", "BIKE_RACK": "No", "SURV_DATE": 1713529268839.0, "COMMENT_": null, "PRKG_COMMENTS": "", "COUNTY": "Brunswick", "DCM_RO": "Wilmington Regional Office", "NCDCM_ID": null, "PHOTO": null, "PRK_FEE": "No", "DCM_Funded": "Y", "CONTRACT_YR": "2015-16", "CONTRACT_NUM": "6838", "ACESS_TYPE": "Shoreline", "KayakCanoeLaunch": "Yes", "PARKING_OPTIONS": "Onsite Parking", "BeachWheelchair": "Y", "BWC_Info": "https://oakisland.recdesk.com/Community/Page?pageId=8056", "PaidParkURL": "n/a", "WaterAccessTYPE": "Estuarine", "BeachMat": "No", "Land_Status": "Municipality", "NEAR_FID": 866.0, "NEAR_DIST": 12542.993262170194, "ACCESSIBILITY_NOTES": null, "LIFEGUARDS": null }, "geometry": { "type": "Point", "coordinates": [ -78.058439148243195, 33.934321079868901 ] } },
{ "type": "Feature", "properties": { "ACCESS_ID": "Varnumtown Water Access", "OBJECTID": 859, "PLACE": "Varumtown", "ACCESS_LOC": "7 Fisherman Rd", "LOCL_SPONS": "Varnumtown", "CAMA_SIGN": "Unknown", "PARKING": null, "DUNE_WALK": "N", "OVERLOOK": "N", "HAND_DUNE": "N", "HAND_OVRLK": "N", "HAND_BEACH": "N", "HAND_PRKG": null, "RESTRM": "N", "SHOWER": "N", "PIC_TABLE": "N", "VEH_ACCESS": "No", "BIKE_RACK": "N", "SURV_DATE": 1657550417910.0, "COMMENT_": null, "PRKG_COMMENTS": null, "COUNTY": "Brunswick", "DCM_RO": "WILM", "NCDCM_ID": null, "PHOTO": null, "PRK_FEE": "N", "DCM_Funded": "Y", "CONTRACT_YR": null, "CONTRACT_NUM": "8102", "ACESS_TYPE": "Shoreline", "KayakCanoeLaunch": null, "PARKING_OPTIONS": null, "BeachWheelchair": "N", "BWC_Info": null, "PaidParkURL": "n/a", "WaterAccessTYPE": "Estuarine", "BeachMat": null, "Land_Status": "Municipality", "NEAR_FID": 837.0, "NEAR_DIST": 11294.715401278772, "ACCESSIBILITY_NOTES": null, "LIFEGUARDS": null }, "geometry": { "type": "Point", "coordinates": [ -78.223364174408303, 33.945954212167699 ] } },
{ "type": "Feature", "properties": { "ACCESS_ID": "Shallotte Riverwalk", "OBJECTID": 869, "PLACE": "Shallotte", "ACCESS_LOC": "End of Cheers St", "LOCL_SPONS": "Shallotte", "CAMA_SIGN": "Yes", "PARKING": 20.0, "DUNE_WALK": "N", "OVERLOOK": "Y", "HAND_DUNE": "N", "HAND_OVRLK": "Y", "HAND_BEACH": "N", "HAND_PRKG": null, "RESTRM": "N", "SHOWER": "N", "PIC_TABLE": "N", "VEH_ACCESS": "No", "BIKE_RACK": null, "SURV_DATE": null, "COMMENT_": "1/3 of a mile handicapped accesssible boardwalk with gazebos on each end.", "PRKG_COMMENTS": "Gravel lots. Handicapped parking available ", "COUNTY": "Brunswick", "DCM_RO": "WILM", "NCDCM_ID": null, "PHOTO": null, "PRK_FEE": "N", "DCM_Funded": "Y", "CONTRACT_YR": null, "CONTRACT_NUM": null, "ACESS_TYPE": "Shoreline", "KayakCanoeLaunch": "N", "PARKING_OPTIONS": "Onsite Parking", "BeachWheelchair": "N", "BWC_Info": null, "PaidParkURL": "n/a", "WaterAccessTYPE": "Estuarine", "BeachMat": null, "Land_Status": "Municipality", "NEAR_FID": 787.0, "NEAR_DIST": 25700.989708612313, "ACCESSIBILITY_NOTES": null, "LIFEGUARDS": null }, "geometry": { "type": "Point", "coordinates": [ -78.378462816691197, 33.972627586134401 ] } },
{ "type": "Feature", "properties": { "ACCESS_ID": "Fort Fisher Aquarium", "OBJECTID": 201, "PLACE": "Kure Beach", "ACCESS_LOC": "Loggerhead Road", "LOCL_SPONS": "New Hanover County", "CAMA_SIGN": "Yes", "PARKING": 200.0, "DUNE_WALK": "Y", "OVERLOOK": "Yes", "HAND_DUNE": "Yes", "HAND_OVRLK": "Yes", "HAND_BEACH": "No", "HAND_PRKG": null, "RESTRM": "Y", "SHOWER": "Y", "PIC_TABLE": "No", "VEH_ACCESS": " ", "BIKE_RACK": "No", "SURV_DATE": 1733788800000.0, "COMMENT_": "", "PRKG_COMMENTS": null, "COUNTY": "New Hanover", "DCM_RO": "Wilmington Regional Office", "NCDCM_ID": 590.0, "PHOTO": "OD120.png", "PRK_FEE": "Y", "DCM_Funded": "Y", "CONTRACT_YR": null, "CONTRACT_NUM": null, "ACESS_TYPE": "Beach", "KayakCanoeLaunch": "No", "PARKING_OPTIONS": "Both Parking Options", "BeachWheelchair": "Y", "BWC_Info": "https://www.townofkurebeach.org/beach-wheelchairs", "PaidParkURL": "https://www.townofkurebeach.org/parking", "WaterAccessTYPE": "Ocean", "BeachMat": null, "Land_Status": "STATE-NCDCR", "NEAR_FID": 91.0, "NEAR_DIST": 4593.9779065157909, "ACCESSIBILITY_NOTES": null, "LIFEGUARDS": null }, "geometry": { "type": "Point", "coordinates": [ -77.922277997199501, 33.964638787757799 ] } },
{ "type": "Feature", "properties": { "ACCESS_ID": "Surfrider Court (Beach Access #1347)", "OBJECTID": 91, "PLACE": "Kure Beach", "ACCESS_LOC": "1347 Fort Fisher Blvd South", "LOCL_SPONS": " ", "CAMA_SIGN": "Yes", "PARKING": 16.0, "DUNE_WALK": "Y", "OVERLOOK": "No", "HAND_DUNE": "No", "HAND_OVRLK": "No", "HAND_BEACH": "No", "HAND_PRKG": 2.0, "RESTRM": "N", "SHOWER": "N", "PIC_TABLE": "No", "VEH_ACCESS": " ", "BIKE_RACK": "No", "SURV_DATE": 1733788800000.0, "COMMENT_": " ", "PRKG_COMMENTS": "Parking lot is across the street. ", "COUNTY": "New Hanover", "DCM_RO": "Wilmington Regional Office", "NCDCM_ID": 413.0, "PHOTO": "Neighborhood.png", "PRK_FEE": "Y", "DCM_Funded": "N", "CONTRACT_YR": null, "CONTRACT_NUM": null, "ACESS_TYPE": "Beach", "KayakCanoeLaunch": "No", "PARKING_OPTIONS": "Both Parking Options", "BeachWheelchair": "Y", "BWC_Info": "https://www.townofkurebeach.org/beach-wheelchairs", "PaidParkURL": "https://www.townofkurebeach.org/parking", "WaterAccessTYPE": "Ocean", "BeachMat": null, "Land_Status": "Municipality", "NEAR_FID": 90.0, "NEAR_DIST": 799.00989576580082, "ACCESSIBILITY_NOTES": null, "LIFEGUARDS": null }, "geometry": { "type": "Point", "coordinates": [ -77.913931146226901, 33.975172384798299 ] } },
{ "type": "Feature", "properties": { "ACCESS_ID": "Assembly Avenue", "OBJECTID": 90, "PLACE": "Kure Beach", "ACCESS_LOC": "Fort Fisher Blvd. S and Assembly Avenue", "LOCL_SPONS": " ", "CAMA_SIGN": "Yes", "PARKING": 0.0, "DUNE_WALK": "Y", "OVERLOOK": "No", "HAND_DUNE": "No", "HAND_OVRLK": "No", "HAND_BEACH": "No", "HAND_PRKG": 0.0, "RESTRM": "N", "SHOWER": "N", "PIC_TABLE": "No", "VEH_ACCESS": " ", "BIKE_RACK": "No", "SURV_DATE": 1733788800000.0, "COMMENT_": " ", "PRKG_COMMENTS": null, "COUNTY": "New Hanover", "DCM_RO": "Wilmington Regional Office", "NCDCM_ID": 412.0, "PHOTO": "Local.png", "PRK_FEE": null, "DCM_Funded": "N", "CONTRACT_YR": null, "CONTRACT_NUM": null, "ACESS_TYPE": "Beach", "KayakCanoeLaunch": "No", "PARKING_OPTIONS": "No Parking", "BeachWheelchair": "Y", "BWC_Info": "https://www.townofkurebeach.org/beach-wheelchairs", "PaidParkURL": "n/a", "WaterAccessTYPE": "Ocean", "BeachMat": null, "Land_Status": "Municipality", "NEAR_FID": 91.0, "NEAR_DIST": 799.00989576580082, "ACCESSIBILITY_NOTES": null, "LIFEGUARDS": null }, "geometry": { "type": "Point", "coordinates": [ -77.913209567288405, 33.977283800146097 ] } },
{ "type": "Feature", "properties": { "ACCESS_ID": "Stormy Petrel (Beach Access #1207)", "OBJECTID": 89, "PLACE": "Kure Beach", "ACCESS_LOC": "Fort Fisher Blvd. S. and Stormy Petrel Court", "LOCL_SPONS": " ", "CAMA_SIGN": "Yes", "PARKING": 0.0, "DUNE_WALK": "Y", "OVERLOOK": "No", "HAND_DUNE": "No", "HAND_OVRLK": "No", "HAND_BEACH": "No", "HAND_PRKG": 0.0, "RESTRM": "N", "SHOWER": "N", "PIC_TABLE": "No", "VEH_ACCESS": " ", "BIKE_RACK": "No", "SURV_DATE": 1733788800000.0, "COMMENT_": " ", "PRKG_COMMENTS": null, "COUNTY": "New Hanover", "DCM_RO": "Wilmington Regional Office", "NCDCM_ID": 411.0, "PHOTO": "Local.png", "PRK_FEE": null, "DCM_Funded": "N", "CONTRACT_YR": null, "CONTRACT_NUM": null, "ACESS_TYPE": "Beach", "KayakCanoeLaunch": "No", "PARKING_OPTIONS": "No Parking", "BeachWheelchair": "Y", "BWC_Info": "https://www.townofkurebeach.org/beach-wheelchairs", "PaidParkURL": "n/a", "WaterAccessTYPE": "Ocean", "BeachMat": null, "Land_Status": "Municipality", "NEAR_FID": 90.0, "NEAR_DIST": 916.4826698576785, "ACCESSIBILITY_NOTES": null, "LIFEGUARDS": null }, "geometry": { "type": "Point", "coordinates": [ -77.912481869924505, 33.979727826274399 ] } },
{ "type": "Feature", "properties": { "ACCESS_ID": "Riverfront Road", "OBJECTID": 88, "PLACE": "Kure Beach", "ACCESS_LOC": "1045 Fort Fisher Blvd. S.", "LOCL_SPONS": " ", "CAMA_SIGN": "Yes", "PARKING": 0.0, "DUNE_WALK": "Y", "OVERLOOK": "No", "HAND_DUNE": "No", "HAND_OVRLK": "No", "HAND_BEACH": "No", "HAND_PRKG": 0.0, "RESTRM": "N", "SHOWER": "N", "PIC_TABLE": "No", "VEH_ACCESS": " ", "BIKE_RACK": "No", "SURV_DATE": 1733788800000.0, "COMMENT_": " ", "PRKG_COMMENTS": null, "COUNTY": "New Hanover", "DCM_RO": "Wilmington Regional Office", "NCDCM_ID": 410.0, "PHOTO": "Local.png", "PRK_FEE": null, "DCM_Funded": "N", "CONTRACT_YR": null, "CONTRACT_NUM": null, "ACESS_TYPE": "Beach", "KayakCanoeLaunch": "No", "PARKING_OPTIONS": "No Parking", "BeachWheelchair": "Y", "BWC_Info": "https://www.townofkurebeach.org/beach-wheelchairs", "PaidParkURL": "n/a", "WaterAccessTYPE": "Ocean", "BeachMat": null, "Land_Status": "Municipality", "NEAR_FID": 89.0, "NEAR_DIST": 1056.2673512645704, "ACCESSIBILITY_NOTES": null, "LIFEGUARDS": null }, "geometry": { "type": "Point", "coordinates": [ -77.911676095487707, 33.982551289577103 ] } },
{ "type": "Feature", "properties": { "ACCESS_ID": "Davis Road", "OBJECTID": 87, "PLACE": "Kure Beach", "ACCESS_LOC": "Fort Fisher Blvd. S. and Davis Road", "LOCL_SPONS": " ", "CAMA_SIGN": "Yes", "PARKING": 0.0, "DUNE_WALK": "Y", "OVERLOOK": "No", "HAND_DUNE": "No", "HAND_OVRLK": "No", "HAND_BEACH": "No", "HAND_PRKG": 0.0, "RESTRM": "N", "SHOWER": "N", "PIC_TABLE": "No", "VEH_ACCESS": "E", "BIKE_RACK": "No", "SURV_DATE": 1733788800000.0, "COMMENT_": " ", "PRKG_COMMENTS": null, "COUNTY": "New Hanover", "DCM_RO": "Wilmington Regional Office", "NCDCM_ID": 409.0, "PHOTO": "Local.png", "PRK_FEE": null, "DCM_Funded": "N", "CONTRACT_YR": null, "CONTRACT_NUM": null, "ACESS_TYPE": "Beach", "KayakCanoeLaunch": "No", "PARKING_OPTIONS": "On-Street Parking", "BeachWheelchair": "Y", "BWC_Info": "https://www.townofkurebeach.org/beach-wheelchairs", "PaidParkURL": "n/a", "WaterAccessTYPE": "Ocean", "BeachMat": null, "Land_Status": "Municipality", "NEAR_FID": 86.0, "NEAR_DIST": 346.26599250754839, "ACCESSIBILITY_NOTES": null, "LIFEGUARDS": null }, "geometry": { "type": "Point", "coordinates": [ -77.9097824226142, 33.9880955415302 ] } },
{ "type": "Feature", "properties": { "ACCESS_ID": "E Avenue (Beach Access #643)", "OBJECTID": 86, "PLACE": "Kure Beach", "ACCESS_LOC": "643 Fort Fisher Blvd. S.", "LOCL_SPONS": " ", "CAMA_SIGN": "Yes", "PARKING": 11.0, "DUNE_WALK": "Y", "OVERLOOK": "No", "HAND_DUNE": "Y", "HAND_OVRLK": "Yes", "HAND_BEACH": "Y", "HAND_PRKG": 1.0, "RESTRM": "N", "SHOWER": "N", "PIC_TABLE": "No", "VEH_ACCESS": "No", "BIKE_RACK": "Y", "SURV_DATE": 1733788800000.0, "COMMENT_": "Public beach access with parking and ADA ramp access", "PRKG_COMMENTS": "Additional parking on west side of E Ave ", "COUNTY": "New Hanover", "DCM_RO": "Wilmington Regional Office", "NCDCM_ID": 408.0, "PHOTO": "Neighborhood.png", "PRK_FEE": "Y", "DCM_Funded": "Y", "CONTRACT_YR": null, "CONTRACT_NUM": null, "ACESS_TYPE": "Beach", "KayakCanoeLaunch": "No", "PARKING_OPTIONS": "Both Parking Options", "BeachWheelchair": "Y", "BWC_Info": "https://www.townofkurebeach.org/beach-wheelchairs", "PaidParkURL": "https://www.townofkurebeach.org/parking", "WaterAccessTYPE": "Ocean", "BeachMat": null, "Land_Status": "Municipality", "NEAR_FID": 87.0, "NEAR_DIST": 346.26599250754839, "ACCESSIBILITY_NOTES": null, "LIFEGUARDS": null }, "geometry": { "type": "Point", "coordinates": [ -77.909480865359896, 33.989013170102801 ] } },
{ "type": "Feature", "properties": { "ACCESS_ID": "F Avenue (Beach Access #541)", "OBJECTID": 85, "PLACE": "Kure Beach", "ACCESS_LOC": "541 Fort Fisher Blvd. S.", "LOCL_SPONS": " ", "CAMA_SIGN": "Yes", "PARKING": 10.0, "DUNE_WALK": "Y", "OVERLOOK": "Yes", "HAND_DUNE": "Y", "HAND_OVRLK": "Yes", "HAND_BEACH": "Y", "HAND_PRKG": 1.0, "RESTRM": "N", "SHOWER": "N", "PIC_TABLE": "No", "VEH_ACCESS": "No", "BIKE_RACK": "No", "SURV_DATE": 1733788800000.0, "COMMENT_": "", "PRKG_COMMENTS": null, "COUNTY": "New Hanover", "DCM_RO": "Wilmington Regional Office", "NCDCM_ID": 407.0, "PHOTO": "Neighborhood.png", "PRK_FEE": "Y", "DCM_Funded": "Y", "CONTRACT_YR": null, "CONTRACT_NUM": null, "ACESS_TYPE": "Beach", "KayakCanoeLaunch": "No", "PARKING_OPTIONS": "Both Parking Options", "BeachWheelchair": "Y", "BWC_Info": "https://www.townofkurebeach.org/beach-wheelchairs", "PaidParkURL": "https://www.townofkurebeach.org/parking", "WaterAccessTYPE": "Ocean", "BeachMat": null, "Land_Status": "Municipality", "NEAR_FID": 84.0, "NEAR_DIST": 607.23953810163857, "ACCESSIBILITY_NOTES": null, "LIFEGUARDS": null }, "geometry": { "type": "Point", "coordinates": [ -77.908946263561305, 33.990621586185199 ] } },
{ "type": "Feature", "properties": { "ACCESS_ID": "G Avenue (Beach Access #443)", "OBJECTID": 84, "PLACE": "Kure Beach", "ACCESS_LOC": "443 Fort Fisher Blvd. S.", "LOCL_SPONS": " ", "CAMA_SIGN": "Yes", "PARKING": 12.0, "DUNE_WALK": "Y", "OVERLOOK": "Yes", "HAND_DUNE": "Yes", "HAND_OVRLK": "Yes", "HAND_BEACH": "No", "HAND_PRKG": 1.0, "RESTRM": "N", "SHOWER": "N", "PIC_TABLE": "No", "VEH_ACCESS": "No", "BIKE_RACK": "Y", "SURV_DATE": 1733788800000.0, "COMMENT_": " ", "PRKG_COMMENTS": null, "COUNTY": "New Hanover", "DCM_RO": "Wilmington Regional Office", "NCDCM_ID": 406.0, "PHOTO": "Neighborhood.png", "PRK_FEE": "Y", "DCM_Funded": "Y", "CONTRACT_YR": null, "CONTRACT_NUM": null, "ACESS_TYPE": "Beach", "KayakCanoeLaunch": "No", "PARKING_OPTIONS": "Both Parking Options", "BeachWheelchair": "Y", "BWC_Info": "https://www.townofkurebeach.org/beach-wheelchairs", "PaidParkURL": "https://www.townofkurebeach.org/parking", "WaterAccessTYPE": "Ocean", "BeachMat": null, "Land_Status": "Municipality", "NEAR_FID": 83.0, "NEAR_DIST": 591.39624026106446, "ACCESSIBILITY_NOTES": null, "LIFEGUARDS": null }, "geometry": { "type": "Point", "coordinates": [ -77.908429685560506, 33.992233578170598 ] } },
{ "type": "Feature", "properties": { "ACCESS_ID": "H Avenue (Beach Access #343)", "OBJECTID": 83, "PLACE": "Kure Beach", "ACCESS_LOC": "343 Fort Fisher Blvd. S.", "LOCL_SPONS": " ", "CAMA_SIGN": "Yes", "PARKING": 10.0, "DUNE_WALK": "Y", "OVERLOOK": "Yes", "HAND_DUNE": "Y", "HAND_OVRLK": "No", "HAND_BEACH": "Y", "HAND_PRKG": 2.0, "RESTRM": "N", "SHOWER": "N", "PIC_TABLE": "No", "VEH_ACCESS": "No", "BIKE_RACK": "Y", "SURV_DATE": 1733788800000.0, "COMMENT_": "Public beach access with parking and ADA ramp access", "PRKG_COMMENTS": null, "COUNTY": "New Hanover", "DCM_RO": "Wilmington Regional Office", "NCDCM_ID": 405.0, "PHOTO": "Neighborhood.png", "PRK_FEE": "Y", "DCM_Funded": "Y", "CONTRACT_YR": null, "CONTRACT_NUM": null, "ACESS_TYPE": "Beach", "KayakCanoeLaunch": "No", "PARKING_OPTIONS": "Both Parking Options", "BeachWheelchair": "Y", "BWC_Info": "https://www.townofkurebeach.org/beach-wheelchairs", "PaidParkURL": "https://www.townofkurebeach.org/parking", "WaterAccessTYPE": "Ocean", "BeachMat": null, "Land_Status": "Municipality", "NEAR_FID": 84.0, "NEAR_DIST": 591.39624026106446, "ACCESSIBILITY_NOTES": null, "LIFEGUARDS": null }, "geometry": { "type": "Point", "coordinates": [ -77.907889859160207, 33.9937950285738 ] } },
{ "type": "Feature", "properties": { "ACCESS_ID": "Scotch Bonnet Lane", "OBJECTID": 388, "PLACE": "Carolina Beach", "ACCESS_LOC": "CAROLINA BCH AVE NORTH AND SCOTCH BONNET LANE", "LOCL_SPONS": " ", "CAMA_SIGN": "No", "PARKING": 2.0, "DUNE_WALK": "Y", "OVERLOOK": "Yes", "HAND_DUNE": "Yes", "HAND_OVRLK": "Yes", "HAND_BEACH": " ", "HAND_PRKG": 1.0, "RESTRM": "N", "SHOWER": "N", "PIC_TABLE": "No", "VEH_ACCESS": " ", "BIKE_RACK": "No", "SURV_DATE": 1652712942000.0, "COMMENT_": "Accessible Ramp ", "PRKG_COMMENTS": " ", "COUNTY": "New Hanover", "DCM_RO": "Wilmington Regional Office", "NCDCM_ID": 316.0, "PHOTO": "Local.png", "PRK_FEE": "Y", "DCM_Funded": "Y", "CONTRACT_YR": null, "CONTRACT_NUM": null, "ACESS_TYPE": "Beach", "KayakCanoeLaunch": "No", "PARKING_OPTIONS": "Both Parking Options", "BeachWheelchair": "Y", "BWC_Info": "https://www.carolinabeach.org/government/departments/parks-recreation/beach-wheelchairs", "PaidParkURL": "https://www.carolinabeach.org/visitors/parking", "WaterAccessTYPE": "Ocean", "BeachMat": null, "Land_Status": "Municipality", "NEAR_FID": 389.0, "NEAR_DIST": 526.88743013903525, "ACCESSIBILITY_NOTES": null, "LIFEGUARDS": null }, "geometry": { "type": "Point", "coordinates": [ -77.886539271019103, 34.047361473824502 ] } },
{ "type": "Feature", "properties": { "ACCESS_ID": "Starfish Lane Soundside", "OBJECTID": 209, "PLACE": "Carolina Beach", "ACCESS_LOC": "Starfish Lane and Canal Drive", "LOCL_SPONS": "Carolina Beach", "CAMA_SIGN": "Yes", "PARKING": 1.0, "DUNE_WALK": "Y", "OVERLOOK": "No", "HAND_DUNE": "Yes", "HAND_OVRLK": "No", "HAND_BEACH": "No", "HAND_PRKG": null, "RESTRM": "N", "SHOWER": "N", "PIC_TABLE": "No", "VEH_ACCESS": "No", "BIKE_RACK": "Yes", "SURV_DATE": 763084800000.0, "COMMENT_": "Sound Access", "PRKG_COMMENTS": null, "COUNTY": "New Hanover", "DCM_RO": "Wilmington Regional Office", "NCDCM_ID": 596.0, "PHOTO": "Local.png", "PRK_FEE": "Y", "DCM_Funded": "Y", "CONTRACT_YR": null, "CONTRACT_NUM": null, "ACESS_TYPE": "Beach", "KayakCanoeLaunch": "No", "PARKING_OPTIONS": "Both Parking Options", "BeachWheelchair": "Y", "BWC_Info": "https://www.carolinabeach.org/government/departments/parks-recreation/beach-wheelchairs", "PaidParkURL": "https://www.carolinabeach.org/visitors/parking", "WaterAccessTYPE": "Ocean", "BeachMat": "No", "Land_Status": "Municipality", "NEAR_FID": 389.0, "NEAR_DIST": 331.01755075432095, "ACCESSIBILITY_NOTES": null, "LIFEGUARDS": null }, "geometry": { "type": "Point", "coordinates": [ -77.887010654777995, 34.0490415206202 ] } },
{ "type": "Feature", "properties": { "ACCESS_ID": "Florida Avenue", "OBJECTID": 204, "PLACE": "Carolina Beach", "ACCESS_LOC": "313 Florida Avenue", "LOCL_SPONS": "Carolina Beach", "CAMA_SIGN": " ", "PARKING": 10.0, "DUNE_WALK": "N", "OVERLOOK": "No", "HAND_DUNE": "No", "HAND_OVRLK": "No", "HAND_BEACH": "No", "HAND_PRKG": null, "RESTRM": "N", "SHOWER": "N", "PIC_TABLE": "No", "VEH_ACCESS": "No", "BIKE_RACK": "No", "SURV_DATE": 763084800000.0, "COMMENT_": "Sound Access", "PRKG_COMMENTS": null, "COUNTY": "New Hanover", "DCM_RO": "Wilmington Regional Office", "NCDCM_ID": 593.0, "PHOTO": "waterfront.png", "PRK_FEE": "Y", "DCM_Funded": "Y", "CONTRACT_YR": null, "CONTRACT_NUM": null, "ACESS_TYPE": "Shoreline", "KayakCanoeLaunch": "No", "PARKING_OPTIONS": "Both Parking Options", "BeachWheelchair": "Y", "BWC_Info": "https://www.carolinabeach.org/government/departments/parks-recreation/beach-wheelchairs", "PaidParkURL": "https://www.carolinabeach.org/visitors/parking", "WaterAccessTYPE": "Estuarine", "BeachMat": "No", "Land_Status": "Municipality", "NEAR_FID": 396.0, "NEAR_DIST": 2138.1473508220329, "ACCESSIBILITY_NOTES": null, "LIFEGUARDS": null }, "geometry": { "type": "Point", "coordinates": [ -77.888486725130306, 34.057790590867299 ] } },
{ "type": "Feature", "properties": { "ACCESS_ID": "River Road", "OBJECTID": 210, "PLACE": "Wilmington", "ACCESS_LOC": "6000 River Road", "LOCL_SPONS": "New Hanover County", "CAMA_SIGN": "Yes", "PARKING": 40.0, "DUNE_WALK": "Y", "OVERLOOK": "Yes", "HAND_DUNE": "Yes", "HAND_OVRLK": "Yes", "HAND_BEACH": "No", "HAND_PRKG": null, "RESTRM": "Y", "SHOWER": "N", "PIC_TABLE": "Yes", "VEH_ACCESS": "No", "BIKE_RACK": "No", "SURV_DATE": 763084800000.0, "COMMENT_": "Sound Access", "PRKG_COMMENTS": " ", "COUNTY": "New Hanover", "DCM_RO": "Wilmington Regional Office", "NCDCM_ID": 597.0, "PHOTO": "OD156.png", "PRK_FEE": "No", "DCM_Funded": "Y", "CONTRACT_YR": null, "CONTRACT_NUM": null, "ACESS_TYPE": "Shoreline", "KayakCanoeLaunch": "No", "PARKING_OPTIONS": "Onsite Parking", "BeachWheelchair": "N", "BWC_Info": "n/a", "PaidParkURL": "n/a", "WaterAccessTYPE": "Estuarine", "BeachMat": null, "Land_Status": "County", "NEAR_FID": 784.0, "NEAR_DIST": 21816.131930327556, "ACCESSIBILITY_NOTES": null, "LIFEGUARDS": null }, "geometry": { "type": "Point", "coordinates": [ -77.925179712772405, 34.113723373114198 ] } },
{ "type": "Feature", "properties": { "ACCESS_ID": "Brunswick Nature Park", "OBJECTID": 784, "PLACE": "Winnabow", "ACCESS_LOC": "2601 River Road (NC 133)", "LOCL_SPONS": "Brunswick County", "CAMA_SIGN": "Yes", "PARKING": 20.0, "DUNE_WALK": "N", "OVERLOOK": "No", "HAND_DUNE": "No", "HAND_OVRLK": "No", "HAND_BEACH": "No", "HAND_PRKG": 2.0, "RESTRM": "Y", "SHOWER": "N", "PIC_TABLE": "Yes", "VEH_ACCESS": "No", "BIKE_RACK": "No", "SURV_DATE": 1565049600000.0, "COMMENT_": "picnic pavillion, walking trails, biking trails, and horse trails", "PRKG_COMMENTS": null, "COUNTY": "Brunswick", "DCM_RO": "Wilmington Regional Office", "NCDCM_ID": null, "PHOTO": null, "PRK_FEE": "No", "DCM_Funded": "Y", "CONTRACT_YR": null, "CONTRACT_NUM": null, "ACESS_TYPE": "Shoreline", "KayakCanoeLaunch": "Yes", "PARKING_OPTIONS": "Onsite Parking", "BeachWheelchair": "N", "BWC_Info": "n/a", "PaidParkURL": "n/a", "WaterAccessTYPE": "Estuarine", "BeachMat": null, "Land_Status": "County", "NEAR_FID": 210.0, "NEAR_DIST": 21816.131930327556, "ACCESSIBILITY_NOTES": null, "LIFEGUARDS": null }, "geometry": { "type": "Point", "coordinates": [ -77.989423904414295, 34.140903595300102 ] } },
{ "type": "Feature", "properties": { "ACCESS_ID": "Belville Riverwalk Park", "OBJECTID": 215, "PLACE": "Belville", "ACCESS_LOC": "580 River Rd SE", "LOCL_SPONS": "Belville", "CAMA_SIGN": "Yes", "PARKING": 100.0, "DUNE_WALK": "Y", "OVERLOOK": "Yes", "HAND_DUNE": "Yes", "HAND_OVRLK": "Yes", "HAND_BEACH": "No", "HAND_PRKG": 6.0, "RESTRM": "Y", "SHOWER": "N", "PIC_TABLE": "Yes", "VEH_ACCESS": "No", "BIKE_RACK": "No", "SURV_DATE": 1657843200000.0, "COMMENT_": "3 picnic shelters, 2 playgrounds, 1/3 mile walking trail, boardwalk, nature trails,  and a viewing deck overlooking the river.   The park also has a boat access and a 125-foot fishing pier. ", "PRKG_COMMENTS": null, "COUNTY": "Brunswick", "DCM_RO": "Wilmington Regional Office", "NCDCM_ID": 600.0, "PHOTO": "waterfront.png", "PRK_FEE": "No", "DCM_Funded": "Y", "CONTRACT_YR": null, "CONTRACT_NUM": null, "ACESS_TYPE": "Shoreline", "KayakCanoeLaunch": "Y", "PARKING_OPTIONS": "Onsite Parking", "BeachWheelchair": "N", "BWC_Info": "n/a", "PaidParkURL": "n/a", "WaterAccessTYPE": "Estuarine", "BeachMat": null, "Land_Status": "Municipality", "NEAR_FID": 774.0, "NEAR_DIST": 9960.0199910198862, "ACCESSIBILITY_NOTES": null, "LIFEGUARDS": null }, "geometry": { "type": "Point", "coordinates": [ -77.982471172331898, 34.221520332489803 ] } },
{ "type": "Feature", "properties": { "ACCESS_ID": "Dram Tree Park", "OBJECTID": 774, "PLACE": "Wilmington", "ACCESS_LOC": "602 Surry St", "LOCL_SPONS": "Wilmington/WRC/Progress Energy", "CAMA_SIGN": "No", "PARKING": 7.0, "DUNE_WALK": "N", "OVERLOOK": "Y", "HAND_DUNE": "No", "HAND_OVRLK": "Y", "HAND_BEACH": "No", "HAND_PRKG": 1.0, "RESTRM": "N", "SHOWER": "N", "PIC_TABLE": "No", "VEH_ACCESS": "No", "BIKE_RACK": "No", "SURV_DATE": 1541116800000.0, "COMMENT_": "Boat Ramp w/36 Trailer Parking Spaces", "PRKG_COMMENTS": "Single Vehicle & Boat Trailer Parking", "COUNTY": "New Hanover", "DCM_RO": "Wilmington Regional Office", "NCDCM_ID": null, "PHOTO": null, "PRK_FEE": null, "DCM_Funded": "N", "CONTRACT_YR": "n/a", "CONTRACT_NUM": "n/a", "ACESS_TYPE": "Shoreline", "KayakCanoeLaunch": "Yes", "PARKING_OPTIONS": "Onsite Parking", "BeachWheelchair": "N", "BWC_Info": "n/a", "PaidParkURL": "n/a", "WaterAccessTYPE": "Estuarine", "BeachMat": null, "Land_Status": "Municipality", "NEAR_FID": 213.0, "NEAR_DIST": 3365.1281777550021, "ACCESSIBILITY_NOTES": null, "LIFEGUARDS": null }, "geometry": { "type": "Point", "coordinates": [ -77.950320567981606, 34.227499293283998 ] } },
{ "type": "Feature", "properties": { "ACCESS_ID": "Downtown Waterfront", "OBJECTID": 213, "PLACE": "Wilmington", "ACCESS_LOC": "201 N Water Street", "LOCL_SPONS": " ", "CAMA_SIGN": "Yes", "PARKING": null, "DUNE_WALK": "Y", "OVERLOOK": "Yes", "HAND_DUNE": "Yes", "HAND_OVRLK": "Yes", "HAND_BEACH": "No", "HAND_PRKG": null, "RESTRM": "N", "SHOWER": "N", "PIC_TABLE": "Yes", "VEH_ACCESS": "No", "BIKE_RACK": "No", "SURV_DATE": 763084800000.0, "COMMENT_": "River Access", "PRKG_COMMENTS": null, "COUNTY": "New Hanover", "DCM_RO": "Wilmington Regional Office", "NCDCM_ID": 599.0, "PHOTO": "OD162.png", "PRK_FEE": "No", "DCM_Funded": "Y", "CONTRACT_YR": null, "CONTRACT_NUM": null, "ACESS_TYPE": "Shoreline", "KayakCanoeLaunch": "No", "PARKING_OPTIONS": "On-Street Parking", "BeachWheelchair": "N", "BWC_Info": "n/a", "PaidParkURL": "n/a", "WaterAccessTYPE": "Estuarine", "BeachMat": null, "Land_Status": "Municipality", "NEAR_FID": 212.0, "NEAR_DIST": 1513.9742713586506, "ACCESSIBILITY_NOTES": null, "LIFEGUARDS": null }, "geometry": { "type": "Point", "coordinates": [ -77.950368631442601, 34.236745529946099 ] } },
{ "type": "Feature", "properties": { "ACCESS_ID": "Cape Fear CC", "OBJECTID": 212, "PLACE": "Wilmington", "ACCESS_LOC": "401 N Water Street", "LOCL_SPONS": " ", "CAMA_SIGN": "Yes", "PARKING": null, "DUNE_WALK": "Y", "OVERLOOK": "Yes", "HAND_DUNE": "Yes", "HAND_OVRLK": "Yes", "HAND_BEACH": "No", "HAND_PRKG": null, "RESTRM": "N", "SHOWER": "N", "PIC_TABLE": "No", "VEH_ACCESS": "No", "BIKE_RACK": "No", "SURV_DATE": 763084800000.0, "COMMENT_": "River Access", "PRKG_COMMENTS": null, "COUNTY": "New Hanover", "DCM_RO": "Wilmington Regional Office", "NCDCM_ID": 598.0, "PHOTO": "OD163.png", "PRK_FEE": "No", "DCM_Funded": "Y", "CONTRACT_YR": null, "CONTRACT_NUM": null, "ACESS_TYPE": "Shoreline", "KayakCanoeLaunch": "No", "PARKING_OPTIONS": "On-Street Parking", "BeachWheelchair": "N", "BWC_Info": "n/a", "PaidParkURL": "n/a", "WaterAccessTYPE": "Estuarine", "BeachMat": null, "Land_Status": "Municipality", "NEAR_FID": 213.0, "NEAR_DIST": 1513.9742713586506, "ACCESSIBILITY_NOTES": null, "LIFEGUARDS": null }, "geometry": { "type": "Point", "coordinates": [ -77.951436377074103, 34.240809847527402 ] } },
{ "type": "Feature", "properties": { "ACCESS_ID": "Navassa Estuary", "OBJECTID": 216, "PLACE": "Navassa", "ACCESS_LOC": "Davis Creek Drive", "LOCL_SPONS": "Navassa", "CAMA_SIGN": "Yes", "PARKING": 100.0, "DUNE_WALK": "Y", "OVERLOOK": "Yes", "HAND_DUNE": "No", "HAND_OVRLK": "No", "HAND_BEACH": "No", "HAND_PRKG": null, "RESTRM": "N", "SHOWER": "N", "PIC_TABLE": "No", "VEH_ACCESS": "No", "BIKE_RACK": "No", "SURV_DATE": 774576000000.0, "COMMENT_": "Estuary Access", "PRKG_COMMENTS": null, "COUNTY": "Brunswick", "DCM_RO": "Wilmington Regional Office", "NCDCM_ID": 601.0, "PHOTO": "OD71.png", "PRK_FEE": "No", "DCM_Funded": "Y", "CONTRACT_YR": null, "CONTRACT_NUM": null, "ACESS_TYPE": "Shoreline", "KayakCanoeLaunch": "No", "PARKING_OPTIONS": "Both Parking Options", "BeachWheelchair": "N", "BWC_Info": "n/a", "PaidParkURL": "n/a", "WaterAccessTYPE": "Estuarine", "BeachMat": null, "Land_Status": "Municipality", "NEAR_FID": 907.0, "NEAR_DIST": 8048.0238268232524, "ACCESSIBILITY_NOTES": null, "LIFEGUARDS": null }, "geometry": { "type": "Point", "coordinates": [ -78.001719056774803, 34.2663611530865 ] } },
{ "type": "Feature", "properties": { "ACCESS_ID": "Cypress Cove Park", "OBJECTID": 907, "PLACE": "Leland", "ACCESS_LOC": "844 Appleton Way", "LOCL_SPONS": "Leland", "CAMA_SIGN": "Yes", "PARKING": null, "DUNE_WALK": "N", "OVERLOOK": "N", "HAND_DUNE": "N", "HAND_OVRLK": "N", "HAND_BEACH": "N", "HAND_PRKG": null, "RESTRM": "N", "SHOWER": "N", "PIC_TABLE": "N", "VEH_ACCESS": "No", "BIKE_RACK": "N", "SURV_DATE": 1700561785469.0, "COMMENT_": null, "PRKG_COMMENTS": null, "COUNTY": "Brunswick", "DCM_RO": "WILM", "NCDCM_ID": null, "PHOTO": null, "PRK_FEE": "N", "DCM_Funded": "Y", "CONTRACT_YR": "2007", "CONTRACT_NUM": "977", "ACESS_TYPE": "Shoreline", "KayakCanoeLaunch": "Y", "PARKING_OPTIONS": "Onsite Parking", "BeachWheelchair": "N", "BWC_Info": null, "PaidParkURL": "n/a", "WaterAccessTYPE": "Estuarine", "BeachMat": null, "Land_Status": "Municipality", "NEAR_FID": 216.0, "NEAR_DIST": 8048.0238268232524, "ACCESSIBILITY_NOTES": null, "LIFEGUARDS": null }, "geometry": { "type": "Point", "coordinates": [ -78.018344747559595, 34.2490857117687 ] } },
{ "type": "Feature", "properties": { "ACCESS_ID": "I Avenue (Beach Access #227)", "OBJECTID": 82, "PLACE": "Kure Beach", "ACCESS_LOC": "227 Fort Fisher Blvd. S.", "LOCL_SPONS": " ", "CAMA_SIGN": "Yes", "PARKING": 16.0, "DUNE_WALK": "Y", "OVERLOOK": "Yes", "HAND_DUNE": "Yes", "HAND_OVRLK": "Yes", "HAND_BEACH": "No", "HAND_PRKG": 2.0, "RESTRM": "N", "SHOWER": "N", "PIC_TABLE": "No", "VEH_ACCESS": "No", "BIKE_RACK": "Yes", "SURV_DATE": 1733788800000.0, "COMMENT_": " ", "PRKG_COMMENTS": "Addtnl 22 spaces I Ave (west side)", "COUNTY": "New Hanover", "DCM_RO": "Wilmington Regional Office", "NCDCM_ID": 404.0, "PHOTO": "Neighborhood.png", "PRK_FEE": "Y", "DCM_Funded": "Y", "CONTRACT_YR": null, "CONTRACT_NUM": null, "ACESS_TYPE": "Beach", "KayakCanoeLaunch": "No", "PARKING_OPTIONS": "Both Parking Options", "BeachWheelchair": "Y", "BWC_Info": "https://www.townofkurebeach.org/beach-wheelchairs", "PaidParkURL": "https://www.townofkurebeach.org/parking", "WaterAccessTYPE": "Ocean", "BeachMat": null, "Land_Status": "Municipality", "NEAR_FID": 81.0, "NEAR_DIST": 405.15655654575357, "ACCESSIBILITY_NOTES": null, "LIFEGUARDS": null }, "geometry": { "type": "Point", "coordinates": [ -77.907321773557697, 33.9954784812968 ] } },
{ "type": "Feature", "properties": { "ACCESS_ID": "J Avenue (Beach Access #139)", "OBJECTID": 81, "PLACE": "Kure Beach", "ACCESS_LOC": "135 Fort Fisher Blvd. S.", "LOCL_SPONS": " ", "CAMA_SIGN": "Yes", "PARKING": 18.0, "DUNE_WALK": "Y", "OVERLOOK": "Yes", "HAND_DUNE": "Y", "HAND_OVRLK": "Yes", "HAND_BEACH": "Y", "HAND_PRKG": 2.0, "RESTRM": "N", "SHOWER": "N", "PIC_TABLE": "No", "VEH_ACCESS": "No", "BIKE_RACK": "Yes", "SURV_DATE": 1733788800000.0, "COMMENT_": null, "PRKG_COMMENTS": null, "COUNTY": "New Hanover", "DCM_RO": "Wilmington Regional Office", "NCDCM_ID": 403.0, "PHOTO": "Neighborhood.png", "PRK_FEE": "Y", "DCM_Funded": "Y", "CONTRACT_YR": null, "CONTRACT_NUM": null, "ACESS_TYPE": "Beach", "KayakCanoeLaunch": "No", "PARKING_OPTIONS": "Onsite Parking", "BeachWheelchair": "Y", "BWC_Info": "https://www.townofkurebeach.org/beach-wheelchairs", "PaidParkURL": "https://www.townofkurebeach.org/parking", "WaterAccessTYPE": "Ocean", "BeachMat": null, "Land_Status": "Municipality", "NEAR_FID": 82.0, "NEAR_DIST": 405.15655654575357, "ACCESSIBILITY_NOTES": null, "LIFEGUARDS": null }, "geometry": { "type": "Point", "coordinates": [ -77.906895110628696, 33.9965334294317 ] } },
{ "type": "Feature", "properties": { "ACCESS_ID": "Beach Access #99", "OBJECTID": 901, "PLACE": "Kure Beach", "ACCESS_LOC": "South of the Kure Beach Pier", "LOCL_SPONS": "Kure Beach", "CAMA_SIGN": null, "PARKING": 0.0, "DUNE_WALK": "Y", "OVERLOOK": "N", "HAND_DUNE": "N", "HAND_OVRLK": "N", "HAND_BEACH": "N", "HAND_PRKG": 0.0, "RESTRM": "N", "SHOWER": "N", "PIC_TABLE": "N", "VEH_ACCESS": "No", "BIKE_RACK": "N", "SURV_DATE": 1733788800000.0, "COMMENT_": null, "PRKG_COMMENTS": "Parking along K Ave and Atlantic Ave", "COUNTY": "New Hanover", "DCM_RO": "WILM", "NCDCM_ID": null, "PHOTO": null, "PRK_FEE": "Y", "DCM_Funded": "Y", "CONTRACT_YR": null, "CONTRACT_NUM": null, "ACESS_TYPE": "Beach", "KayakCanoeLaunch": "N", "PARKING_OPTIONS": "Parking off-site", "BeachWheelchair": "Y", "BWC_Info": "https://www.townofkurebeach.org/beach-wheelchairs", "PaidParkURL": "https://www.townofkurebeach.org/parking", "WaterAccessTYPE": "Ocean", "BeachMat": null, "Land_Status": "Municipality", "NEAR_FID": 80.0, "NEAR_DIST": 141.72749884948223, "ACCESSIBILITY_NOTES": null, "LIFEGUARDS": null }, "geometry": { "type": "Point", "coordinates": [ -77.906021804358502, 33.997690202412002 ] } },
{ "type": "Feature", "properties": { "ACCESS_ID": "K Avenue (Ocean Walk Access #100) ", "OBJECTID": 80, "PLACE": "Kure Beach", "ACCESS_LOC": "101 Atlantic Avenue", "LOCL_SPONS": "Kure Beach ", "CAMA_SIGN": "Yes", "PARKING": 80.0, "DUNE_WALK": "Y", "OVERLOOK": "Yes", "HAND_DUNE": "Y", "HAND_OVRLK": "Yes", "HAND_BEACH": "Y", "HAND_PRKG": 5.0, "RESTRM": "N", "SHOWER": "N", "PIC_TABLE": "No", "VEH_ACCESS": "E", "BIKE_RACK": "No", "SURV_DATE": 1733788800000.0, "COMMENT_": "", "PRKG_COMMENTS": "Parking along K Ave and Atlantic Ave", "COUNTY": "New Hanover", "DCM_RO": "Wilmington Regional Office", "NCDCM_ID": 402.0, "PHOTO": "Neighborhood.png", "PRK_FEE": "Y", "DCM_Funded": "Y", "CONTRACT_YR": null, "CONTRACT_NUM": null, "ACESS_TYPE": "Beach", "KayakCanoeLaunch": "No", "PARKING_OPTIONS": "On-Street Parking", "BeachWheelchair": "Y", "BWC_Info": "https://www.townofkurebeach.org/beach-wheelchairs", "PaidParkURL": "https://www.townofkurebeach.org/parking", "WaterAccessTYPE": "Ocean", "BeachMat": null, "Land_Status": "Municipality", "NEAR_FID": 901.0, "NEAR_DIST": 141.72749884948223, "ACCESSIBILITY_NOTES": null, "LIFEGUARDS": null }, "geometry": { "type": "Point", "coordinates": [ -77.905792700355605, 33.998111900267503 ] } },
{ "type": "Feature", "properties": { "ACCESS_ID": "Ocean Front Park (Access #110)", "OBJECTID": 858, "PLACE": "Kure Beach", "ACCESS_LOC": "105 Atlantic Ave", "LOCL_SPONS": "Kure Beach", "CAMA_SIGN": "Yes", "PARKING": 0.0, "DUNE_WALK": "Y", "OVERLOOK": "Y", "HAND_DUNE": "Y", "HAND_OVRLK": "Y", "HAND_BEACH": "Y", "HAND_PRKG": 2.0, "RESTRM": "Y", "SHOWER": "N", "PIC_TABLE": "Y", "VEH_ACCESS": "No", "BIKE_RACK": "N", "SURV_DATE": 1733788800000.0, "COMMENT_": "Public beach access with parking and ADA ramp access", "PRKG_COMMENTS": null, "COUNTY": "New Hanover", "DCM_RO": "WILM", "NCDCM_ID": null, "PHOTO": null, "PRK_FEE": null, "DCM_Funded": "Y", "CONTRACT_YR": null, "CONTRACT_NUM": null, "ACESS_TYPE": "Beach", "KayakCanoeLaunch": "N", "PARKING_OPTIONS": "Both Parking Options", "BeachWheelchair": "Y", "BWC_Info": "https://www.townofkurebeach.org/beach-wheelchairs", "PaidParkURL": "n/a", "WaterAccessTYPE": "Ocean", "BeachMat": null, "Land_Status": "Municipality", "NEAR_FID": 80.0, "NEAR_DIST": 170.66777333081151, "ACCESSIBILITY_NOTES": null, "LIFEGUARDS": null }, "geometry": { "type": "Point", "coordinates": [ -77.905658730556993, 33.998488995118301 ] } },
{ "type": "Feature", "properties": { "ACCESS_ID": "Beach Access #120", "OBJECTID": 925, "PLACE": "Kure Beach", "ACCESS_LOC": null, "LOCL_SPONS": null, "CAMA_SIGN": null, "PARKING": null, "DUNE_WALK": null, "OVERLOOK": null, "HAND_DUNE": null, "HAND_OVRLK": null, "HAND_BEACH": null, "HAND_PRKG": null, "RESTRM": null, "SHOWER": null, "PIC_TABLE": null, "VEH_ACCESS": null, "BIKE_RACK": null, "SURV_DATE": null, "COMMENT_": null, "PRKG_COMMENTS": null, "COUNTY": null, "DCM_RO": "WILM", "NCDCM_ID": null, "PHOTO": null, "PRK_FEE": null, "DCM_Funded": "N", "CONTRACT_YR": null, "CONTRACT_NUM": null, "ACESS_TYPE": "Beach", "KayakCanoeLaunch": "N", "PARKING_OPTIONS": "Onsite Parking", "BeachWheelchair": null, "BWC_Info": null, "PaidParkURL": null, "WaterAccessTYPE": null, "BeachMat": null, "Land_Status": null, "NEAR_FID": null, "NEAR_DIST": null, "ACCESSIBILITY_NOTES": null, "LIFEGUARDS": null }, "geometry": { "type": "Point", "coordinates": [ -77.905528709530799, 33.9988665429889 ] } },
{ "type": "Feature", "properties": { "ACCESS_ID": "Beach Access #130", "OBJECTID": 924, "PLACE": "Kure Beach", "ACCESS_LOC": null, "LOCL_SPONS": null, "CAMA_SIGN": null, "PARKING": null, "DUNE_WALK": null, "OVERLOOK": null, "HAND_DUNE": null, "HAND_OVRLK": null, "HAND_BEACH": null, "HAND_PRKG": null, "RESTRM": null, "SHOWER": null, "PIC_TABLE": null, "VEH_ACCESS": null, "BIKE_RACK": null, "SURV_DATE": null, "COMMENT_": null, "PRKG_COMMENTS": null, "COUNTY": null, "DCM_RO": "WILM", "NCDCM_ID": null, "PHOTO": null, "PRK_FEE": null, "DCM_Funded": "N", "CONTRACT_YR": null, "CONTRACT_NUM": null, "ACESS_TYPE": "Beach", "KayakCanoeLaunch": "N", "PARKING_OPTIONS": "Onsite Parking", "BeachWheelchair": null, "BWC_Info": null, "PaidParkURL": null, "WaterAccessTYPE": null, "BeachMat": null, "Land_Status": null, "NEAR_FID": null, "NEAR_DIST": null, "ACCESSIBILITY_NOTES": null, "LIFEGUARDS": null }, "geometry": { "type": "Point", "coordinates": [ -77.905405099688807, 33.999251499732303 ] } },
{ "type": "Feature", "properties": { "ACCESS_ID": "#140 (L Avenue)", "OBJECTID": 79, "PLACE": "Kure Beach", "ACCESS_LOC": "202 Atlantic Avenue", "LOCL_SPONS": " ", "CAMA_SIGN": "Yes", "PARKING": 34.0, "DUNE_WALK": "Y", "OVERLOOK": "Yes", "HAND_DUNE": "Y", "HAND_OVRLK": "Yes", "HAND_BEACH": "Y", "HAND_PRKG": 5.0, "RESTRM": "N", "SHOWER": "N", "PIC_TABLE": "No", "VEH_ACCESS": " ", "BIKE_RACK": "Y", "SURV_DATE": 1733788800000.0, "COMMENT_": "Public beach access with parking and ADA ramp access", "PRKG_COMMENTS": "Parking along Atlantic Ave", "COUNTY": "New Hanover", "DCM_RO": "Wilmington Regional Office", "NCDCM_ID": 401.0, "PHOTO": "Neighborhood.png", "PRK_FEE": "Y", "DCM_Funded": "Y", "CONTRACT_YR": null, "CONTRACT_NUM": null, "ACESS_TYPE": "Beach", "KayakCanoeLaunch": "No", "PARKING_OPTIONS": "On-Street Parking", "BeachWheelchair": "Y", "BWC_Info": "https://www.townofkurebeach.org/beach-wheelchairs", "PaidParkURL": "https://www.townofkurebeach.org/parking", "WaterAccessTYPE": "Ocean", "BeachMat": null, "Land_Status": "Municipality", "NEAR_FID": 78.0, "NEAR_DIST": 311.5125296115126, "ACCESSIBILITY_NOTES": null, "LIFEGUARDS": null }, "geometry": { "type": "Point", "coordinates": [ -77.905275498476996, 33.999689175692801 ] } },
{ "type": "Feature", "properties": { "ACCESS_ID": "Atlantic Avenue South/Beach Access #222", "OBJECTID": 78, "PLACE": "Kure Beach", "ACCESS_LOC": "222 Atlantic Avenue", "LOCL_SPONS": " ", "CAMA_SIGN": "Yes", "PARKING": 0.0, "DUNE_WALK": "Y", "OVERLOOK": "No", "HAND_DUNE": "No", "HAND_OVRLK": "No", "HAND_BEACH": "No", "HAND_PRKG": 0.0, "RESTRM": "N", "SHOWER": "N", "PIC_TABLE": "No", "VEH_ACCESS": " ", "BIKE_RACK": "No", "SURV_DATE": 1733788800000.0, "COMMENT_": " ", "PRKG_COMMENTS": null, "COUNTY": "New Hanover", "DCM_RO": "Wilmington Regional Office", "NCDCM_ID": 400.0, "PHOTO": "Local.png", "PRK_FEE": null, "DCM_Funded": "N", "CONTRACT_YR": null, "CONTRACT_NUM": null, "ACESS_TYPE": "Beach", "KayakCanoeLaunch": "No", "PARKING_OPTIONS": "No Parking", "BeachWheelchair": "Y", "BWC_Info": "https://www.townofkurebeach.org/beach-wheelchairs", "PaidParkURL": "n/a", "WaterAccessTYPE": "Ocean", "BeachMat": null, "Land_Status": "Municipality", "NEAR_FID": 77.0, "NEAR_DIST": 277.63245137347673, "ACCESSIBILITY_NOTES": null, "LIFEGUARDS": null }, "geometry": { "type": "Point", "coordinates": [ -77.905051410136195, 34.000524482225302 ] } },
{ "type": "Feature", "properties": { "ACCESS_ID": "M Avenue/Beach Access #244", "OBJECTID": 77, "PLACE": "Kure Beach", "ACCESS_LOC": "242 Atlantic Avenue", "LOCL_SPONS": " ", "CAMA_SIGN": "Yes", "PARKING": 0.0, "DUNE_WALK": "Y", "OVERLOOK": "Yes", "HAND_DUNE": "Yes", "HAND_OVRLK": "Yes", "HAND_BEACH": "No", "HAND_PRKG": null, "RESTRM": "N", "SHOWER": "N", "PIC_TABLE": "No", "VEH_ACCESS": "No", "BIKE_RACK": "No", "SURV_DATE": 1733788800000.0, "COMMENT_": " ", "PRKG_COMMENTS": null, "COUNTY": "New Hanover", "DCM_RO": "Wilmington Regional Office", "NCDCM_ID": 399.0, "PHOTO": "Neighborhood.png", "PRK_FEE": null, "DCM_Funded": "Y", "CONTRACT_YR": null, "CONTRACT_NUM": null, "ACESS_TYPE": "Beach", "KayakCanoeLaunch": "No", "PARKING_OPTIONS": "On-Street Parking", "BeachWheelchair": "Y", "BWC_Info": "https://www.townofkurebeach.org/beach-wheelchairs", "PaidParkURL": "n/a", "WaterAccessTYPE": "Ocean", "BeachMat": null, "Land_Status": "Municipality", "NEAR_FID": 78.0, "NEAR_DIST": 277.63245137347673, "ACCESSIBILITY_NOTES": null, "LIFEGUARDS": null }, "geometry": { "type": "Point", "coordinates": [ -77.904795224990195, 34.001256849032302 ] } },
{ "type": "Feature", "properties": { "ACCESS_ID": "Atlantic Avenue North/Beach Access #322", "OBJECTID": 76, "PLACE": "Kure Beach", "ACCESS_LOC": "318 Atlantic Avenue", "LOCL_SPONS": " ", "CAMA_SIGN": "Yes", "PARKING": 0.0, "DUNE_WALK": "Y", "OVERLOOK": "No", "HAND_DUNE": "No", "HAND_OVRLK": "No", "HAND_BEACH": "No", "HAND_PRKG": 0.0, "RESTRM": "N", "SHOWER": "N", "PIC_TABLE": "No", "VEH_ACCESS": " ", "BIKE_RACK": "No", "SURV_DATE": 1733788800000.0, "COMMENT_": " ", "PRKG_COMMENTS": null, "COUNTY": "New Hanover", "DCM_RO": "Wilmington Regional Office", "NCDCM_ID": 398.0, "PHOTO": "Local.png", "PRK_FEE": null, "DCM_Funded": "N", "CONTRACT_YR": null, "CONTRACT_NUM": null, "ACESS_TYPE": "Beach", "KayakCanoeLaunch": "No", "PARKING_OPTIONS": "No Parking", "BeachWheelchair": "Y", "BWC_Info": "https://www.townofkurebeach.org/beach-wheelchairs", "PaidParkURL": "n/a", "WaterAccessTYPE": "Ocean", "BeachMat": null, "Land_Status": "Municipality", "NEAR_FID": 77.0, "NEAR_DIST": 313.76627154946812, "ACCESSIBILITY_NOTES": null, "LIFEGUARDS": null }, "geometry": { "type": "Point", "coordinates": [ -77.904511466056505, 34.002085919512503 ] } },
{ "type": "Feature", "properties": { "ACCESS_ID": "N Avenue/Beach Access #344", "OBJECTID": 75, "PLACE": "Kure Beach", "ACCESS_LOC": "343 Atlantic Avenue", "LOCL_SPONS": " ", "CAMA_SIGN": "Yes", "PARKING": 10.0, "DUNE_WALK": "Y", "OVERLOOK": "Yes", "HAND_DUNE": "Yes", "HAND_OVRLK": "Yes", "HAND_BEACH": "No", "HAND_PRKG": 1.0, "RESTRM": "N", "SHOWER": "N", "PIC_TABLE": "No", "VEH_ACCESS": "E", "BIKE_RACK": "No", "SURV_DATE": 1733788800000.0, "COMMENT_": " ", "PRKG_COMMENTS": null, "COUNTY": "New Hanover", "DCM_RO": "Wilmington Regional Office", "NCDCM_ID": 397.0, "PHOTO": "Neighborhood.png", "PRK_FEE": "Y", "DCM_Funded": "Y", "CONTRACT_YR": null, "CONTRACT_NUM": null, "ACESS_TYPE": "Beach", "KayakCanoeLaunch": "No", "PARKING_OPTIONS": "Both Parking Options", "BeachWheelchair": "Y", "BWC_Info": "https://www.townofkurebeach.org/beach-wheelchairs", "PaidParkURL": "https://www.townofkurebeach.org/parking", "WaterAccessTYPE": "Ocean", "BeachMat": null, "Land_Status": "Municipality", "NEAR_FID": 76.0, "NEAR_DIST": 366.76636602325999, "ACCESSIBILITY_NOTES": null, "LIFEGUARDS": null }, "geometry": { "type": "Point", "coordinates": [ -77.904138925725107, 34.003044683746197 ] } },
{ "type": "Feature", "properties": { "ACCESS_ID": "LaQue South/Beach Access #460", "OBJECTID": 74, "PLACE": "Kure Beach", "ACCESS_LOC": "460 Fort Fisher Blvd. N.", "LOCL_SPONS": "Kure Beach", "CAMA_SIGN": "Yes", "PARKING": 0.0, "DUNE_WALK": "Y", "OVERLOOK": "Y", "HAND_DUNE": "Y", "HAND_OVRLK": "Y", "HAND_BEACH": "Y", "HAND_PRKG": 0.0, "RESTRM": "N", "SHOWER": "N", "PIC_TABLE": "N", "VEH_ACCESS": "No", "BIKE_RACK": "No", "SURV_DATE": 1733788800000.0, "COMMENT_": " ", "PRKG_COMMENTS": null, "COUNTY": "New Hanover", "DCM_RO": "Wilmington Regional Office", "NCDCM_ID": 396.0, "PHOTO": "Local.png", "PRK_FEE": null, "DCM_Funded": "Y", "CONTRACT_YR": "2019-2020", "CONTRACT_NUM": "8125", "ACESS_TYPE": "Beach", "KayakCanoeLaunch": "No", "PARKING_OPTIONS": "On-Street Parking", "BeachWheelchair": "Y", "BWC_Info": "https://www.townofkurebeach.org/beach-wheelchairs", "PaidParkURL": "n/a", "WaterAccessTYPE": "Ocean", "BeachMat": null, "Land_Status": "Municipality", "NEAR_FID": 75.0, "NEAR_DIST": 783.54366794006546, "ACCESSIBILITY_NOTES": null, "LIFEGUARDS": null }, "geometry": { "type": "Point", "coordinates": [ -77.903479043978606, 34.0051262005897 ] } },
{ "type": "Feature", "properties": { "ACCESS_ID": "LaQue North/Beach Access #630", "OBJECTID": 4, "PLACE": "Kure Beach", "ACCESS_LOC": "632 Fort Fisher Blvd. N.", "LOCL_SPONS": " ", "CAMA_SIGN": "Yes", "PARKING": 0.0, "DUNE_WALK": "Y", "OVERLOOK": "Yes", "HAND_DUNE": "Yes", "HAND_OVRLK": "Yes", "HAND_BEACH": "No", "HAND_PRKG": 0.0, "RESTRM": "N", "SHOWER": "N", "PIC_TABLE": "No", "VEH_ACCESS": " ", "BIKE_RACK": "No", "SURV_DATE": 1733788800000.0, "COMMENT_": " ", "PRKG_COMMENTS": " ", "COUNTY": "New Hanover", "DCM_RO": "Wilmington Regional Office", "NCDCM_ID": 4.0, "PHOTO": "Local.png", "PRK_FEE": "Y", "DCM_Funded": "N", "CONTRACT_YR": null, "CONTRACT_NUM": null, "ACESS_TYPE": "Beach", "KayakCanoeLaunch": "No", "PARKING_OPTIONS": "On-Street Parking", "BeachWheelchair": "Y", "BWC_Info": "https://www.townofkurebeach.org/beach-wheelchairs", "PaidParkURL": "https://www.townofkurebeach.org/parking", "WaterAccessTYPE": "Ocean", "BeachMat": null, "Land_Status": "Municipality", "NEAR_FID": 74.0, "NEAR_DIST": 906.50183290729717, "ACCESSIBILITY_NOTES": null, "LIFEGUARDS": null }, "geometry": { "type": "Point", "coordinates": [ -77.902596321651203, 34.007505921205599 ] } },
{ "type": "Feature", "properties": { "ACCESS_ID": "Beach Access #1004 1/2", "OBJECTID": 73, "PLACE": "Kure Beach", "ACCESS_LOC": "1006 Fort Fisher Blvd. N.", "LOCL_SPONS": "Kure Beach", "CAMA_SIGN": "Yes", "PARKING": 0.0, "DUNE_WALK": "Y", "OVERLOOK": "Yes", "HAND_DUNE": "Yes", "HAND_OVRLK": "Yes", "HAND_BEACH": "No", "HAND_PRKG": 0.0, "RESTRM": "N", "SHOWER": "N", "PIC_TABLE": "No", "VEH_ACCESS": " ", "BIKE_RACK": "Yes", "SURV_DATE": 1733788800000.0, "COMMENT_": " ", "PRKG_COMMENTS": null, "COUNTY": "New Hanover", "DCM_RO": "Wilmington Regional Office", "NCDCM_ID": 395.0, "PHOTO": "Local.png", "PRK_FEE": null, "DCM_Funded": "N", "CONTRACT_YR": null, "CONTRACT_NUM": null, "ACESS_TYPE": "Beach", "KayakCanoeLaunch": "No", "PARKING_OPTIONS": "On-Street Parking", "BeachWheelchair": "Y", "BWC_Info": "https://www.townofkurebeach.org/beach-wheelchairs", "PaidParkURL": "n/a", "WaterAccessTYPE": "Ocean", "BeachMat": null, "Land_Status": "Municipality", "NEAR_FID": 428.0, "NEAR_DIST": 705.87074669858202, "ACCESSIBILITY_NOTES": null, "LIFEGUARDS": null }, "geometry": { "type": "Point", "coordinates": [ -77.900949231831603, 34.012032147362298 ] } },
{ "type": "Feature", "properties": { "ACCESS_ID": "Alabama Ave", "OBJECTID": 428, "PLACE": "Carolina Beach", "ACCESS_LOC": "1 Alabama Ave", "LOCL_SPONS": "Carolina Beach", "CAMA_SIGN": "Yes", "PARKING": 62.0, "DUNE_WALK": "Y", "OVERLOOK": "Y", "HAND_DUNE": "Yes", "HAND_OVRLK": "Y", "HAND_BEACH": "Y", "HAND_PRKG": 2.0, "RESTRM": "Y", "SHOWER": "Y", "PIC_TABLE": "No", "VEH_ACCESS": "No", "BIKE_RACK": "Yes", "SURV_DATE": 1628467200000.0, "COMMENT_": "Accessible Ramp ", "PRKG_COMMENTS": "Additional parking at 100 Alabama Ave", "COUNTY": "New Hanover", "DCM_RO": "Wilmington Regional Office", "NCDCM_ID": 473.0, "PHOTO": "Regional.png", "PRK_FEE": "Y", "DCM_Funded": "Y", "CONTRACT_YR": null, "CONTRACT_NUM": null, "ACESS_TYPE": "Beach", "KayakCanoeLaunch": "No", "PARKING_OPTIONS": "Onsite Parking", "BeachWheelchair": "Y", "BWC_Info": "https://www.carolinabeach.org/government/departments/parks-recreation/beach-wheelchairs", "PaidParkURL": "https://www.carolinabeach.org/visitors/parking", "WaterAccessTYPE": "Ocean", "BeachMat": "No", "Land_Status": "County", "NEAR_FID": 430.0, "NEAR_DIST": 610.71644592295661, "ACCESSIBILITY_NOTES": null, "LIFEGUARDS": null }, "geometry": { "type": "Point", "coordinates": [ -77.900090441729802, 34.013834913792699 ] } },
{ "type": "Feature", "properties": { "ACCESS_ID": "Texas Ave", "OBJECTID": 430, "PLACE": "Carolina Beach", "ACCESS_LOC": "US 421 and Texas Ave", "LOCL_SPONS": "Carolina Beach", "CAMA_SIGN": "Yes", "PARKING": 4.0, "DUNE_WALK": "Y", "OVERLOOK": "Y", "HAND_DUNE": "Yes", "HAND_OVRLK": "Y", "HAND_BEACH": "N", "HAND_PRKG": 0.0, "RESTRM": "N", "SHOWER": "N", "PIC_TABLE": "No", "VEH_ACCESS": "No", "BIKE_RACK": "Yes", "SURV_DATE": 1628467200000.0, "COMMENT_": " ", "PRKG_COMMENTS": null, "COUNTY": "New Hanover", "DCM_RO": "Wilmington Regional Office", "NCDCM_ID": 474.0, "PHOTO": "Local.png", "PRK_FEE": "Y", "DCM_Funded": "Y", "CONTRACT_YR": null, "CONTRACT_NUM": null, "ACESS_TYPE": "Beach", "KayakCanoeLaunch": "No", "PARKING_OPTIONS": "Onsite Parking", "BeachWheelchair": "Y", "BWC_Info": "https://www.carolinabeach.org/government/departments/parks-recreation/beach-wheelchairs", "PaidParkURL": "https://www.carolinabeach.org/visitors/parking", "WaterAccessTYPE": "Ocean", "BeachMat": "No", "Land_Status": "Municipality", "NEAR_FID": 428.0, "NEAR_DIST": 610.71644592295661, "ACCESSIBILITY_NOTES": null, "LIFEGUARDS": null }, "geometry": { "type": "Point", "coordinates": [ -77.899388232955701, 34.015407723231299 ] } },
{ "type": "Feature", "properties": { "ACCESS_ID": "South Carolina", "OBJECTID": 432, "PLACE": "Carolina Beach", "ACCESS_LOC": "1 South Carolina Ave", "LOCL_SPONS": "Carolina Beach", "CAMA_SIGN": "Yes", "PARKING": 6.0, "DUNE_WALK": "Y", "OVERLOOK": "Y", "HAND_DUNE": "Yes", "HAND_OVRLK": "Y", "HAND_BEACH": "N", "HAND_PRKG": 1.0, "RESTRM": "N", "SHOWER": "N", "PIC_TABLE": "No", "VEH_ACCESS": "No", "BIKE_RACK": "Yes", "SURV_DATE": 1628467200000.0, "COMMENT_": " ", "PRKG_COMMENTS": " ", "COUNTY": "New Hanover", "DCM_RO": "Wilmington Regional Office", "NCDCM_ID": 475.0, "PHOTO": "Neighborhood.png", "PRK_FEE": "Y", "DCM_Funded": "Y", "CONTRACT_YR": null, "CONTRACT_NUM": null, "ACESS_TYPE": "Beach", "KayakCanoeLaunch": "No", "PARKING_OPTIONS": "Onsite Parking", "BeachWheelchair": "Y", "BWC_Info": "https://www.carolinabeach.org/government/departments/parks-recreation/beach-wheelchairs", "PaidParkURL": "https://www.carolinabeach.org/visitors/parking", "WaterAccessTYPE": "Ocean", "BeachMat": "No", "Land_Status": "Municipality", "NEAR_FID": 434.0, "NEAR_DIST": 598.24472539253156, "ACCESSIBILITY_NOTES": null, "LIFEGUARDS": null }, "geometry": { "type": "Point", "coordinates": [ -77.898799525627496, 34.017053381968999 ] } },
{ "type": "Feature", "properties": { "ACCESS_ID": "Ocean Blvd", "OBJECTID": 434, "PLACE": "Carolina Beach", "ACCESS_LOC": "1 Ocean Blvd", "LOCL_SPONS": "Carolina Beach", "CAMA_SIGN": "Yes", "PARKING": 19.0, "DUNE_WALK": "Y", "OVERLOOK": "Yes", "HAND_DUNE": "Yes", "HAND_OVRLK": "Yes", "HAND_BEACH": "N", "HAND_PRKG": 3.0, "RESTRM": "N", "SHOWER": "N", "PIC_TABLE": "No", "VEH_ACCESS": "E", "BIKE_RACK": "Yes", "SURV_DATE": 1628467200000.0, "COMMENT_": " ", "PRKG_COMMENTS": " ", "COUNTY": "New Hanover", "DCM_RO": "Wilmington Regional Office", "NCDCM_ID": 476.0, "PHOTO": "Neighborhood.png", "PRK_FEE": "Y", "DCM_Funded": "Y", "CONTRACT_YR": null, "CONTRACT_NUM": null, "ACESS_TYPE": "Beach", "KayakCanoeLaunch": "No", "PARKING_OPTIONS": "Onsite Parking", "BeachWheelchair": "Y", "BWC_Info": "https://www.carolinabeach.org/government/departments/parks-recreation/beach-wheelchairs", "PaidParkURL": "https://www.carolinabeach.org/visitors/parking", "WaterAccessTYPE": "Ocean", "BeachMat": "No", "Land_Status": "Municipality", "NEAR_FID": 432.0, "NEAR_DIST": 598.24472539253156, "ACCESSIBILITY_NOTES": null, "LIFEGUARDS": null }, "geometry": { "type": "Point", "coordinates": [ -77.898157567965896, 34.018607758339002 ] } },
{ "type": "Feature", "properties": { "ACCESS_ID": "North Carolina Ave", "OBJECTID": 436, "PLACE": "Carolina Beach", "ACCESS_LOC": "US 421 and North Carolina Ave", "LOCL_SPONS": "Carolina Beach", "CAMA_SIGN": "No", "PARKING": 0.0, "DUNE_WALK": "Y", "OVERLOOK": "Y", "HAND_DUNE": "Yes", "HAND_OVRLK": "Y", "HAND_BEACH": "N", "HAND_PRKG": 0.0, "RESTRM": "N", "SHOWER": "N", "PIC_TABLE": "No", "VEH_ACCESS": "No", "BIKE_RACK": "Yes", "SURV_DATE": 1628467200000.0, "COMMENT_": " ", "PRKG_COMMENTS": " ", "COUNTY": "New Hanover", "DCM_RO": "Wilmington Regional Office", "NCDCM_ID": 477.0, "PHOTO": "Local.png", "PRK_FEE": null, "DCM_Funded": "Y", "CONTRACT_YR": null, "CONTRACT_NUM": null, "ACESS_TYPE": "Beach", "KayakCanoeLaunch": "No", "PARKING_OPTIONS": "No Parking", "BeachWheelchair": "Y", "BWC_Info": "https://www.carolinabeach.org/government/departments/parks-recreation/beach-wheelchairs", "PaidParkURL": "n/a", "WaterAccessTYPE": "Ocean", "BeachMat": "No", "Land_Status": "Municipality", "NEAR_FID": 438.0, "NEAR_DIST": 624.42169322709913, "ACCESSIBILITY_NOTES": null, "LIFEGUARDS": null }, "geometry": { "type": "Point", "coordinates": [ -77.897432953620097, 34.0202311671652 ] } },
{ "type": "Feature", "properties": { "ACCESS_ID": "Tennesee Avenue", "OBJECTID": 438, "PLACE": "Carolina Beach", "ACCESS_LOC": "1 Tennesee Ave", "LOCL_SPONS": "Carolina Beach", "CAMA_SIGN": "No", "PARKING": 26.0, "DUNE_WALK": "Y", "OVERLOOK": "Y", "HAND_DUNE": "Yes", "HAND_OVRLK": "Y", "HAND_BEACH": "Y", "HAND_PRKG": 2.0, "RESTRM": "N", "SHOWER": "N", "PIC_TABLE": "No", "VEH_ACCESS": "No", "BIKE_RACK": "Yes", "SURV_DATE": 1652712942000.0, "COMMENT_": "Accessible Ramp ", "PRKG_COMMENTS": " ", "COUNTY": "New Hanover", "DCM_RO": "Wilmington Regional Office", "NCDCM_ID": 478.0, "PHOTO": "Neighborhood.png", "PRK_FEE": "Y", "DCM_Funded": "Y", "CONTRACT_YR": null, "CONTRACT_NUM": null, "ACESS_TYPE": "Beach", "KayakCanoeLaunch": "No", "PARKING_OPTIONS": "Onsite Parking", "BeachWheelchair": "Y", "BWC_Info": "https://www.carolinabeach.org/government/departments/parks-recreation/beach-wheelchairs", "PaidParkURL": "https://www.carolinabeach.org/visitors/parking", "WaterAccessTYPE": "Ocean", "BeachMat": "No", "Land_Status": "Municipality", "NEAR_FID": 436.0, "NEAR_DIST": 624.42169322709913, "ACCESSIBILITY_NOTES": null, "LIFEGUARDS": null }, "geometry": { "type": "Point", "coordinates": [ -77.897145446915104, 34.021930034373497 ] } },
{ "type": "Feature", "properties": { "ACCESS_ID": "Spartanburg Avenue", "OBJECTID": 371, "PLACE": "Carolina Beach", "ACCESS_LOC": "CAROLINA BCH AVE SOUTH AND SPARTANBURG AVE", "LOCL_SPONS": "Carolina Beach", "CAMA_SIGN": "No", "PARKING": null, "DUNE_WALK": "Y", "OVERLOOK": "Y", "HAND_DUNE": "Yes", "HAND_OVRLK": "No", "HAND_BEACH": "N", "HAND_PRKG": null, "RESTRM": "N", "SHOWER": "N", "PIC_TABLE": "No", "VEH_ACCESS": "No", "BIKE_RACK": "No", "SURV_DATE": 1050969600000.0, "COMMENT_": " ", "PRKG_COMMENTS": "Parking available nearby, or in the vicinity", "COUNTY": "New Hanover", "DCM_RO": "Wilmington Regional Office", "NCDCM_ID": 306.0, "PHOTO": "Local.png", "PRK_FEE": "Y", "DCM_Funded": "N", "CONTRACT_YR": null, "CONTRACT_NUM": null, "ACESS_TYPE": "Beach", "KayakCanoeLaunch": "No", "PARKING_OPTIONS": "On-Street Parking", "BeachWheelchair": "Y", "BWC_Info": "https://www.carolinabeach.org/government/departments/parks-recreation/beach-wheelchairs", "PaidParkURL": "https://www.carolinabeach.org/visitors/parking", "WaterAccessTYPE": "Ocean", "BeachMat": "No", "Land_Status": "Municipality", "NEAR_FID": 369.0, "NEAR_DIST": 537.89637074787152, "ACCESSIBILITY_NOTES": null, "LIFEGUARDS": null }, "geometry": { "type": "Point", "coordinates": [ -77.895162411433802, 34.025751558307597 ] } },
{ "type": "Feature", "properties": { "ACCESS_ID": "Lake Park Blvd", "OBJECTID": 369, "PLACE": "Carolina Beach", "ACCESS_LOC": "CAROLINA BCH AVE SOUTH AND LAKE DRIVE", "LOCL_SPONS": "Carolina Beach", "CAMA_SIGN": "No", "PARKING": 0.0, "DUNE_WALK": "Y", "OVERLOOK": "Yes", "HAND_DUNE": "Yes", "HAND_OVRLK": "Yes", "HAND_BEACH": "Y", "HAND_PRKG": 0.0, "RESTRM": "N", "SHOWER": "N", "PIC_TABLE": "No", "VEH_ACCESS": "No", "BIKE_RACK": "No", "SURV_DATE": 1628467200000.0, "COMMENT_": " ", "PRKG_COMMENTS": " ", "COUNTY": "New Hanover", "DCM_RO": "Wilmington Regional Office", "NCDCM_ID": 305.0, "PHOTO": "Local.png", "PRK_FEE": null, "DCM_Funded": "Y", "CONTRACT_YR": null, "CONTRACT_NUM": null, "ACESS_TYPE": "Beach", "KayakCanoeLaunch": "No", "PARKING_OPTIONS": "On-Street Parking", "BeachWheelchair": "Y", "BWC_Info": "https://www.carolinabeach.org/government/departments/parks-recreation/beach-wheelchairs", "PaidParkURL": "n/a", "WaterAccessTYPE": "Ocean", "BeachMat": "No", "Land_Status": "Municipality", "NEAR_FID": 444.0, "NEAR_DIST": 520.02817120863574, "ACCESSIBILITY_NOTES": null, "LIFEGUARDS": null }, "geometry": { "type": "Point", "coordinates": [ -77.894876319575403, 34.027210153547102 ] } },
{ "type": "Feature", "properties": { "ACCESS_ID": " ", "OBJECTID": 444, "PLACE": "Carolina Beach", "ACCESS_LOC": "Carolina Beach Ave South and Driftwood Lane", "LOCL_SPONS": " ", "CAMA_SIGN": "No", "PARKING": null, "DUNE_WALK": "Y", "OVERLOOK": "No", "HAND_DUNE": "Yes", "HAND_OVRLK": "No", "HAND_BEACH": "N", "HAND_PRKG": null, "RESTRM": "N", "SHOWER": "N", "PIC_TABLE": "No", "VEH_ACCESS": "No", "BIKE_RACK": "No", "SURV_DATE": 1628467200000.0, "COMMENT_": " ", "PRKG_COMMENTS": " ", "COUNTY": "New Hanover", "DCM_RO": "Wilmington Regional Office", "NCDCM_ID": 481.0, "PHOTO": "Local.png", "PRK_FEE": "Y", "DCM_Funded": "N", "CONTRACT_YR": null, "CONTRACT_NUM": null, "ACESS_TYPE": "Beach", "KayakCanoeLaunch": "No", "PARKING_OPTIONS": "On-Street Parking", "BeachWheelchair": "Y", "BWC_Info": "https://www.carolinabeach.org/government/departments/parks-recreation/beach-wheelchairs", "PaidParkURL": "https://www.carolinabeach.org/visitors/parking", "WaterAccessTYPE": "Ocean", "BeachMat": null, "Land_Status": "Municipality", "NEAR_FID": 369.0, "NEAR_DIST": 520.02817120863574, "ACCESSIBILITY_NOTES": null, "LIFEGUARDS": null }, "geometry": { "type": "Point", "coordinates": [ -77.8943632450042, 34.028573623805798 ] } },
{ "type": "Feature", "properties": { "ACCESS_ID": "Atlanta Ave", "OBJECTID": 442, "PLACE": "Carolina Beach", "ACCESS_LOC": "Carolina Beach Ave South and Atlanta Ave", "LOCL_SPONS": "Carolina Beach", "CAMA_SIGN": "No", "PARKING": 58.0, "DUNE_WALK": "Y", "OVERLOOK": "No", "HAND_DUNE": "Yes", "HAND_OVRLK": "No", "HAND_BEACH": "Y", "HAND_PRKG": 1.0, "RESTRM": "N", "SHOWER": "N", "PIC_TABLE": "No", "VEH_ACCESS": "No", "BIKE_RACK": "No", "SURV_DATE": 1628467200000.0, "COMMENT_": "Accessible Ramp ", "PRKG_COMMENTS": "Parking available nearby, or in the vicinity", "COUNTY": "New Hanover", "DCM_RO": "Wilmington Regional Office", "NCDCM_ID": 480.0, "PHOTO": "Neighborhood.png", "PRK_FEE": "Y", "DCM_Funded": "Y", "CONTRACT_YR": null, "CONTRACT_NUM": null, "ACESS_TYPE": "Beach", "KayakCanoeLaunch": "No", "PARKING_OPTIONS": "Both Parking Options", "BeachWheelchair": "Y", "BWC_Info": "https://www.carolinabeach.org/government/departments/parks-recreation/beach-wheelchairs", "PaidParkURL": "https://www.carolinabeach.org/visitors/parking", "WaterAccessTYPE": "Ocean", "BeachMat": "No", "Land_Status": "Municipality", "NEAR_FID": 444.0, "NEAR_DIST": 525.16191848665835, "ACCESSIBILITY_NOTES": null, "LIFEGUARDS": null }, "geometry": { "type": "Point", "coordinates": [ -77.8938366840257, 34.029948340521898 ] } },
{ "type": "Feature", "properties": { "ACCESS_ID": "Hamlet Ave", "OBJECTID": 440, "PLACE": "Carolina Beach", "ACCESS_LOC": "Carolina Beach Ave South and Hamlet Ave", "LOCL_SPONS": "Carolina Beach", "CAMA_SIGN": "Yes", "PARKING": 50.0, "DUNE_WALK": "Y", "OVERLOOK": "No", "HAND_DUNE": "Yes", "HAND_OVRLK": "No", "HAND_BEACH": "Y", "HAND_PRKG": 2.0, "RESTRM": "Y", "SHOWER": "Y", "PIC_TABLE": "No", "VEH_ACCESS": "E", "BIKE_RACK": "No", "SURV_DATE": 1628467200000.0, "COMMENT_": "Accessible Ramp ", "PRKG_COMMENTS": "Parking at 102 Hamlet Ave", "COUNTY": "New Hanover", "DCM_RO": "Wilmington Regional Office", "NCDCM_ID": 479.0, "PHOTO": "Regional.png", "PRK_FEE": "Y", "DCM_Funded": "Y", "CONTRACT_YR": null, "CONTRACT_NUM": null, "ACESS_TYPE": "Beach", "KayakCanoeLaunch": "No", "PARKING_OPTIONS": "Both Parking Options", "BeachWheelchair": "Y", "BWC_Info": "https://www.carolinabeach.org/government/departments/parks-recreation/beach-wheelchairs", "PaidParkURL": "https://www.carolinabeach.org/visitors/parking", "WaterAccessTYPE": "Ocean", "BeachMat": "No", "Land_Status": "Municipality", "NEAR_FID": 442.0, "NEAR_DIST": 603.1521638651501, "ACCESSIBILITY_NOTES": null, "LIFEGUARDS": null }, "geometry": { "type": "Point", "coordinates": [ -77.893257421584394, 34.031533828485202 ] } },
{ "type": "Feature", "properties": { "ACCESS_ID": "Cape Fear Blvd", "OBJECTID": 856, "PLACE": "Carolina Beach", "ACCESS_LOC": "Cape Fear Blvd", "LOCL_SPONS": "Carolina Beach", "CAMA_SIGN": null, "PARKING": null, "DUNE_WALK": "Y", "OVERLOOK": "Y", "HAND_DUNE": "Y", "HAND_OVRLK": "Y", "HAND_BEACH": "Y", "HAND_PRKG": null, "RESTRM": "Y", "SHOWER": "Y", "PIC_TABLE": "N", "VEH_ACCESS": null, "BIKE_RACK": null, "SURV_DATE": 1652713608000.0, "COMMENT_": "Accessible Ramp & Beach Mats", "PRKG_COMMENTS": "Parking in close proximity.", "COUNTY": "New Hanover", "DCM_RO": "WILM", "NCDCM_ID": null, "PHOTO": null, "PRK_FEE": null, "DCM_Funded": "Y", "CONTRACT_YR": null, "CONTRACT_NUM": null, "ACESS_TYPE": "Beach", "KayakCanoeLaunch": "N", "PARKING_OPTIONS": "Parking off-site", "BeachWheelchair": "Y", "BWC_Info": "https://www.carolinabeach.org/government/departments/parks-recreation/beach-wheelchairs", "PaidParkURL": "n/a", "WaterAccessTYPE": "Ocean", "BeachMat": "Yes", "Land_Status": "Municipality", "NEAR_FID": 857.0, "NEAR_DIST": 113.69095241336096, "ACCESSIBILITY_NOTES": null, "LIFEGUARDS": null }, "geometry": { "type": "Point", "coordinates": [ -77.892091643704205, 34.033140289890902 ] } },
{ "type": "Feature", "properties": { "ACCESS_ID": "Pavillion Ave South", "OBJECTID": 857, "PLACE": "Carolina Beach", "ACCESS_LOC": "Pavillion Ave", "LOCL_SPONS": "Carolina Beach", "CAMA_SIGN": null, "PARKING": 0.0, "DUNE_WALK": "Y", "OVERLOOK": "Y", "HAND_DUNE": "Y", "HAND_OVRLK": "Y", "HAND_BEACH": "Y", "HAND_PRKG": null, "RESTRM": "Y", "SHOWER": "Y", "PIC_TABLE": "N", "VEH_ACCESS": null, "BIKE_RACK": null, "SURV_DATE": 1652713397931.0, "COMMENT_": "Accesible Ramp & Beach Mats", "PRKG_COMMENTS": "Parking in close proximity", "COUNTY": "New Hanover", "DCM_RO": "EC", "NCDCM_ID": null, "PHOTO": null, "PRK_FEE": null, "DCM_Funded": "Y", "CONTRACT_YR": null, "CONTRACT_NUM": null, "ACESS_TYPE": "Beach", "KayakCanoeLaunch": "N", "PARKING_OPTIONS": "Parking off-site", "BeachWheelchair": "Y", "BWC_Info": "https://www.carolinabeach.org/government/departments/parks-recreation/beach-wheelchairs", "PaidParkURL": "n/a", "WaterAccessTYPE": "Ocean", "BeachMat": "Yes", "Land_Status": "Municipality", "NEAR_FID": 856.0, "NEAR_DIST": 113.69095241336096, "ACCESSIBILITY_NOTES": null, "LIFEGUARDS": null }, "geometry": { "type": "Point", "coordinates": [ -77.891983500917107, 34.0334394101789 ] } },
{ "type": "Feature", "properties": { "ACCESS_ID": "Harper Ave", "OBJECTID": 372, "PLACE": "Carolina Beach", "ACCESS_LOC": "CAROLINA BCH AVE NORTH AND HARPER AVE", "LOCL_SPONS": " ", "CAMA_SIGN": "Yes", "PARKING": 100.0, "DUNE_WALK": "Y", "OVERLOOK": "Yes", "HAND_DUNE": "Yes", "HAND_OVRLK": "Yes", "HAND_BEACH": "Y", "HAND_PRKG": 4.0, "RESTRM": "Y", "SHOWER": "Y", "PIC_TABLE": "No", "VEH_ACCESS": "No", "BIKE_RACK": "Yes", "SURV_DATE": 1628467200000.0, "COMMENT_": "5 Pedestrian Access Points (2 block Ped.area)  Boardwalk has walkovers and deck on top of berm", "PRKG_COMMENTS": "Parking lot at 205 Canal Ave", "COUNTY": "New Hanover", "DCM_RO": "Wilmington Regional Office", "NCDCM_ID": 307.0, "PHOTO": "Regional.png", "PRK_FEE": "Y", "DCM_Funded": "N", "CONTRACT_YR": null, "CONTRACT_NUM": null, "ACESS_TYPE": "Beach", "KayakCanoeLaunch": "No", "PARKING_OPTIONS": "Both Parking Options", "BeachWheelchair": "Y", "BWC_Info": "https://www.carolinabeach.org/government/departments/parks-recreation/beach-wheelchairs", "PaidParkURL": "https://www.carolinabeach.org/visitors/parking", "WaterAccessTYPE": "Ocean", "BeachMat": null, "Land_Status": "Municipality", "NEAR_FID": 857.0, "NEAR_DIST": 285.60487312514044, "ACCESSIBILITY_NOTES": null, "LIFEGUARDS": null }, "geometry": { "type": "Point", "coordinates": [ -77.891937154136599, 34.034223186790904 ] } },
{ "type": "Feature", "properties": { "ACCESS_ID": "Pelican Lane", "OBJECTID": 374, "PLACE": "Carolina Beach", "ACCESS_LOC": "CAROLINA BCH AVE NORTH AND PELICAN LANE", "LOCL_SPONS": "Carolina Beach", "CAMA_SIGN": "No", "PARKING": 276.0, "DUNE_WALK": "Y", "OVERLOOK": "No", "HAND_DUNE": "Yes", "HAND_OVRLK": "No", "HAND_BEACH": "Y", "HAND_PRKG": null, "RESTRM": "N", "SHOWER": "N", "PIC_TABLE": "No", "VEH_ACCESS": " ", "BIKE_RACK": "No", "SURV_DATE": 1628467200000.0, "COMMENT_": "Accessible Ramp ", "PRKG_COMMENTS": "Paid parking ", "COUNTY": "New Hanover", "DCM_RO": "Wilmington Regional Office", "NCDCM_ID": 308.0, "PHOTO": "Neighborhood.png", "PRK_FEE": "Y", "DCM_Funded": "Y", "CONTRACT_YR": null, "CONTRACT_NUM": null, "ACESS_TYPE": "Beach", "KayakCanoeLaunch": "No", "PARKING_OPTIONS": "Onsite Parking", "BeachWheelchair": "Y", "BWC_Info": "https://www.carolinabeach.org/government/departments/parks-recreation/beach-wheelchairs", "PaidParkURL": "https://www.carolinabeach.org/visitors/parking", "WaterAccessTYPE": "Ocean", "BeachMat": "No", "Land_Status": "Municipality", "NEAR_FID": 897.0, "NEAR_DIST": 374.77659763197966, "ACCESSIBILITY_NOTES": null, "LIFEGUARDS": null }, "geometry": { "type": "Point", "coordinates": [ -77.891043279224903, 34.036426313361297 ] } },
{ "type": "Feature", "properties": { "ACCESS_ID": "Harbour Master Parking Lot", "OBJECTID": 897, "PLACE": "Carolina Beach", "ACCESS_LOC": "309 Carolina Beach Ave N", "LOCL_SPONS": "Carolina Beach", "CAMA_SIGN": "Unknown", "PARKING": 83.0, "DUNE_WALK": "N", "OVERLOOK": null, "HAND_DUNE": null, "HAND_OVRLK": null, "HAND_BEACH": null, "HAND_PRKG": 0.0, "RESTRM": "N", "SHOWER": "N", "PIC_TABLE": "N", "VEH_ACCESS": "No", "BIKE_RACK": "N", "SURV_DATE": 1658332203000.0, "COMMENT_": "Beach accesses are located on Dolphin & Pelican Ln", "PRKG_COMMENTS": "Beach accesses are located on Dolphin & Pelican Ln", "COUNTY": "New Hanover", "DCM_RO": "WILM", "NCDCM_ID": null, "PHOTO": null, "PRK_FEE": "Y", "DCM_Funded": "Y", "CONTRACT_YR": null, "CONTRACT_NUM": null, "ACESS_TYPE": null, "KayakCanoeLaunch": "N", "PARKING_OPTIONS": "Onsite Parking", "BeachWheelchair": null, "BWC_Info": null, "PaidParkURL": "https://www.carolinabeach.org/visitors/parking", "WaterAccessTYPE": "Parking Lot", "BeachMat": "No", "Land_Status": "Municipality", "NEAR_FID": 376.0, "NEAR_DIST": 336.74353729958227, "ACCESSIBILITY_NOTES": null, "LIFEGUARDS": null }, "geometry": { "type": "Point", "coordinates": [ -77.891485700140194, 34.037387922469897 ] } },
{ "type": "Feature", "properties": { "ACCESS_ID": "Dolphin Lane", "OBJECTID": 376, "PLACE": "Carolina Beach", "ACCESS_LOC": "N. Carolina Beach Ave and Dolphin Lane", "LOCL_SPONS": " ", "CAMA_SIGN": "No", "PARKING": 0.0, "DUNE_WALK": "Y", "OVERLOOK": "No", "HAND_DUNE": "Yes", "HAND_OVRLK": "No", "HAND_BEACH": " ", "HAND_PRKG": 0.0, "RESTRM": "N", "SHOWER": "N", "PIC_TABLE": "No", "VEH_ACCESS": " ", "BIKE_RACK": "No", "SURV_DATE": 1713484800000.0, "COMMENT_": " ", "PRKG_COMMENTS": "Nearest parking is between Pelican & Dolphin Lane", "COUNTY": "New Hanover", "DCM_RO": "Wilmington Regional Office", "NCDCM_ID": 309.0, "PHOTO": "Local.png", "PRK_FEE": null, "DCM_Funded": "N", "CONTRACT_YR": null, "CONTRACT_NUM": null, "ACESS_TYPE": "Beach", "KayakCanoeLaunch": "No", "PARKING_OPTIONS": "Parking off-site", "BeachWheelchair": "Y", "BWC_Info": "https://www.carolinabeach.org/government/departments/parks-recreation/beach-wheelchairs", "PaidParkURL": "n/a", "WaterAccessTYPE": "Ocean", "BeachMat": null, "Land_Status": "Municipality", "NEAR_FID": 897.0, "NEAR_DIST": 336.74353729958227, "ACCESSIBILITY_NOTES": null, "LIFEGUARDS": null }, "geometry": { "type": "Point", "coordinates": [ -77.8905063813325, 34.037825375168801 ] } },
{ "type": "Feature", "properties": { "ACCESS_ID": "Scallop Lane", "OBJECTID": 379, "PLACE": "Carolina Beach", "ACCESS_LOC": "Carolina Beach Ave N and Scallop Lane", "LOCL_SPONS": "Carolina Beach", "CAMA_SIGN": "No", "PARKING": 2.0, "DUNE_WALK": "Y", "OVERLOOK": "N", "HAND_DUNE": "Y", "HAND_OVRLK": "N", "HAND_BEACH": "Y", "HAND_PRKG": 1.0, "RESTRM": "N", "SHOWER": "N", "PIC_TABLE": "N", "VEH_ACCESS": "No", "BIKE_RACK": "No", "SURV_DATE": 1713538542000.0, "COMMENT_": "Accessible Ramp ", "PRKG_COMMENTS": null, "COUNTY": "New Hanover", "DCM_RO": "Wilmington Regional Office", "NCDCM_ID": 310.0, "PHOTO": "Local.png", "PRK_FEE": null, "DCM_Funded": "N", "CONTRACT_YR": null, "CONTRACT_NUM": null, "ACESS_TYPE": "Beach", "KayakCanoeLaunch": "No", "PARKING_OPTIONS": "Onsite Parking", "BeachWheelchair": "Y", "BWC_Info": "https://www.carolinabeach.org/government/departments/parks-recreation/beach-wheelchairs", "PaidParkURL": "n/a", "WaterAccessTYPE": "Ocean", "BeachMat": "No", "Land_Status": "Municipality", "NEAR_FID": 376.0, "NEAR_DIST": 512.25680678170818, "ACCESSIBILITY_NOTES": null, "LIFEGUARDS": null }, "geometry": { "type": "Point", "coordinates": [ -77.889963862681199, 34.039158417475697 ] } },
{ "type": "Feature", "properties": { "ACCESS_ID": "Seagull Lane", "OBJECTID": 380, "PLACE": "Carolina Beach", "ACCESS_LOC": "Carolina Beach Ave N and Seagull Lane", "LOCL_SPONS": "Carolina Beach", "CAMA_SIGN": "No", "PARKING": 0.0, "DUNE_WALK": "Y", "OVERLOOK": "N", "HAND_DUNE": "Y", "HAND_OVRLK": "N", "HAND_BEACH": "Y", "HAND_PRKG": 0.0, "RESTRM": "N", "SHOWER": "N", "PIC_TABLE": "N", "VEH_ACCESS": "No", "BIKE_RACK": "No", "SURV_DATE": 1652712942000.0, "COMMENT_": "Accessible Ramp ", "PRKG_COMMENTS": "Parking available nearby, or in the vicinity", "COUNTY": "New Hanover", "DCM_RO": "WARO", "NCDCM_ID": 311.0, "PHOTO": "Local.png", "PRK_FEE": null, "DCM_Funded": "N", "CONTRACT_YR": null, "CONTRACT_NUM": null, "ACESS_TYPE": "Beach", "KayakCanoeLaunch": "No", "PARKING_OPTIONS": "On-Street Parking", "BeachWheelchair": "Y", "BWC_Info": "https://www.carolinabeach.org/government/departments/parks-recreation/beach-wheelchairs", "PaidParkURL": "n/a", "WaterAccessTYPE": "Ocean", "BeachMat": "No", "Land_Status": "Municipality", "NEAR_FID": 205.0, "NEAR_DIST": 307.88550432405299, "ACCESSIBILITY_NOTES": null, "LIFEGUARDS": null }, "geometry": { "type": "Point", "coordinates": [ -77.889433673407297, 34.040538487479601 ] } },
{ "type": "Feature", "properties": { "ACCESS_ID": "Seagull Lane Soundside", "OBJECTID": 205, "PLACE": "Carolina Beach", "ACCESS_LOC": "Seagull Lane and Canal Drive", "LOCL_SPONS": "Carolina Beach", "CAMA_SIGN": "Yes", "PARKING": null, "DUNE_WALK": "N", "OVERLOOK": "No", "HAND_DUNE": "No", "HAND_OVRLK": "No", "HAND_BEACH": "No", "HAND_PRKG": null, "RESTRM": "N", "SHOWER": "N", "PIC_TABLE": "No", "VEH_ACCESS": "No", "BIKE_RACK": "No", "SURV_DATE": 1628467200000.0, "COMMENT_": "Sound Access", "PRKG_COMMENTS": "Parking available nearby, or in the vicinity", "COUNTY": "New Hanover", "DCM_RO": "Wilmington Regional Office", "NCDCM_ID": 594.0, "PHOTO": "Local.png", "PRK_FEE": null, "DCM_Funded": "Y", "CONTRACT_YR": null, "CONTRACT_NUM": null, "ACESS_TYPE": "Beach", "KayakCanoeLaunch": "No", "PARKING_OPTIONS": "No Parking", "BeachWheelchair": "Y", "BWC_Info": "https://www.carolinabeach.org/government/departments/parks-recreation/beach-wheelchairs", "PaidParkURL": "n/a", "WaterAccessTYPE": "Ocean", "BeachMat": "No", "Land_Status": "Municipality", "NEAR_FID": 380.0, "NEAR_DIST": 307.88550432405299, "ACCESSIBILITY_NOTES": null, "LIFEGUARDS": null }, "geometry": { "type": "Point", "coordinates": [ -77.890391604486894, 34.040820783280502 ] } },
{ "type": "Feature", "properties": { "ACCESS_ID": "Sailfish Lane", "OBJECTID": 382, "PLACE": "Carolina Beach", "ACCESS_LOC": "Carolina Beach Ava N and Sailfish Lane", "LOCL_SPONS": "Carolina Beach", "CAMA_SIGN": "No", "PARKING": 0.0, "DUNE_WALK": "Y", "OVERLOOK": "N", "HAND_DUNE": "Y", "HAND_OVRLK": "N", "HAND_BEACH": "Y", "HAND_PRKG": 0.0, "RESTRM": "N", "SHOWER": "N", "PIC_TABLE": "No", "VEH_ACCESS": "No", "BIKE_RACK": "N", "SURV_DATE": 1628467200000.0, "COMMENT_": "Accessible Ramp ", "PRKG_COMMENTS": "Parking available nearby, or in the vicinity", "COUNTY": "New Hanover", "DCM_RO": "Wilmington Regional Office", "NCDCM_ID": 312.0, "PHOTO": "Local.png", "PRK_FEE": null, "DCM_Funded": "Y", "CONTRACT_YR": null, "CONTRACT_NUM": null, "ACESS_TYPE": "Beach", "KayakCanoeLaunch": "No", "PARKING_OPTIONS": "On-Street Parking", "BeachWheelchair": "Y", "BWC_Info": "https://www.carolinabeach.org/government/departments/parks-recreation/beach-wheelchairs", "PaidParkURL": "n/a", "WaterAccessTYPE": "Ocean", "BeachMat": "No", "Land_Status": "Municipality", "NEAR_FID": 383.0, "NEAR_DIST": 520.12753793380148, "ACCESSIBILITY_NOTES": null, "LIFEGUARDS": null }, "geometry": { "type": "Point", "coordinates": [ -77.888899722887203, 34.041942974161003 ] } },
{ "type": "Feature", "properties": { "ACCESS_ID": "Oyster Shell Lane", "OBJECTID": 383, "PLACE": "Carolina Beach", "ACCESS_LOC": "Oyster Shell Lane & Carolina Beach Ave N", "LOCL_SPONS": "Carolina Beach", "CAMA_SIGN": "No", "PARKING": 0.0, "DUNE_WALK": "Y", "OVERLOOK": "No", "HAND_DUNE": "Yes", "HAND_OVRLK": "Yes", "HAND_BEACH": "Y", "HAND_PRKG": 0.0, "RESTRM": "N", "SHOWER": "N", "PIC_TABLE": "No", "VEH_ACCESS": " ", "BIKE_RACK": "No", "SURV_DATE": 1652659200000.0, "COMMENT_": "Accessible Ramp ", "PRKG_COMMENTS": "Parking available nearby, or in the vicinity", "COUNTY": "New Hanover", "DCM_RO": "Wilmington Regional Office", "NCDCM_ID": 313.0, "PHOTO": "Local.png", "PRK_FEE": null, "DCM_Funded": "Y", "CONTRACT_YR": null, "CONTRACT_NUM": null, "ACESS_TYPE": "Beach", "KayakCanoeLaunch": "No", "PARKING_OPTIONS": "On-Street Parking", "BeachWheelchair": "Y", "BWC_Info": "https://www.carolinabeach.org/government/departments/parks-recreation/beach-wheelchairs", "PaidParkURL": "n/a", "WaterAccessTYPE": "Ocean", "BeachMat": "No", "Land_Status": "Municipality", "NEAR_FID": 382.0, "NEAR_DIST": 520.12753793380148, "ACCESSIBILITY_NOTES": null, "LIFEGUARDS": null }, "geometry": { "type": "Point", "coordinates": [ -77.888386454279996, 34.043306707110801 ] } },
{ "type": "Feature", "properties": { "ACCESS_ID": "Sandpiper Lane", "OBJECTID": 385, "PLACE": "Carolina Beach", "ACCESS_LOC": "CAROLINA BCH AVE NORTH AND SANDPIPER LANE", "LOCL_SPONS": " ", "CAMA_SIGN": "Yes", "PARKING": 29.0, "DUNE_WALK": "Y", "OVERLOOK": "No", "HAND_DUNE": "Yes", "HAND_OVRLK": "Yes", "HAND_BEACH": "Y", "HAND_PRKG": 3.0, "RESTRM": "Y", "SHOWER": "Y", "PIC_TABLE": "No", "VEH_ACCESS": "No", "BIKE_RACK": "No", "SURV_DATE": 1713484800000.0, "COMMENT_": "Accessible Ramp . Restrooms and Showers at 100 Sandpiper Ln.", "PRKG_COMMENTS": "Parking at 100 Sandpiper Ln", "COUNTY": "New Hanover", "DCM_RO": "Wilmington Regional Office", "NCDCM_ID": 314.0, "PHOTO": "Regional.png", "PRK_FEE": "Y", "DCM_Funded": "N", "CONTRACT_YR": null, "CONTRACT_NUM": null, "ACESS_TYPE": "Beach", "KayakCanoeLaunch": "No", "PARKING_OPTIONS": "Both Parking Options", "BeachWheelchair": "Y", "BWC_Info": "https://www.carolinabeach.org/government/departments/parks-recreation/beach-wheelchairs", "PaidParkURL": "https://www.carolinabeach.org/visitors/parking", "WaterAccessTYPE": "Ocean", "BeachMat": null, "Land_Status": "Municipality", "NEAR_FID": 207.0, "NEAR_DIST": 289.13407876992773, "ACCESSIBILITY_NOTES": null, "LIFEGUARDS": null }, "geometry": { "type": "Point", "coordinates": [ -77.887813328230393, 34.044675282427399 ] } },
{ "type": "Feature", "properties": { "ACCESS_ID": "Sandpiper Lane Soundside", "OBJECTID": 207, "PLACE": "Carolina Beach", "ACCESS_LOC": "Sandpiper Lane and Canal Drive", "LOCL_SPONS": "Carolina Beach", "CAMA_SIGN": "Yes", "PARKING": 28.0, "DUNE_WALK": "N", "OVERLOOK": "No", "HAND_DUNE": "N", "HAND_OVRLK": "No", "HAND_BEACH": "No", "HAND_PRKG": 2.0, "RESTRM": "Y", "SHOWER": "Y", "PIC_TABLE": "No", "VEH_ACCESS": "No", "BIKE_RACK": "Yes", "SURV_DATE": 1628467200000.0, "COMMENT_": "Restrooms and Showers at 100 Sandpiper Ln", "PRKG_COMMENTS": "Parking lot at 100 Sandpiper Ln", "COUNTY": "New Hanover", "DCM_RO": "Wilmington Regional Office", "NCDCM_ID": 595.0, "PHOTO": "Local.png", "PRK_FEE": "Y", "DCM_Funded": "Y", "CONTRACT_YR": null, "CONTRACT_NUM": null, "ACESS_TYPE": "Shoreline", "KayakCanoeLaunch": "No", "PARKING_OPTIONS": "Both Parking Options", "BeachWheelchair": "Y", "BWC_Info": "https://www.carolinabeach.org/government/departments/parks-recreation/beach-wheelchairs", "PaidParkURL": "https://www.carolinabeach.org/visitors/parking", "WaterAccessTYPE": "Estuarine", "BeachMat": "No", "Land_Status": "Municipality", "NEAR_FID": 385.0, "NEAR_DIST": 289.13407876992773, "ACCESSIBILITY_NOTES": null, "LIFEGUARDS": null }, "geometry": { "type": "Point", "coordinates": [ -77.888705710142105, 34.0449568603104 ] } },
{ "type": "Feature", "properties": { "ACCESS_ID": "Seahorse Lane", "OBJECTID": 386, "PLACE": "Carolina Beach", "ACCESS_LOC": "CAROLINA BCH AVE NORTH AND SEAHORSE LANE", "LOCL_SPONS": " ", "CAMA_SIGN": "No", "PARKING": 3.0, "DUNE_WALK": "Y", "OVERLOOK": "No", "HAND_DUNE": "No", "HAND_OVRLK": "No", "HAND_BEACH": " ", "HAND_PRKG": 1.0, "RESTRM": "N", "SHOWER": "N", "PIC_TABLE": "No", "VEH_ACCESS": "No", "BIKE_RACK": "No", "SURV_DATE": 1713538542000.0, "COMMENT_": "Accessible Ramp ", "PRKG_COMMENTS": " ", "COUNTY": "New Hanover", "DCM_RO": "Wilmington Regional Office", "NCDCM_ID": 315.0, "PHOTO": "Local.png", "PRK_FEE": "Y", "DCM_Funded": "Y", "CONTRACT_YR": null, "CONTRACT_NUM": null, "ACESS_TYPE": "Beach", "KayakCanoeLaunch": "No", "PARKING_OPTIONS": "Both Parking Options", "BeachWheelchair": "Y", "BWC_Info": "https://www.carolinabeach.org/government/departments/parks-recreation/beach-wheelchairs", "PaidParkURL": "https://www.carolinabeach.org/visitors/parking", "WaterAccessTYPE": "Ocean", "BeachMat": null, "Land_Status": "Municipality", "NEAR_FID": 385.0, "NEAR_DIST": 523.01669619449342, "ACCESSIBILITY_NOTES": null, "LIFEGUARDS": null }, "geometry": { "type": "Point", "coordinates": [ -77.887191374253604, 34.046015818951297 ] } },
{ "type": "Feature", "properties": { "ACCESS_ID": "Starfish Lane", "OBJECTID": 389, "PLACE": "Carolina Beach", "ACCESS_LOC": "N. Carolina Beach Ave and Starfish Lane", "LOCL_SPONS": " ", "CAMA_SIGN": "No", "PARKING": 0.0, "DUNE_WALK": "N", "OVERLOOK": "No", "HAND_DUNE": "No", "HAND_OVRLK": "No", "HAND_BEACH": " ", "HAND_PRKG": 0.0, "RESTRM": "N", "SHOWER": "N", "PIC_TABLE": "No", "VEH_ACCESS": "E", "BIKE_RACK": "No", "SURV_DATE": 1652712942000.0, "COMMENT_": "Accessible Ramp ", "PRKG_COMMENTS": " ", "COUNTY": "New Hanover", "DCM_RO": "Wilmington Regional Office", "NCDCM_ID": 317.0, "PHOTO": "Local.png", "PRK_FEE": null, "DCM_Funded": "N", "CONTRACT_YR": null, "CONTRACT_NUM": null, "ACESS_TYPE": "Beach", "KayakCanoeLaunch": "No", "PARKING_OPTIONS": "No Parking", "BeachWheelchair": "Y", "BWC_Info": "https://www.carolinabeach.org/government/departments/parks-recreation/beach-wheelchairs", "PaidParkURL": "n/a", "WaterAccessTYPE": "Ocean", "BeachMat": null, "Land_Status": "Municipality", "NEAR_FID": 209.0, "NEAR_DIST": 331.01755075432095, "ACCESSIBILITY_NOTES": null, "LIFEGUARDS": null }, "geometry": { "type": "Point", "coordinates": [ -77.885982784463593, 34.048733040581503 ] } },
{ "type": "Feature", "properties": { "ACCESS_ID": "Sand Dollar Lane", "OBJECTID": 391, "PLACE": "Carolina Beach", "ACCESS_LOC": "CAROLINA BCH AVE NORTH AND SAND DOLLAR LANE", "LOCL_SPONS": " ", "CAMA_SIGN": "No", "PARKING": 1.0, "DUNE_WALK": "Y", "OVERLOOK": "No", "HAND_DUNE": "Yes", "HAND_OVRLK": "Yes", "HAND_BEACH": " ", "HAND_PRKG": 1.0, "RESTRM": "N", "SHOWER": "N", "PIC_TABLE": "No", "VEH_ACCESS": " ", "BIKE_RACK": "No", "SURV_DATE": 1050969600000.0, "COMMENT_": " ", "PRKG_COMMENTS": " ", "COUNTY": "New Hanover", "DCM_RO": "Wilmington Regional Office", "NCDCM_ID": 318.0, "PHOTO": "Local.png", "PRK_FEE": "Y", "DCM_Funded": "N", "CONTRACT_YR": null, "CONTRACT_NUM": null, "ACESS_TYPE": "Beach", "KayakCanoeLaunch": "No", "PARKING_OPTIONS": "Both Parking Options", "BeachWheelchair": "Y", "BWC_Info": "https://www.carolinabeach.org/government/departments/parks-recreation/beach-wheelchairs", "PaidParkURL": "https://www.carolinabeach.org/visitors/parking", "WaterAccessTYPE": "Ocean", "BeachMat": null, "Land_Status": "Municipality", "NEAR_FID": 393.0, "NEAR_DIST": 526.79961211868306, "ACCESSIBILITY_NOTES": null, "LIFEGUARDS": null }, "geometry": { "type": "Point", "coordinates": [ -77.885264716141194, 34.050078358335099 ] } },
{ "type": "Feature", "properties": { "ACCESS_ID": "Clam Shell Lane", "OBJECTID": 393, "PLACE": "Carolina Beach", "ACCESS_LOC": "CAROLINA BCH AVE NORTH AND CLAM SHELL LANE", "LOCL_SPONS": " ", "CAMA_SIGN": "No", "PARKING": 2.0, "DUNE_WALK": "Y", "OVERLOOK": "No", "HAND_DUNE": "No", "HAND_OVRLK": "No", "HAND_BEACH": " ", "HAND_PRKG": null, "RESTRM": "N", "SHOWER": "N", "PIC_TABLE": "No", "VEH_ACCESS": " ", "BIKE_RACK": "No", "SURV_DATE": 1050969600000.0, "COMMENT_": "Accessible Ramp ", "PRKG_COMMENTS": " ", "COUNTY": "New Hanover", "DCM_RO": "Wilmington Regional Office", "NCDCM_ID": 319.0, "PHOTO": "Local.png", "PRK_FEE": "Y", "DCM_Funded": "Y", "CONTRACT_YR": null, "CONTRACT_NUM": null, "ACESS_TYPE": "Beach", "KayakCanoeLaunch": "No", "PARKING_OPTIONS": "Both Parking Options", "BeachWheelchair": "Y", "BWC_Info": "https://www.carolinabeach.org/government/departments/parks-recreation/beach-wheelchairs", "PaidParkURL": "https://www.carolinabeach.org/visitors/parking", "WaterAccessTYPE": "Ocean", "BeachMat": null, "Land_Status": "Municipality", "NEAR_FID": 391.0, "NEAR_DIST": 526.79961211868306, "ACCESSIBILITY_NOTES": null, "LIFEGUARDS": null }, "geometry": { "type": "Point", "coordinates": [ -77.8843567094127, 34.0513127948484 ] } },
{ "type": "Feature", "properties": { "ACCESS_ID": "Periwinkle Lane", "OBJECTID": 394, "PLACE": "Carolina Beach", "ACCESS_LOC": "N. Carolina Beach Ave and Periwinkle Lane", "LOCL_SPONS": " ", "CAMA_SIGN": "No", "PARKING": 0.0, "DUNE_WALK": "N", "OVERLOOK": "No", "HAND_DUNE": "No", "HAND_OVRLK": "No", "HAND_BEACH": " ", "HAND_PRKG": 0.0, "RESTRM": "N", "SHOWER": "N", "PIC_TABLE": "No", "VEH_ACCESS": " ", "BIKE_RACK": "No", "SURV_DATE": 1050969600000.0, "COMMENT_": " ", "PRKG_COMMENTS": " ", "COUNTY": "New Hanover", "DCM_RO": "Wilmington Regional Office", "NCDCM_ID": 320.0, "PHOTO": "Local.png", "PRK_FEE": null, "DCM_Funded": "N", "CONTRACT_YR": null, "CONTRACT_NUM": null, "ACESS_TYPE": "Beach", "KayakCanoeLaunch": "No", "PARKING_OPTIONS": "No Parking", "BeachWheelchair": "Y", "BWC_Info": "https://www.carolinabeach.org/government/departments/parks-recreation/beach-wheelchairs", "PaidParkURL": "n/a", "WaterAccessTYPE": "Ocean", "BeachMat": null, "Land_Status": "Municipality", "NEAR_FID": 393.0, "NEAR_DIST": 528.47929162580363, "ACCESSIBILITY_NOTES": null, "LIFEGUARDS": null }, "geometry": { "type": "Point", "coordinates": [ -77.8838199538731, 34.052694404109197 ] } },
{ "type": "Feature", "properties": { "ACCESS_ID": "Sandfiddler Lane", "OBJECTID": 396, "PLACE": "Carolina Beach", "ACCESS_LOC": "N. Carolina Beach Ave and Sandfiddler Lane", "LOCL_SPONS": " ", "CAMA_SIGN": "No", "PARKING": 0.0, "DUNE_WALK": "N", "OVERLOOK": "No", "HAND_DUNE": "No", "HAND_OVRLK": "No", "HAND_BEACH": " ", "HAND_PRKG": 0.0, "RESTRM": "N", "SHOWER": "N", "PIC_TABLE": "No", "VEH_ACCESS": " ", "BIKE_RACK": "No", "SURV_DATE": 1050969600000.0, "COMMENT_": "", "PRKG_COMMENTS": " ", "COUNTY": "New Hanover", "DCM_RO": "Wilmington Regional Office", "NCDCM_ID": 321.0, "PHOTO": "Local.png", "PRK_FEE": null, "DCM_Funded": "N", "CONTRACT_YR": null, "CONTRACT_NUM": null, "ACESS_TYPE": "Beach", "KayakCanoeLaunch": "No", "PARKING_OPTIONS": "No Parking", "BeachWheelchair": "Y", "BWC_Info": "https://www.carolinabeach.org/government/departments/parks-recreation/beach-wheelchairs", "PaidParkURL": "n/a", "WaterAccessTYPE": "Ocean", "BeachMat": null, "Land_Status": "Municipality", "NEAR_FID": 394.0, "NEAR_DIST": 536.54487512602145, "ACCESSIBILITY_NOTES": null, "LIFEGUARDS": null }, "geometry": { "type": "Point", "coordinates": [ -77.883065759801596, 34.054028282199603 ] } },
{ "type": "Feature", "properties": { "ACCESS_ID": "Canal Dr ", "OBJECTID": 919, "PLACE": "Carolina Beach", "ACCESS_LOC": "1800, 1808, 1810 Canal Dr", "LOCL_SPONS": "Carolina Beach", "CAMA_SIGN": "Yes", "PARKING": 20.0, "DUNE_WALK": "N", "OVERLOOK": "N", "HAND_DUNE": "N", "HAND_OVRLK": "N", "HAND_BEACH": "N", "HAND_PRKG": 2.0, "RESTRM": "N", "SHOWER": "N", "PIC_TABLE": "N", "VEH_ACCESS": "No", "BIKE_RACK": "N", "SURV_DATE": 1717597863842.0, "COMMENT_": null, "PRKG_COMMENTS": null, "COUNTY": "New Hanover", "DCM_RO": "WILM", "NCDCM_ID": null, "PHOTO": null, "PRK_FEE": "Y", "DCM_Funded": "Y", "CONTRACT_YR": "2023-24", "CONTRACT_NUM": "CW45446/100331", "ACESS_TYPE": "Beach", "KayakCanoeLaunch": "N", "PARKING_OPTIONS": "Onsite Parking", "BeachWheelchair": "Y", "BWC_Info": "https://www.carolinabeach.org/government/departments/parks-recreation/beach-wheelchairs", "PaidParkURL": "https://www.carolinabeach.org/visitors/parking", "WaterAccessTYPE": "Ocean", "BeachMat": "No", "Land_Status": "Municipality", "NEAR_FID": null, "NEAR_DIST": null, "ACCESSIBILITY_NOTES": null, "LIFEGUARDS": null }, "geometry": { "type": "Point", "coordinates": [ -77.882088421149803, 34.0575995681086 ] } },
{ "type": "Feature", "properties": { "ACCESS_ID": "Trails End Park", "OBJECTID": 927, "PLACE": "Wilmington", "ACCESS_LOC": "613 Trails End Road\r\nWilmington, NC 28409", "LOCL_SPONS": "New Hanover County", "CAMA_SIGN": null, "PARKING": null, "DUNE_WALK": "N", "OVERLOOK": "Y", "HAND_DUNE": "N", "HAND_OVRLK": "Y", "HAND_BEACH": "N", "HAND_PRKG": null, "RESTRM": "N", "SHOWER": "N", "PIC_TABLE": "Y", "VEH_ACCESS": "No", "BIKE_RACK": "N", "SURV_DATE": 1756984045494.0, "COMMENT_": "Fishing Pier. Provides water access for kayaks or boats 22ft or less. ", "PRKG_COMMENTS": null, "COUNTY": "New Hanover", "DCM_RO": "WILM", "NCDCM_ID": null, "PHOTO": null, "PRK_FEE": "N", "DCM_Funded": "Y", "CONTRACT_YR": "2025-2026", "CONTRACT_NUM": null, "ACESS_TYPE": "Shoreline", "KayakCanoeLaunch": "Y", "PARKING_OPTIONS": "Onsite Parking", "BeachWheelchair": "N", "BWC_Info": null, "PaidParkURL": null, "WaterAccessTYPE": null, "BeachMat": "No", "Land_Status": null, "NEAR_FID": null, "NEAR_DIST": null, "ACCESSIBILITY_NOTES": null, "LIFEGUARDS": null }, "geometry": { "type": "Point", "coordinates": [ -77.857308927597501, 34.156275539148297 ] } },
{ "type": "Feature", "properties": { "ACCESS_ID": "43", "OBJECTID": 48, "PLACE": "Wrightsville Beach", "ACCESS_LOC": "South Lumina Ave & Jack Parker Blvd", "LOCL_SPONS": "Wrightsville Beach", "CAMA_SIGN": "Yes", "PARKING": 27.0, "DUNE_WALK": "Y", "OVERLOOK": "Yes", "HAND_DUNE": "Y", "HAND_OVRLK": "Yes", "HAND_BEACH": "Y", "HAND_PRKG": 2.0, "RESTRM": "N", "SHOWER": "N", "PIC_TABLE": "No", "VEH_ACCESS": "E", "BIKE_RACK": "No", "SURV_DATE": 1628679443071.0, "COMMENT_": "Handicap accessible to beach", "PRKG_COMMENTS": null, "COUNTY": "New Hanover", "DCM_RO": "WILM", "NCDCM_ID": 50.0, "PHOTO": "WB01.png", "PRK_FEE": "Y", "DCM_Funded": "N", "CONTRACT_YR": null, "CONTRACT_NUM": null, "ACESS_TYPE": "Beach", "KayakCanoeLaunch": "No", "PARKING_OPTIONS": "Both Parking Options", "BeachWheelchair": "Y", "BWC_Info": "https://www.townofwrightsvillebeach.com/321/Accessibility", "PaidParkURL": "https://www.townofwrightsvillebeach.com/163/Parking/", "WaterAccessTYPE": "Ocean", "BeachMat": null, "Land_Status": "Municipality", "NEAR_FID": 47.0, "NEAR_DIST": 40.261614573441875, "ACCESSIBILITY_NOTES": null, "LIFEGUARDS": null }, "geometry": { "type": "Point", "coordinates": [ -77.811084412753601, 34.1875428892453 ] } },
{ "type": "Feature", "properties": { "ACCESS_ID": "42", "OBJECTID": 47, "PLACE": "Wrightsville Beach", "ACCESS_LOC": "Jack Parker Blvd and Lumina Ave", "LOCL_SPONS": "Wrightsville Beach", "CAMA_SIGN": "Yes", "PARKING": 7.0, "DUNE_WALK": "N", "OVERLOOK": "No", "HAND_DUNE": "No", "HAND_OVRLK": "No", "HAND_BEACH": "No", "HAND_PRKG": null, "RESTRM": "N", "SHOWER": "N", "PIC_TABLE": "No", "VEH_ACCESS": " ", "BIKE_RACK": "Yes", "SURV_DATE": 1628679443071.0, "COMMENT_": " ", "PRKG_COMMENTS": null, "COUNTY": "New Hanover", "DCM_RO": "WILM", "NCDCM_ID": 49.0, "PHOTO": "WB02.png", "PRK_FEE": "Y", "DCM_Funded": "N", "CONTRACT_YR": null, "CONTRACT_NUM": null, "ACESS_TYPE": "Beach", "KayakCanoeLaunch": "No", "PARKING_OPTIONS": "Both Parking Options", "BeachWheelchair": "Y", "BWC_Info": "https://www.townofwrightsvillebeach.com/321/Accessibility", "PaidParkURL": "https://www.townofwrightsvillebeach.com/163/Parking/", "WaterAccessTYPE": "Ocean", "BeachMat": null, "Land_Status": "Municipality", "NEAR_FID": 48.0, "NEAR_DIST": 40.261614573441875, "ACCESSIBILITY_NOTES": null, "LIFEGUARDS": null }, "geometry": { "type": "Point", "coordinates": [ -77.810964642173403, 34.187591173660998 ] } },
{ "type": "Feature", "properties": { "ACCESS_ID": "44", "OBJECTID": 49, "PLACE": "Wrightsville Beach", "ACCESS_LOC": "Schloss Street", "LOCL_SPONS": "Wrightsville Beach", "CAMA_SIGN": "Yes", "PARKING": 6.0, "DUNE_WALK": "N", "OVERLOOK": "No", "HAND_DUNE": "No", "HAND_OVRLK": "No", "HAND_BEACH": "No", "HAND_PRKG": null, "RESTRM": "N", "SHOWER": "N", "PIC_TABLE": "No", "VEH_ACCESS": " ", "BIKE_RACK": "No", "SURV_DATE": 1628679443071.0, "COMMENT_": " ", "PRKG_COMMENTS": null, "COUNTY": "New Hanover", "DCM_RO": "WILM", "NCDCM_ID": 51.0, "PHOTO": "WB03.png", "PRK_FEE": "Y", "DCM_Funded": "N", "CONTRACT_YR": null, "CONTRACT_NUM": null, "ACESS_TYPE": "Beach", "KayakCanoeLaunch": "No", "PARKING_OPTIONS": "Both Parking Options", "BeachWheelchair": "Y", "BWC_Info": "https://www.townofwrightsvillebeach.com/321/Accessibility", "PaidParkURL": "https://www.townofwrightsvillebeach.com/163/Parking/", "WaterAccessTYPE": "Ocean", "BeachMat": null, "Land_Status": "Municipality", "NEAR_FID": 48.0, "NEAR_DIST": 291.67710463691378, "ACCESSIBILITY_NOTES": null, "LIFEGUARDS": null }, "geometry": { "type": "Point", "coordinates": [ -77.811917246243397, 34.187946987443198 ] } },
{ "type": "Feature", "properties": { "ACCESS_ID": "41", "OBJECTID": 46, "PLACE": "Wrightsville Beach", "ACCESS_LOC": "Northrop St", "LOCL_SPONS": "Wrightsville Beach", "CAMA_SIGN": "Yes", "PARKING": 0.0, "DUNE_WALK": "N", "OVERLOOK": "No", "HAND_DUNE": "No", "HAND_OVRLK": "No", "HAND_BEACH": "No", "HAND_PRKG": 0.0, "RESTRM": "N", "SHOWER": "N", "PIC_TABLE": "No", "VEH_ACCESS": " ", "BIKE_RACK": "No", "SURV_DATE": 1628679443071.0, "COMMENT_": " ", "PRKG_COMMENTS": null, "COUNTY": "New Hanover", "DCM_RO": "WILM", "NCDCM_ID": 48.0, "PHOTO": "WB04.png", "PRK_FEE": null, "DCM_Funded": "N", "CONTRACT_YR": null, "CONTRACT_NUM": null, "ACESS_TYPE": "Beach", "KayakCanoeLaunch": "No", "PARKING_OPTIONS": "On-Street Parking", "BeachWheelchair": "Y", "BWC_Info": "https://www.townofwrightsvillebeach.com/321/Accessibility", "PaidParkURL": "n/a", "WaterAccessTYPE": "Ocean", "BeachMat": null, "Land_Status": "Municipality", "NEAR_FID": 45.0, "NEAR_DIST": 515.07379207770907, "ACCESSIBILITY_NOTES": null, "LIFEGUARDS": null }, "geometry": { "type": "Point", "coordinates": [ -77.810037322983703, 34.188827666021602 ] } },
{ "type": "Feature", "properties": { "ACCESS_ID": "40", "OBJECTID": 45, "PLACE": "Wrightsville Beach", "ACCESS_LOC": "Albright St", "LOCL_SPONS": "Wrightsville Beach", "CAMA_SIGN": "Yes", "PARKING": 0.0, "DUNE_WALK": "N", "OVERLOOK": "No", "HAND_DUNE": "No", "HAND_OVRLK": "No", "HAND_BEACH": "No", "HAND_PRKG": 0.0, "RESTRM": "N", "SHOWER": "N", "PIC_TABLE": "No", "VEH_ACCESS": " ", "BIKE_RACK": "No", "SURV_DATE": 1628679443071.0, "COMMENT_": " ", "PRKG_COMMENTS": null, "COUNTY": "New Hanover", "DCM_RO": "WILM", "NCDCM_ID": 47.0, "PHOTO": "WB05.png", "PRK_FEE": null, "DCM_Funded": "N", "CONTRACT_YR": null, "CONTRACT_NUM": null, "ACESS_TYPE": "Beach", "KayakCanoeLaunch": "No", "PARKING_OPTIONS": "On-Street Parking", "BeachWheelchair": "Y", "BWC_Info": "https://www.townofwrightsvillebeach.com/321/Accessibility", "PaidParkURL": "n/a", "WaterAccessTYPE": "Ocean", "BeachMat": null, "Land_Status": "Municipality", "NEAR_FID": 46.0, "NEAR_DIST": 515.07379207770907, "ACCESSIBILITY_NOTES": null, "LIFEGUARDS": null }, "geometry": { "type": "Point", "coordinates": [ -77.809127322414398, 34.190023946283397 ] } },
{ "type": "Feature", "properties": { "ACCESS_ID": "39", "OBJECTID": 44, "PLACE": "Wrightsville Beach", "ACCESS_LOC": "Corbett St", "LOCL_SPONS": "Wrightsville Beach", "CAMA_SIGN": "Yes", "PARKING": 0.0, "DUNE_WALK": "N", "OVERLOOK": "No", "HAND_DUNE": "No", "HAND_OVRLK": "No", "HAND_BEACH": "No", "HAND_PRKG": 0.0, "RESTRM": "N", "SHOWER": "N", "PIC_TABLE": "No", "VEH_ACCESS": " ", "BIKE_RACK": "No", "SURV_DATE": 1628679443071.0, "COMMENT_": " ", "PRKG_COMMENTS": null, "COUNTY": "New Hanover", "DCM_RO": "WILM", "NCDCM_ID": 46.0, "PHOTO": "WB06.png", "PRK_FEE": null, "DCM_Funded": "N", "CONTRACT_YR": null, "CONTRACT_NUM": null, "ACESS_TYPE": "Beach", "KayakCanoeLaunch": "No", "PARKING_OPTIONS": "On-Street Parking", "BeachWheelchair": "Y", "BWC_Info": "https://www.townofwrightsvillebeach.com/321/Accessibility", "PaidParkURL": "n/a", "WaterAccessTYPE": "Ocean", "BeachMat": null, "Land_Status": "Municipality", "NEAR_FID": 45.0, "NEAR_DIST": 526.85098301431447, "ACCESSIBILITY_NOTES": null, "LIFEGUARDS": null }, "geometry": { "type": "Point", "coordinates": [ -77.808221844862402, 34.191260643729301 ] } },
{ "type": "Feature", "properties": { "ACCESS_ID": "38", "OBJECTID": 43, "PLACE": "Wrightsville Beach", "ACCESS_LOC": "Wright St", "LOCL_SPONS": "Wrightsville Beach", "CAMA_SIGN": "Yes", "PARKING": 0.0, "DUNE_WALK": "N", "OVERLOOK": "No", "HAND_DUNE": "No", "HAND_OVRLK": "No", "HAND_BEACH": "No", "HAND_PRKG": 0.0, "RESTRM": "N", "SHOWER": "N", "PIC_TABLE": "No", "VEH_ACCESS": " ", "BIKE_RACK": "No", "SURV_DATE": 1628679443071.0, "COMMENT_": " ", "PRKG_COMMENTS": null, "COUNTY": "New Hanover", "DCM_RO": "WILM", "NCDCM_ID": 45.0, "PHOTO": "WB07.png", "PRK_FEE": null, "DCM_Funded": "N", "CONTRACT_YR": null, "CONTRACT_NUM": null, "ACESS_TYPE": "Beach", "KayakCanoeLaunch": "No", "PARKING_OPTIONS": "On-Street Parking", "BeachWheelchair": "Y", "BWC_Info": "https://www.townofwrightsvillebeach.com/321/Accessibility", "PaidParkURL": "n/a", "WaterAccessTYPE": "Ocean", "BeachMat": null, "Land_Status": "Municipality", "NEAR_FID": 42.0, "NEAR_DIST": 296.37431095688925, "ACCESSIBILITY_NOTES": null, "LIFEGUARDS": null }, "geometry": { "type": "Point", "coordinates": [ -77.806805682258101, 34.192244851496298 ] } },
{ "type": "Feature", "properties": { "ACCESS_ID": "37", "OBJECTID": 42, "PLACE": "Wrightsville Beach", "ACCESS_LOC": "Meier Ave", "LOCL_SPONS": "Wrightsville Beach", "CAMA_SIGN": "Yes", "PARKING": 0.0, "DUNE_WALK": "N", "OVERLOOK": "No", "HAND_DUNE": "No", "HAND_OVRLK": "No", "HAND_BEACH": "No", "HAND_PRKG": 0.0, "RESTRM": "N", "SHOWER": "N", "PIC_TABLE": "No", "VEH_ACCESS": " ", "BIKE_RACK": "No", "SURV_DATE": 1628679443071.0, "COMMENT_": " ", "PRKG_COMMENTS": null, "COUNTY": "New Hanover", "DCM_RO": "WILM", "NCDCM_ID": 44.0, "PHOTO": "WB08.png", "PRK_FEE": null, "DCM_Funded": "N", "CONTRACT_YR": null, "CONTRACT_NUM": null, "ACESS_TYPE": "Beach", "KayakCanoeLaunch": "No", "PARKING_OPTIONS": "On-Street Parking", "BeachWheelchair": "Y", "BWC_Info": "https://www.townofwrightsvillebeach.com/321/Accessibility", "PaidParkURL": "n/a", "WaterAccessTYPE": "Ocean", "BeachMat": null, "Land_Status": "Municipality", "NEAR_FID": 43.0, "NEAR_DIST": 296.37431095688925, "ACCESSIBILITY_NOTES": null, "LIFEGUARDS": null }, "geometry": { "type": "Point", "coordinates": [ -77.806766878631095, 34.193058552154298 ] } },
{ "type": "Feature", "properties": { "ACCESS_ID": "36", "OBJECTID": 41, "PLACE": "Wrightsville Beach", "ACCESS_LOC": "Across from 650 S Lumina Ave", "LOCL_SPONS": "Wrightsville Beach", "CAMA_SIGN": "Yes", "PARKING": 86.0, "DUNE_WALK": "Y", "OVERLOOK": "No", "HAND_DUNE": "Y", "HAND_OVRLK": "No", "HAND_BEACH": "Y", "HAND_PRKG": 2.0, "RESTRM": "Y", "SHOWER": "Y", "PIC_TABLE": "No", "VEH_ACCESS": "No", "BIKE_RACK": "No", "SURV_DATE": 1628679443071.0, "COMMENT_": "Handicap accessible to beach", "PRKG_COMMENTS": null, "COUNTY": "New Hanover", "DCM_RO": "WILM", "NCDCM_ID": 43.0, "PHOTO": "WB09.png", "PRK_FEE": "Y", "DCM_Funded": "N", "CONTRACT_YR": null, "CONTRACT_NUM": null, "ACESS_TYPE": "Beach", "KayakCanoeLaunch": "No", "PARKING_OPTIONS": "Both Parking Options", "BeachWheelchair": "Y", "BWC_Info": "https://www.townofwrightsvillebeach.com/321/Accessibility", "PaidParkURL": "https://www.townofwrightsvillebeach.com/163/Parking/", "WaterAccessTYPE": "Ocean", "BeachMat": null, "Land_Status": "Municipality", "NEAR_FID": 42.0, "NEAR_DIST": 603.49780417722354, "ACCESSIBILITY_NOTES": null, "LIFEGUARDS": null }, "geometry": { "type": "Point", "coordinates": [ -77.805508823109903, 34.194345733313 ] } },
{ "type": "Feature", "properties": { "ACCESS_ID": "35", "OBJECTID": 40, "PLACE": "Wrightsville Beach", "ACCESS_LOC": "Bridgers St", "LOCL_SPONS": "Wrightsville Beach", "CAMA_SIGN": "Yes", "PARKING": 0.0, "DUNE_WALK": "N", "OVERLOOK": "No", "HAND_DUNE": "No", "HAND_OVRLK": "No", "HAND_BEACH": "No", "HAND_PRKG": 0.0, "RESTRM": "N", "SHOWER": "N", "PIC_TABLE": "No", "VEH_ACCESS": " ", "BIKE_RACK": "No", "SURV_DATE": 1628679443071.0, "COMMENT_": " ", "PRKG_COMMENTS": null, "COUNTY": "New Hanover", "DCM_RO": "WILM", "NCDCM_ID": 42.0, "PHOTO": "WB11.png", "PRK_FEE": null, "DCM_Funded": "N", "CONTRACT_YR": null, "CONTRACT_NUM": null, "ACESS_TYPE": "Beach", "KayakCanoeLaunch": "No", "PARKING_OPTIONS": "On-Street Parking", "BeachWheelchair": "Y", "BWC_Info": "https://www.townofwrightsvillebeach.com/321/Accessibility", "PaidParkURL": "n/a", "WaterAccessTYPE": "Ocean", "BeachMat": null, "Land_Status": "Municipality", "NEAR_FID": 39.0, "NEAR_DIST": 1084.3133250850526, "ACCESSIBILITY_NOTES": null, "LIFEGUARDS": null }, "geometry": { "type": "Point", "coordinates": [ -77.8020339626229, 34.199213100410702 ] } },
{ "type": "Feature", "properties": { "ACCESS_ID": "34", "OBJECTID": 39, "PLACE": "Wrightsville Beach", "ACCESS_LOC": "Taylor St", "LOCL_SPONS": "Wrightsville Beach", "CAMA_SIGN": "Yes", "PARKING": 0.0, "DUNE_WALK": "N", "OVERLOOK": "No", "HAND_DUNE": "No", "HAND_OVRLK": "No", "HAND_BEACH": "No", "HAND_PRKG": 0.0, "RESTRM": "N", "SHOWER": "N", "PIC_TABLE": "No", "VEH_ACCESS": " ", "BIKE_RACK": "No", "SURV_DATE": 1628679443071.0, "COMMENT_": " ", "PRKG_COMMENTS": null, "COUNTY": "New Hanover", "DCM_RO": "WILM", "NCDCM_ID": 41.0, "PHOTO": "WB12.png", "PRK_FEE": null, "DCM_Funded": "N", "CONTRACT_YR": null, "CONTRACT_NUM": null, "ACESS_TYPE": "Beach", "KayakCanoeLaunch": "No", "PARKING_OPTIONS": "On-Street Parking", "BeachWheelchair": "Y", "BWC_Info": "https://www.townofwrightsvillebeach.com/321/Accessibility", "PaidParkURL": "n/a", "WaterAccessTYPE": "Ocean", "BeachMat": null, "Land_Status": "Municipality", "NEAR_FID": 38.0, "NEAR_DIST": 597.62381947015547, "ACCESSIBILITY_NOTES": null, "LIFEGUARDS": null }, "geometry": { "type": "Point", "coordinates": [ -77.800244708121397, 34.201795014688997 ] } },
{ "type": "Feature", "properties": { "ACCESS_ID": "33", "OBJECTID": 38, "PLACE": "Wrightsville Beach", "ACCESS_LOC": "Seashore St", "LOCL_SPONS": "Wrightsville Beach", "CAMA_SIGN": "Yes", "PARKING": 0.0, "DUNE_WALK": "N", "OVERLOOK": "No", "HAND_DUNE": "No", "HAND_OVRLK": "No", "HAND_BEACH": "No", "HAND_PRKG": 0.0, "RESTRM": "N", "SHOWER": "N", "PIC_TABLE": "No", "VEH_ACCESS": " ", "BIKE_RACK": "No", "SURV_DATE": 1628679443071.0, "COMMENT_": " ", "PRKG_COMMENTS": null, "COUNTY": "New Hanover", "DCM_RO": "WILM", "NCDCM_ID": 40.0, "PHOTO": "Local.png", "PRK_FEE": null, "DCM_Funded": "N", "CONTRACT_YR": null, "CONTRACT_NUM": null, "ACESS_TYPE": "Beach", "KayakCanoeLaunch": "No", "PARKING_OPTIONS": "On-Street Parking", "BeachWheelchair": "Y", "BWC_Info": "https://www.townofwrightsvillebeach.com/321/Accessibility", "PaidParkURL": "n/a", "WaterAccessTYPE": "Ocean", "BeachMat": null, "Land_Status": "Municipality", "NEAR_FID": 39.0, "NEAR_DIST": 597.62381947015547, "ACCESSIBILITY_NOTES": null, "LIFEGUARDS": null }, "geometry": { "type": "Point", "coordinates": [ -77.799151088314801, 34.203162773028197 ] } },
{ "type": "Feature", "properties": { "ACCESS_ID": "32", "OBJECTID": 37, "PLACE": "Wrightsville Beach", "ACCESS_LOC": "Arrindale St", "LOCL_SPONS": "Wrightsville Beach", "CAMA_SIGN": "Yes", "PARKING": 0.0, "DUNE_WALK": "N", "OVERLOOK": "No", "HAND_DUNE": "No", "HAND_OVRLK": "No", "HAND_BEACH": "No", "HAND_PRKG": 0.0, "RESTRM": "N", "SHOWER": "N", "PIC_TABLE": "No", "VEH_ACCESS": " ", "BIKE_RACK": "No", "SURV_DATE": 1628679443071.0, "COMMENT_": " ", "PRKG_COMMENTS": null, "COUNTY": "New Hanover", "DCM_RO": "WILM", "NCDCM_ID": 39.0, "PHOTO": "WB14.png", "PRK_FEE": null, "DCM_Funded": "N", "CONTRACT_YR": null, "CONTRACT_NUM": null, "ACESS_TYPE": "Beach", "KayakCanoeLaunch": "No", "PARKING_OPTIONS": "On-Street Parking", "BeachWheelchair": "Y", "BWC_Info": "https://www.townofwrightsvillebeach.com/321/Accessibility", "PaidParkURL": "n/a", "WaterAccessTYPE": "Ocean", "BeachMat": null, "Land_Status": "Municipality", "NEAR_FID": 199.0, "NEAR_DIST": 326.70979782104558, "ACCESSIBILITY_NOTES": null, "LIFEGUARDS": null }, "geometry": { "type": "Point", "coordinates": [ -77.796837175466607, 34.205187360701999 ] } },
{ "type": "Feature", "properties": { "ACCESS_ID": "Arrindale Street Soundside", "OBJECTID": 199, "PLACE": "Wrightsville Beach", "ACCESS_LOC": "Arrindale Street", "LOCL_SPONS": "Wrightsville Beach", "CAMA_SIGN": "Yes", "PARKING": null, "DUNE_WALK": "N", "OVERLOOK": "No", "HAND_DUNE": "No", "HAND_OVRLK": "No", "HAND_BEACH": "No", "HAND_PRKG": null, "RESTRM": "N", "SHOWER": "N", "PIC_TABLE": "No", "VEH_ACCESS": "No", "BIKE_RACK": "No", "SURV_DATE": 1628679443071.0, "COMMENT_": "Sound Access", "PRKG_COMMENTS": " ", "COUNTY": "New Hanover", "DCM_RO": "WILM", "NCDCM_ID": 588.0, "PHOTO": "WB13.png", "PRK_FEE": "No", "DCM_Funded": "N", "CONTRACT_YR": null, "CONTRACT_NUM": null, "ACESS_TYPE": "Shoreline", "KayakCanoeLaunch": "No", "PARKING_OPTIONS": "On-Street Parking", "BeachWheelchair": "Y", "BWC_Info": "https://www.townofwrightsvillebeach.com/321/Accessibility", "PaidParkURL": "n/a", "WaterAccessTYPE": "Estuarine", "BeachMat": null, "Land_Status": "Municipality", "NEAR_FID": 37.0, "NEAR_DIST": 326.70979782104558, "ACCESSIBILITY_NOTES": null, "LIFEGUARDS": null }, "geometry": { "type": "Point", "coordinates": [ -77.797717763396903, 34.205707529120097 ] } },
{ "type": "Feature", "properties": { "ACCESS_ID": "31", "OBJECTID": 36, "PLACE": "Wrightsville Beach", "ACCESS_LOC": "Chadborne St", "LOCL_SPONS": "Wrightsville Beach", "CAMA_SIGN": "Yes", "PARKING": 0.0, "DUNE_WALK": "N", "OVERLOOK": "No", "HAND_DUNE": "No", "HAND_OVRLK": "No", "HAND_BEACH": "No", "HAND_PRKG": 0.0, "RESTRM": "N", "SHOWER": "N", "PIC_TABLE": "No", "VEH_ACCESS": " ", "BIKE_RACK": "No", "SURV_DATE": 1628679443071.0, "COMMENT_": " ", "PRKG_COMMENTS": null, "COUNTY": "New Hanover", "DCM_RO": "WILM", "NCDCM_ID": 38.0, "PHOTO": "WB16.png", "PRK_FEE": null, "DCM_Funded": "N", "CONTRACT_YR": null, "CONTRACT_NUM": null, "ACESS_TYPE": "Beach", "KayakCanoeLaunch": "No", "PARKING_OPTIONS": "On-Street Parking", "BeachWheelchair": "Y", "BWC_Info": "https://www.townofwrightsvillebeach.com/321/Accessibility", "PaidParkURL": "n/a", "WaterAccessTYPE": "Ocean", "BeachMat": null, "Land_Status": "Municipality", "NEAR_FID": 37.0, "NEAR_DIST": 349.49713527694598, "ACCESSIBILITY_NOTES": null, "LIFEGUARDS": null }, "geometry": { "type": "Point", "coordinates": [ -77.7959459487884, 34.205798832050803 ] } },
{ "type": "Feature", "properties": { "ACCESS_ID": "Chadbourne Street Soundside", "OBJECTID": 198, "PLACE": "Wrightsville Beach", "ACCESS_LOC": "Chadbourn Street", "LOCL_SPONS": "Wrightsville Beach", "CAMA_SIGN": "Yes", "PARKING": null, "DUNE_WALK": "N", "OVERLOOK": "No", "HAND_DUNE": "No", "HAND_OVRLK": "No", "HAND_BEACH": "No", "HAND_PRKG": null, "RESTRM": "N", "SHOWER": "N", "PIC_TABLE": "No", "VEH_ACCESS": "No", "BIKE_RACK": "No", "SURV_DATE": 1628679443071.0, "COMMENT_": "Sound Access", "PRKG_COMMENTS": " ", "COUNTY": "New Hanover", "DCM_RO": "WILM", "NCDCM_ID": 587.0, "PHOTO": "WB15.png", "PRK_FEE": "No", "DCM_Funded": "N", "CONTRACT_YR": null, "CONTRACT_NUM": null, "ACESS_TYPE": "Shoreline", "KayakCanoeLaunch": "No", "PARKING_OPTIONS": "On-Street Parking", "BeachWheelchair": "Y", "BWC_Info": "https://www.townofwrightsvillebeach.com/321/Accessibility", "PaidParkURL": "n/a", "WaterAccessTYPE": "Estuarine", "BeachMat": null, "Land_Status": "Municipality", "NEAR_FID": 199.0, "NEAR_DIST": 337.87447351106067, "ACCESSIBILITY_NOTES": null, "LIFEGUARDS": null }, "geometry": { "type": "Point", "coordinates": [ -77.797248367609797, 34.206550012876598 ] } },
{ "type": "Feature", "properties": { "ACCESS_ID": "30", "OBJECTID": 35, "PLACE": "Wrightsville Beach", "ACCESS_LOC": "Latimer St", "LOCL_SPONS": "Wrightsville Beach", "CAMA_SIGN": "Yes", "PARKING": 0.0, "DUNE_WALK": "N", "OVERLOOK": "No", "HAND_DUNE": "No", "HAND_OVRLK": "No", "HAND_BEACH": "No", "HAND_PRKG": 0.0, "RESTRM": "N", "SHOWER": "N", "PIC_TABLE": "No", "VEH_ACCESS": " ", "BIKE_RACK": "No", "SURV_DATE": 1628679443071.0, "COMMENT_": " ", "PRKG_COMMENTS": null, "COUNTY": "New Hanover", "DCM_RO": "WILM", "NCDCM_ID": 37.0, "PHOTO": "WB19.png", "PRK_FEE": null, "DCM_Funded": "N", "CONTRACT_YR": null, "CONTRACT_NUM": null, "ACESS_TYPE": "Beach", "KayakCanoeLaunch": "No", "PARKING_OPTIONS": "On-Street Parking", "BeachWheelchair": "Y", "BWC_Info": "https://www.townofwrightsvillebeach.com/321/Accessibility", "PaidParkURL": "n/a", "WaterAccessTYPE": "Ocean", "BeachMat": null, "Land_Status": "Municipality", "NEAR_FID": 36.0, "NEAR_DIST": 379.68446965951364, "ACCESSIBILITY_NOTES": null, "LIFEGUARDS": null }, "geometry": { "type": "Point", "coordinates": [ -77.795728568167704, 34.206826330149198 ] } },
{ "type": "Feature", "properties": { "ACCESS_ID": "Latimer Street Soundside", "OBJECTID": 200, "PLACE": "Wrightsville Beach", "ACCESS_LOC": "Latimer Street and Waynick Blvd", "LOCL_SPONS": "Wrightsville Beach", "CAMA_SIGN": "Yes", "PARKING": null, "DUNE_WALK": "N", "OVERLOOK": "No", "HAND_DUNE": "No", "HAND_OVRLK": "No", "HAND_BEACH": "No", "HAND_PRKG": null, "RESTRM": "N", "SHOWER": "N", "PIC_TABLE": "No", "VEH_ACCESS": "No", "BIKE_RACK": "No", "SURV_DATE": 1628679443071.0, "COMMENT_": "Sound Access", "PRKG_COMMENTS": " ", "COUNTY": "New Hanover", "DCM_RO": "WILM", "NCDCM_ID": 589.0, "PHOTO": "WB17.png", "PRK_FEE": "No", "DCM_Funded": "N", "CONTRACT_YR": null, "CONTRACT_NUM": null, "ACESS_TYPE": "Shoreline", "KayakCanoeLaunch": "No", "PARKING_OPTIONS": "On-Street Parking", "BeachWheelchair": "Y", "BWC_Info": "https://www.townofwrightsvillebeach.com/321/Accessibility", "PaidParkURL": "n/a", "WaterAccessTYPE": "Estuarine", "BeachMat": null, "Land_Status": "Municipality", "NEAR_FID": 832.0, "NEAR_DIST": 257.23351079657465, "ACCESSIBILITY_NOTES": null, "LIFEGUARDS": null }, "geometry": { "type": "Point", "coordinates": [ -77.796829481396102, 34.2074354969768 ] } },
{ "type": "Feature", "properties": { "ACCESS_ID": "29", "OBJECTID": 34, "PLACE": "Wrightsville Beach", "ACCESS_LOC": "Stone St", "LOCL_SPONS": "Wrightsville Beach", "CAMA_SIGN": "Yes", "PARKING": 58.0, "DUNE_WALK": "N", "OVERLOOK": "No", "HAND_DUNE": "No", "HAND_OVRLK": "No", "HAND_BEACH": "No", "HAND_PRKG": null, "RESTRM": "N", "SHOWER": "N", "PIC_TABLE": "No", "VEH_ACCESS": " ", "BIKE_RACK": "No", "SURV_DATE": 1628679443071.0, "COMMENT_": " ", "PRKG_COMMENTS": null, "COUNTY": "New Hanover", "DCM_RO": "WILM", "NCDCM_ID": 36.0, "PHOTO": "WB18.png", "PRK_FEE": "Y", "DCM_Funded": "N", "CONTRACT_YR": null, "CONTRACT_NUM": null, "ACESS_TYPE": "Beach", "KayakCanoeLaunch": "No", "PARKING_OPTIONS": "Both Parking Options", "BeachWheelchair": "Y", "BWC_Info": "https://www.townofwrightsvillebeach.com/321/Accessibility", "PaidParkURL": "https://www.townofwrightsvillebeach.com/163/Parking/", "WaterAccessTYPE": "Ocean", "BeachMat": null, "Land_Status": "Municipality", "NEAR_FID": 33.0, "NEAR_DIST": 170.40430757229845, "ACCESSIBILITY_NOTES": null, "LIFEGUARDS": null }, "geometry": { "type": "Point", "coordinates": [ -77.794464357390297, 34.207555953642903 ] } },
{ "type": "Feature", "properties": { "ACCESS_ID": "S. Lumina Restrooms", "OBJECTID": 832, "PLACE": "Wrightsville Beach", "ACCESS_LOC": "92 South Lumina Ave", "LOCL_SPONS": "Wrightsville Beach", "CAMA_SIGN": "No", "PARKING": 0.0, "DUNE_WALK": "N", "OVERLOOK": "N", "HAND_DUNE": "N", "HAND_OVRLK": "N", "HAND_BEACH": "N", "HAND_PRKG": 0.0, "RESTRM": "Y", "SHOWER": "N", "PIC_TABLE": "N", "VEH_ACCESS": "No", "BIKE_RACK": "N", "SURV_DATE": 1628679443071.0, "COMMENT_": "Restrooms in the Town Plaza Area", "PRKG_COMMENTS": null, "COUNTY": "New Hanover", "DCM_RO": "WILM", "NCDCM_ID": null, "PHOTO": null, "PRK_FEE": null, "DCM_Funded": "Y", "CONTRACT_YR": "2017-18", "CONTRACT_NUM": "7504", "ACESS_TYPE": "Shoreline", "KayakCanoeLaunch": "N", "PARKING_OPTIONS": "On-Street Parking", "BeachWheelchair": "Y", "BWC_Info": "https://www.townofwrightsvillebeach.com/321/Accessibility", "PaidParkURL": "n/a", "WaterAccessTYPE": "Estuarine", "BeachMat": null, "Land_Status": "Municipality", "NEAR_FID": 200.0, "NEAR_DIST": 257.23351079657465, "ACCESSIBILITY_NOTES": null, "LIFEGUARDS": null }, "geometry": { "type": "Point", "coordinates": [ -77.7961980025824, 34.207909108259102 ] } },
{ "type": "Feature", "properties": { "ACCESS_ID": "28", "OBJECTID": 33, "PLACE": "Wrightsville Beach", "ACCESS_LOC": "Oceanic Ave", "LOCL_SPONS": "Wrightsville Beach", "CAMA_SIGN": "Yes", "PARKING": 0.0, "DUNE_WALK": "N", "OVERLOOK": "No", "HAND_DUNE": "No", "HAND_OVRLK": "No", "HAND_BEACH": "No", "HAND_PRKG": 0.0, "RESTRM": "N", "SHOWER": "N", "PIC_TABLE": "No", "VEH_ACCESS": " ", "BIKE_RACK": "No", "SURV_DATE": 1628679443071.0, "COMMENT_": " ", "PRKG_COMMENTS": null, "COUNTY": "New Hanover", "DCM_RO": "WILM", "NCDCM_ID": 35.0, "PHOTO": "WB20.png", "PRK_FEE": null, "DCM_Funded": "N", "CONTRACT_YR": null, "CONTRACT_NUM": null, "ACESS_TYPE": "Beach", "KayakCanoeLaunch": "No", "PARKING_OPTIONS": "On-Street Parking", "BeachWheelchair": "Y", "BWC_Info": "https://www.townofwrightsvillebeach.com/321/Accessibility", "PaidParkURL": "n/a", "WaterAccessTYPE": "Ocean", "BeachMat": null, "Land_Status": "Municipality", "NEAR_FID": 34.0, "NEAR_DIST": 170.40430757229845, "ACCESSIBILITY_NOTES": null, "LIFEGUARDS": null }, "geometry": { "type": "Point", "coordinates": [ -77.7941662649379, 34.207953309128897 ] } },
{ "type": "Feature", "properties": { "ACCESS_ID": "27", "OBJECTID": 32, "PLACE": "Wrightsville Beach", "ACCESS_LOC": "Birmingham St", "LOCL_SPONS": "Wrightsville Beach", "CAMA_SIGN": "Yes", "PARKING": 0.0, "DUNE_WALK": "N", "OVERLOOK": "No", "HAND_DUNE": "No", "HAND_OVRLK": "No", "HAND_BEACH": "No", "HAND_PRKG": 0.0, "RESTRM": "N", "SHOWER": "N", "PIC_TABLE": "No", "VEH_ACCESS": " ", "BIKE_RACK": "No", "SURV_DATE": 1628679443071.0, "COMMENT_": " ", "PRKG_COMMENTS": null, "COUNTY": "New Hanover", "DCM_RO": "WILM", "NCDCM_ID": 34.0, "PHOTO": "WB21.png", "PRK_FEE": null, "DCM_Funded": "N", "CONTRACT_YR": null, "CONTRACT_NUM": null, "ACESS_TYPE": "Beach", "KayakCanoeLaunch": "No", "PARKING_OPTIONS": "On-Street Parking", "BeachWheelchair": "Y", "BWC_Info": "https://www.townofwrightsvillebeach.com/321/Accessibility", "PaidParkURL": "n/a", "WaterAccessTYPE": "Ocean", "BeachMat": null, "Land_Status": "Municipality", "NEAR_FID": 33.0, "NEAR_DIST": 176.99314306447081, "ACCESSIBILITY_NOTES": null, "LIFEGUARDS": null }, "geometry": { "type": "Point", "coordinates": [ -77.793835597776805, 34.208354600140801 ] } },
{ "type": "Feature", "properties": { "ACCESS_ID": "26", "OBJECTID": 31, "PLACE": "Wrightsville Beach", "ACCESS_LOC": "East Columbia St", "LOCL_SPONS": "Wrightsville Beach", "CAMA_SIGN": "Yes", "PARKING": 0.0, "DUNE_WALK": "N", "OVERLOOK": "No", "HAND_DUNE": "No", "HAND_OVRLK": "No", "HAND_BEACH": "No", "HAND_PRKG": 0.0, "RESTRM": "N", "SHOWER": "N", "PIC_TABLE": "No", "VEH_ACCESS": " ", "BIKE_RACK": "No", "SURV_DATE": 1628679443071.0, "COMMENT_": " ", "PRKG_COMMENTS": null, "COUNTY": "New Hanover", "DCM_RO": "WILM", "NCDCM_ID": 33.0, "PHOTO": "WB22.png", "PRK_FEE": null, "DCM_Funded": "N", "CONTRACT_YR": null, "CONTRACT_NUM": null, "ACESS_TYPE": "Beach", "KayakCanoeLaunch": "No", "PARKING_OPTIONS": "On-Street Parking", "BeachWheelchair": "Y", "BWC_Info": "https://www.townofwrightsvillebeach.com/321/Accessibility", "PaidParkURL": "n/a", "WaterAccessTYPE": "Ocean", "BeachMat": null, "Land_Status": "Municipality", "NEAR_FID": 32.0, "NEAR_DIST": 211.85793721939805, "ACCESSIBILITY_NOTES": null, "LIFEGUARDS": null }, "geometry": { "type": "Point", "coordinates": [ -77.793326291638294, 34.208754370750299 ] } },
{ "type": "Feature", "properties": { "ACCESS_ID": "25", "OBJECTID": 30, "PLACE": "Wrightsville Beach", "ACCESS_LOC": "East Atlanta St", "LOCL_SPONS": "Wrightsville Beach", "CAMA_SIGN": "Yes", "PARKING": 0.0, "DUNE_WALK": "N", "OVERLOOK": "No", "HAND_DUNE": "No", "HAND_OVRLK": "No", "HAND_BEACH": "No", "HAND_PRKG": 0.0, "RESTRM": "N", "SHOWER": "N", "PIC_TABLE": "No", "VEH_ACCESS": " ", "BIKE_RACK": "No", "SURV_DATE": 1628679443071.0, "COMMENT_": " ", "PRKG_COMMENTS": null, "COUNTY": "New Hanover", "DCM_RO": "WILM", "NCDCM_ID": 32.0, "PHOTO": "WB23.png", "PRK_FEE": null, "DCM_Funded": "N", "CONTRACT_YR": null, "CONTRACT_NUM": null, "ACESS_TYPE": "Beach", "KayakCanoeLaunch": "No", "PARKING_OPTIONS": "On-Street Parking", "BeachWheelchair": "Y", "BWC_Info": "https://www.townofwrightsvillebeach.com/321/Accessibility", "PaidParkURL": "n/a", "WaterAccessTYPE": "Ocean", "BeachMat": null, "Land_Status": "Municipality", "NEAR_FID": 29.0, "NEAR_DIST": 240.72685353711398, "ACCESSIBILITY_NOTES": null, "LIFEGUARDS": null }, "geometry": { "type": "Point", "coordinates": [ -77.793013160489807, 34.209430232759097 ] } },
{ "type": "Feature", "properties": { "ACCESS_ID": "24", "OBJECTID": 29, "PLACE": "Wrightsville Beach", "ACCESS_LOC": "Charlotte St", "LOCL_SPONS": "Wrightsville Beach", "CAMA_SIGN": "Yes", "PARKING": 0.0, "DUNE_WALK": "N", "OVERLOOK": "No", "HAND_DUNE": "No", "HAND_OVRLK": "No", "HAND_BEACH": "No", "HAND_PRKG": 0.0, "RESTRM": "N", "SHOWER": "N", "PIC_TABLE": "No", "VEH_ACCESS": " ", "BIKE_RACK": "No", "SURV_DATE": 1628679443071.0, "COMMENT_": " ", "PRKG_COMMENTS": null, "COUNTY": "New Hanover", "DCM_RO": "WILM", "NCDCM_ID": 31.0, "PHOTO": "WB24.png", "PRK_FEE": null, "DCM_Funded": "N", "CONTRACT_YR": null, "CONTRACT_NUM": null, "ACESS_TYPE": "Beach", "KayakCanoeLaunch": "No", "PARKING_OPTIONS": "On-Street Parking", "BeachWheelchair": "Y", "BWC_Info": "https://www.townofwrightsvillebeach.com/321/Accessibility", "PaidParkURL": "n/a", "WaterAccessTYPE": "Ocean", "BeachMat": null, "Land_Status": "Municipality", "NEAR_FID": 30.0, "NEAR_DIST": 240.72685353711398, "ACCESSIBILITY_NOTES": null, "LIFEGUARDS": null }, "geometry": { "type": "Point", "coordinates": [ -77.792701011199895, 34.210038714393797 ] } },
{ "type": "Feature", "properties": { "ACCESS_ID": "23", "OBJECTID": 28, "PLACE": "Wrightsville Beach", "ACCESS_LOC": "Raleigh St", "LOCL_SPONS": "Wrightsville Beach", "CAMA_SIGN": "Yes", "PARKING": 0.0, "DUNE_WALK": "N", "OVERLOOK": "No", "HAND_DUNE": "No", "HAND_OVRLK": "No", "HAND_BEACH": "No", "HAND_PRKG": 0.0, "RESTRM": "N", "SHOWER": "N", "PIC_TABLE": "No", "VEH_ACCESS": "E", "BIKE_RACK": "No", "SURV_DATE": 1628679443071.0, "COMMENT_": " ", "PRKG_COMMENTS": null, "COUNTY": "New Hanover", "DCM_RO": "WILM", "NCDCM_ID": 30.0, "PHOTO": "WB25.png", "PRK_FEE": null, "DCM_Funded": "N", "CONTRACT_YR": null, "CONTRACT_NUM": null, "ACESS_TYPE": "Beach", "KayakCanoeLaunch": "No", "PARKING_OPTIONS": "On-Street Parking", "BeachWheelchair": "Y", "BWC_Info": "https://www.townofwrightsvillebeach.com/321/Accessibility", "PaidParkURL": "n/a", "WaterAccessTYPE": "Ocean", "BeachMat": null, "Land_Status": "Municipality", "NEAR_FID": 29.0, "NEAR_DIST": 248.29675067012965, "ACCESSIBILITY_NOTES": null, "LIFEGUARDS": null }, "geometry": { "type": "Point", "coordinates": [ -77.792351079667498, 34.210655912364999 ] } },
{ "type": "Feature", "properties": { "ACCESS_ID": "22", "OBJECTID": 27, "PLACE": "Wrightsville Beach", "ACCESS_LOC": "Augusta St", "LOCL_SPONS": "Wrightsville Beach", "CAMA_SIGN": "Yes", "PARKING": 0.0, "DUNE_WALK": "N", "OVERLOOK": "No", "HAND_DUNE": "No", "HAND_OVRLK": "No", "HAND_BEACH": "No", "HAND_PRKG": 0.0, "RESTRM": "N", "SHOWER": "N", "PIC_TABLE": "No", "VEH_ACCESS": " ", "BIKE_RACK": "No", "SURV_DATE": 1628679443071.0, "COMMENT_": " ", "PRKG_COMMENTS": null, "COUNTY": "New Hanover", "DCM_RO": "WILM", "NCDCM_ID": 29.0, "PHOTO": "WB26.png", "PRK_FEE": null, "DCM_Funded": "N", "CONTRACT_YR": null, "CONTRACT_NUM": null, "ACESS_TYPE": "Beach", "KayakCanoeLaunch": "No", "PARKING_OPTIONS": "On-Street Parking", "BeachWheelchair": "Y", "BWC_Info": "https://www.townofwrightsvillebeach.com/321/Accessibility", "PaidParkURL": "n/a", "WaterAccessTYPE": "Ocean", "BeachMat": null, "Land_Status": "Municipality", "NEAR_FID": 26.0, "NEAR_DIST": 247.1855346991583, "ACCESSIBILITY_NOTES": null, "LIFEGUARDS": null }, "geometry": { "type": "Point", "coordinates": [ -77.791721020191801, 34.211166489131301 ] } },
{ "type": "Feature", "properties": { "ACCESS_ID": "21", "OBJECTID": 26, "PLACE": "Wrightsville Beach", "ACCESS_LOC": "East Asheville St", "LOCL_SPONS": "Wrightsville Beach", "CAMA_SIGN": "Yes", "PARKING": 0.0, "DUNE_WALK": "N", "OVERLOOK": "No", "HAND_DUNE": "No", "HAND_OVRLK": "No", "HAND_BEACH": "No", "HAND_PRKG": 0.0, "RESTRM": "N", "SHOWER": "N", "PIC_TABLE": "No", "VEH_ACCESS": " ", "BIKE_RACK": "No", "SURV_DATE": 1628679443071.0, "COMMENT_": " ", "PRKG_COMMENTS": null, "COUNTY": "New Hanover", "DCM_RO": "WILM", "NCDCM_ID": 28.0, "PHOTO": "WB27.png", "PRK_FEE": null, "DCM_Funded": "N", "CONTRACT_YR": null, "CONTRACT_NUM": null, "ACESS_TYPE": "Beach", "KayakCanoeLaunch": "No", "PARKING_OPTIONS": "On-Street Parking", "BeachWheelchair": "Y", "BWC_Info": "https://www.townofwrightsvillebeach.com/321/Accessibility", "PaidParkURL": "n/a", "WaterAccessTYPE": "Ocean", "BeachMat": null, "Land_Status": "Municipality", "NEAR_FID": 27.0, "NEAR_DIST": 247.1855346991583, "ACCESSIBILITY_NOTES": null, "LIFEGUARDS": null }, "geometry": { "type": "Point", "coordinates": [ -77.791392570072901, 34.211788451073701 ] } },
{ "type": "Feature", "properties": { "ACCESS_ID": "20", "OBJECTID": 25, "PLACE": "Wrightsville Beach", "ACCESS_LOC": "East Fayetteville St", "LOCL_SPONS": "Wrightsville Beach", "CAMA_SIGN": "Yes", "PARKING": 0.0, "DUNE_WALK": "N", "OVERLOOK": "No", "HAND_DUNE": "No", "HAND_OVRLK": "No", "HAND_BEACH": "No", "HAND_PRKG": 0.0, "RESTRM": "N", "SHOWER": "N", "PIC_TABLE": "No", "VEH_ACCESS": " ", "BIKE_RACK": "No", "SURV_DATE": 1628679443071.0, "COMMENT_": " ", "PRKG_COMMENTS": null, "COUNTY": "New Hanover", "DCM_RO": "WILM", "NCDCM_ID": 27.0, "PHOTO": "WB28.png", "PRK_FEE": null, "DCM_Funded": "N", "CONTRACT_YR": null, "CONTRACT_NUM": null, "ACESS_TYPE": "Beach", "KayakCanoeLaunch": "No", "PARKING_OPTIONS": "On-Street Parking", "BeachWheelchair": "Y", "BWC_Info": "https://www.townofwrightsvillebeach.com/321/Accessibility", "PaidParkURL": "n/a", "WaterAccessTYPE": "Ocean", "BeachMat": null, "Land_Status": "Municipality", "NEAR_FID": 24.0, "NEAR_DIST": 254.06187072251805, "ACCESSIBILITY_NOTES": null, "LIFEGUARDS": null }, "geometry": { "type": "Point", "coordinates": [ -77.790966848578194, 34.212391229755497 ] } },
{ "type": "Feature", "properties": { "ACCESS_ID": "19", "OBJECTID": 24, "PLACE": "Wrightsville Beach", "ACCESS_LOC": "East Oxford St", "LOCL_SPONS": "Wrightsville Beach", "CAMA_SIGN": "Yes", "PARKING": 0.0, "DUNE_WALK": "N", "OVERLOOK": "No", "HAND_DUNE": "No", "HAND_OVRLK": "No", "HAND_BEACH": "No", "HAND_PRKG": 0.0, "RESTRM": "N", "SHOWER": "N", "PIC_TABLE": "No", "VEH_ACCESS": " ", "BIKE_RACK": "No", "SURV_DATE": 1628679443071.0, "COMMENT_": " ", "PRKG_COMMENTS": null, "COUNTY": "New Hanover", "DCM_RO": "WILM", "NCDCM_ID": 26.0, "PHOTO": "WB29.png", "PRK_FEE": null, "DCM_Funded": "N", "CONTRACT_YR": null, "CONTRACT_NUM": null, "ACESS_TYPE": "Beach", "KayakCanoeLaunch": "No", "PARKING_OPTIONS": "On-Street Parking", "BeachWheelchair": "Y", "BWC_Info": "https://www.townofwrightsvillebeach.com/321/Accessibility", "PaidParkURL": "n/a", "WaterAccessTYPE": "Ocean", "BeachMat": null, "Land_Status": "Municipality", "NEAR_FID": 23.0, "NEAR_DIST": 224.96456277370299, "ACCESSIBILITY_NOTES": null, "LIFEGUARDS": null }, "geometry": { "type": "Point", "coordinates": [ -77.790407127189297, 34.2129118952626 ] } },
{ "type": "Feature", "properties": { "ACCESS_ID": "18", "OBJECTID": 23, "PLACE": "Wrightsville Beach", "ACCESS_LOC": "East Henderson St", "LOCL_SPONS": "Wrightsville Beach", "CAMA_SIGN": "Yes", "PARKING": 0.0, "DUNE_WALK": "N", "OVERLOOK": "No", "HAND_DUNE": "No", "HAND_OVRLK": "No", "HAND_BEACH": "No", "HAND_PRKG": 0.0, "RESTRM": "N", "SHOWER": "N", "PIC_TABLE": "No", "VEH_ACCESS": " ", "BIKE_RACK": "No", "SURV_DATE": 1628679443071.0, "COMMENT_": " ", "PRKG_COMMENTS": null, "COUNTY": "New Hanover", "DCM_RO": "WILM", "NCDCM_ID": 25.0, "PHOTO": "WB30.png", "PRK_FEE": null, "DCM_Funded": "N", "CONTRACT_YR": null, "CONTRACT_NUM": null, "ACESS_TYPE": "Beach", "KayakCanoeLaunch": "No", "PARKING_OPTIONS": "On-Street Parking", "BeachWheelchair": "Y", "BWC_Info": "https://www.townofwrightsvillebeach.com/321/Accessibility", "PaidParkURL": "n/a", "WaterAccessTYPE": "Ocean", "BeachMat": null, "Land_Status": "Municipality", "NEAR_FID": 22.0, "NEAR_DIST": 193.65756421543531, "ACCESSIBILITY_NOTES": null, "LIFEGUARDS": null }, "geometry": { "type": "Point", "coordinates": [ -77.789939712187405, 34.2133928315803 ] } },
{ "type": "Feature", "properties": { "ACCESS_ID": "Arlie Gardens", "OBJECTID": 878, "PLACE": "Wilmington", "ACCESS_LOC": "300 Airlie Road", "LOCL_SPONS": "New Hanover", "CAMA_SIGN": "No", "PARKING": null, "DUNE_WALK": "N", "OVERLOOK": "N", "HAND_DUNE": "N", "HAND_OVRLK": "N", "HAND_BEACH": "N", "HAND_PRKG": null, "RESTRM": "Y", "SHOWER": "N", "PIC_TABLE": "Y", "VEH_ACCESS": "No", "BIKE_RACK": "N", "SURV_DATE": 1657798667488.0, "COMMENT_": "Paid Admission to formal gardens along Bradley Creek", "PRKG_COMMENTS": null, "COUNTY": "New Hanover", "DCM_RO": "WILM", "NCDCM_ID": null, "PHOTO": null, "PRK_FEE": null, "DCM_Funded": "Y", "CONTRACT_YR": null, "CONTRACT_NUM": null, "ACESS_TYPE": "Shoreline", "KayakCanoeLaunch": null, "PARKING_OPTIONS": "Onsite Parking", "BeachWheelchair": "N", "BWC_Info": null, "PaidParkURL": "n/a", "WaterAccessTYPE": "Estuarine", "BeachMat": null, "Land_Status": "Municipality", "NEAR_FID": 40.0, "NEAR_DIST": 9761.2221112048519, "ACCESSIBILITY_NOTES": null, "LIFEGUARDS": null }, "geometry": { "type": "Point", "coordinates": [ -77.829433027457696, 34.213395847449398 ] } },
{ "type": "Feature", "properties": { "ACCESS_ID": "17", "OBJECTID": 22, "PLACE": "Wrightsville Beach", "ACCESS_LOC": "East Greensboro St", "LOCL_SPONS": "Wrightsville Beach", "CAMA_SIGN": "Yes", "PARKING": 0.0, "DUNE_WALK": "N", "OVERLOOK": "No", "HAND_DUNE": "No", "HAND_OVRLK": "No", "HAND_BEACH": "No", "HAND_PRKG": 0.0, "RESTRM": "N", "SHOWER": "N", "PIC_TABLE": "No", "VEH_ACCESS": " ", "BIKE_RACK": "No", "SURV_DATE": 1628679443071.0, "COMMENT_": " ", "PRKG_COMMENTS": null, "COUNTY": "New Hanover", "DCM_RO": "WILM", "NCDCM_ID": 24.0, "PHOTO": "WB31.png", "PRK_FEE": null, "DCM_Funded": "N", "CONTRACT_YR": null, "CONTRACT_NUM": null, "ACESS_TYPE": "Beach", "KayakCanoeLaunch": "No", "PARKING_OPTIONS": "On-Street Parking", "BeachWheelchair": "Y", "BWC_Info": "https://www.townofwrightsvillebeach.com/321/Accessibility", "PaidParkURL": "n/a", "WaterAccessTYPE": "Ocean", "BeachMat": null, "Land_Status": "Municipality", "NEAR_FID": 21.0, "NEAR_DIST": 175.09075139742706, "ACCESSIBILITY_NOTES": null, "LIFEGUARDS": null }, "geometry": { "type": "Point", "coordinates": [ -77.789608209593098, 34.2138481291598 ] } },
{ "type": "Feature", "properties": { "ACCESS_ID": "16", "OBJECTID": 21, "PLACE": "Wrightsville Beach", "ACCESS_LOC": "25 East Salisbury St", "LOCL_SPONS": "Wrightsville Beach", "CAMA_SIGN": "Yes", "PARKING": 999.0, "DUNE_WALK": "Y", "OVERLOOK": "Yes", "HAND_DUNE": "Y", "HAND_OVRLK": "Yes", "HAND_BEACH": "Y", "HAND_PRKG": 3.0, "RESTRM": "Y", "SHOWER": "Y", "PIC_TABLE": "No", "VEH_ACCESS": "E", "BIKE_RACK": "No", "SURV_DATE": 1628679443071.0, "COMMENT_": "Handicap accessible to beach", "PRKG_COMMENTS": null, "COUNTY": "New Hanover", "DCM_RO": "WILM", "NCDCM_ID": 23.0, "PHOTO": "WB32.png", "PRK_FEE": "Y", "DCM_Funded": "Y", "CONTRACT_YR": null, "CONTRACT_NUM": null, "ACESS_TYPE": "Beach", "KayakCanoeLaunch": "No", "PARKING_OPTIONS": "Both Parking Options", "BeachWheelchair": "Y", "BWC_Info": "https://www.townofwrightsvillebeach.com/321/Accessibility", "PaidParkURL": "https://www.townofwrightsvillebeach.com/163/Parking/", "WaterAccessTYPE": "Ocean", "BeachMat": null, "Land_Status": "Municipality", "NEAR_FID": 22.0, "NEAR_DIST": 175.09075139742706, "ACCESSIBILITY_NOTES": null, "LIFEGUARDS": null }, "geometry": { "type": "Point", "coordinates": [ -77.789365297055397, 34.214284852951103 ] } },
{ "type": "Feature", "properties": { "ACCESS_ID": "15", "OBJECTID": 20, "PLACE": "Wrightsville Beach", "ACCESS_LOC": "Seagull St", "LOCL_SPONS": "Wrightsville Beach", "CAMA_SIGN": "Yes", "PARKING": 0.0, "DUNE_WALK": "N", "OVERLOOK": "No", "HAND_DUNE": "No", "HAND_OVRLK": "No", "HAND_BEACH": "No", "HAND_PRKG": 0.0, "RESTRM": "N", "SHOWER": "N", "PIC_TABLE": "No", "VEH_ACCESS": " ", "BIKE_RACK": "No", "SURV_DATE": 1628679443071.0, "COMMENT_": " ", "PRKG_COMMENTS": null, "COUNTY": "New Hanover", "DCM_RO": "WILM", "NCDCM_ID": 22.0, "PHOTO": "WB33.png", "PRK_FEE": null, "DCM_Funded": "N", "CONTRACT_YR": null, "CONTRACT_NUM": null, "ACESS_TYPE": "Beach", "KayakCanoeLaunch": "No", "PARKING_OPTIONS": "On-Street Parking", "BeachWheelchair": "Y", "BWC_Info": "https://www.townofwrightsvillebeach.com/321/Accessibility", "PaidParkURL": "n/a", "WaterAccessTYPE": "Ocean", "BeachMat": null, "Land_Status": "Municipality", "NEAR_FID": 19.0, "NEAR_DIST": 218.40944439620296, "ACCESSIBILITY_NOTES": null, "LIFEGUARDS": null }, "geometry": { "type": "Point", "coordinates": [ -77.788986723638502, 34.214937430626797 ] } },
{ "type": "Feature", "properties": { "ACCESS_ID": "14", "OBJECTID": 19, "PLACE": "Wrightsville Beach", "ACCESS_LOC": "Shearwater St", "LOCL_SPONS": "Wrightsville Beach", "CAMA_SIGN": "Yes", "PARKING": 0.0, "DUNE_WALK": "N", "OVERLOOK": "No", "HAND_DUNE": "No", "HAND_OVRLK": "No", "HAND_BEACH": "No", "HAND_PRKG": 0.0, "RESTRM": "N", "SHOWER": "N", "PIC_TABLE": "No", "VEH_ACCESS": " ", "BIKE_RACK": "No", "SURV_DATE": 1628679443071.0, "COMMENT_": " ", "PRKG_COMMENTS": null, "COUNTY": "New Hanover", "DCM_RO": "WILM", "NCDCM_ID": 21.0, "PHOTO": "WB34.png", "PRK_FEE": null, "DCM_Funded": "N", "CONTRACT_YR": null, "CONTRACT_NUM": null, "ACESS_TYPE": "Beach", "KayakCanoeLaunch": "No", "PARKING_OPTIONS": "On-Street Parking", "BeachWheelchair": "Y", "BWC_Info": "https://www.townofwrightsvillebeach.com/321/Accessibility", "PaidParkURL": "n/a", "WaterAccessTYPE": "Ocean", "BeachMat": null, "Land_Status": "Municipality", "NEAR_FID": 18.0, "NEAR_DIST": 212.69084848672858, "ACCESSIBILITY_NOTES": null, "LIFEGUARDS": null }, "geometry": { "type": "Point", "coordinates": [ -77.788720107255401, 34.215495180937197 ] } },
{ "type": "Feature", "properties": { "ACCESS_ID": "13", "OBJECTID": 18, "PLACE": "Wrightsville Beach", "ACCESS_LOC": "Heron St", "LOCL_SPONS": "Wrightsville Beach", "CAMA_SIGN": "Yes", "PARKING": 0.0, "DUNE_WALK": "N", "OVERLOOK": "No", "HAND_DUNE": "No", "HAND_OVRLK": "No", "HAND_BEACH": "No", "HAND_PRKG": 0.0, "RESTRM": "N", "SHOWER": "N", "PIC_TABLE": "No", "VEH_ACCESS": " ", "BIKE_RACK": "No", "SURV_DATE": 1628679443071.0, "COMMENT_": " ", "PRKG_COMMENTS": null, "COUNTY": "New Hanover", "DCM_RO": "WILM", "NCDCM_ID": 20.0, "PHOTO": "WB35.png", "PRK_FEE": null, "DCM_Funded": "N", "CONTRACT_YR": null, "CONTRACT_NUM": null, "ACESS_TYPE": "Beach", "KayakCanoeLaunch": "No", "PARKING_OPTIONS": "On-Street Parking", "BeachWheelchair": "Y", "BWC_Info": "https://www.townofwrightsvillebeach.com/321/Accessibility", "PaidParkURL": "n/a", "WaterAccessTYPE": "Ocean", "BeachMat": null, "Land_Status": "Municipality", "NEAR_FID": 17.0, "NEAR_DIST": 209.21931139955154, "ACCESSIBILITY_NOTES": null, "LIFEGUARDS": null }, "geometry": { "type": "Point", "coordinates": [ -77.788375471291602, 34.2160046534961 ] } },
{ "type": "Feature", "properties": { "ACCESS_ID": "12", "OBJECTID": 17, "PLACE": "Wrightsville Beach", "ACCESS_LOC": "Sandpiper St", "LOCL_SPONS": "Wrightsville Beach", "CAMA_SIGN": "Yes", "PARKING": 0.0, "DUNE_WALK": "N", "OVERLOOK": "No", "HAND_DUNE": "No", "HAND_OVRLK": "No", "HAND_BEACH": "No", "HAND_PRKG": 0.0, "RESTRM": "N", "SHOWER": "N", "PIC_TABLE": "No", "VEH_ACCESS": " ", "BIKE_RACK": "No", "SURV_DATE": 1628679443071.0, "COMMENT_": " ", "PRKG_COMMENTS": null, "COUNTY": "New Hanover", "DCM_RO": "WILM", "NCDCM_ID": 19.0, "PHOTO": "WB36.png", "PRK_FEE": null, "DCM_Funded": "N", "CONTRACT_YR": null, "CONTRACT_NUM": null, "ACESS_TYPE": "Beach", "KayakCanoeLaunch": "No", "PARKING_OPTIONS": "On-Street Parking", "BeachWheelchair": "Y", "BWC_Info": "https://www.townofwrightsvillebeach.com/321/Accessibility", "PaidParkURL": "n/a", "WaterAccessTYPE": "Ocean", "BeachMat": null, "Land_Status": "Municipality", "NEAR_FID": 18.0, "NEAR_DIST": 209.21931139955154, "ACCESSIBILITY_NOTES": null, "LIFEGUARDS": null }, "geometry": { "type": "Point", "coordinates": [ -77.788016377841601, 34.216496063945797 ] } },
{ "type": "Feature", "properties": { "ACCESS_ID": "11", "OBJECTID": 16, "PLACE": "Wrightsville Beach", "ACCESS_LOC": "Crane St", "LOCL_SPONS": "Wrightsville Beach", "CAMA_SIGN": "Yes", "PARKING": 0.0, "DUNE_WALK": "N", "OVERLOOK": "No", "HAND_DUNE": "No", "HAND_OVRLK": "No", "HAND_BEACH": "No", "HAND_PRKG": 0.0, "RESTRM": "N", "SHOWER": "N", "PIC_TABLE": "No", "VEH_ACCESS": " ", "BIKE_RACK": "No", "SURV_DATE": 1628679443071.0, "COMMENT_": " ", "PRKG_COMMENTS": null, "COUNTY": "New Hanover", "DCM_RO": "WILM", "NCDCM_ID": 18.0, "PHOTO": "WB37.png", "PRK_FEE": null, "DCM_Funded": "N", "CONTRACT_YR": null, "CONTRACT_NUM": null, "ACESS_TYPE": "Beach", "KayakCanoeLaunch": "No", "PARKING_OPTIONS": "No Parking", "BeachWheelchair": "Y", "BWC_Info": "https://www.townofwrightsvillebeach.com/321/Accessibility", "PaidParkURL": "n/a", "WaterAccessTYPE": "Ocean", "BeachMat": null, "Land_Status": "Municipality", "NEAR_FID": 17.0, "NEAR_DIST": 209.47127346477083, "ACCESSIBILITY_NOTES": null, "LIFEGUARDS": null }, "geometry": { "type": "Point", "coordinates": [ -77.787643340741795, 34.216981076511097 ] } },
{ "type": "Feature", "properties": { "ACCESS_ID": "10", "OBJECTID": 15, "PLACE": "Wrightsville Beach", "ACCESS_LOC": "Mallard St", "LOCL_SPONS": "Wrightsville Beach", "CAMA_SIGN": "Yes", "PARKING": 0.0, "DUNE_WALK": "N", "OVERLOOK": "No", "HAND_DUNE": "No", "HAND_OVRLK": "No", "HAND_BEACH": "No", "HAND_PRKG": 0.0, "RESTRM": "N", "SHOWER": "N", "PIC_TABLE": "No", "VEH_ACCESS": "E", "BIKE_RACK": "No", "SURV_DATE": 1628679443071.0, "COMMENT_": " ", "PRKG_COMMENTS": null, "COUNTY": "New Hanover", "DCM_RO": "WILM", "NCDCM_ID": 17.0, "PHOTO": "WB38.png", "PRK_FEE": null, "DCM_Funded": "N", "CONTRACT_YR": null, "CONTRACT_NUM": null, "ACESS_TYPE": "Beach", "KayakCanoeLaunch": "No", "PARKING_OPTIONS": "On-Street Parking", "BeachWheelchair": "Y", "BWC_Info": "https://www.townofwrightsvillebeach.com/321/Accessibility", "PaidParkURL": "n/a", "WaterAccessTYPE": "Ocean", "BeachMat": null, "Land_Status": "Municipality", "NEAR_FID": 16.0, "NEAR_DIST": 222.77275287572132, "ACCESSIBILITY_NOTES": null, "LIFEGUARDS": null }, "geometry": { "type": "Point", "coordinates": [ -77.7870917589877, 34.217386933026198 ] } },
{ "type": "Feature", "properties": { "ACCESS_ID": "9", "OBJECTID": 14, "PLACE": "Wrightsville Beach", "ACCESS_LOC": "1700 N Lumina", "LOCL_SPONS": "Wrightsville Beach", "CAMA_SIGN": "Yes", "PARKING": 0.0, "DUNE_WALK": "Y", "OVERLOOK": "Yes", "HAND_DUNE": "Yes", "HAND_OVRLK": "Yes", "HAND_BEACH": "No", "HAND_PRKG": 0.0, "RESTRM": "N", "SHOWER": "N", "PIC_TABLE": "No", "VEH_ACCESS": " ", "BIKE_RACK": "No", "SURV_DATE": 1628679443071.0, "COMMENT_": " ", "PRKG_COMMENTS": null, "COUNTY": "New Hanover", "DCM_RO": "WILM", "NCDCM_ID": 16.0, "PHOTO": "WB39.png", "PRK_FEE": null, "DCM_Funded": "N", "CONTRACT_YR": null, "CONTRACT_NUM": null, "ACESS_TYPE": "Beach", "KayakCanoeLaunch": "No", "PARKING_OPTIONS": "On-Street Parking", "BeachWheelchair": "Y", "BWC_Info": "https://www.townofwrightsvillebeach.com/321/Accessibility", "PaidParkURL": "n/a", "WaterAccessTYPE": "Ocean", "BeachMat": null, "Land_Status": "Municipality", "NEAR_FID": 15.0, "NEAR_DIST": 622.53551498694264, "ACCESSIBILITY_NOTES": null, "LIFEGUARDS": null }, "geometry": { "type": "Point", "coordinates": [ -77.787742560563203, 34.219009780199201 ] } },
{ "type": "Feature", "properties": { "ACCESS_ID": "8", "OBJECTID": 13, "PLACE": "Wrightsville Beach", "ACCESS_LOC": "1800 North Lumina Ave", "LOCL_SPONS": "Wrightsville Beach", "CAMA_SIGN": "Yes", "PARKING": 59.0, "DUNE_WALK": "Y", "OVERLOOK": "No", "HAND_DUNE": "Y", "HAND_OVRLK": "No", "HAND_BEACH": "Y", "HAND_PRKG": 4.0, "RESTRM": "N", "SHOWER": "N", "PIC_TABLE": "No", "VEH_ACCESS": "E", "BIKE_RACK": "Yes", "SURV_DATE": 1628679443071.0, "COMMENT_": "Handicap accessible to beach", "PRKG_COMMENTS": null, "COUNTY": "New Hanover", "DCM_RO": "WILM", "NCDCM_ID": 15.0, "PHOTO": "WB40.png", "PRK_FEE": "Y", "DCM_Funded": "N", "CONTRACT_YR": null, "CONTRACT_NUM": null, "ACESS_TYPE": "Beach", "KayakCanoeLaunch": "No", "PARKING_OPTIONS": "Both Parking Options", "BeachWheelchair": "Y", "BWC_Info": "https://www.townofwrightsvillebeach.com/321/Accessibility", "PaidParkURL": "https://www.townofwrightsvillebeach.com/163/Parking/", "WaterAccessTYPE": "Ocean", "BeachMat": null, "Land_Status": "Municipality", "NEAR_FID": 14.0, "NEAR_DIST": 929.18456437857412, "ACCESSIBILITY_NOTES": null, "LIFEGUARDS": null }, "geometry": { "type": "Point", "coordinates": [ -77.785633347717194, 34.220866778959703 ] } },
{ "type": "Feature", "properties": { "ACCESS_ID": "7", "OBJECTID": 12, "PLACE": "Wrightsville Beach", "ACCESS_LOC": "2200 North Lumina Ave", "LOCL_SPONS": "Wrightsville Beach", "CAMA_SIGN": "Yes", "PARKING": 0.0, "DUNE_WALK": "N", "OVERLOOK": "No", "HAND_DUNE": "No", "HAND_OVRLK": "No", "HAND_BEACH": "No", "HAND_PRKG": 0.0, "RESTRM": "N", "SHOWER": "N", "PIC_TABLE": "No", "VEH_ACCESS": " ", "BIKE_RACK": "No", "SURV_DATE": 1628679443071.0, "COMMENT_": " ", "PRKG_COMMENTS": null, "COUNTY": "New Hanover", "DCM_RO": "WILM", "NCDCM_ID": 14.0, "PHOTO": "WB41.png", "PRK_FEE": null, "DCM_Funded": "N", "CONTRACT_YR": null, "CONTRACT_NUM": null, "ACESS_TYPE": "Beach", "KayakCanoeLaunch": "No", "PARKING_OPTIONS": "On-Street Parking", "BeachWheelchair": "Y", "BWC_Info": "https://www.townofwrightsvillebeach.com/321/Accessibility", "PaidParkURL": "n/a", "WaterAccessTYPE": "Ocean", "BeachMat": null, "Land_Status": "Municipality", "NEAR_FID": 11.0, "NEAR_DIST": 472.55572540380126, "ACCESSIBILITY_NOTES": null, "LIFEGUARDS": null }, "geometry": { "type": "Point", "coordinates": [ -77.784194855689705, 34.224960724356599 ] } },
{ "type": "Feature", "properties": { "ACCESS_ID": "6", "OBJECTID": 11, "PLACE": "Wrightsville Beach", "ACCESS_LOC": "South Ridge Lane", "LOCL_SPONS": "Wrightsville Beach", "CAMA_SIGN": "Yes", "PARKING": 0.0, "DUNE_WALK": "Y", "OVERLOOK": " ", "HAND_DUNE": "Y", "HAND_OVRLK": "No", "HAND_BEACH": "Y", "HAND_PRKG": 0.0, "RESTRM": "N", "SHOWER": "N", "PIC_TABLE": "No", "VEH_ACCESS": " ", "BIKE_RACK": "No", "SURV_DATE": 1628679443071.0, "COMMENT_": "Handicap accessible to beach", "PRKG_COMMENTS": null, "COUNTY": "New Hanover", "DCM_RO": "WILM", "NCDCM_ID": 13.0, "PHOTO": "WB42.png", "PRK_FEE": null, "DCM_Funded": "N", "CONTRACT_YR": null, "CONTRACT_NUM": null, "ACESS_TYPE": "Beach", "KayakCanoeLaunch": "No", "PARKING_OPTIONS": "No Parking", "BeachWheelchair": "Y", "BWC_Info": "https://www.townofwrightsvillebeach.com/321/Accessibility", "PaidParkURL": "n/a", "WaterAccessTYPE": "Ocean", "BeachMat": null, "Land_Status": "Municipality", "NEAR_FID": 10.0, "NEAR_DIST": 252.33172112153329, "ACCESSIBILITY_NOTES": null, "LIFEGUARDS": null }, "geometry": { "type": "Point", "coordinates": [ -77.782635586070697, 34.2250523347262 ] } },
{ "type": "Feature", "properties": { "ACCESS_ID": "5", "OBJECTID": 10, "PLACE": "Wrightsville Beach", "ACCESS_LOC": "North Ridge Lane", "LOCL_SPONS": "Wrightsville Beach", "CAMA_SIGN": "Yes", "PARKING": 0.0, "DUNE_WALK": "Y", "OVERLOOK": "No", "HAND_DUNE": "Y", "HAND_OVRLK": "No", "HAND_BEACH": "Y", "HAND_PRKG": 0.0, "RESTRM": "N", "SHOWER": "N", "PIC_TABLE": "No", "VEH_ACCESS": " ", "BIKE_RACK": "No", "SURV_DATE": 1628679443071.0, "COMMENT_": "Handicap accessible to beach", "PRKG_COMMENTS": null, "COUNTY": "New Hanover", "DCM_RO": "WILM", "NCDCM_ID": 12.0, "PHOTO": "WB43.png", "PRK_FEE": null, "DCM_Funded": "Y", "CONTRACT_YR": null, "CONTRACT_NUM": null, "ACESS_TYPE": "Beach", "KayakCanoeLaunch": "No", "PARKING_OPTIONS": "No Parking", "BeachWheelchair": "Y", "BWC_Info": "https://www.townofwrightsvillebeach.com/321/Accessibility", "PaidParkURL": "n/a", "WaterAccessTYPE": "Ocean", "BeachMat": null, "Land_Status": "Municipality", "NEAR_FID": 11.0, "NEAR_DIST": 252.33172112153329, "ACCESSIBILITY_NOTES": null, "LIFEGUARDS": null }, "geometry": { "type": "Point", "coordinates": [ -77.782228135425299, 34.2261634406184 ] } },
{ "type": "Feature", "properties": { "ACCESS_ID": "4", "OBJECTID": 9, "PLACE": "Wrightsville Beach", "ACCESS_LOC": "2398 North Lumina Ave", "LOCL_SPONS": "Wrightsville Beach", "CAMA_SIGN": "Yes", "PARKING": 99.0, "DUNE_WALK": "Y", "OVERLOOK": "Yes", "HAND_DUNE": "Y", "HAND_OVRLK": "Yes", "HAND_BEACH": "Y", "HAND_PRKG": 4.0, "RESTRM": "Y", "SHOWER": "Y", "PIC_TABLE": "No", "VEH_ACCESS": "No", "BIKE_RACK": "Yes", "SURV_DATE": 1628679443071.0, "COMMENT_": "Handicap accessible to beach", "PRKG_COMMENTS": "L-shaped lot", "COUNTY": "New Hanover", "DCM_RO": "WILM", "NCDCM_ID": 11.0, "PHOTO": "WB44.png", "PRK_FEE": "Y", "DCM_Funded": "Y", "CONTRACT_YR": null, "CONTRACT_NUM": null, "ACESS_TYPE": "Beach", "KayakCanoeLaunch": "No", "PARKING_OPTIONS": "Onsite Parking", "BeachWheelchair": "Y", "BWC_Info": "https://www.townofwrightsvillebeach.com/321/Accessibility", "PaidParkURL": "https://www.townofwrightsvillebeach.com/163/Parking/", "WaterAccessTYPE": "Ocean", "BeachMat": null, "Land_Status": "Municipality", "NEAR_FID": 10.0, "NEAR_DIST": 425.61666011142302, "ACCESSIBILITY_NOTES": null, "LIFEGUARDS": null }, "geometry": { "type": "Point", "coordinates": [ -77.782091982254698, 34.226859527918499 ] } },
{ "type": "Feature", "properties": { "ACCESS_ID": "3", "OBJECTID": 8, "PLACE": "Wrightsville Beach", "ACCESS_LOC": "2498 North Lumina Ave", "LOCL_SPONS": "Wrightsville Beach", "CAMA_SIGN": "Yes", "PARKING": 29.0, "DUNE_WALK": "Y", "OVERLOOK": "Yes", "HAND_DUNE": "Y", "HAND_OVRLK": "Yes", "HAND_BEACH": "Y", "HAND_PRKG": 2.0, "RESTRM": "N", "SHOWER": "N", "PIC_TABLE": "No", "VEH_ACCESS": " ", "BIKE_RACK": "No", "SURV_DATE": 1628679443071.0, "COMMENT_": "Handicap accessible to beach", "PRKG_COMMENTS": null, "COUNTY": "New Hanover", "DCM_RO": "WILM", "NCDCM_ID": 10.0, "PHOTO": "WB45.png", "PRK_FEE": "Y", "DCM_Funded": "N", "CONTRACT_YR": null, "CONTRACT_NUM": null, "ACESS_TYPE": "Beach", "KayakCanoeLaunch": "No", "PARKING_OPTIONS": "Onsite Parking", "BeachWheelchair": "Y", "BWC_Info": "https://www.townofwrightsvillebeach.com/321/Accessibility", "PaidParkURL": "https://www.townofwrightsvillebeach.com/163/Parking/", "WaterAccessTYPE": "Ocean", "BeachMat": null, "Land_Status": "Municipality", "NEAR_FID": 9.0, "NEAR_DIST": 1260.0374768752895, "ACCESSIBILITY_NOTES": null, "LIFEGUARDS": null }, "geometry": { "type": "Point", "coordinates": [ -77.779965853233506, 34.229837453129001 ] } },
{ "type": "Feature", "properties": { "ACCESS_ID": "2", "OBJECTID": 7, "PLACE": "Wrightsville Beach", "ACCESS_LOC": "2698 North Lumina Ave", "LOCL_SPONS": "Wrightsville Beach", "CAMA_SIGN": "Yes", "PARKING": 30.0, "DUNE_WALK": "Y", "OVERLOOK": "Yes", "HAND_DUNE": "Y", "HAND_OVRLK": "Yes", "HAND_BEACH": "Y", "HAND_PRKG": 2.0, "RESTRM": "Y", "SHOWER": "Y", "PIC_TABLE": "No", "VEH_ACCESS": "E", "BIKE_RACK": "No", "SURV_DATE": 1628679443071.0, "COMMENT_": "Handicap accessible to beach", "PRKG_COMMENTS": null, "COUNTY": "New Hanover", "DCM_RO": "WILM", "NCDCM_ID": 9.0, "PHOTO": "WB46.png", "PRK_FEE": "Y", "DCM_Funded": "N", "CONTRACT_YR": null, "CONTRACT_NUM": null, "ACESS_TYPE": "Beach", "KayakCanoeLaunch": "No", "PARKING_OPTIONS": "Onsite Parking", "BeachWheelchair": "Y", "BWC_Info": "https://www.townofwrightsvillebeach.com/321/Accessibility", "PaidParkURL": "https://www.townofwrightsvillebeach.com/163/Parking/", "WaterAccessTYPE": "Ocean", "BeachMat": null, "Land_Status": "Municipality", "NEAR_FID": 6.0, "NEAR_DIST": 728.75256391328048, "ACCESSIBILITY_NOTES": null, "LIFEGUARDS": null }, "geometry": { "type": "Point", "coordinates": [ -77.776120873374595, 34.234941473540196 ] } },
{ "type": "Feature", "properties": { "ACCESS_ID": "1", "OBJECTID": 6, "PLACE": "Wrightsville Beach", "ACCESS_LOC": "2702 North Lumina Ave", "LOCL_SPONS": "Wrightsville Beach", "CAMA_SIGN": "No", "PARKING": 0.0, "DUNE_WALK": "Y", "OVERLOOK": "N", "HAND_DUNE": "N", "HAND_OVRLK": "N", "HAND_BEACH": "N", "HAND_PRKG": 0.0, "RESTRM": "N", "SHOWER": "N", "PIC_TABLE": "N", "VEH_ACCESS": "No", "BIKE_RACK": "No", "SURV_DATE": 1628679443071.0, "COMMENT_": " ", "PRKG_COMMENTS": null, "COUNTY": "New Hanover", "DCM_RO": "WILM", "NCDCM_ID": 8.0, "PHOTO": "WB47.png", "PRK_FEE": null, "DCM_Funded": "N", "CONTRACT_YR": null, "CONTRACT_NUM": null, "ACESS_TYPE": "Beach", "KayakCanoeLaunch": "No", "PARKING_OPTIONS": "On-Street Parking", "BeachWheelchair": "Y", "BWC_Info": "https://www.townofwrightsvillebeach.com/321/Accessibility", "PaidParkURL": "n/a", "WaterAccessTYPE": "Ocean", "BeachMat": null, "Land_Status": "Municipality", "NEAR_FID": 7.0, "NEAR_DIST": 728.75256391328048, "ACCESSIBILITY_NOTES": null, "LIFEGUARDS": null }, "geometry": { "type": "Point", "coordinates": [ -77.774166500439094, 34.236113999637297 ] } },
{ "type": "Feature", "properties": { "ACCESS_ID": "O-20", "OBJECTID": 126, "PLACE": "Topsail Beach", "ACCESS_LOC": "Ocean and Godwin", "LOCL_SPONS": " ", "CAMA_SIGN": "Yes", "PARKING": 0.0, "DUNE_WALK": "Y", "OVERLOOK": "No", "HAND_DUNE": "No", "HAND_OVRLK": "No", "HAND_BEACH": "No", "HAND_PRKG": 0.0, "RESTRM": "N", "SHOWER": "N", "PIC_TABLE": "No", "VEH_ACCESS": " ", "BIKE_RACK": "No", "SURV_DATE": 1054080000000.0, "COMMENT_": " ", "PRKG_COMMENTS": null, "COUNTY": "Pender", "DCM_RO": "Wilmington Regional Office", "NCDCM_ID": 70.0, "PHOTO": "Local.png", "PRK_FEE": null, "DCM_Funded": "Y", "CONTRACT_YR": null, "CONTRACT_NUM": null, "ACESS_TYPE": "Beach", "KayakCanoeLaunch": "No", "PARKING_OPTIONS": "On-Street Parking", "BeachWheelchair": "Y", "BWC_Info": "https://topsailbeachnc.gov/Departments/Police/Beach-Wheelchair", "PaidParkURL": "n/a", "WaterAccessTYPE": "Ocean", "BeachMat": null, "Land_Status": "Municipality", "NEAR_FID": 125.0, "NEAR_DIST": 425.40184819510898, "ACCESSIBILITY_NOTES": null, "LIFEGUARDS": null }, "geometry": { "type": "Point", "coordinates": [ -77.648909623373598, 34.349194167001897 ] } },
{ "type": "Feature", "properties": { "ACCESS_ID": "O-19", "OBJECTID": 125, "PLACE": "Topsail Beach", "ACCESS_LOC": "Ocean and McLeod", "LOCL_SPONS": "Topsail Beach", "CAMA_SIGN": "Yes", "PARKING": 0.0, "DUNE_WALK": "Y", "OVERLOOK": "No", "HAND_DUNE": "No", "HAND_OVRLK": "No", "HAND_BEACH": "No", "HAND_PRKG": 0.0, "RESTRM": "N", "SHOWER": "N", "PIC_TABLE": "No", "VEH_ACCESS": " ", "BIKE_RACK": "No", "SURV_DATE": 1054080000000.0, "COMMENT_": " ", "PRKG_COMMENTS": null, "COUNTY": "Pender", "DCM_RO": "Wilmington Regional Office", "NCDCM_ID": 69.0, "PHOTO": "Local.png", "PRK_FEE": null, "DCM_Funded": "Y", "CONTRACT_YR": null, "CONTRACT_NUM": null, "ACESS_TYPE": "Beach", "KayakCanoeLaunch": "No", "PARKING_OPTIONS": "On-Street Parking", "BeachWheelchair": "Y", "BWC_Info": "https://topsailbeachnc.gov/Departments/Police/Beach-Wheelchair", "PaidParkURL": "n/a", "WaterAccessTYPE": "Ocean", "BeachMat": null, "Land_Status": "Municipality", "NEAR_FID": 124.0, "NEAR_DIST": 408.79710429307698, "ACCESSIBILITY_NOTES": null, "LIFEGUARDS": null }, "geometry": { "type": "Point", "coordinates": [ -77.647731693270003, 34.349835892919401 ] } },
{ "type": "Feature", "properties": { "ACCESS_ID": "South End", "OBJECTID": 918, "PLACE": "Topsail Beach", "ACCESS_LOC": null, "LOCL_SPONS": "Topsail Beach", "CAMA_SIGN": "No", "PARKING": 27.0, "DUNE_WALK": "N", "OVERLOOK": "N", "HAND_DUNE": "N", "HAND_OVRLK": "N", "HAND_BEACH": "N", "HAND_PRKG": 2.0, "RESTRM": "Y", "SHOWER": "N", "PIC_TABLE": "N", "VEH_ACCESS": "No", "BIKE_RACK": "N", "SURV_DATE": 1716370828152.0, "COMMENT_": null, "PRKG_COMMENTS": "Paid Parking", "COUNTY": "Pender", "DCM_RO": "WARO", "NCDCM_ID": null, "PHOTO": null, "PRK_FEE": "Y", "DCM_Funded": "Y", "CONTRACT_YR": null, "CONTRACT_NUM": null, "ACESS_TYPE": null, "KayakCanoeLaunch": "N", "PARKING_OPTIONS": "Onsite Parking", "BeachWheelchair": "N", "BWC_Info": null, "PaidParkURL": "https://topsailbeachnc.gov/About-Topsail-Beach/News/ID/54/FAQs-for-the-%E2%80%9CSurfCAST-by-Otto-Connect%E2%80%9D-mobile-app-for-Topsail-Beach-parking", "WaterAccessTYPE": "Both", "BeachMat": "No", "Land_Status": "Municipality", "NEAR_FID": null, "NEAR_DIST": null, "ACCESSIBILITY_NOTES": null, "LIFEGUARDS": null }, "geometry": { "type": "Point", "coordinates": [ -77.653274699345701, 34.350035403538499 ] } },
{ "type": "Feature", "properties": { "ACCESS_ID": "Boryk Ave (O-18)", "OBJECTID": 124, "PLACE": "Topsail Beach", "ACCESS_LOC": "Ocean and Boryk", "LOCL_SPONS": "Topsail Beach", "CAMA_SIGN": "Yes", "PARKING": 0.0, "DUNE_WALK": "Y", "OVERLOOK": "No", "HAND_DUNE": "Y", "HAND_OVRLK": "No", "HAND_BEACH": "Y", "HAND_PRKG": 0.0, "RESTRM": "N", "SHOWER": "N", "PIC_TABLE": "No", "VEH_ACCESS": " ", "BIKE_RACK": "No", "SURV_DATE": 1054080000000.0, "COMMENT_": "Handicap accessible to beach", "PRKG_COMMENTS": null, "COUNTY": "Pender", "DCM_RO": "Wilmington Regional Office", "NCDCM_ID": 68.0, "PHOTO": "Local.png", "PRK_FEE": null, "DCM_Funded": "Y", "CONTRACT_YR": null, "CONTRACT_NUM": null, "ACESS_TYPE": "Beach", "KayakCanoeLaunch": "No", "PARKING_OPTIONS": "On-Street Parking", "BeachWheelchair": "Y", "BWC_Info": "https://topsailbeachnc.gov/Departments/Police/Beach-Wheelchair", "PaidParkURL": "n/a", "WaterAccessTYPE": "Ocean", "BeachMat": null, "Land_Status": "Municipality", "NEAR_FID": 123.0, "NEAR_DIST": 341.9694764652458, "ACCESSIBILITY_NOTES": null, "LIFEGUARDS": null }, "geometry": { "type": "Point", "coordinates": [ -77.646774603651494, 34.350630620555002 ] } },
{ "type": "Feature", "properties": { "ACCESS_ID": "Trout Ave (O-17)", "OBJECTID": 123, "PLACE": "Topsail Beach", "ACCESS_LOC": "Ocean and Trout", "LOCL_SPONS": " ", "CAMA_SIGN": "Yes", "PARKING": 0.0, "DUNE_WALK": "Y", "OVERLOOK": "No", "HAND_DUNE": "No", "HAND_OVRLK": "No", "HAND_BEACH": "No", "HAND_PRKG": 0.0, "RESTRM": "N", "SHOWER": "N", "PIC_TABLE": "No", "VEH_ACCESS": " ", "BIKE_RACK": "No", "SURV_DATE": 1054080000000.0, "COMMENT_": " ", "PRKG_COMMENTS": null, "COUNTY": "Pender", "DCM_RO": "Wilmington Regional Office", "NCDCM_ID": 67.0, "PHOTO": "Local.png", "PRK_FEE": null, "DCM_Funded": "Y", "CONTRACT_YR": null, "CONTRACT_NUM": null, "ACESS_TYPE": "Beach", "KayakCanoeLaunch": "No", "PARKING_OPTIONS": "On-Street Parking", "BeachWheelchair": "Y", "BWC_Info": "https://topsailbeachnc.gov/Departments/Police/Beach-Wheelchair", "PaidParkURL": "n/a", "WaterAccessTYPE": "Ocean", "BeachMat": null, "Land_Status": "Municipality", "NEAR_FID": 124.0, "NEAR_DIST": 341.9694764652458, "ACCESSIBILITY_NOTES": null, "LIFEGUARDS": null }, "geometry": { "type": "Point", "coordinates": [ -77.645743960072394, 34.351020785212498 ] } },
{ "type": "Feature", "properties": { "ACCESS_ID": "Ocean Blvd (O-16)", "OBJECTID": 1, "PLACE": "Topsail Beach", "ACCESS_LOC": "Ocean and Florida", "LOCL_SPONS": "Topsail Beach", "CAMA_SIGN": "Yes", "PARKING": 0.0, "DUNE_WALK": "Y", "OVERLOOK": "No", "HAND_DUNE": "Y", "HAND_OVRLK": "No", "HAND_BEACH": "Y", "HAND_PRKG": 0.0, "RESTRM": "Y", "SHOWER": "N", "PIC_TABLE": "No", "VEH_ACCESS": "No", "BIKE_RACK": "No", "SURV_DATE": 1778630400000.0, "COMMENT_": "Handicap accessible to beach", "PRKG_COMMENTS": " ", "COUNTY": "Pender", "DCM_RO": "Wilmington Regional Office", "NCDCM_ID": 1.0, "PHOTO": "Local.png", "PRK_FEE": null, "DCM_Funded": "N", "CONTRACT_YR": null, "CONTRACT_NUM": null, "ACESS_TYPE": "Beach", "KayakCanoeLaunch": "No", "PARKING_OPTIONS": "On-Street Parking", "BeachWheelchair": "Y", "BWC_Info": "https://topsailbeachnc.gov/Departments/Police/Beach-Wheelchair", "PaidParkURL": "n/a", "WaterAccessTYPE": "Ocean", "BeachMat": "Yes, Summer Only", "Land_Status": "Municipality", "NEAR_FID": 123.0, "NEAR_DIST": 792.49049151104271, "ACCESSIBILITY_NOTES": null, "LIFEGUARDS": null }, "geometry": { "type": "Point", "coordinates": [ -77.644213463491894, 34.352790089795398 ] } },
{ "type": "Feature", "properties": { "ACCESS_ID": "Smith Ave (O-15)", "OBJECTID": 122, "PLACE": "Topsail Beach", "ACCESS_LOC": "Anderson and Smith", "LOCL_SPONS": "Topsail Beach", "CAMA_SIGN": "Yes", "PARKING": 6.0, "DUNE_WALK": "Y", "OVERLOOK": "No", "HAND_DUNE": "No", "HAND_OVRLK": "No", "HAND_BEACH": "No", "HAND_PRKG": null, "RESTRM": "N", "SHOWER": "N", "PIC_TABLE": "No", "VEH_ACCESS": " ", "BIKE_RACK": "No", "SURV_DATE": 1054080000000.0, "COMMENT_": " ", "PRKG_COMMENTS": null, "COUNTY": "Pender", "DCM_RO": "Wilmington Regional Office", "NCDCM_ID": 66.0, "PHOTO": "Neighborhood.png", "PRK_FEE": "No", "DCM_Funded": "Y", "CONTRACT_YR": null, "CONTRACT_NUM": null, "ACESS_TYPE": "Beach", "KayakCanoeLaunch": "No", "PARKING_OPTIONS": "Both Parking Options", "BeachWheelchair": "Y", "BWC_Info": "https://topsailbeachnc.gov/Departments/Police/Beach-Wheelchair", "PaidParkURL": "n/a", "WaterAccessTYPE": "Ocean", "BeachMat": null, "Land_Status": "Municipality", "NEAR_FID": 886.0, "NEAR_DIST": 513.48331766826652, "ACCESSIBILITY_NOTES": null, "LIFEGUARDS": null }, "geometry": { "type": "Point", "coordinates": [ -77.6405823923036, 34.355840075660602 ] } },
{ "type": "Feature", "properties": { "ACCESS_ID": "Smith Avenue Soundside Access\r\n", "OBJECTID": 886, "PLACE": "Topsail Beach", "ACCESS_LOC": "Carolina Blvd & Smith Ave", "LOCL_SPONS": "Topdail Beach", "CAMA_SIGN": "No", "PARKING": 3.0, "DUNE_WALK": "N", "OVERLOOK": "N", "HAND_DUNE": "N", "HAND_OVRLK": "N", "HAND_BEACH": "N", "HAND_PRKG": 0.0, "RESTRM": "N", "SHOWER": "N", "PIC_TABLE": "N", "VEH_ACCESS": "No", "BIKE_RACK": "N", "SURV_DATE": 1657880691000.0, "COMMENT_": null, "PRKG_COMMENTS": null, "COUNTY": "Pender", "DCM_RO": "WILM", "NCDCM_ID": null, "PHOTO": null, "PRK_FEE": "N", "DCM_Funded": "Y", "CONTRACT_YR": null, "CONTRACT_NUM": null, "ACESS_TYPE": "Shoreline", "KayakCanoeLaunch": "N", "PARKING_OPTIONS": "Onsite Parking", "BeachWheelchair": "Y", "BWC_Info": "https://topsailbeachnc.gov/Departments/Police/Beach-Wheelchair", "PaidParkURL": "n/a", "WaterAccessTYPE": "Estuarine", "BeachMat": null, "Land_Status": "Municipality", "NEAR_FID": 122.0, "NEAR_DIST": 513.48331766826652, "ACCESSIBILITY_NOTES": null, "LIFEGUARDS": null }, "geometry": { "type": "Point", "coordinates": [ -77.641823355006693, 34.356805206502699 ] } },
{ "type": "Feature", "properties": { "ACCESS_ID": "Darden Ave (O-14)", "OBJECTID": 121, "PLACE": "Topsail Beach", "ACCESS_LOC": "Anderson and Darden", "LOCL_SPONS": " ", "CAMA_SIGN": "Yes", "PARKING": 6.0, "DUNE_WALK": "Y", "OVERLOOK": "No", "HAND_DUNE": "Y", "HAND_OVRLK": "No", "HAND_BEACH": "Y", "HAND_PRKG": null, "RESTRM": "N", "SHOWER": "N", "PIC_TABLE": "No", "VEH_ACCESS": " ", "BIKE_RACK": "No", "SURV_DATE": 1612915200000.0, "COMMENT_": " ", "PRKG_COMMENTS": null, "COUNTY": "Pender", "DCM_RO": "Wilmington Regional Office", "NCDCM_ID": 65.0, "PHOTO": "Neighborhood.png", "PRK_FEE": "No", "DCM_Funded": "Y", "CONTRACT_YR": "2014-15", "CONTRACT_NUM": null, "ACESS_TYPE": "Beach", "KayakCanoeLaunch": "No", "PARKING_OPTIONS": "Both Parking Options", "BeachWheelchair": "Y", "BWC_Info": "https://topsailbeachnc.gov/Departments/Police/Beach-Wheelchair", "PaidParkURL": "n/a", "WaterAccessTYPE": "Ocean", "BeachMat": "Yes, Summer Only", "Land_Status": "Municipality", "NEAR_FID": 120.0, "NEAR_DIST": 774.52031394357368, "ACCESSIBILITY_NOTES": null, "LIFEGUARDS": null }, "geometry": { "type": "Point", "coordinates": [ -77.638053455890201, 34.357983598276498 ] } },
{ "type": "Feature", "properties": { "ACCESS_ID": "O-13", "OBJECTID": 120, "PLACE": "Topsail Beach", "ACCESS_LOC": "Anderson and Crocker", "LOCL_SPONS": " ", "CAMA_SIGN": "Yes", "PARKING": 6.0, "DUNE_WALK": "Y", "OVERLOOK": "No", "HAND_DUNE": "No", "HAND_OVRLK": "No", "HAND_BEACH": "No", "HAND_PRKG": null, "RESTRM": "N", "SHOWER": "N", "PIC_TABLE": "No", "VEH_ACCESS": " ", "BIKE_RACK": "No", "SURV_DATE": 1054080000000.0, "COMMENT_": " ", "PRKG_COMMENTS": null, "COUNTY": "Pender", "DCM_RO": "Wilmington Regional Office", "NCDCM_ID": 64.0, "PHOTO": "Neighborhood.png", "PRK_FEE": "No", "DCM_Funded": "Y", "CONTRACT_YR": null, "CONTRACT_NUM": null, "ACESS_TYPE": "Beach", "KayakCanoeLaunch": "No", "PARKING_OPTIONS": "Both Parking Options", "BeachWheelchair": "Y", "BWC_Info": "https://topsailbeachnc.gov/Departments/Police/Beach-Wheelchair", "PaidParkURL": "n/a", "WaterAccessTYPE": "Ocean", "BeachMat": null, "Land_Status": "Municipality", "NEAR_FID": 119.0, "NEAR_DIST": 725.30784887952177, "ACCESSIBILITY_NOTES": null, "LIFEGUARDS": null }, "geometry": { "type": "Point", "coordinates": [ -77.636264995242598, 34.3595097923818 ] } },
{ "type": "Feature", "properties": { "ACCESS_ID": "O-12", "OBJECTID": 119, "PLACE": "Topsail Beach", "ACCESS_LOC": "Anderson and Scott", "LOCL_SPONS": " ", "CAMA_SIGN": "Yes", "PARKING": 6.0, "DUNE_WALK": "Y", "OVERLOOK": "No", "HAND_DUNE": "No", "HAND_OVRLK": "No", "HAND_BEACH": "No", "HAND_PRKG": null, "RESTRM": "N", "SHOWER": "N", "PIC_TABLE": "No", "VEH_ACCESS": " ", "BIKE_RACK": "Yes", "SURV_DATE": 1054080000000.0, "COMMENT_": " ", "PRKG_COMMENTS": null, "COUNTY": "Pender", "DCM_RO": "Wilmington Regional Office", "NCDCM_ID": 63.0, "PHOTO": "Neighborhood.png", "PRK_FEE": "No", "DCM_Funded": "Y", "CONTRACT_YR": null, "CONTRACT_NUM": null, "ACESS_TYPE": "Beach", "KayakCanoeLaunch": "No", "PARKING_OPTIONS": "Both Parking Options", "BeachWheelchair": "Y", "BWC_Info": "https://topsailbeachnc.gov/Departments/Police/Beach-Wheelchair", "PaidParkURL": "n/a", "WaterAccessTYPE": "Ocean", "BeachMat": null, "Land_Status": "Municipality", "NEAR_FID": 120.0, "NEAR_DIST": 725.30784887952177, "ACCESSIBILITY_NOTES": null, "LIFEGUARDS": null }, "geometry": { "type": "Point", "coordinates": [ -77.634429361069905, 34.360796065562901 ] } },
{ "type": "Feature", "properties": { "ACCESS_ID": "Hines Ave (O-11)", "OBJECTID": 118, "PLACE": "Topsail Beach", "ACCESS_LOC": "Anderson and Hines", "LOCL_SPONS": "Topsail Beach", "CAMA_SIGN": "Yes", "PARKING": 6.0, "DUNE_WALK": "Y", "OVERLOOK": "No", "HAND_DUNE": "Yes", "HAND_OVRLK": "No", "HAND_BEACH": "No", "HAND_PRKG": null, "RESTRM": "N", "SHOWER": "N", "PIC_TABLE": "No", "VEH_ACCESS": " ", "BIKE_RACK": "Yes", "SURV_DATE": 1054080000000.0, "COMMENT_": " ", "PRKG_COMMENTS": null, "COUNTY": "Pender", "DCM_RO": "Wilmington Regional Office", "NCDCM_ID": 62.0, "PHOTO": "Neighborhood.png", "PRK_FEE": "No", "DCM_Funded": "Y", "CONTRACT_YR": null, "CONTRACT_NUM": null, "ACESS_TYPE": "Beach", "KayakCanoeLaunch": "No", "PARKING_OPTIONS": "Both Parking Options", "BeachWheelchair": "Y", "BWC_Info": "https://topsailbeachnc.gov/Departments/Police/Beach-Wheelchair", "PaidParkURL": "n/a", "WaterAccessTYPE": "Ocean", "BeachMat": null, "Land_Status": "Municipality", "NEAR_FID": 893.0, "NEAR_DIST": 639.42422968445123, "ACCESSIBILITY_NOTES": null, "LIFEGUARDS": null }, "geometry": { "type": "Point", "coordinates": [ -77.631668612462605, 34.3631468972481 ] } },
{ "type": "Feature", "properties": { "ACCESS_ID": "O-10", "OBJECTID": 117, "PLACE": "Topsail Beach", "ACCESS_LOC": "Anderson and Crews", "LOCL_SPONS": " ", "CAMA_SIGN": "Yes", "PARKING": 6.0, "DUNE_WALK": "Y", "OVERLOOK": "No", "HAND_DUNE": "No", "HAND_OVRLK": "No", "HAND_BEACH": "No", "HAND_PRKG": null, "RESTRM": "N", "SHOWER": "N", "PIC_TABLE": "No", "VEH_ACCESS": "E", "BIKE_RACK": "Yes", "SURV_DATE": 1054080000000.0, "COMMENT_": " ", "PRKG_COMMENTS": null, "COUNTY": "Pender", "DCM_RO": "Wilmington Regional Office", "NCDCM_ID": 61.0, "PHOTO": "Neighborhood.png", "PRK_FEE": "No", "DCM_Funded": "Y", "CONTRACT_YR": null, "CONTRACT_NUM": null, "ACESS_TYPE": "Beach", "KayakCanoeLaunch": "No", "PARKING_OPTIONS": "Both Parking Options", "BeachWheelchair": "Y", "BWC_Info": "https://topsailbeachnc.gov/Departments/Police/Beach-Wheelchair", "PaidParkURL": "n/a", "WaterAccessTYPE": "Ocean", "BeachMat": null, "Land_Status": "Municipality", "NEAR_FID": 893.0, "NEAR_DIST": 454.6690250780801, "ACCESSIBILITY_NOTES": null, "LIFEGUARDS": null }, "geometry": { "type": "Point", "coordinates": [ -77.629579578227194, 34.364824906642703 ] } },
{ "type": "Feature", "properties": { "ACCESS_ID": "Bush Marina", "OBJECTID": 893, "PLACE": "Topsail Beach", "ACCESS_LOC": "912 S. Anderson Blvd.", "LOCL_SPONS": "Topsail Beach", "CAMA_SIGN": null, "PARKING": null, "DUNE_WALK": "N", "OVERLOOK": null, "HAND_DUNE": null, "HAND_OVRLK": null, "HAND_BEACH": null, "HAND_PRKG": null, "RESTRM": null, "SHOWER": null, "PIC_TABLE": "N", "VEH_ACCESS": null, "BIKE_RACK": null, "SURV_DATE": null, "COMMENT_": null, "PRKG_COMMENTS": null, "COUNTY": null, "DCM_RO": null, "NCDCM_ID": null, "PHOTO": null, "PRK_FEE": "N", "DCM_Funded": "Y", "CONTRACT_YR": null, "CONTRACT_NUM": null, "ACESS_TYPE": "Shoreline", "KayakCanoeLaunch": null, "PARKING_OPTIONS": null, "BeachWheelchair": "Y", "BWC_Info": "https://topsailbeachnc.gov/Departments/Police/Beach-Wheelchair", "PaidParkURL": "n/a", "WaterAccessTYPE": "Estuarine", "BeachMat": null, "Land_Status": "Municipality", "NEAR_FID": 117.0, "NEAR_DIST": 454.6690250780801, "ACCESSIBILITY_NOTES": null, "LIFEGUARDS": null }, "geometry": { "type": "Point", "coordinates": [ -77.631086068972806, 34.364836147850703 ] } },
{ "type": "Feature", "properties": { "ACCESS_ID": "Riverside Park", "OBJECTID": 877, "PLACE": "Castle Hayne", "ACCESS_LOC": "Terminus of Old Bridge Site Rd", "LOCL_SPONS": "New Hanover ", "CAMA_SIGN": "No", "PARKING": 20.0, "DUNE_WALK": "N", "OVERLOOK": "N", "HAND_DUNE": "N", "HAND_OVRLK": "N", "HAND_BEACH": "N", "HAND_PRKG": 2.0, "RESTRM": null, "SHOWER": "N", "PIC_TABLE": "Y", "VEH_ACCESS": "No", "BIKE_RACK": null, "SURV_DATE": 1657798387000.0, "COMMENT_": "Boat Launch for jon boats and kayaks", "PRKG_COMMENTS": "Gravel Parking Lot", "COUNTY": "New Hanover", "DCM_RO": "WILM", "NCDCM_ID": null, "PHOTO": null, "PRK_FEE": "N", "DCM_Funded": "Y", "CONTRACT_YR": null, "CONTRACT_NUM": null, "ACESS_TYPE": "Shoreline", "KayakCanoeLaunch": "Y", "PARKING_OPTIONS": "Onsite Parking", "BeachWheelchair": "N", "BWC_Info": null, "PaidParkURL": "n/a", "WaterAccessTYPE": "Estuarine", "BeachMat": null, "Land_Status": "County", "NEAR_FID": 216.0, "NEAR_DIST": 49050.139003985278, "ACCESSIBILITY_NOTES": null, "LIFEGUARDS": null }, "geometry": { "type": "Point", "coordinates": [ -77.900300805741594, 34.371640606057497 ] } },
{ "type": "Feature", "properties": { "ACCESS_ID": "Davis Ave (O-9)", "OBJECTID": 58, "PLACE": "Topsail Beach", "ACCESS_LOC": "Anderson and Davis", "LOCL_SPONS": " Topsail Beach", "CAMA_SIGN": "Yes", "PARKING": 6.0, "DUNE_WALK": "Y", "OVERLOOK": "No", "HAND_DUNE": "No", "HAND_OVRLK": "No", "HAND_BEACH": "No", "HAND_PRKG": null, "RESTRM": "Y", "SHOWER": "N", "PIC_TABLE": "No", "VEH_ACCESS": " ", "BIKE_RACK": "Yes", "SURV_DATE": 1657756800000.0, "COMMENT_": " ", "PRKG_COMMENTS": null, "COUNTY": "Pender", "DCM_RO": "Wilmington Regional Office", "NCDCM_ID": 60.0, "PHOTO": "Neighborhood.png", "PRK_FEE": "No", "DCM_Funded": "Y", "CONTRACT_YR": null, "CONTRACT_NUM": null, "ACESS_TYPE": "Beach", "KayakCanoeLaunch": "No", "PARKING_OPTIONS": "Both Parking Options", "BeachWheelchair": "Y", "BWC_Info": "https://topsailbeachnc.gov/Departments/Police/Beach-Wheelchair", "PaidParkURL": "n/a", "WaterAccessTYPE": "Ocean", "BeachMat": null, "Land_Status": "Municipality", "NEAR_FID": 57.0, "NEAR_DIST": 885.32097455242933, "ACCESSIBILITY_NOTES": null, "LIFEGUARDS": null }, "geometry": { "type": "Point", "coordinates": [ -77.626789622561802, 34.3670503360608 ] } },
{ "type": "Feature", "properties": { "ACCESS_ID": "O-8", "OBJECTID": 57, "PLACE": "Topsail Beach", "ACCESS_LOC": "Anderson and Haywood", "LOCL_SPONS": " ", "CAMA_SIGN": "Yes", "PARKING": 5.0, "DUNE_WALK": "Y", "OVERLOOK": "No", "HAND_DUNE": "No", "HAND_OVRLK": "No", "HAND_BEACH": "No", "HAND_PRKG": null, "RESTRM": "N", "SHOWER": "N", "PIC_TABLE": "No", "VEH_ACCESS": " ", "BIKE_RACK": "Yes", "SURV_DATE": 1054080000000.0, "COMMENT_": " ", "PRKG_COMMENTS": null, "COUNTY": "Pender", "DCM_RO": "Wilmington Regional Office", "NCDCM_ID": 59.0, "PHOTO": "Neighborhood.png", "PRK_FEE": "No", "DCM_Funded": "Y", "CONTRACT_YR": null, "CONTRACT_NUM": null, "ACESS_TYPE": "Beach", "KayakCanoeLaunch": "No", "PARKING_OPTIONS": "Both Parking Options", "BeachWheelchair": "Y", "BWC_Info": "https://topsailbeachnc.gov/Departments/Police/Beach-Wheelchair", "PaidParkURL": "n/a", "WaterAccessTYPE": "Ocean", "BeachMat": null, "Land_Status": "Municipality", "NEAR_FID": 58.0, "NEAR_DIST": 885.32097455242933, "ACCESSIBILITY_NOTES": null, "LIFEGUARDS": null }, "geometry": { "type": "Point", "coordinates": [ -77.625021071055897, 34.368991212454702 ] } },
{ "type": "Feature", "properties": { "ACCESS_ID": "Empire Ave (O-7)", "OBJECTID": 56, "PLACE": "Topsail Beach", "ACCESS_LOC": "Anderson and Empie", "LOCL_SPONS": " ", "CAMA_SIGN": "Yes", "PARKING": 4.0, "DUNE_WALK": "Y", "OVERLOOK": "No", "HAND_DUNE": "No", "HAND_OVRLK": "No", "HAND_BEACH": "No", "HAND_PRKG": null, "RESTRM": "N", "SHOWER": "N", "PIC_TABLE": "No", "VEH_ACCESS": " ", "BIKE_RACK": "Yes", "SURV_DATE": 1054080000000.0, "COMMENT_": " ", "PRKG_COMMENTS": null, "COUNTY": "Pender", "DCM_RO": "Wilmington Regional Office", "NCDCM_ID": 58.0, "PHOTO": "Local.png", "PRK_FEE": "No", "DCM_Funded": "Y", "CONTRACT_YR": null, "CONTRACT_NUM": null, "ACESS_TYPE": "Beach", "KayakCanoeLaunch": "No", "PARKING_OPTIONS": "Both Parking Options", "BeachWheelchair": "Y", "BWC_Info": "https://topsailbeachnc.gov/Departments/Police/Beach-Wheelchair", "PaidParkURL": "n/a", "WaterAccessTYPE": "Ocean", "BeachMat": null, "Land_Status": "Municipality", "NEAR_FID": 55.0, "NEAR_DIST": 606.43528870490081, "ACCESSIBILITY_NOTES": null, "LIFEGUARDS": null }, "geometry": { "type": "Point", "coordinates": [ -77.622809942735998, 34.370862953793299 ] } },
{ "type": "Feature", "properties": { "ACCESS_ID": "Rocky Mount (#O-6)", "OBJECTID": 55, "PLACE": "Topsail Beach", "ACCESS_LOC": "Rocky Mount and Anderson Blvd", "LOCL_SPONS": "Topsail Beach", "CAMA_SIGN": "Yes", "PARKING": 5.0, "DUNE_WALK": "Y", "OVERLOOK": "No", "HAND_DUNE": "No", "HAND_OVRLK": "No", "HAND_BEACH": "No", "HAND_PRKG": null, "RESTRM": "N", "SHOWER": "N", "PIC_TABLE": "No", "VEH_ACCESS": "No", "BIKE_RACK": "N", "SURV_DATE": 1657756800000.0, "COMMENT_": " ", "PRKG_COMMENTS": null, "COUNTY": "Pender", "DCM_RO": "Wilmington Regional Office", "NCDCM_ID": 57.0, "PHOTO": "Neighborhood.png", "PRK_FEE": "No", "DCM_Funded": "Y", "CONTRACT_YR": null, "CONTRACT_NUM": null, "ACESS_TYPE": "Beach", "KayakCanoeLaunch": "No", "PARKING_OPTIONS": "Both Parking Options", "BeachWheelchair": "Y", "BWC_Info": "https://topsailbeachnc.gov/Departments/Police/Beach-Wheelchair", "PaidParkURL": "n/a", "WaterAccessTYPE": "Ocean", "BeachMat": null, "Land_Status": "Municipality", "NEAR_FID": 54.0, "NEAR_DIST": 588.30017258007081, "ACCESSIBILITY_NOTES": null, "LIFEGUARDS": null }, "geometry": { "type": "Point", "coordinates": [ -77.621299660717199, 34.371962212982297 ] } },
{ "type": "Feature", "properties": { "ACCESS_ID": "Barwick Ave (#O-5)", "OBJECTID": 54, "PLACE": "Topsail Beach", "ACCESS_LOC": "Anderson and Barwick", "LOCL_SPONS": "Topsail Beach", "CAMA_SIGN": "Yes", "PARKING": 6.0, "DUNE_WALK": "Y", "OVERLOOK": "No", "HAND_DUNE": "No", "HAND_OVRLK": "No", "HAND_BEACH": "No", "HAND_PRKG": null, "RESTRM": "N", "SHOWER": "N", "PIC_TABLE": "No", "VEH_ACCESS": "No", "BIKE_RACK": "Yes", "SURV_DATE": 1657756800000.0, "COMMENT_": " ", "PRKG_COMMENTS": null, "COUNTY": "Pender", "DCM_RO": "Wilmington Regional Office", "NCDCM_ID": 56.0, "PHOTO": "Neighborhood.png", "PRK_FEE": "No", "DCM_Funded": "Y", "CONTRACT_YR": null, "CONTRACT_NUM": null, "ACESS_TYPE": "Beach", "KayakCanoeLaunch": "No", "PARKING_OPTIONS": "Both Parking Options", "BeachWheelchair": "Y", "BWC_Info": "https://topsailbeachnc.gov/Departments/Police/Beach-Wheelchair", "PaidParkURL": "n/a", "WaterAccessTYPE": "Ocean", "BeachMat": null, "Land_Status": "Municipality", "NEAR_FID": 55.0, "NEAR_DIST": 588.30017258007081, "ACCESSIBILITY_NOTES": null, "LIFEGUARDS": null }, "geometry": { "type": "Point", "coordinates": [ -77.620091438136697, 34.373230832525898 ] } },
{ "type": "Feature", "properties": { "ACCESS_ID": "Gaye Ave (#O-4)", "OBJECTID": 53, "PLACE": "Topsail Beach", "ACCESS_LOC": "Anderson and Gaye", "LOCL_SPONS": "Topsail Beach", "CAMA_SIGN": "Yes", "PARKING": 0.0, "DUNE_WALK": "Y", "OVERLOOK": "No", "HAND_DUNE": "No", "HAND_OVRLK": "No", "HAND_BEACH": "No", "HAND_PRKG": 0.0, "RESTRM": "N", "SHOWER": "N", "PIC_TABLE": "No", "VEH_ACCESS": "No", "BIKE_RACK": "N", "SURV_DATE": 1657756800000.0, "COMMENT_": " ", "PRKG_COMMENTS": null, "COUNTY": "Pender", "DCM_RO": "Wilmington Regional Office", "NCDCM_ID": 55.0, "PHOTO": "Local.png", "PRK_FEE": null, "DCM_Funded": "N", "CONTRACT_YR": null, "CONTRACT_NUM": null, "ACESS_TYPE": "Beach", "KayakCanoeLaunch": "No", "PARKING_OPTIONS": "No Parking", "BeachWheelchair": "Y", "BWC_Info": "https://topsailbeachnc.gov/Departments/Police/Beach-Wheelchair", "PaidParkURL": "n/a", "WaterAccessTYPE": "Ocean", "BeachMat": null, "Land_Status": "Municipality", "NEAR_FID": 883.0, "NEAR_DIST": 901.18184804223392, "ACCESSIBILITY_NOTES": null, "LIFEGUARDS": null }, "geometry": { "type": "Point", "coordinates": [ -77.611428149594502, 34.379737989428797 ] } },
{ "type": "Feature", "properties": { "ACCESS_ID": "#0-3", "OBJECTID": 883, "PLACE": "Topsail Beach", "ACCESS_LOC": "915 N Anderson Blvd", "LOCL_SPONS": "Topsail Beach", "CAMA_SIGN": "Yes", "PARKING": 0.0, "DUNE_WALK": "Y", "OVERLOOK": "N", "HAND_DUNE": "N", "HAND_OVRLK": "N", "HAND_BEACH": "N", "HAND_PRKG": 0.0, "RESTRM": "N", "SHOWER": "N", "PIC_TABLE": "N", "VEH_ACCESS": "No", "BIKE_RACK": "N", "SURV_DATE": 1657813020000.0, "COMMENT_": null, "PRKG_COMMENTS": null, "COUNTY": "Pender", "DCM_RO": "WILM", "NCDCM_ID": null, "PHOTO": null, "PRK_FEE": null, "DCM_Funded": "N", "CONTRACT_YR": null, "CONTRACT_NUM": null, "ACESS_TYPE": "Beach", "KayakCanoeLaunch": "N", "PARKING_OPTIONS": "No Parking", "BeachWheelchair": "Y", "BWC_Info": "https://topsailbeachnc.gov/Departments/Police/Beach-Wheelchair", "PaidParkURL": "n/a", "WaterAccessTYPE": "Ocean", "BeachMat": null, "Land_Status": "Municipality", "NEAR_FID": 53.0, "NEAR_DIST": 901.18184804223392, "ACCESSIBILITY_NOTES": null, "LIFEGUARDS": null }, "geometry": { "type": "Point", "coordinates": [ -77.609240552791604, 34.381423822875597 ] } },
{ "type": "Feature", "properties": { "ACCESS_ID": "Sunset Ave (#0-2A)", "OBJECTID": 52, "PLACE": "Topsail Beach", "ACCESS_LOC": "Sunset and Anderson Blvd", "LOCL_SPONS": "Topsail Beach", "CAMA_SIGN": "Yes", "PARKING": 0.0, "DUNE_WALK": "Y", "OVERLOOK": "No", "HAND_DUNE": "No", "HAND_OVRLK": "No", "HAND_BEACH": "No", "HAND_PRKG": 0.0, "RESTRM": "N", "SHOWER": "N", "PIC_TABLE": "No", "VEH_ACCESS": "No", "BIKE_RACK": "Yes", "SURV_DATE": 1657756800000.0, "COMMENT_": " ", "PRKG_COMMENTS": null, "COUNTY": "Pender", "DCM_RO": "Wilmington Regional Office", "NCDCM_ID": 54.0, "PHOTO": "Local.png", "PRK_FEE": null, "DCM_Funded": "Y", "CONTRACT_YR": null, "CONTRACT_NUM": null, "ACESS_TYPE": "Beach", "KayakCanoeLaunch": "No", "PARKING_OPTIONS": "No Parking", "BeachWheelchair": "Y", "BWC_Info": "https://topsailbeachnc.gov/Departments/Police/Beach-Wheelchair", "PaidParkURL": "n/a", "WaterAccessTYPE": "Ocean", "BeachMat": null, "Land_Status": "Municipality", "NEAR_FID": 883.0, "NEAR_DIST": 1199.4306425624873, "ACCESSIBILITY_NOTES": null, "LIFEGUARDS": null }, "geometry": { "type": "Point", "coordinates": [ -77.606367655685204, 34.383701673249 ] } },
{ "type": "Feature", "properties": { "ACCESS_ID": "Catherine Avenue (#O-1A)\r\n", "OBJECTID": 882, "PLACE": "Topsail Beach", "ACCESS_LOC": "Catherines Ave & N Anderson Blvd", "LOCL_SPONS": "Topsail Beach", "CAMA_SIGN": "Yes", "PARKING": 2.0, "DUNE_WALK": "Y", "OVERLOOK": "N", "HAND_DUNE": "Y", "HAND_OVRLK": "N", "HAND_BEACH": "Y", "HAND_PRKG": 1.0, "RESTRM": "N", "SHOWER": "N", "PIC_TABLE": "N", "VEH_ACCESS": "No", "BIKE_RACK": "N", "SURV_DATE": 1657812289000.0, "COMMENT_": null, "PRKG_COMMENTS": null, "COUNTY": "Pender", "DCM_RO": "WILM", "NCDCM_ID": null, "PHOTO": null, "PRK_FEE": "N", "DCM_Funded": "Y", "CONTRACT_YR": null, "CONTRACT_NUM": null, "ACESS_TYPE": "Beach", "KayakCanoeLaunch": "N", "PARKING_OPTIONS": "On-Street Parking", "BeachWheelchair": "Y", "BWC_Info": "https://topsailbeachnc.gov/Departments/Police/Beach-Wheelchair", "PaidParkURL": "n/a", "WaterAccessTYPE": "Ocean", "BeachMat": "Yes, Summer Only", "Land_Status": "Municipality", "NEAR_FID": 50.0, "NEAR_DIST": 563.08518778037535, "ACCESSIBILITY_NOTES": null, "LIFEGUARDS": null }, "geometry": { "type": "Point", "coordinates": [ -77.597977822911204, 34.389773801821697 ] } },
{ "type": "Feature", "properties": { "ACCESS_ID": "O-1", "OBJECTID": 50, "PLACE": "Topsail Beach", "ACCESS_LOC": "Anderson and Fields", "LOCL_SPONS": "Topsail Beach", "CAMA_SIGN": "Yes", "PARKING": 0.0, "DUNE_WALK": "Y", "OVERLOOK": "No", "HAND_DUNE": "No", "HAND_OVRLK": "No", "HAND_BEACH": "No", "HAND_PRKG": 0.0, "RESTRM": "N", "SHOWER": "N", "PIC_TABLE": "No", "VEH_ACCESS": " ", "BIKE_RACK": "No", "SURV_DATE": 1054080000000.0, "COMMENT_": "", "PRKG_COMMENTS": null, "COUNTY": "Pender", "DCM_RO": "Wilmington Regional Office", "NCDCM_ID": 52.0, "PHOTO": "Local.png", "PRK_FEE": null, "DCM_Funded": "Y", "CONTRACT_YR": null, "CONTRACT_NUM": null, "ACESS_TYPE": "Beach", "KayakCanoeLaunch": "No", "PARKING_OPTIONS": "No Parking", "BeachWheelchair": "Y", "BWC_Info": "https://topsailbeachnc.gov/Departments/Police/Beach-Wheelchair", "PaidParkURL": "n/a", "WaterAccessTYPE": "Ocean", "BeachMat": null, "Land_Status": "Municipality", "NEAR_FID": 882.0, "NEAR_DIST": 563.08518778037535, "ACCESSIBILITY_NOTES": null, "LIFEGUARDS": null }, "geometry": { "type": "Point", "coordinates": [ -77.596526935623601, 34.390747034324001 ] } },
{ "type": "Feature", "properties": { "ACCESS_ID": "Beach Access #40", "OBJECTID": 157, "PLACE": "Surf City", "ACCESS_LOC": "3016 S Shore Dr", "LOCL_SPONS": " ", "CAMA_SIGN": "Yes", "PARKING": 10.0, "DUNE_WALK": "Y", "OVERLOOK": "No", "HAND_DUNE": " ", "HAND_OVRLK": " ", "HAND_BEACH": " ", "HAND_PRKG": 0.0, "RESTRM": "N", "SHOWER": "N", "PIC_TABLE": "No", "VEH_ACCESS": " ", "BIKE_RACK": "No", "SURV_DATE": 1359676800000.0, "COMMENT_": " ", "PRKG_COMMENTS": null, "COUNTY": "Pender", "DCM_RO": "Wilmington Regional Office", "NCDCM_ID": 101.0, "PHOTO": "Neighborhood.png", "PRK_FEE": "Y", "DCM_Funded": "N", "CONTRACT_YR": null, "CONTRACT_NUM": null, "ACESS_TYPE": "Shoreline", "KayakCanoeLaunch": "N", "PARKING_OPTIONS": "Onsite Parking", "BeachWheelchair": "Y", "BWC_Info": "https://www.surfcitync.gov/2413/Beach-Wheelchairs", "PaidParkURL": "https://www.surfcitync.gov/2425/Beach-Parking", "WaterAccessTYPE": "Estuarine", "BeachMat": null, "Land_Status": "Municipality", "NEAR_FID": 156.0, "NEAR_DIST": 1005.0898609214496, "ACCESSIBILITY_NOTES": null, "LIFEGUARDS": null }, "geometry": { "type": "Point", "coordinates": [ -77.593189481442295, 34.393185808674403 ] } },
{ "type": "Feature", "properties": { "ACCESS_ID": "Beach Access #39", "OBJECTID": 156, "PLACE": "Surf City", "ACCESS_LOC": "2808 S Shore Dr", "LOCL_SPONS": " ", "CAMA_SIGN": "Yes", "PARKING": 0.0, "DUNE_WALK": "Y", "OVERLOOK": "No", "HAND_DUNE": "N", "HAND_OVRLK": "N", "HAND_BEACH": "N", "HAND_PRKG": 0.0, "RESTRM": "N", "SHOWER": "N", "PIC_TABLE": "No", "VEH_ACCESS": "No", "BIKE_RACK": "No", "SURV_DATE": 1628640000000.0, "COMMENT_": " ", "PRKG_COMMENTS": null, "COUNTY": "Pender", "DCM_RO": "Wilmington Regional Office", "NCDCM_ID": 100.0, "PHOTO": "Local.png", "PRK_FEE": null, "DCM_Funded": "N", "CONTRACT_YR": null, "CONTRACT_NUM": null, "ACESS_TYPE": "Shoreline", "KayakCanoeLaunch": "No", "PARKING_OPTIONS": "No Parking", "BeachWheelchair": "Y", "BWC_Info": "https://www.surfcitync.gov/2413/Beach-Wheelchairs", "PaidParkURL": "n/a", "WaterAccessTYPE": "Estuarine", "BeachMat": null, "Land_Status": "Municipality", "NEAR_FID": 157.0, "NEAR_DIST": 1005.0898609214496, "ACCESSIBILITY_NOTES": null, "LIFEGUARDS": null }, "geometry": { "type": "Point", "coordinates": [ -77.590702793818906, 34.395023723055303 ] } },
{ "type": "Feature", "properties": { "ACCESS_ID": "Beach Access #38", "OBJECTID": 846, "PLACE": "Surf City", "ACCESS_LOC": "2500 S Shore Dr", "LOCL_SPONS": null, "CAMA_SIGN": "No", "PARKING": null, "DUNE_WALK": "Y", "OVERLOOK": "N", "HAND_DUNE": "N", "HAND_OVRLK": "N", "HAND_BEACH": "N", "HAND_PRKG": null, "RESTRM": "N", "SHOWER": "N", "PIC_TABLE": "N", "VEH_ACCESS": "No", "BIKE_RACK": "N", "SURV_DATE": 1628640000000.0, "COMMENT_": null, "PRKG_COMMENTS": null, "COUNTY": null, "DCM_RO": "WILM", "NCDCM_ID": null, "PHOTO": null, "PRK_FEE": null, "DCM_Funded": "N", "CONTRACT_YR": null, "CONTRACT_NUM": null, "ACESS_TYPE": "Beach", "KayakCanoeLaunch": "N", "PARKING_OPTIONS": "No Parking", "BeachWheelchair": "Y", "BWC_Info": "https://www.surfcitync.gov/2413/Beach-Wheelchairs", "PaidParkURL": "n/a", "WaterAccessTYPE": "Ocean", "BeachMat": null, "Land_Status": "Municipality", "NEAR_FID": 847.0, "NEAR_DIST": 532.8543721723205, "ACCESSIBILITY_NOTES": null, "LIFEGUARDS": null }, "geometry": { "type": "Point", "coordinates": [ -77.584443965333193, 34.399904511520901 ] } },
{ "type": "Feature", "properties": { "ACCESS_ID": "Beach Access #37", "OBJECTID": 847, "PLACE": "Surf City", "ACCESS_LOC": "2434 S Shore Dr", "LOCL_SPONS": "Surf City", "CAMA_SIGN": "Unknown", "PARKING": 10.0, "DUNE_WALK": "Y", "OVERLOOK": "N", "HAND_DUNE": "N", "HAND_OVRLK": "N", "HAND_BEACH": "N", "HAND_PRKG": null, "RESTRM": "N", "SHOWER": "N", "PIC_TABLE": "N", "VEH_ACCESS": "No", "BIKE_RACK": "N", "SURV_DATE": 1628640000000.0, "COMMENT_": null, "PRKG_COMMENTS": "Parking located across the street", "COUNTY": null, "DCM_RO": "WILM", "NCDCM_ID": null, "PHOTO": null, "PRK_FEE": "Y", "DCM_Funded": "N", "CONTRACT_YR": null, "CONTRACT_NUM": null, "ACESS_TYPE": "Beach", "KayakCanoeLaunch": "N", "PARKING_OPTIONS": "Parking off-site", "BeachWheelchair": "Y", "BWC_Info": "https://www.surfcitync.gov/2413/Beach-Wheelchairs", "PaidParkURL": "https://www.surfcitync.gov/2425/Beach-Parking", "WaterAccessTYPE": "Ocean", "BeachMat": null, "Land_Status": "Municipality", "NEAR_FID": 155.0, "NEAR_DIST": 285.04399580488928, "ACCESSIBILITY_NOTES": null, "LIFEGUARDS": null }, "geometry": { "type": "Point", "coordinates": [ -77.583112210229501, 34.400866364647399 ] } },
{ "type": "Feature", "properties": { "ACCESS_ID": "Beach Access #36", "OBJECTID": 155, "PLACE": "Surf City", "ACCESS_LOC": "2400 S Shore Dr", "LOCL_SPONS": " ", "CAMA_SIGN": "Yes", "PARKING": 0.0, "DUNE_WALK": "Y", "OVERLOOK": "No", "HAND_DUNE": "N", "HAND_OVRLK": "N", "HAND_BEACH": "N", "HAND_PRKG": 0.0, "RESTRM": "N", "SHOWER": "N", "PIC_TABLE": "No", "VEH_ACCESS": "No", "BIKE_RACK": "No", "SURV_DATE": 1628640000000.0, "COMMENT_": " ", "PRKG_COMMENTS": null, "COUNTY": "Pender", "DCM_RO": "Wilmington Regional Office", "NCDCM_ID": 99.0, "PHOTO": "Local.png", "PRK_FEE": null, "DCM_Funded": "N", "CONTRACT_YR": null, "CONTRACT_NUM": null, "ACESS_TYPE": "Beach", "KayakCanoeLaunch": "No", "PARKING_OPTIONS": "No Parking", "BeachWheelchair": "Y", "BWC_Info": "https://www.surfcitync.gov/2413/Beach-Wheelchairs", "PaidParkURL": "n/a", "WaterAccessTYPE": "Ocean", "BeachMat": null, "Land_Status": "Municipality", "NEAR_FID": 848.0, "NEAR_DIST": 229.79882493984459, "ACCESSIBILITY_NOTES": null, "LIFEGUARDS": null }, "geometry": { "type": "Point", "coordinates": [ -77.582407293242895, 34.401387941882 ] } },
{ "type": "Feature", "properties": { "ACCESS_ID": "Beach Access #35", "OBJECTID": 848, "PLACE": "Surf City", "ACCESS_LOC": "2318 S Shore Dr", "LOCL_SPONS": "Surf City", "CAMA_SIGN": "Unknown", "PARKING": null, "DUNE_WALK": "Y", "OVERLOOK": "N", "HAND_DUNE": null, "HAND_OVRLK": "N", "HAND_BEACH": "N", "HAND_PRKG": null, "RESTRM": "N", "SHOWER": "N", "PIC_TABLE": "N", "VEH_ACCESS": "No", "BIKE_RACK": "N", "SURV_DATE": 1628640000000.0, "COMMENT_": null, "PRKG_COMMENTS": null, "COUNTY": "Pender", "DCM_RO": null, "NCDCM_ID": null, "PHOTO": null, "PRK_FEE": null, "DCM_Funded": "N", "CONTRACT_YR": null, "CONTRACT_NUM": null, "ACESS_TYPE": "Beach", "KayakCanoeLaunch": "N", "PARKING_OPTIONS": "No Parking", "BeachWheelchair": "Y", "BWC_Info": "https://www.surfcitync.gov/2413/Beach-Wheelchairs", "PaidParkURL": "n/a", "WaterAccessTYPE": "Ocean", "BeachMat": null, "Land_Status": "Municipality", "NEAR_FID": 155.0, "NEAR_DIST": 229.79882493984459, "ACCESSIBILITY_NOTES": null, "LIFEGUARDS": null }, "geometry": { "type": "Point", "coordinates": [ -77.581799511087993, 34.401768607136297 ] } },
{ "type": "Feature", "properties": { "ACCESS_ID": "Beach Access #34", "OBJECTID": 154, "PLACE": "Surf City", "ACCESS_LOC": "2200 S Shore Dr", "LOCL_SPONS": " ", "CAMA_SIGN": "Yes", "PARKING": 0.0, "DUNE_WALK": "Y", "OVERLOOK": "No", "HAND_DUNE": "N", "HAND_OVRLK": "N", "HAND_BEACH": "N", "HAND_PRKG": 0.0, "RESTRM": "N", "SHOWER": "N", "PIC_TABLE": "No", "VEH_ACCESS": "No", "BIKE_RACK": "No", "SURV_DATE": 1628640000000.0, "COMMENT_": " ", "PRKG_COMMENTS": null, "COUNTY": "Pender", "DCM_RO": "Wilmington Regional Office", "NCDCM_ID": 98.0, "PHOTO": "Local.png", "PRK_FEE": null, "DCM_Funded": "N", "CONTRACT_YR": null, "CONTRACT_NUM": null, "ACESS_TYPE": "Shoreline", "KayakCanoeLaunch": "No", "PARKING_OPTIONS": "No Parking", "BeachWheelchair": "Y", "BWC_Info": "https://www.surfcitync.gov/2413/Beach-Wheelchairs", "PaidParkURL": "n/a", "WaterAccessTYPE": "Estuarine", "BeachMat": null, "Land_Status": "Municipality", "NEAR_FID": 153.0, "NEAR_DIST": 512.75973288131593, "ACCESSIBILITY_NOTES": null, "LIFEGUARDS": null }, "geometry": { "type": "Point", "coordinates": [ -77.579321838058405, 34.403428940271603 ] } },
{ "type": "Feature", "properties": { "ACCESS_ID": "Beach Access #33", "OBJECTID": 153, "PLACE": "Surf City", "ACCESS_LOC": "2100 S Shore Dr", "LOCL_SPONS": " ", "CAMA_SIGN": "Yes", "PARKING": 0.0, "DUNE_WALK": "Y", "OVERLOOK": "No", "HAND_DUNE": "N", "HAND_OVRLK": "N", "HAND_BEACH": "N", "HAND_PRKG": 0.0, "RESTRM": "N", "SHOWER": "N", "PIC_TABLE": "No", "VEH_ACCESS": "No", "BIKE_RACK": "No", "SURV_DATE": 1628640000000.0, "COMMENT_": " ", "PRKG_COMMENTS": null, "COUNTY": "Pender", "DCM_RO": "Wilmington Regional Office", "NCDCM_ID": 97.0, "PHOTO": "Local.png", "PRK_FEE": null, "DCM_Funded": "N", "CONTRACT_YR": null, "CONTRACT_NUM": null, "ACESS_TYPE": "Shoreline", "KayakCanoeLaunch": "No", "PARKING_OPTIONS": "No Parking", "BeachWheelchair": "Y", "BWC_Info": "https://www.surfcitync.gov/2413/Beach-Wheelchairs", "PaidParkURL": "n/a", "WaterAccessTYPE": "Estuarine", "BeachMat": null, "Land_Status": "Municipality", "NEAR_FID": 849.0, "NEAR_DIST": 490.49170570382728, "ACCESSIBILITY_NOTES": null, "LIFEGUARDS": null }, "geometry": { "type": "Point", "coordinates": [ -77.578039220800804, 34.404353540794098 ] } },
{ "type": "Feature", "properties": { "ACCESS_ID": "Beach Access #32", "OBJECTID": 849, "PLACE": "Surf City", "ACCESS_LOC": "2000 S Shore Dr", "LOCL_SPONS": null, "CAMA_SIGN": "Unknown", "PARKING": null, "DUNE_WALK": "Y", "OVERLOOK": "N", "HAND_DUNE": "N", "HAND_OVRLK": "N", "HAND_BEACH": "N", "HAND_PRKG": null, "RESTRM": "N", "SHOWER": "N", "PIC_TABLE": "N", "VEH_ACCESS": "No", "BIKE_RACK": "N", "SURV_DATE": 1628640000000.0, "COMMENT_": null, "PRKG_COMMENTS": null, "COUNTY": "Pender", "DCM_RO": "WILM", "NCDCM_ID": null, "PHOTO": null, "PRK_FEE": null, "DCM_Funded": "N", "CONTRACT_YR": null, "CONTRACT_NUM": null, "ACESS_TYPE": "Beach", "KayakCanoeLaunch": "N", "PARKING_OPTIONS": "No Parking", "BeachWheelchair": "Y", "BWC_Info": "https://www.surfcitync.gov/2413/Beach-Wheelchairs", "PaidParkURL": "n/a", "WaterAccessTYPE": "Ocean", "BeachMat": null, "Land_Status": "Municipality", "NEAR_FID": 153.0, "NEAR_DIST": 490.49170570382728, "ACCESSIBILITY_NOTES": null, "LIFEGUARDS": null }, "geometry": { "type": "Point", "coordinates": [ -77.576791987283897, 34.405218256779001 ] } },
{ "type": "Feature", "properties": { "ACCESS_ID": "Beach Access #31", "OBJECTID": 850, "PLACE": "Surf City", "ACCESS_LOC": "1900 S Shore Dr", "LOCL_SPONS": "Surf City", "CAMA_SIGN": "No", "PARKING": null, "DUNE_WALK": "N", "OVERLOOK": "N", "HAND_DUNE": "N", "HAND_OVRLK": "N", "HAND_BEACH": "N", "HAND_PRKG": null, "RESTRM": "N", "SHOWER": "N", "PIC_TABLE": "N", "VEH_ACCESS": "No", "BIKE_RACK": "N", "SURV_DATE": 1628640000000.0, "COMMENT_": "Unimproved access site", "PRKG_COMMENTS": null, "COUNTY": "Pender", "DCM_RO": "WILM", "NCDCM_ID": null, "PHOTO": null, "PRK_FEE": null, "DCM_Funded": "N", "CONTRACT_YR": null, "CONTRACT_NUM": null, "ACESS_TYPE": "Beach", "KayakCanoeLaunch": "N", "PARKING_OPTIONS": "No Parking", "BeachWheelchair": "Y", "BWC_Info": "https://www.surfcitync.gov/2413/Beach-Wheelchairs", "PaidParkURL": "n/a", "WaterAccessTYPE": "Ocean", "BeachMat": null, "Land_Status": "Municipality", "NEAR_FID": 849.0, "NEAR_DIST": 726.69439994287188, "ACCESSIBILITY_NOTES": null, "LIFEGUARDS": null }, "geometry": { "type": "Point", "coordinates": [ -77.574968827668698, 34.406523493006901 ] } },
{ "type": "Feature", "properties": { "ACCESS_ID": null, "OBJECTID": 851, "PLACE": "Surf City", "ACCESS_LOC": "1800 S. Shore Dr", "LOCL_SPONS": null, "CAMA_SIGN": "Yes", "PARKING": null, "DUNE_WALK": "Y", "OVERLOOK": "N", "HAND_DUNE": "N", "HAND_OVRLK": "N", "HAND_BEACH": "N", "HAND_PRKG": null, "RESTRM": "N", "SHOWER": "N", "PIC_TABLE": "N", "VEH_ACCESS": "No", "BIKE_RACK": "N", "SURV_DATE": 1628640000000.0, "COMMENT_": null, "PRKG_COMMENTS": null, "COUNTY": null, "DCM_RO": null, "NCDCM_ID": null, "PHOTO": null, "PRK_FEE": null, "DCM_Funded": "N", "CONTRACT_YR": null, "CONTRACT_NUM": null, "ACESS_TYPE": "Beach", "KayakCanoeLaunch": "N", "PARKING_OPTIONS": "No Parking", "BeachWheelchair": "Y", "BWC_Info": "https://www.surfcitync.gov/2413/Beach-Wheelchairs", "PaidParkURL": "n/a", "WaterAccessTYPE": "Ocean", "BeachMat": null, "Land_Status": "Municipality", "NEAR_FID": 852.0, "NEAR_DIST": 509.25780922336105, "ACCESSIBILITY_NOTES": null, "LIFEGUARDS": null }, "geometry": { "type": "Point", "coordinates": [ -77.573053985097303, 34.407906316852902 ] } },
{ "type": "Feature", "properties": { "ACCESS_ID": "Beach Acces #29", "OBJECTID": 853, "PLACE": "Surf City", "ACCESS_LOC": "1700 S Shore Dr", "LOCL_SPONS": "Surf City", "CAMA_SIGN": "Yes", "PARKING": null, "DUNE_WALK": "Y", "OVERLOOK": "N", "HAND_DUNE": "N", "HAND_OVRLK": "N", "HAND_BEACH": "N", "HAND_PRKG": null, "RESTRM": "N", "SHOWER": "N", "PIC_TABLE": "N", "VEH_ACCESS": "No", "BIKE_RACK": "N", "SURV_DATE": 1628640000000.0, "COMMENT_": null, "PRKG_COMMENTS": null, "COUNTY": null, "DCM_RO": null, "NCDCM_ID": null, "PHOTO": null, "PRK_FEE": null, "DCM_Funded": "N", "CONTRACT_YR": null, "CONTRACT_NUM": null, "ACESS_TYPE": "Beach", "KayakCanoeLaunch": "N", "PARKING_OPTIONS": "No Parking", "BeachWheelchair": "Y", "BWC_Info": "https://www.surfcitync.gov/2413/Beach-Wheelchairs", "PaidParkURL": "n/a", "WaterAccessTYPE": "Ocean", "BeachMat": null, "Land_Status": "Municipality", "NEAR_FID": 852.0, "NEAR_DIST": 0.0, "ACCESSIBILITY_NOTES": null, "LIFEGUARDS": null }, "geometry": { "type": "Point", "coordinates": [ -77.571760526970806, 34.408805650810599 ] } },
{ "type": "Feature", "properties": { "ACCESS_ID": "Beach Acces #28", "OBJECTID": 854, "PLACE": "Surf City", "ACCESS_LOC": "1600 S Shore Dr", "LOCL_SPONS": "Surf City", "CAMA_SIGN": "Yes", "PARKING": null, "DUNE_WALK": "Y", "OVERLOOK": "N", "HAND_DUNE": "N", "HAND_OVRLK": "N", "HAND_BEACH": "N", "HAND_PRKG": null, "RESTRM": "N", "SHOWER": "N", "PIC_TABLE": "N", "VEH_ACCESS": "No", "BIKE_RACK": "N", "SURV_DATE": 1628640000000.0, "COMMENT_": null, "PRKG_COMMENTS": null, "COUNTY": null, "DCM_RO": null, "NCDCM_ID": null, "PHOTO": null, "PRK_FEE": null, "DCM_Funded": "N", "CONTRACT_YR": null, "CONTRACT_NUM": null, "ACESS_TYPE": "Beach", "KayakCanoeLaunch": "N", "PARKING_OPTIONS": "No Parking", "BeachWheelchair": "Y", "BWC_Info": "https://www.surfcitync.gov/2413/Beach-Wheelchairs", "PaidParkURL": "n/a", "WaterAccessTYPE": "Ocean", "BeachMat": null, "Land_Status": "Municipality", "NEAR_FID": 152.0, "NEAR_DIST": 375.18968258651307, "ACCESSIBILITY_NOTES": null, "LIFEGUARDS": null }, "geometry": { "type": "Point", "coordinates": [ -77.569955441459101, 34.409963797422698 ] } },
{ "type": "Feature", "properties": { "ACCESS_ID": "Beach Access #27", "OBJECTID": 152, "PLACE": "Surf City", "ACCESS_LOC": "Oceanair Estates", "LOCL_SPONS": " ", "CAMA_SIGN": "Yes", "PARKING": 0.0, "DUNE_WALK": "Y", "OVERLOOK": "No", "HAND_DUNE": "N", "HAND_OVRLK": "N", "HAND_BEACH": "N", "HAND_PRKG": 0.0, "RESTRM": "N", "SHOWER": "N", "PIC_TABLE": "No", "VEH_ACCESS": "No", "BIKE_RACK": "No", "SURV_DATE": 1628640000000.0, "COMMENT_": " ", "PRKG_COMMENTS": null, "COUNTY": "Pender", "DCM_RO": "Wilmington Regional Office", "NCDCM_ID": 96.0, "PHOTO": "Local.png", "PRK_FEE": null, "DCM_Funded": "N", "CONTRACT_YR": null, "CONTRACT_NUM": null, "ACESS_TYPE": "Shoreline", "KayakCanoeLaunch": "N", "PARKING_OPTIONS": "No Parking", "BeachWheelchair": "Y", "BWC_Info": "https://www.surfcitync.gov/2413/Beach-Wheelchairs", "PaidParkURL": "n/a", "WaterAccessTYPE": "Estuarine", "BeachMat": null, "Land_Status": "Municipality", "NEAR_FID": 854.0, "NEAR_DIST": 375.18968258651307, "ACCESSIBILITY_NOTES": null, "LIFEGUARDS": null }, "geometry": { "type": "Point", "coordinates": [ -77.568975851099694, 34.410599138207601 ] } },
{ "type": "Feature", "properties": { "ACCESS_ID": "Beach Access #26", "OBJECTID": 151, "PLACE": "Surf City", "ACCESS_LOC": "1316 S Shore Dr", "LOCL_SPONS": " ", "CAMA_SIGN": "Yes", "PARKING": 0.0, "DUNE_WALK": "Y", "OVERLOOK": "No", "HAND_DUNE": "N", "HAND_OVRLK": "N", "HAND_BEACH": "N", "HAND_PRKG": 0.0, "RESTRM": "N", "SHOWER": "N", "PIC_TABLE": "No", "VEH_ACCESS": "No", "BIKE_RACK": "No", "SURV_DATE": 1628640000000.0, "COMMENT_": " ", "PRKG_COMMENTS": null, "COUNTY": "Pender", "DCM_RO": "Wilmington Regional Office", "NCDCM_ID": 95.0, "PHOTO": "Local.png", "PRK_FEE": null, "DCM_Funded": "N", "CONTRACT_YR": null, "CONTRACT_NUM": null, "ACESS_TYPE": "Shoreline", "KayakCanoeLaunch": "No", "PARKING_OPTIONS": "No Parking", "BeachWheelchair": "Y", "BWC_Info": "https://www.surfcitync.gov/2413/Beach-Wheelchairs", "PaidParkURL": "n/a", "WaterAccessTYPE": "Estuarine", "BeachMat": null, "Land_Status": "Municipality", "NEAR_FID": 150.0, "NEAR_DIST": 1113.6399866049967, "ACCESSIBILITY_NOTES": null, "LIFEGUARDS": null }, "geometry": { "type": "Point", "coordinates": [ -77.5632043254179, 34.414319484234099 ] } },
{ "type": "Feature", "properties": { "ACCESS_ID": "Beach Access #25", "OBJECTID": 150, "PLACE": "Surf City", "ACCESS_LOC": "1140 S. Shore Drive", "LOCL_SPONS": " ", "CAMA_SIGN": "Yes", "PARKING": 11.0, "DUNE_WALK": "Y", "OVERLOOK": "No", "HAND_DUNE": "N", "HAND_OVRLK": "N", "HAND_BEACH": "N", "HAND_PRKG": 0.0, "RESTRM": "N", "SHOWER": "N", "PIC_TABLE": "No", "VEH_ACCESS": "No", "BIKE_RACK": "No", "SURV_DATE": 1628640000000.0, "COMMENT_": " ", "PRKG_COMMENTS": "11 Spaces at 1213 S Shore Dr", "COUNTY": "Pender", "DCM_RO": "Wilmington Regional Office", "NCDCM_ID": 94.0, "PHOTO": "Local.png", "PRK_FEE": null, "DCM_Funded": "N", "CONTRACT_YR": null, "CONTRACT_NUM": null, "ACESS_TYPE": "Shoreline", "KayakCanoeLaunch": "No", "PARKING_OPTIONS": "On-Street Parking", "BeachWheelchair": "Y", "BWC_Info": "https://www.surfcitync.gov/2413/Beach-Wheelchairs", "PaidParkURL": "n/a", "WaterAccessTYPE": "Estuarine", "BeachMat": null, "Land_Status": "Municipality", "NEAR_FID": 149.0, "NEAR_DIST": 1012.7895519077301, "ACCESSIBILITY_NOTES": null, "LIFEGUARDS": null }, "geometry": { "type": "Point", "coordinates": [ -77.560342136615802, 34.4162526367436 ] } },
{ "type": "Feature", "properties": { "ACCESS_ID": "Beach Access #24 (Quarterhorse)", "OBJECTID": 149, "PLACE": "Surf City", "ACCESS_LOC": "1100 S Shore Dr", "LOCL_SPONS": " ", "CAMA_SIGN": "Yes", "PARKING": 0.0, "DUNE_WALK": "Y", "OVERLOOK": "No", "HAND_DUNE": " ", "HAND_OVRLK": " ", "HAND_BEACH": " ", "HAND_PRKG": 0.0, "RESTRM": "N", "SHOWER": "N", "PIC_TABLE": "No", "VEH_ACCESS": " ", "BIKE_RACK": "No", "SURV_DATE": 1359676800000.0, "COMMENT_": " ", "PRKG_COMMENTS": "Parking on Quarterhhorse Dr", "COUNTY": "Pender", "DCM_RO": "Wilmington Regional Office", "NCDCM_ID": 93.0, "PHOTO": "Local.png", "PRK_FEE": null, "DCM_Funded": "N", "CONTRACT_YR": null, "CONTRACT_NUM": null, "ACESS_TYPE": "Beach", "KayakCanoeLaunch": "No", "PARKING_OPTIONS": "On-Street Parking", "BeachWheelchair": "Y", "BWC_Info": "https://www.surfcitync.gov/2413/Beach-Wheelchairs", "PaidParkURL": "n/a", "WaterAccessTYPE": "Ocean", "BeachMat": null, "Land_Status": "Municipality", "NEAR_FID": 158.0, "NEAR_DIST": 934.41851028680856, "ACCESSIBILITY_NOTES": null, "LIFEGUARDS": null }, "geometry": { "type": "Point", "coordinates": [ -77.557660033977101, 34.417927128503898 ] } },
{ "type": "Feature", "properties": { "ACCESS_ID": "Kenneth D. Batts Family Park", "OBJECTID": 158, "PLACE": "Surf City", "ACCESS_LOC": "901 S. Topsail Dr", "LOCL_SPONS": " ", "CAMA_SIGN": "Yes", "PARKING": 18.0, "DUNE_WALK": "Y", "OVERLOOK": "No", "HAND_DUNE": " ", "HAND_OVRLK": " ", "HAND_BEACH": " ", "HAND_PRKG": null, "RESTRM": "N", "SHOWER": "N", "PIC_TABLE": "No", "VEH_ACCESS": " ", "BIKE_RACK": "No", "SURV_DATE": 1359676800000.0, "COMMENT_": " ", "PRKG_COMMENTS": null, "COUNTY": "Pender", "DCM_RO": "Wilmington Regional Office", "NCDCM_ID": 102.0, "PHOTO": "Neighborhood.png", "PRK_FEE": "No", "DCM_Funded": "Y", "CONTRACT_YR": null, "CONTRACT_NUM": null, "ACESS_TYPE": "Shoreline", "KayakCanoeLaunch": "No", "PARKING_OPTIONS": "Onsite Parking", "BeachWheelchair": "Y", "BWC_Info": "https://www.surfcitync.gov/2413/Beach-Wheelchairs", "PaidParkURL": "n/a", "WaterAccessTYPE": "Estuarine", "BeachMat": null, "Land_Status": "Municipality", "NEAR_FID": 149.0, "NEAR_DIST": 934.41851028680856, "ACCESSIBILITY_NOTES": null, "LIFEGUARDS": null }, "geometry": { "type": "Point", "coordinates": [ -77.556652529368506, 34.420355129720697 ] } },
{ "type": "Feature", "properties": { "ACCESS_ID": "Beach Access #23", "OBJECTID": 148, "PLACE": "Surf City", "ACCESS_LOC": "600 South Shore Drive", "LOCL_SPONS": " ", "CAMA_SIGN": "Yes", "PARKING": 22.0, "DUNE_WALK": "Y", "OVERLOOK": "No", "HAND_DUNE": "N", "HAND_OVRLK": "Y", "HAND_BEACH": "N", "HAND_PRKG": null, "RESTRM": "N", "SHOWER": "N", "PIC_TABLE": "No", "VEH_ACCESS": "No", "BIKE_RACK": "Yes", "SURV_DATE": 1628640000000.0, "COMMENT_": " ", "PRKG_COMMENTS": "Additional parking on Charlotte Ave", "COUNTY": "Pender", "DCM_RO": "Wilmington Regional Office", "NCDCM_ID": 92.0, "PHOTO": "Neighborhood.png", "PRK_FEE": "No", "DCM_Funded": "Y", "CONTRACT_YR": null, "CONTRACT_NUM": null, "ACESS_TYPE": "Beach", "KayakCanoeLaunch": "No", "PARKING_OPTIONS": "Both Parking Options", "BeachWheelchair": "Y", "BWC_Info": "https://www.surfcitync.gov/2413/Beach-Wheelchairs", "PaidParkURL": "n/a", "WaterAccessTYPE": "Ocean", "BeachMat": null, "Land_Status": "Municipality", "NEAR_FID": 147.0, "NEAR_DIST": 404.41191899317806, "ACCESSIBILITY_NOTES": null, "LIFEGUARDS": null }, "geometry": { "type": "Point", "coordinates": [ -77.550585994252401, 34.422128545795097 ] } },
{ "type": "Feature", "properties": { "ACCESS_ID": "Beach Access #22", "OBJECTID": 147, "PLACE": "Surf City", "ACCESS_LOC": "500 South Shore Drive", "LOCL_SPONS": " ", "CAMA_SIGN": "Yes", "PARKING": 13.0, "DUNE_WALK": "Y", "OVERLOOK": "No", "HAND_DUNE": "N", "HAND_OVRLK": "N", "HAND_BEACH": "N", "HAND_PRKG": null, "RESTRM": "N", "SHOWER": "N", "PIC_TABLE": "No", "VEH_ACCESS": "No", "BIKE_RACK": "No", "SURV_DATE": 1628640000000.0, "COMMENT_": " ", "PRKG_COMMENTS": null, "COUNTY": "Pender", "DCM_RO": "Wilmington Regional Office", "NCDCM_ID": 91.0, "PHOTO": "Neighborhood.png", "PRK_FEE": "Y", "DCM_Funded": "N", "CONTRACT_YR": null, "CONTRACT_NUM": null, "ACESS_TYPE": "Beach", "KayakCanoeLaunch": "N", "PARKING_OPTIONS": "Onsite Parking", "BeachWheelchair": "Y", "BWC_Info": "https://www.surfcitync.gov/2413/Beach-Wheelchairs", "PaidParkURL": "https://www.surfcitync.gov/2425/Beach-Parking", "WaterAccessTYPE": "Ocean", "BeachMat": null, "Land_Status": "Municipality", "NEAR_FID": 146.0, "NEAR_DIST": 397.91859572009957, "ACCESSIBILITY_NOTES": null, "LIFEGUARDS": null }, "geometry": { "type": "Point", "coordinates": [ -77.549522627907905, 34.422805544904598 ] } },
{ "type": "Feature", "properties": { "ACCESS_ID": "Beach Access #21", "OBJECTID": 146, "PLACE": "Surf City", "ACCESS_LOC": "400 South Shore Drive", "LOCL_SPONS": " ", "CAMA_SIGN": "Yes", "PARKING": 5.0, "DUNE_WALK": "Y", "OVERLOOK": "No", "HAND_DUNE": "N", "HAND_OVRLK": "N", "HAND_BEACH": "N", "HAND_PRKG": null, "RESTRM": "N", "SHOWER": "N", "PIC_TABLE": "No", "VEH_ACCESS": "No", "BIKE_RACK": "Yes", "SURV_DATE": 1628640000000.0, "COMMENT_": " ", "PRKG_COMMENTS": null, "COUNTY": "Pender", "DCM_RO": "Wilmington Regional Office", "NCDCM_ID": 90.0, "PHOTO": "Local.png", "PRK_FEE": "No", "DCM_Funded": "Y", "CONTRACT_YR": null, "CONTRACT_NUM": null, "ACESS_TYPE": "Beach", "KayakCanoeLaunch": "No", "PARKING_OPTIONS": "Onsite Parking", "BeachWheelchair": "Y", "BWC_Info": "https://www.surfcitync.gov/2413/Beach-Wheelchairs", "PaidParkURL": "n/a", "WaterAccessTYPE": "Ocean", "BeachMat": null, "Land_Status": "Municipality", "NEAR_FID": 147.0, "NEAR_DIST": 397.91859572009957, "ACCESSIBILITY_NOTES": null, "LIFEGUARDS": null }, "geometry": { "type": "Point", "coordinates": [ -77.548463459390703, 34.423457561506801 ] } },
{ "type": "Feature", "properties": { "ACCESS_ID": "Beach Access #20", "OBJECTID": 145, "PLACE": "Surf City", "ACCESS_LOC": "300 South Shore Drive,", "LOCL_SPONS": " ", "CAMA_SIGN": "Yes", "PARKING": 8.0, "DUNE_WALK": "Y", "OVERLOOK": "No", "HAND_DUNE": "N", "HAND_OVRLK": "N", "HAND_BEACH": "N", "HAND_PRKG": null, "RESTRM": "N", "SHOWER": "N", "PIC_TABLE": "No", "VEH_ACCESS": "No", "BIKE_RACK": "No", "SURV_DATE": 1359676800000.0, "COMMENT_": " ", "PRKG_COMMENTS": "Additional parking on High Point Ave", "COUNTY": "Pender", "DCM_RO": "Wilmington Regional Office", "NCDCM_ID": 89.0, "PHOTO": "Neighborhood.png", "PRK_FEE": "Y", "DCM_Funded": "N", "CONTRACT_YR": null, "CONTRACT_NUM": null, "ACESS_TYPE": "Beach", "KayakCanoeLaunch": "No", "PARKING_OPTIONS": "Both Parking Options", "BeachWheelchair": "Y", "BWC_Info": "https://www.surfcitync.gov/2413/Beach-Wheelchairs", "PaidParkURL": "https://www.surfcitync.gov/2425/Beach-Parking", "WaterAccessTYPE": "Ocean", "BeachMat": null, "Land_Status": "Municipality", "NEAR_FID": 146.0, "NEAR_DIST": 400.28904041047008, "ACCESSIBILITY_NOTES": null, "LIFEGUARDS": null }, "geometry": { "type": "Point", "coordinates": [ -77.547407115176696, 34.424123537879403 ] } },
{ "type": "Feature", "properties": { "ACCESS_ID": "Beach Access #19", "OBJECTID": 144, "PLACE": "Surf City", "ACCESS_LOC": "200 South Shore Drive", "LOCL_SPONS": "Surf City", "CAMA_SIGN": "Yes", "PARKING": 14.0, "DUNE_WALK": "N", "OVERLOOK": "No", "HAND_DUNE": "N", "HAND_OVRLK": "N", "HAND_BEACH": "N", "HAND_PRKG": null, "RESTRM": "Y", "SHOWER": "Y", "PIC_TABLE": "No", "VEH_ACCESS": "E", "BIKE_RACK": "Yes", "SURV_DATE": 1652779253091.0, "COMMENT_": "Access point for beach wheelchairs.", "PRKG_COMMENTS": "Additional parking locations along Kinston Ave", "COUNTY": "Pender", "DCM_RO": "Wilmington Regional Office", "NCDCM_ID": 88.0, "PHOTO": "Regional.png", "PRK_FEE": "Y", "DCM_Funded": "Y", "CONTRACT_YR": null, "CONTRACT_NUM": null, "ACESS_TYPE": "Beach", "KayakCanoeLaunch": "No", "PARKING_OPTIONS": "Both Parking Options", "BeachWheelchair": "Y", "BWC_Info": "https://www.surfcitync.gov/2413/Beach-Wheelchairs", "PaidParkURL": "https://www.surfcitync.gov/2425/Beach-Parking", "WaterAccessTYPE": "Ocean", "BeachMat": null, "Land_Status": "Municipality", "NEAR_FID": 145.0, "NEAR_DIST": 404.01530656198253, "ACCESSIBILITY_NOTES": null, "LIFEGUARDS": null }, "geometry": { "type": "Point", "coordinates": [ -77.546317816266594, 34.424769767424799 ] } },
{ "type": "Feature", "properties": { "ACCESS_ID": "Beach Access #18", "OBJECTID": 143, "PLACE": "Surf City", "ACCESS_LOC": "100 Roland Ave", "LOCL_SPONS": "Surf City", "CAMA_SIGN": "Yes", "PARKING": 32.0, "DUNE_WALK": "Y", "OVERLOOK": "No", "HAND_DUNE": "N", "HAND_OVRLK": "N", "HAND_BEACH": "N", "HAND_PRKG": null, "RESTRM": "Y", "SHOWER": "Y", "PIC_TABLE": "No", "VEH_ACCESS": "No", "BIKE_RACK": "Yes", "SURV_DATE": 1652779253091.0, "COMMENT_": "Access point for beach wheelchairs.", "PRKG_COMMENTS": "Addtnl parking in the vicinity", "COUNTY": "Pender", "DCM_RO": "Wilmington Regional Office", "NCDCM_ID": 87.0, "PHOTO": "Regional.png", "PRK_FEE": "Y", "DCM_Funded": "N", "CONTRACT_YR": null, "CONTRACT_NUM": null, "ACESS_TYPE": "Beach", "KayakCanoeLaunch": "No", "PARKING_OPTIONS": "Onsite Parking", "BeachWheelchair": "Y", "BWC_Info": "https://www.surfcitync.gov/2413/Beach-Wheelchairs", "PaidParkURL": "https://www.surfcitync.gov/2425/Beach-Parking", "WaterAccessTYPE": "Ocean", "BeachMat": null, "Land_Status": "Municipality", "NEAR_FID": 160.0, "NEAR_DIST": 430.56113649521171, "ACCESSIBILITY_NOTES": null, "LIFEGUARDS": null }, "geometry": { "type": "Point", "coordinates": [ -77.544840142421407, 34.425623123480698 ] } },
{ "type": "Feature", "properties": { "ACCESS_ID": "Soundside Park Boardwalk", "OBJECTID": 159, "PLACE": "Surf City", "ACCESS_LOC": "New River Dr. and Kinston Ave.", "LOCL_SPONS": " ", "CAMA_SIGN": "Yes", "PARKING": 0.0, "DUNE_WALK": "Y", "OVERLOOK": "No", "HAND_DUNE": " ", "HAND_OVRLK": " ", "HAND_BEACH": " ", "HAND_PRKG": 0.0, "RESTRM": "N", "SHOWER": "N", "PIC_TABLE": "No", "VEH_ACCESS": " ", "BIKE_RACK": "No", "SURV_DATE": 1359676800000.0, "COMMENT_": " ", "PRKG_COMMENTS": null, "COUNTY": "Pender", "DCM_RO": "Wilmington Regional Office", "NCDCM_ID": 103.0, "PHOTO": "Local.png", "PRK_FEE": null, "DCM_Funded": "Y", "CONTRACT_YR": null, "CONTRACT_NUM": null, "ACESS_TYPE": "Shoreline", "KayakCanoeLaunch": "No", "PARKING_OPTIONS": "No Parking", "BeachWheelchair": "Y", "BWC_Info": "https://www.surfcitync.gov/2413/Beach-Wheelchairs", "PaidParkURL": "n/a", "WaterAccessTYPE": "Estuarine", "BeachMat": null, "Land_Status": "Municipality", "NEAR_FID": 160.0, "NEAR_DIST": 463.16797600466759, "ACCESSIBILITY_NOTES": null, "LIFEGUARDS": null }, "geometry": { "type": "Point", "coordinates": [ -77.546907167686797, 34.426573870774597 ] } },
{ "type": "Feature", "properties": { "ACCESS_ID": "Roland Ave. and N. Topsail Dr.", "OBJECTID": 160, "PLACE": "Surf City", "ACCESS_LOC": "101 Roland Ave", "LOCL_SPONS": " ", "CAMA_SIGN": "Yes", "PARKING": 18.0, "DUNE_WALK": "N", "OVERLOOK": "No", "HAND_DUNE": "No", "HAND_OVRLK": "No", "HAND_BEACH": "No", "HAND_PRKG": 2.0, "RESTRM": "N", "SHOWER": "N", "PIC_TABLE": "No", "VEH_ACCESS": "No", "BIKE_RACK": "No", "SURV_DATE": 1564963200000.0, "COMMENT_": " ", "PRKG_COMMENTS": "Public Parking Lot", "COUNTY": "Pender", "DCM_RO": "Wilmington Regional Office", "NCDCM_ID": 104.0, "PHOTO": "Local.png", "PRK_FEE": "Y", "DCM_Funded": "N", "CONTRACT_YR": null, "CONTRACT_NUM": null, "ACESS_TYPE": null, "KayakCanoeLaunch": "No", "PARKING_OPTIONS": "Onsite Parking", "BeachWheelchair": "Y", "BWC_Info": "https://www.surfcitync.gov/2413/Beach-Wheelchairs", "PaidParkURL": "https://www.surfcitync.gov/2425/Beach-Parking", "WaterAccessTYPE": "Parking Lot", "BeachMat": null, "Land_Status": "Municipality", "NEAR_FID": 143.0, "NEAR_DIST": 430.56113649521171, "ACCESSIBILITY_NOTES": null, "LIFEGUARDS": null }, "geometry": { "type": "Point", "coordinates": [ -77.545381177954098, 34.426717962441799 ] } },
{ "type": "Feature", "properties": { "ACCESS_ID": "Beach Access #17", "OBJECTID": 142, "PLACE": "Surf City", "ACCESS_LOC": "200 North Shore Drive", "LOCL_SPONS": " ", "CAMA_SIGN": "Yes", "PARKING": 10.0, "DUNE_WALK": "Y", "OVERLOOK": "Y", "HAND_DUNE": "N", "HAND_OVRLK": "N", "HAND_BEACH": "N", "HAND_PRKG": null, "RESTRM": "Y", "SHOWER": "N", "PIC_TABLE": "No", "VEH_ACCESS": "No", "BIKE_RACK": "No", "SURV_DATE": 1628640000000.0, "COMMENT_": "Portable Restroom", "PRKG_COMMENTS": "Additional parking lot across the street", "COUNTY": "Pender", "DCM_RO": "Wilmington Regional Office", "NCDCM_ID": 86.0, "PHOTO": "Neighborhood.png", "PRK_FEE": "No", "DCM_Funded": "Y", "CONTRACT_YR": null, "CONTRACT_NUM": null, "ACESS_TYPE": "Beach", "KayakCanoeLaunch": "No", "PARKING_OPTIONS": "Both Parking Options", "BeachWheelchair": "Y", "BWC_Info": "https://www.surfcitync.gov/2413/Beach-Wheelchairs", "PaidParkURL": "n/a", "WaterAccessTYPE": "Ocean", "BeachMat": null, "Land_Status": "Municipality", "NEAR_FID": 141.0, "NEAR_DIST": 416.53570848850757, "ACCESSIBILITY_NOTES": null, "LIFEGUARDS": null }, "geometry": { "type": "Point", "coordinates": [ -77.542902240096694, 34.426805847255601 ] } },
{ "type": "Feature", "properties": { "ACCESS_ID": "Beach Access #16", "OBJECTID": 141, "PLACE": "Surf City", "ACCESS_LOC": "300 North Shore Drive", "LOCL_SPONS": " ", "CAMA_SIGN": "Yes", "PARKING": 11.0, "DUNE_WALK": "Y", "OVERLOOK": "No", "HAND_DUNE": "N", "HAND_OVRLK": "N", "HAND_BEACH": "N", "HAND_PRKG": null, "RESTRM": "Y", "SHOWER": "N", "PIC_TABLE": "No", "VEH_ACCESS": "No", "BIKE_RACK": "Yes", "SURV_DATE": 1359676800000.0, "COMMENT_": "Portable Restroom", "PRKG_COMMENTS": "Additional parking at 214 N New River Dr", "COUNTY": "Pender", "DCM_RO": "Wilmington Regional Office", "NCDCM_ID": 85.0, "PHOTO": "Neighborhood.png", "PRK_FEE": "Y", "DCM_Funded": "N", "CONTRACT_YR": null, "CONTRACT_NUM": null, "ACESS_TYPE": "Beach", "KayakCanoeLaunch": "No", "PARKING_OPTIONS": "Onsite Parking", "BeachWheelchair": "Y", "BWC_Info": "https://www.surfcitync.gov/2413/Beach-Wheelchairs", "PaidParkURL": "https://www.surfcitync.gov/2425/Beach-Parking", "WaterAccessTYPE": "Ocean", "BeachMat": null, "Land_Status": "Municipality", "NEAR_FID": 142.0, "NEAR_DIST": 416.53570848850757, "ACCESSIBILITY_NOTES": null, "LIFEGUARDS": null }, "geometry": { "type": "Point", "coordinates": [ -77.541766450675595, 34.427457158377599 ] } },
{ "type": "Feature", "properties": { "ACCESS_ID": "Public Parking", "OBJECTID": 161, "PLACE": "Surf City", "ACCESS_LOC": "214 N New River Dr", "LOCL_SPONS": "Surf City", "CAMA_SIGN": "Yes", "PARKING": 40.0, "DUNE_WALK": "Y", "OVERLOOK": null, "HAND_DUNE": null, "HAND_OVRLK": null, "HAND_BEACH": null, "HAND_PRKG": null, "RESTRM": null, "SHOWER": null, "PIC_TABLE": "N", "VEH_ACCESS": null, "BIKE_RACK": "No", "SURV_DATE": 1628640000000.0, "COMMENT_": "Nearest access site is at 300 N Shore Dr", "PRKG_COMMENTS": "Paved parking lot", "COUNTY": "Pender", "DCM_RO": "Wilmington Regional Office", "NCDCM_ID": 106.0, "PHOTO": "Neighborhood.png", "PRK_FEE": "Y", "DCM_Funded": "N", "CONTRACT_YR": null, "CONTRACT_NUM": null, "ACESS_TYPE": null, "KayakCanoeLaunch": "No", "PARKING_OPTIONS": "Onsite Parking", "BeachWheelchair": "Y", "BWC_Info": "https://www.surfcitync.gov/2413/Beach-Wheelchairs", "PaidParkURL": "https://www.surfcitync.gov/2425/Beach-Parking", "WaterAccessTYPE": "Parking Lot", "BeachMat": null, "Land_Status": "Municipality", "NEAR_FID": 141.0, "NEAR_DIST": 438.06053212980868, "ACCESSIBILITY_NOTES": null, "LIFEGUARDS": null }, "geometry": { "type": "Point", "coordinates": [ -77.542782671637397, 34.428317263090698 ] } },
{ "type": "Feature", "properties": { "ACCESS_ID": "Soundside Park", "OBJECTID": 782, "PLACE": "Surf City", "ACCESS_LOC": "517 Roland Ave", "LOCL_SPONS": "Surf City", "CAMA_SIGN": null, "PARKING": 60.0, "DUNE_WALK": "N", "OVERLOOK": "Yes", "HAND_DUNE": "No", "HAND_OVRLK": "Yes", "HAND_BEACH": "No", "HAND_PRKG": 15.0, "RESTRM": "Y", "SHOWER": "N", "PIC_TABLE": "Yes", "VEH_ACCESS": "No", "BIKE_RACK": "No", "SURV_DATE": 1564963200000.0, "COMMENT_": "", "PRKG_COMMENTS": "Canoes, kayaks and other non-trailered vehicles mu", "COUNTY": "Pender", "DCM_RO": "Wilmington Regional Office", "NCDCM_ID": null, "PHOTO": null, "PRK_FEE": null, "DCM_Funded": "Y", "CONTRACT_YR": null, "CONTRACT_NUM": null, "ACESS_TYPE": "Shoreline", "KayakCanoeLaunch": "No", "PARKING_OPTIONS": "Onsite Parking", "BeachWheelchair": "Y", "BWC_Info": "https://www.surfcitync.gov/2413/Beach-Wheelchairs", "PaidParkURL": "n/a", "WaterAccessTYPE": "Estuarine", "BeachMat": null, "Land_Status": "Municipality", "NEAR_FID": 159.0, "NEAR_DIST": 966.28188749535502, "ACCESSIBILITY_NOTES": null, "LIFEGUARDS": null }, "geometry": { "type": "Point", "coordinates": [ -77.548829443817198, 34.428698115510898 ] } },
{ "type": "Feature", "properties": { "ACCESS_ID": "Beach Access #15", "OBJECTID": 140, "PLACE": "Surf City", "ACCESS_LOC": "400 North Shore Drive", "LOCL_SPONS": " ", "CAMA_SIGN": "Yes", "PARKING": 16.0, "DUNE_WALK": "Y", "OVERLOOK": "Y", "HAND_DUNE": "N", "HAND_OVRLK": "N", "HAND_BEACH": "N", "HAND_PRKG": null, "RESTRM": "Y", "SHOWER": "Y", "PIC_TABLE": "No", "VEH_ACCESS": "No", "BIKE_RACK": "No", "SURV_DATE": 1628640000000.0, "COMMENT_": "", "PRKG_COMMENTS": null, "COUNTY": "Pender", "DCM_RO": "Wilmington Regional Office", "NCDCM_ID": 84.0, "PHOTO": "Regional.png", "PRK_FEE": "Y", "DCM_Funded": "Y", "CONTRACT_YR": null, "CONTRACT_NUM": null, "ACESS_TYPE": "Beach", "KayakCanoeLaunch": "No", "PARKING_OPTIONS": "Onsite Parking", "BeachWheelchair": "Y", "BWC_Info": "https://www.surfcitync.gov/2413/Beach-Wheelchairs", "PaidParkURL": "https://www.surfcitync.gov/2425/Beach-Parking", "WaterAccessTYPE": "Ocean", "BeachMat": null, "Land_Status": "Municipality", "NEAR_FID": 139.0, "NEAR_DIST": 720.63061548791893, "ACCESSIBILITY_NOTES": null, "LIFEGUARDS": null }, "geometry": { "type": "Point", "coordinates": [ -77.539182902206704, 34.428970073985298 ] } },
{ "type": "Feature", "properties": { "ACCESS_ID": "Beach Access #14", "OBJECTID": 139, "PLACE": "Surf City", "ACCESS_LOC": "500 North Shore Drive", "LOCL_SPONS": " ", "CAMA_SIGN": "Yes", "PARKING": 13.0, "DUNE_WALK": "Y", "OVERLOOK": "No", "HAND_DUNE": "N", "HAND_OVRLK": "N", "HAND_BEACH": "N", "HAND_PRKG": null, "RESTRM": "Y", "SHOWER": "N", "PIC_TABLE": "No", "VEH_ACCESS": "No", "BIKE_RACK": "No", "SURV_DATE": 1628640000000.0, "COMMENT_": "Portable Restroom", "PRKG_COMMENTS": "More parking in the vicinity at 423 Wilmington Ave", "COUNTY": "Pender", "DCM_RO": "Wilmington Regional Office", "NCDCM_ID": 83.0, "PHOTO": "Neighborhood.png", "PRK_FEE": "Y", "DCM_Funded": "Y", "CONTRACT_YR": null, "CONTRACT_NUM": null, "ACESS_TYPE": "Beach", "KayakCanoeLaunch": "No", "PARKING_OPTIONS": "Onsite Parking", "BeachWheelchair": "Y", "BWC_Info": "https://www.surfcitync.gov/2413/Beach-Wheelchairs", "PaidParkURL": "https://www.surfcitync.gov/2425/Beach-Parking", "WaterAccessTYPE": "Ocean", "BeachMat": null, "Land_Status": "Municipality", "NEAR_FID": 138.0, "NEAR_DIST": 260.26443786796483, "ACCESSIBILITY_NOTES": null, "LIFEGUARDS": null }, "geometry": { "type": "Point", "coordinates": [ -77.537251651906601, 34.430136296241301 ] } },
{ "type": "Feature", "properties": { "ACCESS_ID": "Beach Access #13", "OBJECTID": 138, "PLACE": "Surf City", "ACCESS_LOC": "510 N. Shore Dr.", "LOCL_SPONS": "Surf City", "CAMA_SIGN": "Yes", "PARKING": 13.0, "DUNE_WALK": "Y", "OVERLOOK": "No", "HAND_DUNE": "N", "HAND_OVRLK": "N", "HAND_BEACH": "N", "HAND_PRKG": null, "RESTRM": "Y", "SHOWER": "N", "PIC_TABLE": "No", "VEH_ACCESS": "No", "BIKE_RACK": "No", "SURV_DATE": 1652779253091.0, "COMMENT_": "Access point for beach wheelchairs.", "PRKG_COMMENTS": "15 parking spots across the street", "COUNTY": "Pender", "DCM_RO": "Wilmington Regional Office", "NCDCM_ID": 82.0, "PHOTO": "Neighborhood.png", "PRK_FEE": "Y", "DCM_Funded": "N", "CONTRACT_YR": null, "CONTRACT_NUM": null, "ACESS_TYPE": "Beach", "KayakCanoeLaunch": "No", "PARKING_OPTIONS": "Onsite Parking", "BeachWheelchair": "Y", "BWC_Info": "https://www.surfcitync.gov/2413/Beach-Wheelchairs", "PaidParkURL": "https://www.surfcitync.gov/2425/Beach-Parking", "WaterAccessTYPE": "Ocean", "BeachMat": null, "Land_Status": "Municipality", "NEAR_FID": 855.0, "NEAR_DIST": 248.69758752427393, "ACCESSIBILITY_NOTES": null, "LIFEGUARDS": null }, "geometry": { "type": "Point", "coordinates": [ -77.536541566912106, 34.430542799178603 ] } },
{ "type": "Feature", "properties": { "ACCESS_ID": "Beach Access #12", "OBJECTID": 855, "PLACE": "Surf City", "ACCESS_LOC": "507 N. Shore Dr.", "LOCL_SPONS": "Surf City", "CAMA_SIGN": "Unknown", "PARKING": null, "DUNE_WALK": "Y", "OVERLOOK": "No", "HAND_DUNE": "N", "HAND_OVRLK": "N", "HAND_BEACH": "N", "HAND_PRKG": null, "RESTRM": "N", "SHOWER": "N", "PIC_TABLE": "No", "VEH_ACCESS": "No", "BIKE_RACK": "No", "SURV_DATE": 1628640000000.0, "COMMENT_": null, "PRKG_COMMENTS": null, "COUNTY": "Pender", "DCM_RO": "Wilmington Regional Office", "NCDCM_ID": 82.0, "PHOTO": "Neighborhood.png", "PRK_FEE": null, "DCM_Funded": "N", "CONTRACT_YR": null, "CONTRACT_NUM": null, "ACESS_TYPE": "Beach", "KayakCanoeLaunch": "No", "PARKING_OPTIONS": "No Parking", "BeachWheelchair": "Y", "BWC_Info": "https://www.surfcitync.gov/2413/Beach-Wheelchairs", "PaidParkURL": "n/a", "WaterAccessTYPE": "Ocean", "BeachMat": null, "Land_Status": "Municipality", "NEAR_FID": 138.0, "NEAR_DIST": 248.69758752427393, "ACCESSIBILITY_NOTES": null, "LIFEGUARDS": null }, "geometry": { "type": "Point", "coordinates": [ -77.535835489302201, 34.430895920738998 ] } },
{ "type": "Feature", "properties": { "ACCESS_ID": "Beach Access # 11", "OBJECTID": 137, "PLACE": "Surf City", "ACCESS_LOC": "700 N Shore Dr", "LOCL_SPONS": "Surf City", "CAMA_SIGN": "Yes", "PARKING": 21.0, "DUNE_WALK": "Y", "OVERLOOK": "No", "HAND_DUNE": "N", "HAND_OVRLK": "N", "HAND_BEACH": "N", "HAND_PRKG": null, "RESTRM": "N", "SHOWER": "N", "PIC_TABLE": "No", "VEH_ACCESS": "No", "BIKE_RACK": "No", "SURV_DATE": 1359676800000.0, "COMMENT_": " ", "PRKG_COMMENTS": null, "COUNTY": "Pender", "DCM_RO": "Wilmington Regional Office", "NCDCM_ID": 81.0, "PHOTO": "Neighborhood.png", "PRK_FEE": "No", "DCM_Funded": "N", "CONTRACT_YR": null, "CONTRACT_NUM": null, "ACESS_TYPE": "Beach", "KayakCanoeLaunch": "No", "PARKING_OPTIONS": "Onsite Parking", "BeachWheelchair": "Y", "BWC_Info": "https://www.surfcitync.gov/2413/Beach-Wheelchairs", "PaidParkURL": "n/a", "WaterAccessTYPE": "Ocean", "BeachMat": null, "Land_Status": "Municipality", "NEAR_FID": 855.0, "NEAR_DIST": 667.93943503723062, "ACCESSIBILITY_NOTES": null, "LIFEGUARDS": null }, "geometry": { "type": "Point", "coordinates": [ -77.533951007990794, 34.4318604427027 ] } },
{ "type": "Feature", "properties": { "ACCESS_ID": "Beach Access #10", "OBJECTID": 136, "PLACE": "Surf City", "ACCESS_LOC": "1100 North Shore Drive", "LOCL_SPONS": " ", "CAMA_SIGN": "Yes", "PARKING": 0.0, "DUNE_WALK": "Y", "OVERLOOK": "No", "HAND_DUNE": "N", "HAND_OVRLK": "N", "HAND_BEACH": "N", "HAND_PRKG": 0.0, "RESTRM": "Y", "SHOWER": "N", "PIC_TABLE": "No", "VEH_ACCESS": "No", "BIKE_RACK": "No", "SURV_DATE": 1628640000000.0, "COMMENT_": " ", "PRKG_COMMENTS": "Portable Restroom", "COUNTY": "Pender", "DCM_RO": "Wilmington Regional Office", "NCDCM_ID": 80.0, "PHOTO": "Local.png", "PRK_FEE": null, "DCM_Funded": "N", "CONTRACT_YR": null, "CONTRACT_NUM": null, "ACESS_TYPE": "Beach", "KayakCanoeLaunch": "No", "PARKING_OPTIONS": "No Parking", "BeachWheelchair": "Y", "BWC_Info": "https://www.surfcitync.gov/2413/Beach-Wheelchairs", "PaidParkURL": "n/a", "WaterAccessTYPE": "Ocean", "BeachMat": null, "Land_Status": "Municipality", "NEAR_FID": 135.0, "NEAR_DIST": 604.84788807018867, "ACCESSIBILITY_NOTES": null, "LIFEGUARDS": null }, "geometry": { "type": "Point", "coordinates": [ -77.527877976258594, 34.4355890906469 ] } },
{ "type": "Feature", "properties": { "ACCESS_ID": "Beach Access #9", "OBJECTID": 135, "PLACE": "Surf City", "ACCESS_LOC": "1200 North Shore Drive", "LOCL_SPONS": " ", "CAMA_SIGN": "Yes", "PARKING": null, "DUNE_WALK": "Y", "OVERLOOK": "No", "HAND_DUNE": "N", "HAND_OVRLK": "N", "HAND_BEACH": "N", "HAND_PRKG": null, "RESTRM": "N", "SHOWER": "N", "PIC_TABLE": "No", "VEH_ACCESS": "No", "BIKE_RACK": "No", "SURV_DATE": 1628640000000.0, "COMMENT_": "Portable Restroom", "PRKG_COMMENTS": "Street parking alont Craven Ave", "COUNTY": "Pender", "DCM_RO": "Wilmington Regional Office", "NCDCM_ID": 79.0, "PHOTO": "Neighborhood.png", "PRK_FEE": "Y", "DCM_Funded": "N", "CONTRACT_YR": null, "CONTRACT_NUM": null, "ACESS_TYPE": "Beach", "KayakCanoeLaunch": "No", "PARKING_OPTIONS": "On-Street Parking", "BeachWheelchair": "Y", "BWC_Info": "https://www.surfcitync.gov/2413/Beach-Wheelchairs", "PaidParkURL": "https://www.surfcitync.gov/2425/Beach-Parking", "WaterAccessTYPE": "Ocean", "BeachMat": null, "Land_Status": "Municipality", "NEAR_FID": 136.0, "NEAR_DIST": 604.84788807018867, "ACCESSIBILITY_NOTES": null, "LIFEGUARDS": null }, "geometry": { "type": "Point", "coordinates": [ -77.526248536537693, 34.436558369775497 ] } },
{ "type": "Feature", "properties": { "ACCESS_ID": "Beach Access #8 (Jones Ave)", "OBJECTID": 2, "PLACE": "Surf City", "ACCESS_LOC": "1300 N Shore Dr", "LOCL_SPONS": "Surf City", "CAMA_SIGN": "Yes", "PARKING": 4.0, "DUNE_WALK": "Y", "OVERLOOK": "No", "HAND_DUNE": "N", "HAND_OVRLK": "N", "HAND_BEACH": "N", "HAND_PRKG": 1.0, "RESTRM": "N", "SHOWER": "N", "PIC_TABLE": "No", "VEH_ACCESS": "No", "BIKE_RACK": "No", "SURV_DATE": 1628640000000.0, "COMMENT_": " ", "PRKG_COMMENTS": null, "COUNTY": "Pender", "DCM_RO": "Wilmington Regional Office", "NCDCM_ID": 2.0, "PHOTO": "Neighborhood.png", "PRK_FEE": "Y", "DCM_Funded": "Y", "CONTRACT_YR": null, "CONTRACT_NUM": null, "ACESS_TYPE": "Beach", "KayakCanoeLaunch": "No", "PARKING_OPTIONS": "Onsite Parking", "BeachWheelchair": "Y", "BWC_Info": "https://www.surfcitync.gov/2413/Beach-Wheelchairs", "PaidParkURL": "https://www.surfcitync.gov/2425/Beach-Parking", "WaterAccessTYPE": "Ocean", "BeachMat": null, "Land_Status": "Municipality", "NEAR_FID": 134.0, "NEAR_DIST": 594.89753251243962, "ACCESSIBILITY_NOTES": null, "LIFEGUARDS": null }, "geometry": { "type": "Point", "coordinates": [ -77.524413865012093, 34.437614686510997 ] } },
{ "type": "Feature", "properties": { "ACCESS_ID": "Beach Access #7 (Lenoir Ave)", "OBJECTID": 134, "PLACE": "Surf City", "ACCESS_LOC": "1400 N Shore Dr ", "LOCL_SPONS": "Surf City", "CAMA_SIGN": "Yes", "PARKING": null, "DUNE_WALK": "Y", "OVERLOOK": "No", "HAND_DUNE": "N", "HAND_OVRLK": "N", "HAND_BEACH": "N", "HAND_PRKG": null, "RESTRM": "N", "SHOWER": "N", "PIC_TABLE": "No", "VEH_ACCESS": "No", "BIKE_RACK": "No", "SURV_DATE": 1628640000000.0, "COMMENT_": " ", "PRKG_COMMENTS": null, "COUNTY": "Pender", "DCM_RO": "Wilmington Regional Office", "NCDCM_ID": 78.0, "PHOTO": "Neighborhood.png", "PRK_FEE": "Y", "DCM_Funded": "N", "CONTRACT_YR": null, "CONTRACT_NUM": null, "ACESS_TYPE": "Beach", "KayakCanoeLaunch": "No", "PARKING_OPTIONS": "On-Street Parking", "BeachWheelchair": "Y", "BWC_Info": "https://www.surfcitync.gov/2413/Beach-Wheelchairs", "PaidParkURL": "https://www.surfcitync.gov/2425/Beach-Parking", "WaterAccessTYPE": "Ocean", "BeachMat": null, "Land_Status": "Municipality", "NEAR_FID": 2.0, "NEAR_DIST": 594.89753251243962, "ACCESSIBILITY_NOTES": null, "LIFEGUARDS": null }, "geometry": { "type": "Point", "coordinates": [ -77.522819230517001, 34.438577229119701 ] } },
{ "type": "Feature", "properties": { "ACCESS_ID": "Beach Access #6", "OBJECTID": 133, "PLACE": "Surf City", "ACCESS_LOC": "1500 North Shore Drive", "LOCL_SPONS": "Surf City", "CAMA_SIGN": "Yes", "PARKING": 3.0, "DUNE_WALK": "N", "OVERLOOK": "No", "HAND_DUNE": "N", "HAND_OVRLK": "N", "HAND_BEACH": "N", "HAND_PRKG": null, "RESTRM": "N", "SHOWER": "N", "PIC_TABLE": "No", "VEH_ACCESS": " ", "BIKE_RACK": "No", "SURV_DATE": 1652779253091.0, "COMMENT_": "Access point for beach wheelchairs.", "PRKG_COMMENTS": null, "COUNTY": "Pender", "DCM_RO": "Wilmington Regional Office", "NCDCM_ID": 77.0, "PHOTO": "Local.png", "PRK_FEE": "No", "DCM_Funded": "N", "CONTRACT_YR": null, "CONTRACT_NUM": null, "ACESS_TYPE": "Beach", "KayakCanoeLaunch": "No", "PARKING_OPTIONS": "No Parking", "BeachWheelchair": "Y", "BWC_Info": "https://www.surfcitync.gov/2413/Beach-Wheelchairs", "PaidParkURL": "n/a", "WaterAccessTYPE": "Ocean", "BeachMat": null, "Land_Status": "Municipality", "NEAR_FID": 134.0, "NEAR_DIST": 717.23548309470232, "ACCESSIBILITY_NOTES": null, "LIFEGUARDS": null }, "geometry": { "type": "Point", "coordinates": [ -77.520884777722898, 34.4397241023742 ] } },
{ "type": "Feature", "properties": { "ACCESS_ID": "Beach Access # 5 (Broadway Ave)", "OBJECTID": 132, "PLACE": "Surf City", "ACCESS_LOC": "1700 N Shore Dr", "LOCL_SPONS": "Surf City", "CAMA_SIGN": "Yes", "PARKING": 34.0, "DUNE_WALK": "Y", "OVERLOOK": "No", "HAND_DUNE": "N", "HAND_OVRLK": "N", "HAND_BEACH": "N", "HAND_PRKG": 2.0, "RESTRM": "Y", "SHOWER": "Y", "PIC_TABLE": "No", "VEH_ACCESS": "No", "BIKE_RACK": "Yes", "SURV_DATE": 1747785600000.0, "COMMENT_": "", "PRKG_COMMENTS": null, "COUNTY": "Onslow", "DCM_RO": "Wilmington Regional Office", "NCDCM_ID": 76.0, "PHOTO": "Regional.png", "PRK_FEE": "No", "DCM_Funded": "Y", "CONTRACT_YR": "2023", "CONTRACT_NUM": "", "ACESS_TYPE": "Beach", "KayakCanoeLaunch": "No", "PARKING_OPTIONS": "Onsite Parking", "BeachWheelchair": "Y", "BWC_Info": "https://www.surfcitync.gov/2413/Beach-Wheelchairs", "PaidParkURL": "n/a", "WaterAccessTYPE": "Ocean", "BeachMat": "Yes", "Land_Status": "Municipality", "NEAR_FID": 131.0, "NEAR_DIST": 617.51894559244045, "ACCESSIBILITY_NOTES": null, "LIFEGUARDS": null }, "geometry": { "type": "Point", "coordinates": [ -77.518611736423594, 34.441067238192602 ] } },
{ "type": "Feature", "properties": { "ACCESS_ID": "Beach Access #5", "OBJECTID": 131, "PLACE": "Surf City", "ACCESS_LOC": "1700 North Shore Drive", "LOCL_SPONS": "Surf City", "CAMA_SIGN": "Yes", "PARKING": 12.0, "DUNE_WALK": "Y", "OVERLOOK": "No", "HAND_DUNE": "N", "HAND_OVRLK": "N", "HAND_BEACH": "N", "HAND_PRKG": null, "RESTRM": "N", "SHOWER": "N", "PIC_TABLE": "No", "VEH_ACCESS": "No", "BIKE_RACK": "No", "SURV_DATE": 1652779253091.0, "COMMENT_": "Access point for beach wheelchairs.", "PRKG_COMMENTS": null, "COUNTY": "Onslow", "DCM_RO": "Wilmington Regional Office", "NCDCM_ID": 75.0, "PHOTO": "Neighborhood.png", "PRK_FEE": "Y", "DCM_Funded": "N", "CONTRACT_YR": null, "CONTRACT_NUM": null, "ACESS_TYPE": "Beach", "KayakCanoeLaunch": "No", "PARKING_OPTIONS": "On-Street Parking", "BeachWheelchair": "Y", "BWC_Info": "https://www.surfcitync.gov/2413/Beach-Wheelchairs", "PaidParkURL": "https://www.surfcitync.gov/2425/Beach-Parking", "WaterAccessTYPE": "Ocean", "BeachMat": null, "Land_Status": "Municipality", "NEAR_FID": 132.0, "NEAR_DIST": 617.51894559244045, "ACCESSIBILITY_NOTES": null, "LIFEGUARDS": null }, "geometry": { "type": "Point", "coordinates": [ -77.517040004476598, 34.442155121364898 ] } },
{ "type": "Feature", "properties": { "ACCESS_ID": "Beach Access #3", "OBJECTID": 130, "PLACE": "Surf City", "ACCESS_LOC": "1902 North Shore Drive", "LOCL_SPONS": "Surf City", "CAMA_SIGN": "Yes", "PARKING": 40.0, "DUNE_WALK": "Y", "OVERLOOK": "No", "HAND_DUNE": "N", "HAND_OVRLK": "N", "HAND_BEACH": "N", "HAND_PRKG": null, "RESTRM": "N", "SHOWER": "N", "PIC_TABLE": "No", "VEH_ACCESS": "No", "BIKE_RACK": "Yes", "SURV_DATE": 1628640000000.0, "COMMENT_": "Portable Restroom", "PRKG_COMMENTS": null, "COUNTY": "Onslow", "DCM_RO": "Wilmington Regional Office", "NCDCM_ID": 74.0, "PHOTO": "Neighborhood.png", "PRK_FEE": "Y", "DCM_Funded": "N", "CONTRACT_YR": null, "CONTRACT_NUM": null, "ACESS_TYPE": "Beach", "KayakCanoeLaunch": "No", "PARKING_OPTIONS": "On-Street Parking", "BeachWheelchair": "Y", "BWC_Info": "https://www.surfcitync.gov/2413/Beach-Wheelchairs", "PaidParkURL": "https://www.surfcitync.gov/2425/Beach-Parking", "WaterAccessTYPE": "Ocean", "BeachMat": null, "Land_Status": "Municipality", "NEAR_FID": 129.0, "NEAR_DIST": 560.85580912641842, "ACCESSIBILITY_NOTES": null, "LIFEGUARDS": null }, "geometry": { "type": "Point", "coordinates": [ -77.5147635459859, 34.4434901816159 ] } },
{ "type": "Feature", "properties": { "ACCESS_ID": "Beach Access #2", "OBJECTID": 129, "PLACE": "Surf City", "ACCESS_LOC": "2000 N. Shore Dr.", "LOCL_SPONS": "Surf City", "CAMA_SIGN": "Yes", "PARKING": 5.0, "DUNE_WALK": "Y", "OVERLOOK": "No", "HAND_DUNE": "N", "HAND_OVRLK": "N", "HAND_BEACH": "N", "HAND_PRKG": null, "RESTRM": "N", "SHOWER": "N", "PIC_TABLE": "No", "VEH_ACCESS": "No", "BIKE_RACK": "No", "SURV_DATE": 1628640000000.0, "COMMENT_": "", "PRKG_COMMENTS": null, "COUNTY": "Onslow", "DCM_RO": "Wilmington Regional Office", "NCDCM_ID": 73.0, "PHOTO": "Neighborhood.png", "PRK_FEE": "Y", "DCM_Funded": "N", "CONTRACT_YR": null, "CONTRACT_NUM": null, "ACESS_TYPE": "Beach", "KayakCanoeLaunch": "No", "PARKING_OPTIONS": "On-Street Parking", "BeachWheelchair": "Y", "BWC_Info": "https://www.surfcitync.gov/2413/Beach-Wheelchairs", "PaidParkURL": "https://www.surfcitync.gov/2425/Beach-Parking", "WaterAccessTYPE": "Ocean", "BeachMat": null, "Land_Status": "Municipality", "NEAR_FID": 130.0, "NEAR_DIST": 560.85580912641842, "ACCESSIBILITY_NOTES": null, "LIFEGUARDS": null }, "geometry": { "type": "Point", "coordinates": [ -77.513238340482403, 34.444372425900802 ] } },
{ "type": "Feature", "properties": { "ACCESS_ID": "Beach Access #1", "OBJECTID": 128, "PLACE": "Surf City", "ACCESS_LOC": "2100 North Shore Drive", "LOCL_SPONS": "Surf City", "CAMA_SIGN": "Yes", "PARKING": 6.0, "DUNE_WALK": "N", "OVERLOOK": "No", "HAND_DUNE": "N", "HAND_OVRLK": "N", "HAND_BEACH": "N", "HAND_PRKG": 0.0, "RESTRM": "N", "SHOWER": "N", "PIC_TABLE": "No", "VEH_ACCESS": "No", "BIKE_RACK": "No", "SURV_DATE": 1652779253091.0, "COMMENT_": "Access point for beach wheelchairs.", "PRKG_COMMENTS": "18 spaces at 2107 N New River Dr", "COUNTY": "Onslow", "DCM_RO": "Wilmington Regional Office", "NCDCM_ID": 72.0, "PHOTO": "Local.png", "PRK_FEE": "Y", "DCM_Funded": "Y", "CONTRACT_YR": null, "CONTRACT_NUM": null, "ACESS_TYPE": "Beach", "KayakCanoeLaunch": "No", "PARKING_OPTIONS": "On-Street Parking", "BeachWheelchair": "Y", "BWC_Info": "https://www.surfcitync.gov/2413/Beach-Wheelchairs", "PaidParkURL": "https://www.surfcitync.gov/2425/Beach-Parking", "WaterAccessTYPE": "Ocean", "BeachMat": null, "Land_Status": "Municipality", "NEAR_FID": 127.0, "NEAR_DIST": 347.4610052738729, "ACCESSIBILITY_NOTES": null, "LIFEGUARDS": null }, "geometry": { "type": "Point", "coordinates": [ -77.511292920057898, 34.445370572250503 ] } },
{ "type": "Feature", "properties": { "ACCESS_ID": "9th Street  and  N. Shore Dr.", "OBJECTID": 127, "PLACE": "Surf City", "ACCESS_LOC": "9th Street  and  N. Shore Dr.", "LOCL_SPONS": " ", "CAMA_SIGN": "Yes", "PARKING": 8.0, "DUNE_WALK": "Y", "OVERLOOK": "No", "HAND_DUNE": " ", "HAND_OVRLK": " ", "HAND_BEACH": " ", "HAND_PRKG": null, "RESTRM": "N", "SHOWER": "N", "PIC_TABLE": "No", "VEH_ACCESS": " ", "BIKE_RACK": "No", "SURV_DATE": 1359676800000.0, "COMMENT_": " ", "PRKG_COMMENTS": null, "COUNTY": "Onslow", "DCM_RO": "Wilmington Regional Office", "NCDCM_ID": 71.0, "PHOTO": "Neighborhood.png", "PRK_FEE": "No", "DCM_Funded": "N", "CONTRACT_YR": null, "CONTRACT_NUM": null, "ACESS_TYPE": "Beach", "KayakCanoeLaunch": "No", "PARKING_OPTIONS": "Onsite Parking", "BeachWheelchair": "Y", "BWC_Info": "https://www.surfcitync.gov/2413/Beach-Wheelchairs", "PaidParkURL": "n/a", "WaterAccessTYPE": "Ocean", "BeachMat": null, "Land_Status": "Municipality", "NEAR_FID": 128.0, "NEAR_DIST": 347.4610052738729, "ACCESSIBILITY_NOTES": null, "LIFEGUARDS": null }, "geometry": { "type": "Point", "coordinates": [ -77.510390053109404, 34.445963916953097 ] } },
{ "type": "Feature", "properties": { "ACCESS_ID": "Beach Access #6", "OBJECTID": 912, "PLACE": "North Topsail Beach", "ACCESS_LOC": null, "LOCL_SPONS": null, "CAMA_SIGN": null, "PARKING": null, "DUNE_WALK": "N", "OVERLOOK": null, "HAND_DUNE": null, "HAND_OVRLK": null, "HAND_BEACH": null, "HAND_PRKG": null, "RESTRM": null, "SHOWER": null, "PIC_TABLE": null, "VEH_ACCESS": null, "BIKE_RACK": null, "SURV_DATE": 1706140800000.0, "COMMENT_": "At the end of Seashore Drive", "PRKG_COMMENTS": null, "COUNTY": null, "DCM_RO": null, "NCDCM_ID": null, "PHOTO": null, "PRK_FEE": null, "DCM_Funded": "N", "CONTRACT_YR": null, "CONTRACT_NUM": null, "ACESS_TYPE": "Beach", "KayakCanoeLaunch": null, "PARKING_OPTIONS": null, "BeachWheelchair": null, "BWC_Info": null, "PaidParkURL": null, "WaterAccessTYPE": "Ocean", "BeachMat": null, "Land_Status": "Municipality", "NEAR_FID": 366.0, "NEAR_DIST": 291.16225829273668, "ACCESSIBILITY_NOTES": null, "LIFEGUARDS": null }, "geometry": { "type": "Point", "coordinates": [ -77.508570621219107, 34.447207308637601 ] } },
{ "type": "Feature", "properties": { "ACCESS_ID": "Beach Access #5", "OBJECTID": 366, "PLACE": "North Topsail Beach", "ACCESS_LOC": "2234 Island Dr", "LOCL_SPONS": "North Topsail Beach", "CAMA_SIGN": "Yes", "PARKING": 0.0, "DUNE_WALK": "Y", "OVERLOOK": "No", "HAND_DUNE": "No", "HAND_OVRLK": "No", "HAND_BEACH": "No", "HAND_PRKG": 0.0, "RESTRM": "N", "SHOWER": "N", "PIC_TABLE": "No", "VEH_ACCESS": "No", "BIKE_RACK": "No", "SURV_DATE": 1706140800000.0, "COMMENT_": " ", "PRKG_COMMENTS": null, "COUNTY": "Onslow", "DCM_RO": "Wilmington Regional Office", "NCDCM_ID": 249.0, "PHOTO": "Neighborhood.png", "PRK_FEE": null, "DCM_Funded": "Y", "CONTRACT_YR": null, "CONTRACT_NUM": null, "ACESS_TYPE": "Beach", "KayakCanoeLaunch": "No", "PARKING_OPTIONS": "No Parking", "BeachWheelchair": "Y", "BWC_Info": "https://www.ntbnc.org/_files/ugd/e4899e_ed33ab4a6e3447c6b025bdf7a4ad346e.pdf", "PaidParkURL": "n/a", "WaterAccessTYPE": "Ocean", "BeachMat": null, "Land_Status": "Municipality", "NEAR_FID": 912.0, "NEAR_DIST": 291.16225829273668, "ACCESSIBILITY_NOTES": null, "LIFEGUARDS": null }, "geometry": { "type": "Point", "coordinates": [ -77.509363139199607, 34.447664496461002 ] } },
{ "type": "Feature", "properties": { "ACCESS_ID": "Beach Access # 7", "OBJECTID": 804, "PLACE": "North Topsail Beach", "ACCESS_LOC": "226 Seashore Dr", "LOCL_SPONS": "North Topsail Beach", "CAMA_SIGN": null, "PARKING": 0.0, "DUNE_WALK": "N", "OVERLOOK": "No", "HAND_DUNE": "No", "HAND_OVRLK": "No", "HAND_BEACH": "No", "HAND_PRKG": 0.0, "RESTRM": "N", "SHOWER": "N", "PIC_TABLE": "No", "VEH_ACCESS": "No", "BIKE_RACK": "No", "SURV_DATE": 1706140800000.0, "COMMENT_": null, "PRKG_COMMENTS": null, "COUNTY": "Onslow", "DCM_RO": "WILM", "NCDCM_ID": null, "PHOTO": null, "PRK_FEE": null, "DCM_Funded": "N", "CONTRACT_YR": null, "CONTRACT_NUM": null, "ACESS_TYPE": "Beach", "KayakCanoeLaunch": "No", "PARKING_OPTIONS": "No Parking", "BeachWheelchair": "Y", "BWC_Info": "https://www.ntbnc.org/_files/ugd/e4899e_ed33ab4a6e3447c6b025bdf7a4ad346e.pdf", "PaidParkURL": "n/a", "WaterAccessTYPE": "Ocean", "BeachMat": null, "Land_Status": "Municipality", "NEAR_FID": 912.0, "NEAR_DIST": 753.39812973416667, "ACCESSIBILITY_NOTES": null, "LIFEGUARDS": null }, "geometry": { "type": "Point", "coordinates": [ -77.506552274081997, 34.448427886533203 ] } },
{ "type": "Feature", "properties": { "ACCESS_ID": "Beach Access # 8", "OBJECTID": 364, "PLACE": "North Topsail Beach", "ACCESS_LOC": "322 Sea Shore Dr", "LOCL_SPONS": "Onslow County", "CAMA_SIGN": "Yes", "PARKING": 10.0, "DUNE_WALK": "Y", "OVERLOOK": "No", "HAND_DUNE": "No", "HAND_OVRLK": "No", "HAND_BEACH": "No", "HAND_PRKG": null, "RESTRM": "N", "SHOWER": "N", "PIC_TABLE": "No", "VEH_ACCESS": "No", "BIKE_RACK": "No", "SURV_DATE": 1706140800000.0, "COMMENT_": null, "PRKG_COMMENTS": null, "COUNTY": "Onslow", "DCM_RO": "Wilmington Regional Office", "NCDCM_ID": 248.0, "PHOTO": "Local.png", "PRK_FEE": null, "DCM_Funded": "N", "CONTRACT_YR": null, "CONTRACT_NUM": null, "ACESS_TYPE": "Beach", "KayakCanoeLaunch": "No", "PARKING_OPTIONS": "No Parking", "BeachWheelchair": "Y", "BWC_Info": "https://www.ntbnc.org/_files/ugd/e4899e_ed33ab4a6e3447c6b025bdf7a4ad346e.pdf", "PaidParkURL": "n/a", "WaterAccessTYPE": "Ocean", "BeachMat": null, "Land_Status": "Municipality", "NEAR_FID": 804.0, "NEAR_DIST": 1198.417000644841, "ACCESSIBILITY_NOTES": null, "LIFEGUARDS": null }, "geometry": { "type": "Point", "coordinates": [ -77.503315563655207, 34.450339467509103 ] } },
{ "type": "Feature", "properties": { "ACCESS_ID": "Beach Access # 8", "OBJECTID": 362, "PLACE": "North Topsail Beach", "ACCESS_LOC": "540 Ocean Drive", "LOCL_SPONS": "North Topsail BEach", "CAMA_SIGN": "Yes", "PARKING": 0.0, "DUNE_WALK": "N", "OVERLOOK": "No", "HAND_DUNE": "No", "HAND_OVRLK": "No", "HAND_BEACH": "No", "HAND_PRKG": 0.0, "RESTRM": "N", "SHOWER": "N", "PIC_TABLE": "No", "VEH_ACCESS": "Emergency Only", "BIKE_RACK": "No", "SURV_DATE": 1706140800000.0, "COMMENT_": " ", "PRKG_COMMENTS": null, "COUNTY": "Onslow", "DCM_RO": "Wilmington Regional Office", "NCDCM_ID": 247.0, "PHOTO": "Neighborhood.png", "PRK_FEE": null, "DCM_Funded": "N", "CONTRACT_YR": null, "CONTRACT_NUM": null, "ACESS_TYPE": "Beach", "KayakCanoeLaunch": "No", "PARKING_OPTIONS": "No Parking", "BeachWheelchair": "Y", "BWC_Info": "https://www.ntbnc.org/_files/ugd/e4899e_ed33ab4a6e3447c6b025bdf7a4ad346e.pdf", "PaidParkURL": "n/a", "WaterAccessTYPE": "Ocean", "BeachMat": null, "Land_Status": "Municipality", "NEAR_FID": 359.0, "NEAR_DIST": 570.32914178047076, "ACCESSIBILITY_NOTES": null, "LIFEGUARDS": null }, "geometry": { "type": "Point", "coordinates": [ -77.492012020786206, 34.456690754827903 ] } },
{ "type": "Feature", "properties": { "ACCESS_ID": "Beach Access #10", "OBJECTID": 359, "PLACE": "North Topsail Beach", "ACCESS_LOC": "590 Ocean Dr (Chestnut St & Ocean Dr)", "LOCL_SPONS": "Onslow County", "CAMA_SIGN": "Yes", "PARKING": 12.0, "DUNE_WALK": "Y", "OVERLOOK": "No", "HAND_DUNE": "No", "HAND_OVRLK": "No", "HAND_BEACH": "No", "HAND_PRKG": null, "RESTRM": "N", "SHOWER": "N", "PIC_TABLE": "No", "VEH_ACCESS": "No", "BIKE_RACK": "No", "SURV_DATE": 1706140800000.0, "COMMENT_": " ", "PRKG_COMMENTS": null, "COUNTY": "Onslow", "DCM_RO": "Wilmington Regional Office", "NCDCM_ID": 246.0, "PHOTO": "Neighborhood.png", "PRK_FEE": "No", "DCM_Funded": "N", "CONTRACT_YR": null, "CONTRACT_NUM": null, "ACESS_TYPE": "Beach", "KayakCanoeLaunch": "No", "PARKING_OPTIONS": "On-Street Parking", "BeachWheelchair": "Y", "BWC_Info": "https://www.ntbnc.org/_files/ugd/e4899e_ed33ab4a6e3447c6b025bdf7a4ad346e.pdf", "PaidParkURL": "n/a", "WaterAccessTYPE": "Ocean", "BeachMat": null, "Land_Status": "Municipality", "NEAR_FID": 356.0, "NEAR_DIST": 568.97666336413306, "ACCESSIBILITY_NOTES": null, "LIFEGUARDS": null }, "geometry": { "type": "Point", "coordinates": [ -77.490404272684501, 34.457516793729802 ] } },
{ "type": "Feature", "properties": { "ACCESS_ID": "Beach Access #11", "OBJECTID": 356, "PLACE": "North Topsail Beach", "ACCESS_LOC": "636 Ocean Dr", "LOCL_SPONS": "Onslow County", "CAMA_SIGN": "Yes", "PARKING": 0.0, "DUNE_WALK": "Y", "OVERLOOK": "No", "HAND_DUNE": "No", "HAND_OVRLK": "No", "HAND_BEACH": "No", "HAND_PRKG": 0.0, "RESTRM": "N", "SHOWER": "N", "PIC_TABLE": "No", "VEH_ACCESS": "No", "BIKE_RACK": "No", "SURV_DATE": 1706140800000.0, "COMMENT_": null, "PRKG_COMMENTS": null, "COUNTY": "Onslow", "DCM_RO": "Wilmington Regional Office", "NCDCM_ID": 245.0, "PHOTO": "Neighborhood.png", "PRK_FEE": null, "DCM_Funded": "N", "CONTRACT_YR": null, "CONTRACT_NUM": null, "ACESS_TYPE": "Beach", "KayakCanoeLaunch": "No", "PARKING_OPTIONS": "No Parking", "BeachWheelchair": "Y", "BWC_Info": "https://www.ntbnc.org/_files/ugd/e4899e_ed33ab4a6e3447c6b025bdf7a4ad346e.pdf", "PaidParkURL": "n/a", "WaterAccessTYPE": "Ocean", "BeachMat": null, "Land_Status": "Municipality", "NEAR_FID": 359.0, "NEAR_DIST": 568.97666336413306, "ACCESSIBILITY_NOTES": null, "LIFEGUARDS": null }, "geometry": { "type": "Point", "coordinates": [ -77.488838877453503, 34.4583902666947 ] } },
{ "type": "Feature", "properties": { "ACCESS_ID": "Onslow Co. Beach Access #2", "OBJECTID": 353, "PLACE": "North Topsail Beach", "ACCESS_LOC": "2950 Island Drive", "LOCL_SPONS": "Onslow County", "CAMA_SIGN": "Yes", "PARKING": 250.0, "DUNE_WALK": "Y", "OVERLOOK": "Yes", "HAND_DUNE": "Yes", "HAND_OVRLK": "Yes", "HAND_BEACH": "Y", "HAND_PRKG": 2.0, "RESTRM": "Y", "SHOWER": "Y", "PIC_TABLE": "Yes", "VEH_ACCESS": "No", "BIKE_RACK": "No", "SURV_DATE": 1706140800000.0, "COMMENT_": "Handicap accessible to beach. Businesses on-site that provide kayak rentals and concession stand.", "PRKG_COMMENTS": "Two soundside parking lots across the street.", "COUNTY": "Onslow", "DCM_RO": "Wilmington Regional Office", "NCDCM_ID": 244.0, "PHOTO": "Regional.png", "PRK_FEE": "No", "DCM_Funded": "Y", "CONTRACT_YR": null, "CONTRACT_NUM": null, "ACESS_TYPE": "Beach", "KayakCanoeLaunch": "No", "PARKING_OPTIONS": "Onsite Parking", "BeachWheelchair": "Y", "BWC_Info": "https://www.ntbnc.org/_files/ugd/e4899e_ed33ab4a6e3447c6b025bdf7a4ad346e.pdf", "PaidParkURL": "n/a", "WaterAccessTYPE": "Ocean", "BeachMat": null, "Land_Status": "Municipality", "NEAR_FID": 805.0, "NEAR_DIST": 1266.5285766039208, "ACCESSIBILITY_NOTES": null, "LIFEGUARDS": null }, "geometry": { "type": "Point", "coordinates": [ -77.485011949240302, 34.4608151066641 ] } },
{ "type": "Feature", "properties": { "ACCESS_ID": "Beach Access # 12", "OBJECTID": 805, "PLACE": "North Topsail Beach", "ACCESS_LOC": "3058 Island Dr", "LOCL_SPONS": "Onslow County", "CAMA_SIGN": null, "PARKING": 0.0, "DUNE_WALK": "Y", "OVERLOOK": "No", "HAND_DUNE": "No", "HAND_OVRLK": "No", "HAND_BEACH": "No", "HAND_PRKG": 0.0, "RESTRM": "N", "SHOWER": "N", "PIC_TABLE": "No", "VEH_ACCESS": "No", "BIKE_RACK": "No", "SURV_DATE": 1706140800000.0, "COMMENT_": null, "PRKG_COMMENTS": null, "COUNTY": "Onslow", "DCM_RO": "WILM", "NCDCM_ID": null, "PHOTO": null, "PRK_FEE": null, "DCM_Funded": "N", "CONTRACT_YR": null, "CONTRACT_NUM": null, "ACESS_TYPE": "Beach", "KayakCanoeLaunch": "No", "PARKING_OPTIONS": "No Parking", "BeachWheelchair": "Y", "BWC_Info": "https://www.ntbnc.org/_files/ugd/e4899e_ed33ab4a6e3447c6b025bdf7a4ad346e.pdf", "PaidParkURL": "n/a", "WaterAccessTYPE": "Ocean", "BeachMat": null, "Land_Status": "Municipality", "NEAR_FID": 350.0, "NEAR_DIST": 590.90223520906477, "ACCESSIBILITY_NOTES": null, "LIFEGUARDS": null }, "geometry": { "type": "Point", "coordinates": [ -77.481769176591698, 34.463028023703401 ] } },
{ "type": "Feature", "properties": { "ACCESS_ID": "Beach Access # 13", "OBJECTID": 350, "PLACE": "North Topsail Beach", "ACCESS_LOC": "124 Topsail Rd", "LOCL_SPONS": "Onslow County", "CAMA_SIGN": "Yes", "PARKING": 12.0, "DUNE_WALK": "Y", "OVERLOOK": "No", "HAND_DUNE": "No", "HAND_OVRLK": "No", "HAND_BEACH": "No", "HAND_PRKG": null, "RESTRM": "N", "SHOWER": "N", "PIC_TABLE": "No", "VEH_ACCESS": "No", "BIKE_RACK": "No", "SURV_DATE": 1706140800000.0, "COMMENT_": "", "PRKG_COMMENTS": "Parking across the street.", "COUNTY": "Onslow", "DCM_RO": "Wilmington Regional Office", "NCDCM_ID": 243.0, "PHOTO": "Local.png", "PRK_FEE": "Y", "DCM_Funded": "N", "CONTRACT_YR": null, "CONTRACT_NUM": null, "ACESS_TYPE": "Beach", "KayakCanoeLaunch": "No", "PARKING_OPTIONS": "Onsite Parking", "BeachWheelchair": "Y", "BWC_Info": "https://www.ntbnc.org/_files/ugd/e4899e_ed33ab4a6e3447c6b025bdf7a4ad346e.pdf", "PaidParkURL": "https://www.northtopsailbeachnc.gov/beach-accesses", "WaterAccessTYPE": "Ocean", "BeachMat": null, "Land_Status": "Municipality", "NEAR_FID": 805.0, "NEAR_DIST": 590.90223520906477, "ACCESSIBILITY_NOTES": null, "LIFEGUARDS": null }, "geometry": { "type": "Point", "coordinates": [ -77.479974688505493, 34.463681578082401 ] } },
{ "type": "Feature", "properties": { "ACCESS_ID": "Beach Access # 14", "OBJECTID": 346, "PLACE": "North Topsail Beach", "ACCESS_LOC": "198 Topsail Rd", "LOCL_SPONS": "Onslow County", "CAMA_SIGN": "Yes", "PARKING": 0.0, "DUNE_WALK": "Y", "OVERLOOK": "No", "HAND_DUNE": "No", "HAND_OVRLK": "No", "HAND_BEACH": "No", "HAND_PRKG": 0.0, "RESTRM": "N", "SHOWER": "N", "PIC_TABLE": "No", "VEH_ACCESS": "No", "BIKE_RACK": "No", "SURV_DATE": 1706140800000.0, "COMMENT_": "", "PRKG_COMMENTS": null, "COUNTY": "Onslow", "DCM_RO": "Wilmington Regional Office", "NCDCM_ID": 241.0, "PHOTO": "Local.png", "PRK_FEE": null, "DCM_Funded": "Y", "CONTRACT_YR": null, "CONTRACT_NUM": null, "ACESS_TYPE": "Beach", "KayakCanoeLaunch": "No", "PARKING_OPTIONS": "No Parking", "BeachWheelchair": "Y", "BWC_Info": "https://www.ntbnc.org/_files/ugd/e4899e_ed33ab4a6e3447c6b025bdf7a4ad346e.pdf", "PaidParkURL": "n/a", "WaterAccessTYPE": "Ocean", "BeachMat": null, "Land_Status": "Municipality", "NEAR_FID": 343.0, "NEAR_DIST": 730.43546372005824, "ACCESSIBILITY_NOTES": null, "LIFEGUARDS": null }, "geometry": { "type": "Point", "coordinates": [ -77.477290813490598, 34.4647928345304 ] } },
{ "type": "Feature", "properties": { "ACCESS_ID": "Beach Access # 15", "OBJECTID": 343, "PLACE": "North Topsail Beach", "ACCESS_LOC": "15th Avenue & Topsail Rd", "LOCL_SPONS": "Onslow County", "CAMA_SIGN": "Yes", "PARKING": 0.0, "DUNE_WALK": "Y", "OVERLOOK": "No", "HAND_DUNE": "No", "HAND_OVRLK": "No", "HAND_BEACH": "No", "HAND_PRKG": 0.0, "RESTRM": "N", "SHOWER": "N", "PIC_TABLE": "No", "VEH_ACCESS": "No", "BIKE_RACK": "No", "SURV_DATE": 1706140800000.0, "COMMENT_": null, "PRKG_COMMENTS": null, "COUNTY": "Onslow", "DCM_RO": "Wilmington Regional Office", "NCDCM_ID": 240.0, "PHOTO": "Local.png", "PRK_FEE": null, "DCM_Funded": "N", "CONTRACT_YR": null, "CONTRACT_NUM": null, "ACESS_TYPE": "Beach", "KayakCanoeLaunch": "No", "PARKING_OPTIONS": "No Parking", "BeachWheelchair": "Y", "BWC_Info": "https://www.ntbnc.org/_files/ugd/e4899e_ed33ab4a6e3447c6b025bdf7a4ad346e.pdf", "PaidParkURL": "n/a", "WaterAccessTYPE": "Ocean", "BeachMat": null, "Land_Status": "Municipality", "NEAR_FID": 341.0, "NEAR_DIST": 255.3825849093281, "ACCESSIBILITY_NOTES": null, "LIFEGUARDS": null }, "geometry": { "type": "Point", "coordinates": [ -77.475198281461104, 34.4658050319699 ] } },
{ "type": "Feature", "properties": { "ACCESS_ID": "Beach Access # 16", "OBJECTID": 341, "PLACE": "North Topsail Beach", "ACCESS_LOC": "278 Topsail Rd (14th Ave & Topsail Rd)", "LOCL_SPONS": null, "CAMA_SIGN": "Yes", "PARKING": 0.0, "DUNE_WALK": "Y", "OVERLOOK": "No", "HAND_DUNE": "No", "HAND_OVRLK": "No", "HAND_BEACH": "No", "HAND_PRKG": 0.0, "RESTRM": "N", "SHOWER": "N", "PIC_TABLE": "No", "VEH_ACCESS": "No", "BIKE_RACK": "No", "SURV_DATE": 1706140800000.0, "COMMENT_": null, "PRKG_COMMENTS": null, "COUNTY": "Onslow", "DCM_RO": "Wilmington Regional Office", "NCDCM_ID": 239.0, "PHOTO": "Local.png", "PRK_FEE": null, "DCM_Funded": "N", "CONTRACT_YR": null, "CONTRACT_NUM": null, "ACESS_TYPE": "Beach", "KayakCanoeLaunch": "No", "PARKING_OPTIONS": "No Parking", "BeachWheelchair": "Y", "BWC_Info": "https://www.ntbnc.org/_files/ugd/e4899e_ed33ab4a6e3447c6b025bdf7a4ad346e.pdf", "PaidParkURL": "n/a", "WaterAccessTYPE": "Ocean", "BeachMat": null, "Land_Status": "Municipality", "NEAR_FID": 343.0, "NEAR_DIST": 255.3825849093281, "ACCESSIBILITY_NOTES": null, "LIFEGUARDS": null }, "geometry": { "type": "Point", "coordinates": [ -77.474478297032206, 34.466174934444197 ] } },
{ "type": "Feature", "properties": { "ACCESS_ID": "Beach Access # 17", "OBJECTID": 339, "PLACE": "North Topsail Beach", "ACCESS_LOC": "296 Topsail Rd (13th Ave & Topsail Rd)", "LOCL_SPONS": " ", "CAMA_SIGN": "Yes", "PARKING": null, "DUNE_WALK": "Y", "OVERLOOK": "No", "HAND_DUNE": "No", "HAND_OVRLK": "No", "HAND_BEACH": "No", "HAND_PRKG": null, "RESTRM": "N", "SHOWER": "N", "PIC_TABLE": "No", "VEH_ACCESS": "No", "BIKE_RACK": "No", "SURV_DATE": 1706140800000.0, "COMMENT_": "", "PRKG_COMMENTS": "Paid parking across the street. ", "COUNTY": "Onslow", "DCM_RO": "Wilmington Regional Office", "NCDCM_ID": 238.0, "PHOTO": "Local.png", "PRK_FEE": "Y", "DCM_Funded": "N", "CONTRACT_YR": null, "CONTRACT_NUM": null, "ACESS_TYPE": "Beach", "KayakCanoeLaunch": "No", "PARKING_OPTIONS": "On-Street Parking", "BeachWheelchair": "Y", "BWC_Info": "https://www.ntbnc.org/_files/ugd/e4899e_ed33ab4a6e3447c6b025bdf7a4ad346e.pdf", "PaidParkURL": "https://www.northtopsailbeachnc.gov/beach-accesses", "WaterAccessTYPE": "Ocean", "BeachMat": null, "Land_Status": "Municipality", "NEAR_FID": 337.0, "NEAR_DIST": 239.10802171216619, "ACCESSIBILITY_NOTES": null, "LIFEGUARDS": null }, "geometry": { "type": "Point", "coordinates": [ -77.473701662146595, 34.466544396090299 ] } },
{ "type": "Feature", "properties": { "ACCESS_ID": "Beach Access # 18", "OBJECTID": 337, "PLACE": "North Topsail Beach", "ACCESS_LOC": "316 Topsail Rd (Topsail Rd & 12th Ave)", "LOCL_SPONS": " ", "CAMA_SIGN": "Yes", "PARKING": 0.0, "DUNE_WALK": "Y", "OVERLOOK": "No", "HAND_DUNE": "No", "HAND_OVRLK": "No", "HAND_BEACH": "No", "HAND_PRKG": 0.0, "RESTRM": "N", "SHOWER": "N", "PIC_TABLE": "No", "VEH_ACCESS": "No", "BIKE_RACK": "No", "SURV_DATE": 1706140800000.0, "COMMENT_": null, "PRKG_COMMENTS": null, "COUNTY": "Onslow", "DCM_RO": "Wilmington Regional Office", "NCDCM_ID": 237.0, "PHOTO": "Local.png", "PRK_FEE": null, "DCM_Funded": "N", "CONTRACT_YR": null, "CONTRACT_NUM": null, "ACESS_TYPE": "Beach", "KayakCanoeLaunch": "No", "PARKING_OPTIONS": "No Parking", "BeachWheelchair": "Y", "BWC_Info": "https://www.ntbnc.org/_files/ugd/e4899e_ed33ab4a6e3447c6b025bdf7a4ad346e.pdf", "PaidParkURL": "n/a", "WaterAccessTYPE": "Ocean", "BeachMat": null, "Land_Status": "Municipality", "NEAR_FID": 335.0, "NEAR_DIST": 235.09958910525805, "ACCESSIBILITY_NOTES": null, "LIFEGUARDS": null }, "geometry": { "type": "Point", "coordinates": [ -77.473031447977704, 34.466895870911102 ] } },
{ "type": "Feature", "properties": { "ACCESS_ID": "Beach Access # 19", "OBJECTID": 335, "PLACE": "North Topsail Beach", "ACCESS_LOC": "338 Topsail Rd", "LOCL_SPONS": "Onslow County", "CAMA_SIGN": "Yes", "PARKING": 0.0, "DUNE_WALK": "Y", "OVERLOOK": "No", "HAND_DUNE": "No", "HAND_OVRLK": "No", "HAND_BEACH": "No", "HAND_PRKG": 0.0, "RESTRM": "N", "SHOWER": "N", "PIC_TABLE": "No", "VEH_ACCESS": "No", "BIKE_RACK": "No", "SURV_DATE": 1706140800000.0, "COMMENT_": null, "PRKG_COMMENTS": null, "COUNTY": "Onslow", "DCM_RO": "Wilmington Regional Office", "NCDCM_ID": 236.0, "PHOTO": "Local.png", "PRK_FEE": null, "DCM_Funded": "N", "CONTRACT_YR": null, "CONTRACT_NUM": null, "ACESS_TYPE": "Beach", "KayakCanoeLaunch": "No", "PARKING_OPTIONS": "No Parking", "BeachWheelchair": "Y", "BWC_Info": "https://www.ntbnc.org/_files/ugd/e4899e_ed33ab4a6e3447c6b025bdf7a4ad346e.pdf", "PaidParkURL": "n/a", "WaterAccessTYPE": "Ocean", "BeachMat": null, "Land_Status": "Municipality", "NEAR_FID": 337.0, "NEAR_DIST": 235.09958910525805, "ACCESSIBILITY_NOTES": null, "LIFEGUARDS": null }, "geometry": { "type": "Point", "coordinates": [ -77.472348902635005, 34.467208510789298 ] } },
{ "type": "Feature", "properties": { "ACCESS_ID": "Beach Access #20", "OBJECTID": 332, "PLACE": "North Topsail Beach", "ACCESS_LOC": "352 Topsail Rd & 10th Ave", "LOCL_SPONS": " ", "CAMA_SIGN": "Yes", "PARKING": 0.0, "DUNE_WALK": "Y", "OVERLOOK": "No", "HAND_DUNE": "No", "HAND_OVRLK": "No", "HAND_BEACH": "No", "HAND_PRKG": 0.0, "RESTRM": "N", "SHOWER": "N", "PIC_TABLE": "No", "VEH_ACCESS": "No", "BIKE_RACK": "No", "SURV_DATE": 1706140800000.0, "COMMENT_": null, "PRKG_COMMENTS": null, "COUNTY": "Onslow", "DCM_RO": "Wilmington Regional Office", "NCDCM_ID": 235.0, "PHOTO": "Local.png", "PRK_FEE": null, "DCM_Funded": "N", "CONTRACT_YR": null, "CONTRACT_NUM": null, "ACESS_TYPE": "Beach", "KayakCanoeLaunch": "No", "PARKING_OPTIONS": "No Parking", "BeachWheelchair": "Y", "BWC_Info": "https://www.ntbnc.org/_files/ugd/e4899e_ed33ab4a6e3447c6b025bdf7a4ad346e.pdf", "PaidParkURL": "n/a", "WaterAccessTYPE": "Ocean", "BeachMat": null, "Land_Status": "Municipality", "NEAR_FID": 335.0, "NEAR_DIST": 246.36663468426218, "ACCESSIBILITY_NOTES": null, "LIFEGUARDS": null }, "geometry": { "type": "Point", "coordinates": [ -77.471664930767503, 34.467579140250898 ] } },
{ "type": "Feature", "properties": { "ACCESS_ID": "Beach Access #21", "OBJECTID": 330, "PLACE": "North Topsail Beach", "ACCESS_LOC": "378 Topsail Rd", "LOCL_SPONS": "Onslow County", "CAMA_SIGN": "Yes", "PARKING": 0.0, "DUNE_WALK": "Y", "OVERLOOK": "No", "HAND_DUNE": "No", "HAND_OVRLK": "No", "HAND_BEACH": "No", "HAND_PRKG": 0.0, "RESTRM": "N", "SHOWER": "N", "PIC_TABLE": "No", "VEH_ACCESS": "No", "BIKE_RACK": "No", "SURV_DATE": 1706140800000.0, "COMMENT_": null, "PRKG_COMMENTS": null, "COUNTY": "Onslow", "DCM_RO": "Wilmington Regional Office", "NCDCM_ID": 234.0, "PHOTO": "Local.png", "PRK_FEE": null, "DCM_Funded": "N", "CONTRACT_YR": null, "CONTRACT_NUM": null, "ACESS_TYPE": "Beach", "KayakCanoeLaunch": "No", "PARKING_OPTIONS": "No Parking", "BeachWheelchair": "Y", "BWC_Info": "https://www.ntbnc.org/_files/ugd/e4899e_ed33ab4a6e3447c6b025bdf7a4ad346e.pdf", "PaidParkURL": "n/a", "WaterAccessTYPE": "Ocean", "BeachMat": null, "Land_Status": "Municipality", "NEAR_FID": 806.0, "NEAR_DIST": 229.17173497809668, "ACCESSIBILITY_NOTES": null, "LIFEGUARDS": null }, "geometry": { "type": "Point", "coordinates": [ -77.470961846344096, 34.4679247813743 ] } },
{ "type": "Feature", "properties": { "ACCESS_ID": "Beach Access #22", "OBJECTID": 806, "PLACE": "North Topsail Beach", "ACCESS_LOC": "394 Topsail Rd (9th Ave & Topsail Rd)", "LOCL_SPONS": null, "CAMA_SIGN": "Unknown", "PARKING": 0.0, "DUNE_WALK": "N", "OVERLOOK": "No", "HAND_DUNE": "No", "HAND_OVRLK": "No", "HAND_BEACH": "No", "HAND_PRKG": 0.0, "RESTRM": "N", "SHOWER": "N", "PIC_TABLE": "No", "VEH_ACCESS": "Yes", "BIKE_RACK": "No", "SURV_DATE": 1706140800000.0, "COMMENT_": null, "PRKG_COMMENTS": null, "COUNTY": "Onslow", "DCM_RO": "Wilmington Regional Office", "NCDCM_ID": 234.0, "PHOTO": "Local.png", "PRK_FEE": null, "DCM_Funded": "N", "CONTRACT_YR": null, "CONTRACT_NUM": null, "ACESS_TYPE": "Beach", "KayakCanoeLaunch": "No", "PARKING_OPTIONS": "No Parking", "BeachWheelchair": "Y", "BWC_Info": "https://www.ntbnc.org/_files/ugd/e4899e_ed33ab4a6e3447c6b025bdf7a4ad346e.pdf", "PaidParkURL": "n/a", "WaterAccessTYPE": "Ocean", "BeachMat": null, "Land_Status": "Municipality", "NEAR_FID": 330.0, "NEAR_DIST": 229.17173497809668, "ACCESSIBILITY_NOTES": null, "LIFEGUARDS": null }, "geometry": { "type": "Point", "coordinates": [ -77.470287266363002, 34.468215278427699 ] } },
{ "type": "Feature", "properties": { "ACCESS_ID": "OC BA-23", "OBJECTID": 3, "PLACE": "North Topsail Beach", "ACCESS_LOC": "7th Ave & Topsail Rd", "LOCL_SPONS": "Onslow County", "CAMA_SIGN": "Yes", "PARKING": 0.0, "DUNE_WALK": "Y", "OVERLOOK": "No", "HAND_DUNE": "No", "HAND_OVRLK": "No", "HAND_BEACH": "No", "HAND_PRKG": 0.0, "RESTRM": "N", "SHOWER": "N", "PIC_TABLE": "No", "VEH_ACCESS": "No", "BIKE_RACK": "No", "SURV_DATE": 1706140800000.0, "COMMENT_": null, "PRKG_COMMENTS": " ", "COUNTY": "Onslow", "DCM_RO": "Wilmington Regional Office", "NCDCM_ID": 3.0, "PHOTO": "Local.png", "PRK_FEE": null, "DCM_Funded": "N", "CONTRACT_YR": null, "CONTRACT_NUM": null, "ACESS_TYPE": "Beach", "KayakCanoeLaunch": "No", "PARKING_OPTIONS": "No Parking", "BeachWheelchair": "Y", "BWC_Info": "https://www.ntbnc.org/_files/ugd/e4899e_ed33ab4a6e3447c6b025bdf7a4ad346e.pdf", "PaidParkURL": "n/a", "WaterAccessTYPE": "Ocean", "BeachMat": null, "Land_Status": "Municipality", "NEAR_FID": 326.0, "NEAR_DIST": 246.30949045829186, "ACCESSIBILITY_NOTES": null, "LIFEGUARDS": null }, "geometry": { "type": "Point", "coordinates": [ -77.469611872508196, 34.468602835846497 ] } },
{ "type": "Feature", "properties": { "ACCESS_ID": "Beach Access #24", "OBJECTID": 326, "PLACE": "North Topsail Beach", "ACCESS_LOC": "430 Topsail Rd (6th Ave & Topsail Rd)", "LOCL_SPONS": " ", "CAMA_SIGN": "Yes", "PARKING": 0.0, "DUNE_WALK": "Y", "OVERLOOK": "No", "HAND_DUNE": "No", "HAND_OVRLK": "No", "HAND_BEACH": "No", "HAND_PRKG": 0.0, "RESTRM": "N", "SHOWER": "N", "PIC_TABLE": "No", "VEH_ACCESS": " ", "BIKE_RACK": "No", "SURV_DATE": 1706140800000.0, "COMMENT_": null, "PRKG_COMMENTS": null, "COUNTY": "Onslow", "DCM_RO": "Wilmington Regional Office", "NCDCM_ID": 233.0, "PHOTO": "Local.png", "PRK_FEE": null, "DCM_Funded": "N", "CONTRACT_YR": null, "CONTRACT_NUM": null, "ACESS_TYPE": "Beach", "KayakCanoeLaunch": "No", "PARKING_OPTIONS": "No Parking", "BeachWheelchair": "Y", "BWC_Info": "https://www.ntbnc.org/_files/ugd/e4899e_ed33ab4a6e3447c6b025bdf7a4ad346e.pdf", "PaidParkURL": "n/a", "WaterAccessTYPE": "Ocean", "BeachMat": null, "Land_Status": "Municipality", "NEAR_FID": 323.0, "NEAR_DIST": 236.66333547701169, "ACCESSIBILITY_NOTES": null, "LIFEGUARDS": null }, "geometry": { "type": "Point", "coordinates": [ -77.468915144563695, 34.4689565089895 ] } },
{ "type": "Feature", "properties": { "ACCESS_ID": "Beach Access #25", "OBJECTID": 323, "PLACE": "North Topsail Beach", "ACCESS_LOC": "460 Topsail Rd (5th Ave and Topsail Rd)", "LOCL_SPONS": "Onslow County", "CAMA_SIGN": "Yes", "PARKING": 0.0, "DUNE_WALK": "Y", "OVERLOOK": "No", "HAND_DUNE": "No", "HAND_OVRLK": "No", "HAND_BEACH": "No", "HAND_PRKG": 0.0, "RESTRM": "N", "SHOWER": "N", "PIC_TABLE": "No", "VEH_ACCESS": " ", "BIKE_RACK": "No", "SURV_DATE": 1706140800000.0, "COMMENT_": null, "PRKG_COMMENTS": null, "COUNTY": "Onslow", "DCM_RO": "Wilmington Regional Office", "NCDCM_ID": 232.0, "PHOTO": "Local.png", "PRK_FEE": null, "DCM_Funded": "N", "CONTRACT_YR": null, "CONTRACT_NUM": null, "ACESS_TYPE": "Beach", "KayakCanoeLaunch": "No", "PARKING_OPTIONS": "No Parking", "BeachWheelchair": "Y", "BWC_Info": "https://www.ntbnc.org/_files/ugd/e4899e_ed33ab4a6e3447c6b025bdf7a4ad346e.pdf", "PaidParkURL": "n/a", "WaterAccessTYPE": "Ocean", "BeachMat": null, "Land_Status": "Municipality", "NEAR_FID": 326.0, "NEAR_DIST": 236.66333547701169, "ACCESSIBILITY_NOTES": null, "LIFEGUARDS": null }, "geometry": { "type": "Point", "coordinates": [ -77.468242107888202, 34.469291428700998 ] } },
{ "type": "Feature", "properties": { "ACCESS_ID": "Beach Access #26", "OBJECTID": 807, "PLACE": "North Topsail Beach", "ACCESS_LOC": "4th Ave and Topsail Rd", "LOCL_SPONS": "Onslow County", "CAMA_SIGN": "Yes", "PARKING": 0.0, "DUNE_WALK": "Y", "OVERLOOK": "No", "HAND_DUNE": "No", "HAND_OVRLK": "No", "HAND_BEACH": "No", "HAND_PRKG": 0.0, "RESTRM": "N", "SHOWER": "N", "PIC_TABLE": "No", "VEH_ACCESS": " ", "BIKE_RACK": "No", "SURV_DATE": 1706140800000.0, "COMMENT_": null, "PRKG_COMMENTS": null, "COUNTY": "Onslow", "DCM_RO": "Wilmington Regional Office", "NCDCM_ID": 232.0, "PHOTO": "Local.png", "PRK_FEE": null, "DCM_Funded": "Y", "CONTRACT_YR": null, "CONTRACT_NUM": null, "ACESS_TYPE": "Beach", "KayakCanoeLaunch": "No", "PARKING_OPTIONS": "No Parking", "BeachWheelchair": "Y", "BWC_Info": "https://www.ntbnc.org/_files/ugd/e4899e_ed33ab4a6e3447c6b025bdf7a4ad346e.pdf", "PaidParkURL": "n/a", "WaterAccessTYPE": "Ocean", "BeachMat": null, "Land_Status": "Municipality", "NEAR_FID": 808.0, "NEAR_DIST": 230.78001739237129, "ACCESSIBILITY_NOTES": null, "LIFEGUARDS": null }, "geometry": { "type": "Point", "coordinates": [ -77.467604643599699, 34.469694285502698 ] } },
{ "type": "Feature", "properties": { "ACCESS_ID": "Morris Landing", "OBJECTID": 811, "PLACE": "Holly Ridge", "ACCESS_LOC": "Morris Landing Rd", "LOCL_SPONS": "Holly Ridge", "CAMA_SIGN": null, "PARKING": 5.0, "DUNE_WALK": "N", "OVERLOOK": "Y", "HAND_DUNE": "N", "HAND_OVRLK": "Y", "HAND_BEACH": "N", "HAND_PRKG": 1.0, "RESTRM": "Y", "SHOWER": "N", "PIC_TABLE": "N", "VEH_ACCESS": "No", "BIKE_RACK": "N", "SURV_DATE": 1719495693751.0, "COMMENT_": "Restroom located .02 from the community-fishing pier ", "PRKG_COMMENTS": "Unimproved Parking", "COUNTY": "Onslow", "DCM_RO": "WILM", "NCDCM_ID": null, "PHOTO": null, "PRK_FEE": null, "DCM_Funded": "Y", "CONTRACT_YR": "2020-21", "CONTRACT_NUM": null, "ACESS_TYPE": "Shoreline", "KayakCanoeLaunch": null, "PARKING_OPTIONS": null, "BeachWheelchair": "N", "BWC_Info": "n/a", "PaidParkURL": "n/a", "WaterAccessTYPE": "Estuarine", "BeachMat": null, "Land_Status": "County", "NEAR_FID": 362.0, "NEAR_DIST": 7047.2528513188781, "ACCESSIBILITY_NOTES": null, "LIFEGUARDS": null }, "geometry": { "type": "Point", "coordinates": [ -77.508725866803005, 34.469975684692699 ] } },
{ "type": "Feature", "properties": { "ACCESS_ID": "3rd Ave (NTB BA-27)", "OBJECTID": 808, "PLACE": "North Topsail Beach", "ACCESS_LOC": "3rd Ave and Topsail Rd", "LOCL_SPONS": "Onslow County", "CAMA_SIGN": "Yes", "PARKING": 0.0, "DUNE_WALK": "Y", "OVERLOOK": "No", "HAND_DUNE": "No", "HAND_OVRLK": "No", "HAND_BEACH": "No", "HAND_PRKG": 0.0, "RESTRM": "N", "SHOWER": "N", "PIC_TABLE": "No", "VEH_ACCESS": " ", "BIKE_RACK": "No", "SURV_DATE": 1706140800000.0, "COMMENT_": null, "PRKG_COMMENTS": null, "COUNTY": "Onslow", "DCM_RO": "Wilmington Regional Office", "NCDCM_ID": 232.0, "PHOTO": "Local.png", "PRK_FEE": null, "DCM_Funded": "N", "CONTRACT_YR": null, "CONTRACT_NUM": null, "ACESS_TYPE": "Beach", "KayakCanoeLaunch": "No", "PARKING_OPTIONS": "No Parking", "BeachWheelchair": "Y", "BWC_Info": "https://www.ntbnc.org/_files/ugd/e4899e_ed33ab4a6e3447c6b025bdf7a4ad346e.pdf", "PaidParkURL": "n/a", "WaterAccessTYPE": "Ocean", "BeachMat": null, "Land_Status": "Municipality", "NEAR_FID": 807.0, "NEAR_DIST": 230.78001739237129, "ACCESSIBILITY_NOTES": null, "LIFEGUARDS": null }, "geometry": { "type": "Point", "coordinates": [ -77.466950413154706, 34.470023731506203 ] } },
{ "type": "Feature", "properties": { "ACCESS_ID": "Beach Access #28", "OBJECTID": 320, "PLACE": "North Topsail Beach", "ACCESS_LOC": "518 Topsal Rd (2nd Ave & Topsail Rd)", "LOCL_SPONS": "Onslow County", "CAMA_SIGN": "Yes", "PARKING": 0.0, "DUNE_WALK": "Y", "OVERLOOK": "No", "HAND_DUNE": "No", "HAND_OVRLK": "No", "HAND_BEACH": "No", "HAND_PRKG": 0.0, "RESTRM": "N", "SHOWER": "N", "PIC_TABLE": "No", "VEH_ACCESS": "No", "BIKE_RACK": "No", "SURV_DATE": 1706140800000.0, "COMMENT_": null, "PRKG_COMMENTS": null, "COUNTY": "Onslow", "DCM_RO": "Wilmington Regional Office", "NCDCM_ID": 231.0, "PHOTO": "Local.png", "PRK_FEE": null, "DCM_Funded": "N", "CONTRACT_YR": null, "CONTRACT_NUM": null, "ACESS_TYPE": "Beach", "KayakCanoeLaunch": "No", "PARKING_OPTIONS": "No Parking", "BeachWheelchair": "Y", "BWC_Info": "https://www.ntbnc.org/_files/ugd/e4899e_ed33ab4a6e3447c6b025bdf7a4ad346e.pdf", "PaidParkURL": "n/a", "WaterAccessTYPE": "Ocean", "BeachMat": null, "Land_Status": "Municipality", "NEAR_FID": 808.0, "NEAR_DIST": 247.98296813907942, "ACCESSIBILITY_NOTES": null, "LIFEGUARDS": null }, "geometry": { "type": "Point", "coordinates": [ -77.466221801305807, 34.470340226280697 ] } },
{ "type": "Feature", "properties": { "ACCESS_ID": "Beach Access #28", "OBJECTID": 801, "PLACE": "North Topsail Beach", "ACCESS_LOC": "3623 Island Drive", "LOCL_SPONS": null, "CAMA_SIGN": null, "PARKING": 0.0, "DUNE_WALK": "N", "OVERLOOK": "No", "HAND_DUNE": "No", "HAND_OVRLK": "No", "HAND_BEACH": "No", "HAND_PRKG": 0.0, "RESTRM": "N", "SHOWER": "N", "PIC_TABLE": "No", "VEH_ACCESS": "No", "BIKE_RACK": "No", "SURV_DATE": 1706140800000.0, "COMMENT_": "", "PRKG_COMMENTS": "Parking across the street", "COUNTY": "Onslow ", "DCM_RO": "Wilmington Regional Office", "NCDCM_ID": null, "PHOTO": null, "PRK_FEE": null, "DCM_Funded": "N", "CONTRACT_YR": null, "CONTRACT_NUM": null, "ACESS_TYPE": "Beach", "KayakCanoeLaunch": "No", "PARKING_OPTIONS": "Parking off-site", "BeachWheelchair": "Y", "BWC_Info": "https://www.ntbnc.org/_files/ugd/e4899e_ed33ab4a6e3447c6b025bdf7a4ad346e.pdf", "PaidParkURL": "n/a", "WaterAccessTYPE": "Ocean", "BeachMat": null, "Land_Status": "Municipality", "NEAR_FID": 800.0, "NEAR_DIST": 174.48462800348122, "ACCESSIBILITY_NOTES": null, "LIFEGUARDS": null }, "geometry": { "type": "Point", "coordinates": [ -77.461426880881703, 34.473586828067504 ] } },
{ "type": "Feature", "properties": { "ACCESS_ID": "Rodney Knowles Memorial Park", "OBJECTID": 800, "PLACE": "North Topsail Beach", "ACCESS_LOC": "3623 Island Drive", "LOCL_SPONS": null, "CAMA_SIGN": null, "PARKING": 10.0, "DUNE_WALK": "n/a", "OVERLOOK": "n/a", "HAND_DUNE": "n/a", "HAND_OVRLK": "n/a", "HAND_BEACH": "n/a", "HAND_PRKG": null, "RESTRM": "N", "SHOWER": "N", "PIC_TABLE": "Yes", "VEH_ACCESS": "No", "BIKE_RACK": "No", "SURV_DATE": 1706140800000.0, "COMMENT_": "Soundside observation deck.", "PRKG_COMMENTS": "", "COUNTY": "Onslow", "DCM_RO": "Wilmington Regional Office", "NCDCM_ID": null, "PHOTO": null, "PRK_FEE": "Y", "DCM_Funded": "Y", "CONTRACT_YR": null, "CONTRACT_NUM": null, "ACESS_TYPE": "Shoreline", "KayakCanoeLaunch": "Yes", "PARKING_OPTIONS": "Onsite Parking", "BeachWheelchair": "Y", "BWC_Info": "https://www.ntbnc.org/_files/ugd/e4899e_ed33ab4a6e3447c6b025bdf7a4ad346e.pdf", "PaidParkURL": "https://www.northtopsailbeachnc.gov/beach-accesses", "WaterAccessTYPE": "Estuarine", "BeachMat": null, "Land_Status": "Municipality", "NEAR_FID": 801.0, "NEAR_DIST": 174.48462800348122, "ACCESSIBILITY_NOTES": null, "LIFEGUARDS": null }, "geometry": { "type": "Point", "coordinates": [ -77.461959765101597, 34.473774194628199 ] } },
{ "type": "Feature", "properties": { "ACCESS_ID": "Beach Access #30", "OBJECTID": 318, "PLACE": "North Topsail Beach", "ACCESS_LOC": "1 Myrtle Drive", "LOCL_SPONS": " ", "CAMA_SIGN": "Yes", "PARKING": 15.0, "DUNE_WALK": "Y", "OVERLOOK": "No", "HAND_DUNE": "No", "HAND_OVRLK": "No", "HAND_BEACH": "No", "HAND_PRKG": null, "RESTRM": "N", "SHOWER": "N", "PIC_TABLE": "No", "VEH_ACCESS": " ", "BIKE_RACK": "No", "SURV_DATE": 1706140800000.0, "COMMENT_": "", "PRKG_COMMENTS": "", "COUNTY": "Onslow", "DCM_RO": "Wilmington Regional Office", "NCDCM_ID": 230.0, "PHOTO": "Neighborhood.png", "PRK_FEE": "Y", "DCM_Funded": "N", "CONTRACT_YR": null, "CONTRACT_NUM": null, "ACESS_TYPE": "Beach", "KayakCanoeLaunch": "No", "PARKING_OPTIONS": "Onsite Parking", "BeachWheelchair": "Y", "BWC_Info": "https://www.ntbnc.org/_files/ugd/e4899e_ed33ab4a6e3447c6b025bdf7a4ad346e.pdf", "PaidParkURL": "https://www.northtopsailbeachnc.gov/beach-accesses", "WaterAccessTYPE": "Ocean", "BeachMat": null, "Land_Status": "Municipality", "NEAR_FID": 801.0, "NEAR_DIST": 1866.2304121717275, "ACCESSIBILITY_NOTES": null, "LIFEGUARDS": null }, "geometry": { "type": "Point", "coordinates": [ -77.455868352042003, 34.475846357481103 ] } },
{ "type": "Feature", "properties": { "ACCESS_ID": "Beach Access #31", "OBJECTID": 802, "PLACE": "North Topsail Beach", "ACCESS_LOC": "4104 Island Dr", "LOCL_SPONS": null, "CAMA_SIGN": null, "PARKING": 100.0, "DUNE_WALK": "Y", "OVERLOOK": "No", "HAND_DUNE": "No", "HAND_OVRLK": "No", "HAND_BEACH": "No", "HAND_PRKG": null, "RESTRM": "N", "SHOWER": "N", "PIC_TABLE": "No", "VEH_ACCESS": "No", "BIKE_RACK": "No", "SURV_DATE": 1706140800000.0, "COMMENT_": "", "PRKG_COMMENTS": "", "COUNTY": "Onslow", "DCM_RO": "Wilmington Regional Office", "NCDCM_ID": null, "PHOTO": null, "PRK_FEE": "Y", "DCM_Funded": "Y", "CONTRACT_YR": null, "CONTRACT_NUM": null, "ACESS_TYPE": "Beach", "KayakCanoeLaunch": "No", "PARKING_OPTIONS": "Onsite Parking", "BeachWheelchair": "Y", "BWC_Info": "https://www.ntbnc.org/_files/ugd/e4899e_ed33ab4a6e3447c6b025bdf7a4ad346e.pdf", "PaidParkURL": "https://www.northtopsailbeachnc.gov/beach-accesses", "WaterAccessTYPE": "Ocean", "BeachMat": null, "Land_Status": "Municipality", "NEAR_FID": 315.0, "NEAR_DIST": 610.47108436698181, "ACCESSIBILITY_NOTES": null, "LIFEGUARDS": null }, "geometry": { "type": "Point", "coordinates": [ -77.446496597216296, 34.480117254395701 ] } },
{ "type": "Feature", "properties": { "ACCESS_ID": "Beach Access #32", "OBJECTID": 315, "PLACE": "North Topsail Beach", "ACCESS_LOC": "4106 Island Drive", "LOCL_SPONS": " ", "CAMA_SIGN": "Yes", "PARKING": 0.0, "DUNE_WALK": "Y", "OVERLOOK": "No", "HAND_DUNE": "No", "HAND_OVRLK": "No", "HAND_BEACH": "No", "HAND_PRKG": 0.0, "RESTRM": "N", "SHOWER": "N", "PIC_TABLE": "No", "VEH_ACCESS": " ", "BIKE_RACK": "No", "SURV_DATE": 1706140800000.0, "COMMENT_": " ", "PRKG_COMMENTS": null, "COUNTY": "Onslow", "DCM_RO": "Wilmington Regional Office", "NCDCM_ID": 229.0, "PHOTO": "Local.png", "PRK_FEE": null, "DCM_Funded": "N", "CONTRACT_YR": null, "CONTRACT_NUM": null, "ACESS_TYPE": "Beach", "KayakCanoeLaunch": "No", "PARKING_OPTIONS": "No Parking", "BeachWheelchair": "Y", "BWC_Info": "https://www.ntbnc.org/_files/ugd/e4899e_ed33ab4a6e3447c6b025bdf7a4ad346e.pdf", "PaidParkURL": "n/a", "WaterAccessTYPE": "Ocean", "BeachMat": null, "Land_Status": "Municipality", "NEAR_FID": 802.0, "NEAR_DIST": 610.47108436698181, "ACCESSIBILITY_NOTES": null, "LIFEGUARDS": null }, "geometry": { "type": "Point", "coordinates": [ -77.444648736280001, 34.480804455208002 ] } },
{ "type": "Feature", "properties": { "ACCESS_ID": "Beach Access #33 (Old Jefferies)", "OBJECTID": 312, "PLACE": "North Topsail Beach", "ACCESS_LOC": "232 New River Inlet Rd", "LOCL_SPONS": " ", "CAMA_SIGN": "Yes", "PARKING": 100.0, "DUNE_WALK": "Y", "OVERLOOK": "No", "HAND_DUNE": "Yes", "HAND_OVRLK": "No", "HAND_BEACH": "Y", "HAND_PRKG": null, "RESTRM": "N", "SHOWER": "N", "PIC_TABLE": "No", "VEH_ACCESS": "Emergency Access", "BIKE_RACK": "No", "SURV_DATE": 1706140800000.0, "COMMENT_": "Handicap accessible to beach. ", "PRKG_COMMENTS": "", "COUNTY": "Onslow", "DCM_RO": "Wilmington Regional Office", "NCDCM_ID": 228.0, "PHOTO": "Neighborhood.png", "PRK_FEE": "Y", "DCM_Funded": "N", "CONTRACT_YR": null, "CONTRACT_NUM": null, "ACESS_TYPE": "Beach", "KayakCanoeLaunch": "No", "PARKING_OPTIONS": "Onsite Parking", "BeachWheelchair": "Y", "BWC_Info": "https://www.ntbnc.org/_files/ugd/e4899e_ed33ab4a6e3447c6b025bdf7a4ad346e.pdf", "PaidParkURL": "https://www.northtopsailbeachnc.gov/beach-accesses", "WaterAccessTYPE": "Ocean", "BeachMat": null, "Land_Status": "Municipality", "NEAR_FID": 795.0, "NEAR_DIST": 537.69510220749999, "ACCESSIBILITY_NOTES": null, "LIFEGUARDS": null }, "geometry": { "type": "Point", "coordinates": [ -77.421119341132695, 34.491673418604002 ] } },
{ "type": "Feature", "properties": { "ACCESS_ID": "Beach Access #34", "OBJECTID": 795, "PLACE": "North Topsail Beach", "ACCESS_LOC": "272 New River Inlet Road", "LOCL_SPONS": " ", "CAMA_SIGN": "Yes", "PARKING": 217.0, "DUNE_WALK": "Y", "OVERLOOK": "No", "HAND_DUNE": "Yes", "HAND_OVRLK": "No", "HAND_BEACH": "Y", "HAND_PRKG": null, "RESTRM": "N", "SHOWER": "N", "PIC_TABLE": "No", "VEH_ACCESS": "Emergency Access", "BIKE_RACK": "No", "SURV_DATE": 1706140800000.0, "COMMENT_": "Handicap accessible to beach. ", "PRKG_COMMENTS": "", "COUNTY": "Onslow", "DCM_RO": "Wilmington Regional Office", "NCDCM_ID": 228.0, "PHOTO": "Neighborhood.png", "PRK_FEE": "Y", "DCM_Funded": "N", "CONTRACT_YR": null, "CONTRACT_NUM": null, "ACESS_TYPE": "Beach", "KayakCanoeLaunch": "No", "PARKING_OPTIONS": "Onsite Parking", "BeachWheelchair": "Y", "BWC_Info": "https://www.ntbnc.org/_files/ugd/e4899e_ed33ab4a6e3447c6b025bdf7a4ad346e.pdf", "PaidParkURL": "https://www.northtopsailbeachnc.gov/beach-accesses", "WaterAccessTYPE": "Ocean", "BeachMat": null, "Land_Status": "Municipality", "NEAR_FID": 913.0, "NEAR_DIST": 514.57194293863131, "ACCESSIBILITY_NOTES": null, "LIFEGUARDS": null }, "geometry": { "type": "Point", "coordinates": [ -77.419664420331301, 34.4925288255426 ] } },
{ "type": "Feature", "properties": { "ACCESS_ID": "Beach Access #35", "OBJECTID": 913, "PLACE": null, "ACCESS_LOC": "316 New River Inlet Rd", "LOCL_SPONS": null, "CAMA_SIGN": null, "PARKING": 220.0, "DUNE_WALK": "N", "OVERLOOK": null, "HAND_DUNE": null, "HAND_OVRLK": null, "HAND_BEACH": null, "HAND_PRKG": null, "RESTRM": null, "SHOWER": null, "PIC_TABLE": null, "VEH_ACCESS": null, "BIKE_RACK": null, "SURV_DATE": null, "COMMENT_": null, "PRKG_COMMENTS": null, "COUNTY": null, "DCM_RO": null, "NCDCM_ID": null, "PHOTO": null, "PRK_FEE": null, "DCM_Funded": "N", "CONTRACT_YR": null, "CONTRACT_NUM": null, "ACESS_TYPE": "Beach", "KayakCanoeLaunch": null, "PARKING_OPTIONS": null, "BeachWheelchair": null, "BWC_Info": null, "PaidParkURL": null, "WaterAccessTYPE": "Ocean", "BeachMat": null, "Land_Status": "Municipality", "NEAR_FID": 795.0, "NEAR_DIST": 514.57194293863131, "ACCESSIBILITY_NOTES": null, "LIFEGUARDS": null }, "geometry": { "type": "Point", "coordinates": [ -77.4181758791877, 34.493221789619298 ] } },
{ "type": "Feature", "properties": { "ACCESS_ID": "Beach Access #36", "OBJECTID": 309, "PLACE": "North Topsail Beach", "ACCESS_LOC": "402 New River Inlet", "LOCL_SPONS": " ", "CAMA_SIGN": "Yes", "PARKING": 0.0, "DUNE_WALK": "Y", "OVERLOOK": "No", "HAND_DUNE": "No", "HAND_OVRLK": "No", "HAND_BEACH": "No", "HAND_PRKG": 0.0, "RESTRM": "N", "SHOWER": "N", "PIC_TABLE": "No", "VEH_ACCESS": "No", "BIKE_RACK": "No", "SURV_DATE": 1706140800000.0, "COMMENT_": " ", "PRKG_COMMENTS": null, "COUNTY": "Onslow", "DCM_RO": "Wilmington Regional Office", "NCDCM_ID": 227.0, "PHOTO": "Neighborhood.png", "PRK_FEE": null, "DCM_Funded": "N", "CONTRACT_YR": null, "CONTRACT_NUM": null, "ACESS_TYPE": "Beach", "KayakCanoeLaunch": "No", "PARKING_OPTIONS": "No Parking", "BeachWheelchair": "Y", "BWC_Info": "https://www.ntbnc.org/_files/ugd/e4899e_ed33ab4a6e3447c6b025bdf7a4ad346e.pdf", "PaidParkURL": "n/a", "WaterAccessTYPE": "Ocean", "BeachMat": null, "Land_Status": "Municipality", "NEAR_FID": 306.0, "NEAR_DIST": 792.44800356745247, "ACCESSIBILITY_NOTES": null, "LIFEGUARDS": null }, "geometry": { "type": "Point", "coordinates": [ -77.415090814634596, 34.495014212279997 ] } },
{ "type": "Feature", "properties": { "ACCESS_ID": "Beach Access #4", "OBJECTID": 303, "PLACE": "North Topsail Beach", "ACCESS_LOC": "484 New River Inlet Rd", "LOCL_SPONS": "Onslow County", "CAMA_SIGN": "Yes", "PARKING": 150.0, "DUNE_WALK": "Y", "OVERLOOK": "Yes", "HAND_DUNE": "Yes", "HAND_OVRLK": "Yes", "HAND_BEACH": "Y", "HAND_PRKG": 2.0, "RESTRM": "Y", "SHOWER": "Y", "PIC_TABLE": "No", "VEH_ACCESS": "No", "BIKE_RACK": "No", "SURV_DATE": 1706140800000.0, "COMMENT_": "Handicap accessible to beach.", "PRKG_COMMENTS": "", "COUNTY": "Onslow", "DCM_RO": "Wilmington Regional Office", "NCDCM_ID": 225.0, "PHOTO": "Neighborhood.png", "PRK_FEE": "No", "DCM_Funded": "N", "CONTRACT_YR": null, "CONTRACT_NUM": null, "ACESS_TYPE": "Beach", "KayakCanoeLaunch": "No", "PARKING_OPTIONS": "Onsite Parking", "BeachWheelchair": "Y", "BWC_Info": "https://www.ntbnc.org/_files/ugd/e4899e_ed33ab4a6e3447c6b025bdf7a4ad346e.pdf", "PaidParkURL": "n/a", "WaterAccessTYPE": "Ocean", "BeachMat": null, "Land_Status": "Municipality", "NEAR_FID": 803.0, "NEAR_DIST": 179.42015864896919, "ACCESSIBILITY_NOTES": null, "LIFEGUARDS": null }, "geometry": { "type": "Point", "coordinates": [ -77.412074721068095, 34.496159666967003 ] } },
{ "type": "Feature", "properties": { "ACCESS_ID": "Town Park Lot \"S\"", "OBJECTID": 306, "PLACE": "North Topsail Beach", "ACCESS_LOC": "465 New River Inlet Rd", "LOCL_SPONS": " ", "CAMA_SIGN": "Yes", "PARKING": 20.0, "DUNE_WALK": "N", "OVERLOOK": "No", "HAND_DUNE": "No", "HAND_OVRLK": "No", "HAND_BEACH": "No", "HAND_PRKG": null, "RESTRM": "Y", "SHOWER": "N", "PIC_TABLE": "Yes", "VEH_ACCESS": "No", "BIKE_RACK": "No", "SURV_DATE": 1706140800000.0, "COMMENT_": "Soundside access. Gazebo, Basketball County, Playground, Tennis Courts, Hiking Trails, Canoe Launch.", "PRKG_COMMENTS": "", "COUNTY": "Onslow", "DCM_RO": "Wilmington Regional Office", "NCDCM_ID": 226.0, "PHOTO": "Neighborhood.png", "PRK_FEE": "Y", "DCM_Funded": "Y", "CONTRACT_YR": null, "CONTRACT_NUM": null, "ACESS_TYPE": "Shoreline", "KayakCanoeLaunch": "Yes", "PARKING_OPTIONS": "Onsite Parking", "BeachWheelchair": "Y", "BWC_Info": "https://www.ntbnc.org/_files/ugd/e4899e_ed33ab4a6e3447c6b025bdf7a4ad346e.pdf", "PaidParkURL": "https://www.northtopsailbeachnc.gov/beach-accesses", "WaterAccessTYPE": "Estuarine", "BeachMat": null, "Land_Status": "Municipality", "NEAR_FID": 803.0, "NEAR_DIST": 260.43287235601002, "ACCESSIBILITY_NOTES": null, "LIFEGUARDS": null }, "geometry": { "type": "Point", "coordinates": [ -77.412977185670599, 34.496309959759998 ] } },
{ "type": "Feature", "properties": { "ACCESS_ID": "Town Park Lot \"N\"", "OBJECTID": 803, "PLACE": "North Topsail Beach", "ACCESS_LOC": "465 New River Inlet Rd", "LOCL_SPONS": " ", "CAMA_SIGN": "Yes", "PARKING": 43.0, "DUNE_WALK": "N", "OVERLOOK": "No", "HAND_DUNE": "No", "HAND_OVRLK": "No", "HAND_BEACH": "No", "HAND_PRKG": null, "RESTRM": "Y", "SHOWER": "N", "PIC_TABLE": "Yes", "VEH_ACCESS": "No", "BIKE_RACK": "No", "SURV_DATE": 1706140800000.0, "COMMENT_": "Soundside access. Gazebo, Basketball County, Playground, Tennis Courts, Hiking Trails, Canoe Launch.", "PRKG_COMMENTS": "", "COUNTY": "Onslow", "DCM_RO": "Wilmington Regional Office", "NCDCM_ID": 226.0, "PHOTO": "Neighborhood.png", "PRK_FEE": "Y", "DCM_Funded": "Y", "CONTRACT_YR": null, "CONTRACT_NUM": null, "ACESS_TYPE": "Shoreline", "KayakCanoeLaunch": "Yes", "PARKING_OPTIONS": "Onsite Parking", "BeachWheelchair": "Y", "BWC_Info": "https://www.ntbnc.org/_files/ugd/e4899e_ed33ab4a6e3447c6b025bdf7a4ad346e.pdf", "PaidParkURL": "https://www.northtopsailbeachnc.gov/beach-accesses", "WaterAccessTYPE": "Estuarine", "BeachMat": null, "Land_Status": "Municipality", "NEAR_FID": 303.0, "NEAR_DIST": 179.42015864896919, "ACCESSIBILITY_NOTES": null, "LIFEGUARDS": null }, "geometry": { "type": "Point", "coordinates": [ -77.412210116944394, 34.496639756725202 ] } },
{ "type": "Feature", "properties": { "ACCESS_ID": "Ocean Club", "OBJECTID": 300, "PLACE": "North Topsail Beach", "ACCESS_LOC": "Ocean Club and New River Inlet Rd", "LOCL_SPONS": " ", "CAMA_SIGN": "Yes", "PARKING": 0.0, "DUNE_WALK": "Y", "OVERLOOK": "No", "HAND_DUNE": "No", "HAND_OVRLK": "No", "HAND_BEACH": "No", "HAND_PRKG": 0.0, "RESTRM": "N", "SHOWER": "N", "PIC_TABLE": "No", "VEH_ACCESS": " ", "BIKE_RACK": "No", "SURV_DATE": 1706140800000.0, "COMMENT_": "Verify Data with NTB", "PRKG_COMMENTS": null, "COUNTY": "Onslow", "DCM_RO": "Wilmington Regional Office", "NCDCM_ID": 224.0, "PHOTO": "Local.png", "PRK_FEE": null, "DCM_Funded": "N", "CONTRACT_YR": null, "CONTRACT_NUM": null, "ACESS_TYPE": "Beach", "KayakCanoeLaunch": "No", "PARKING_OPTIONS": "No Parking", "BeachWheelchair": "Y", "BWC_Info": "https://www.ntbnc.org/_files/ugd/e4899e_ed33ab4a6e3447c6b025bdf7a4ad346e.pdf", "PaidParkURL": "n/a", "WaterAccessTYPE": "Ocean", "BeachMat": null, "Land_Status": "Municipality", "NEAR_FID": 803.0, "NEAR_DIST": 374.64547826696537, "ACCESSIBILITY_NOTES": null, "LIFEGUARDS": null }, "geometry": { "type": "Point", "coordinates": [ -77.410989340609305, 34.496835176157298 ] } },
{ "type": "Feature", "properties": { "ACCESS_ID": "Beach Access #37", "OBJECTID": 796, "PLACE": "North Topsail Beach", "ACCESS_LOC": "596 New River Inlet Rd.", "LOCL_SPONS": null, "CAMA_SIGN": null, "PARKING": 0.0, "DUNE_WALK": "N", "OVERLOOK": null, "HAND_DUNE": null, "HAND_OVRLK": null, "HAND_BEACH": null, "HAND_PRKG": null, "RESTRM": null, "SHOWER": null, "PIC_TABLE": "N", "VEH_ACCESS": null, "BIKE_RACK": null, "SURV_DATE": 1706140800000.0, "COMMENT_": "Verify Data with NTB", "PRKG_COMMENTS": null, "COUNTY": "Onslow", "DCM_RO": "Wilmington Regional Office", "NCDCM_ID": null, "PHOTO": null, "PRK_FEE": null, "DCM_Funded": "N", "CONTRACT_YR": null, "CONTRACT_NUM": null, "ACESS_TYPE": "Beach", "KayakCanoeLaunch": "No", "PARKING_OPTIONS": null, "BeachWheelchair": "Y", "BWC_Info": "https://www.ntbnc.org/_files/ugd/e4899e_ed33ab4a6e3447c6b025bdf7a4ad346e.pdf", "PaidParkURL": "n/a", "WaterAccessTYPE": "Ocean", "BeachMat": null, "Land_Status": "Municipality", "NEAR_FID": 298.0, "NEAR_DIST": 760.16948137434895, "ACCESSIBILITY_NOTES": null, "LIFEGUARDS": null }, "geometry": { "type": "Point", "coordinates": [ -77.408090782614593, 34.498594435345197 ] } },
{ "type": "Feature", "properties": { "ACCESS_ID": "Beach Access #38", "OBJECTID": 298, "PLACE": "North Topsail Beach", "ACCESS_LOC": "658 New River Inlet Rd", "LOCL_SPONS": " ", "CAMA_SIGN": "Yes", "PARKING": 0.0, "DUNE_WALK": "Y", "OVERLOOK": "No", "HAND_DUNE": "No", "HAND_OVRLK": "No", "HAND_BEACH": "No", "HAND_PRKG": 0.0, "RESTRM": "N", "SHOWER": "N", "PIC_TABLE": "No", "VEH_ACCESS": " ", "BIKE_RACK": "No", "SURV_DATE": 1706140800000.0, "COMMENT_": " ", "PRKG_COMMENTS": null, "COUNTY": "Onslow", "DCM_RO": "Wilmington Regional Office", "NCDCM_ID": 223.0, "PHOTO": "Local.png", "PRK_FEE": null, "DCM_Funded": "N", "CONTRACT_YR": null, "CONTRACT_NUM": null, "ACESS_TYPE": "Beach", "KayakCanoeLaunch": "No", "PARKING_OPTIONS": "No Parking", "BeachWheelchair": "Y", "BWC_Info": "https://www.ntbnc.org/_files/ugd/e4899e_ed33ab4a6e3447c6b025bdf7a4ad346e.pdf", "PaidParkURL": "n/a", "WaterAccessTYPE": "Ocean", "BeachMat": null, "Land_Status": "Municipality", "NEAR_FID": 797.0, "NEAR_DIST": 393.45428791802698, "ACCESSIBILITY_NOTES": null, "LIFEGUARDS": null }, "geometry": { "type": "Point", "coordinates": [ -77.405739286949895, 34.499351286475402 ] } },
{ "type": "Feature", "properties": { "ACCESS_ID": "NTB BA-35", "OBJECTID": 797, "PLACE": "North Topsail Beach", "ACCESS_LOC": "Across from 385 New River Inlet Rd", "LOCL_SPONS": null, "CAMA_SIGN": null, "PARKING": null, "DUNE_WALK": "N", "OVERLOOK": null, "HAND_DUNE": null, "HAND_OVRLK": null, "HAND_BEACH": null, "HAND_PRKG": null, "RESTRM": null, "SHOWER": null, "PIC_TABLE": "N", "VEH_ACCESS": null, "BIKE_RACK": null, "SURV_DATE": 1706140800000.0, "COMMENT_": "Verify Data with NTB", "PRKG_COMMENTS": null, "COUNTY": "Onslow", "DCM_RO": "Wilmington Regional Office", "NCDCM_ID": null, "PHOTO": null, "PRK_FEE": null, "DCM_Funded": "N", "CONTRACT_YR": null, "CONTRACT_NUM": null, "ACESS_TYPE": "Beach", "KayakCanoeLaunch": "No", "PARKING_OPTIONS": null, "BeachWheelchair": "Y", "BWC_Info": "https://www.ntbnc.org/_files/ugd/e4899e_ed33ab4a6e3447c6b025bdf7a4ad346e.pdf", "PaidParkURL": "n/a", "WaterAccessTYPE": "Ocean", "BeachMat": null, "Land_Status": "Municipality", "NEAR_FID": 298.0, "NEAR_DIST": 393.45428791802698, "ACCESSIBILITY_NOTES": null, "LIFEGUARDS": null }, "geometry": { "type": "Point", "coordinates": [ -77.404627311867003, 34.499918121872597 ] } },
{ "type": "Feature", "properties": { "ACCESS_ID": "Emerald Dunes", "OBJECTID": 296, "PLACE": "North Topsail Beach", "ACCESS_LOC": "780 New River Inlet Road", "LOCL_SPONS": " ", "CAMA_SIGN": "Yes", "PARKING": 0.0, "DUNE_WALK": "Y", "OVERLOOK": "No", "HAND_DUNE": "No", "HAND_OVRLK": "No", "HAND_BEACH": "No", "HAND_PRKG": 0.0, "RESTRM": "N", "SHOWER": "N", "PIC_TABLE": "No", "VEH_ACCESS": " ", "BIKE_RACK": "No", "SURV_DATE": 1706140800000.0, "COMMENT_": "Verify Data with NTB", "PRKG_COMMENTS": null, "COUNTY": "Onslow", "DCM_RO": "Wilmington Regional Office", "NCDCM_ID": 222.0, "PHOTO": "Local.png", "PRK_FEE": null, "DCM_Funded": "N", "CONTRACT_YR": null, "CONTRACT_NUM": null, "ACESS_TYPE": "Beach", "KayakCanoeLaunch": "No", "PARKING_OPTIONS": "No Parking", "BeachWheelchair": "Y", "BWC_Info": "https://www.ntbnc.org/_files/ugd/e4899e_ed33ab4a6e3447c6b025bdf7a4ad346e.pdf", "PaidParkURL": "n/a", "WaterAccessTYPE": "Ocean", "BeachMat": null, "Land_Status": "Municipality", "NEAR_FID": 294.0, "NEAR_DIST": 738.43117865878446, "ACCESSIBILITY_NOTES": null, "LIFEGUARDS": null }, "geometry": { "type": "Point", "coordinates": [ -77.402274737325598, 34.5013555017755 ] } },
{ "type": "Feature", "properties": { "ACCESS_ID": "Beach Access #39", "OBJECTID": 294, "PLACE": "North Topsail Beach", "ACCESS_LOC": "800 New River Inlet Rd", "LOCL_SPONS": " ", "CAMA_SIGN": "Yes", "PARKING": 0.0, "DUNE_WALK": "Y", "OVERLOOK": "No", "HAND_DUNE": "No", "HAND_OVRLK": "No", "HAND_BEACH": "No", "HAND_PRKG": 0.0, "RESTRM": "N", "SHOWER": "N", "PIC_TABLE": "No", "VEH_ACCESS": "No", "BIKE_RACK": "No", "SURV_DATE": 1706140800000.0, "COMMENT_": " ", "PRKG_COMMENTS": null, "COUNTY": "Onslow", "DCM_RO": "Wilmington Regional Office", "NCDCM_ID": 221.0, "PHOTO": "Local.png", "PRK_FEE": null, "DCM_Funded": "N", "CONTRACT_YR": null, "CONTRACT_NUM": null, "ACESS_TYPE": "Beach", "KayakCanoeLaunch": "No", "PARKING_OPTIONS": "No Parking", "BeachWheelchair": "Y", "BWC_Info": "https://www.ntbnc.org/_files/ugd/e4899e_ed33ab4a6e3447c6b025bdf7a4ad346e.pdf", "PaidParkURL": "n/a", "WaterAccessTYPE": "Ocean", "BeachMat": null, "Land_Status": "Municipality", "NEAR_FID": 296.0, "NEAR_DIST": 738.43117865878446, "ACCESSIBILITY_NOTES": null, "LIFEGUARDS": null }, "geometry": { "type": "Point", "coordinates": [ -77.400241186881004, 34.502488062838999 ] } },
{ "type": "Feature", "properties": { "ACCESS_ID": "Beach Access #40", "OBJECTID": 798, "PLACE": "North Topsail Beach", "ACCESS_LOC": "1254 New River Inlet Rd", "LOCL_SPONS": null, "CAMA_SIGN": null, "PARKING": 0.0, "DUNE_WALK": "Y", "OVERLOOK": "No", "HAND_DUNE": "No", "HAND_OVRLK": "No", "HAND_BEACH": "No", "HAND_PRKG": 0.0, "RESTRM": "N", "SHOWER": "N", "PIC_TABLE": "No", "VEH_ACCESS": "No", "BIKE_RACK": "No", "SURV_DATE": 1706140800000.0, "COMMENT_": null, "PRKG_COMMENTS": null, "COUNTY": "Onslow", "DCM_RO": "Wilmington Regional Office", "NCDCM_ID": null, "PHOTO": null, "PRK_FEE": null, "DCM_Funded": "N", "CONTRACT_YR": null, "CONTRACT_NUM": null, "ACESS_TYPE": "Beach", "KayakCanoeLaunch": "No", "PARKING_OPTIONS": null, "BeachWheelchair": "Y", "BWC_Info": "https://www.ntbnc.org/_files/ugd/e4899e_ed33ab4a6e3447c6b025bdf7a4ad346e.pdf", "PaidParkURL": "n/a", "WaterAccessTYPE": "Ocean", "BeachMat": null, "Land_Status": "Municipality", "NEAR_FID": 291.0, "NEAR_DIST": 679.22000125389752, "ACCESSIBILITY_NOTES": null, "LIFEGUARDS": null }, "geometry": { "type": "Point", "coordinates": [ -77.383270261245798, 34.509050398610803 ] } },
{ "type": "Feature", "properties": { "ACCESS_ID": "Beach Access #41", "OBJECTID": 291, "PLACE": "North Topsail Beach", "ACCESS_LOC": "1294 New River Inlet Rd", "LOCL_SPONS": " ", "CAMA_SIGN": "Yes", "PARKING": 20.0, "DUNE_WALK": "Y", "OVERLOOK": "No", "HAND_DUNE": "Yes", "HAND_OVRLK": "No", "HAND_BEACH": "Y", "HAND_PRKG": null, "RESTRM": "N", "SHOWER": "N", "PIC_TABLE": "No", "VEH_ACCESS": "E", "BIKE_RACK": "No", "SURV_DATE": 1706140800000.0, "COMMENT_": "", "PRKG_COMMENTS": "", "COUNTY": "Onslow", "DCM_RO": "Wilmington Regional Office", "NCDCM_ID": 220.0, "PHOTO": "Neighborhood.png", "PRK_FEE": "Y", "DCM_Funded": "N", "CONTRACT_YR": null, "CONTRACT_NUM": null, "ACESS_TYPE": "Beach", "KayakCanoeLaunch": "No", "PARKING_OPTIONS": "Onsite Parking", "BeachWheelchair": "Y", "BWC_Info": "https://www.ntbnc.org/_files/ugd/e4899e_ed33ab4a6e3447c6b025bdf7a4ad346e.pdf", "PaidParkURL": "https://www.northtopsailbeachnc.gov/beach-accesses", "WaterAccessTYPE": "Ocean", "BeachMat": null, "Land_Status": "Municipality", "NEAR_FID": 798.0, "NEAR_DIST": 679.22000125389752, "ACCESSIBILITY_NOTES": null, "LIFEGUARDS": null }, "geometry": { "type": "Point", "coordinates": [ -77.381500004315996, 34.510206146600702 ] } },
{ "type": "Feature", "properties": { "ACCESS_ID": "Ocean Bay Village (NTB BA-40)", "OBJECTID": 288, "PLACE": "North Topsail Beach", "ACCESS_LOC": "1312 New River Inlet Rd", "LOCL_SPONS": " ", "CAMA_SIGN": "Yes", "PARKING": 0.0, "DUNE_WALK": "Y", "OVERLOOK": "No", "HAND_DUNE": "No", "HAND_OVRLK": "No", "HAND_BEACH": "No", "HAND_PRKG": 0.0, "RESTRM": "N", "SHOWER": "N", "PIC_TABLE": "No", "VEH_ACCESS": " ", "BIKE_RACK": "No", "SURV_DATE": 1706140800000.0, "COMMENT_": "Verify Data with NTB", "PRKG_COMMENTS": null, "COUNTY": "Onslow", "DCM_RO": "Wilmington Regional Office", "NCDCM_ID": 219.0, "PHOTO": "Local.png", "PRK_FEE": null, "DCM_Funded": "N", "CONTRACT_YR": null, "CONTRACT_NUM": null, "ACESS_TYPE": "Beach", "KayakCanoeLaunch": "No", "PARKING_OPTIONS": "No Parking", "BeachWheelchair": "Y", "BWC_Info": "https://www.ntbnc.org/_files/ugd/e4899e_ed33ab4a6e3447c6b025bdf7a4ad346e.pdf", "PaidParkURL": "n/a", "WaterAccessTYPE": "Ocean", "BeachMat": null, "Land_Status": "Municipality", "NEAR_FID": 291.0, "NEAR_DIST": 1146.4471379719294, "ACCESSIBILITY_NOTES": null, "LIFEGUARDS": null }, "geometry": { "type": "Point", "coordinates": [ -77.378241097924899, 34.511832818254803 ] } },
{ "type": "Feature", "properties": { "ACCESS_ID": "Beach Access #42", "OBJECTID": 286, "PLACE": "North Topsail Beach", "ACCESS_LOC": "1574 New River Inlet Rd", "LOCL_SPONS": " ", "CAMA_SIGN": "Yes", "PARKING": 12.0, "DUNE_WALK": "Y", "OVERLOOK": "No", "HAND_DUNE": "No", "HAND_OVRLK": "No", "HAND_BEACH": "No", "HAND_PRKG": null, "RESTRM": "N", "SHOWER": "N", "PIC_TABLE": "No", "VEH_ACCESS": "E", "BIKE_RACK": "No", "SURV_DATE": 1706140800000.0, "COMMENT_": "", "PRKG_COMMENTS": "Parallel Parking", "COUNTY": "Onslow", "DCM_RO": "Wilmington Regional Office", "NCDCM_ID": 218.0, "PHOTO": "Neighborhood.png", "PRK_FEE": "Y", "DCM_Funded": "N", "CONTRACT_YR": null, "CONTRACT_NUM": null, "ACESS_TYPE": "Beach", "KayakCanoeLaunch": "No", "PARKING_OPTIONS": "On-Street Parking", "BeachWheelchair": "Y", "BWC_Info": "https://www.ntbnc.org/_files/ugd/e4899e_ed33ab4a6e3447c6b025bdf7a4ad346e.pdf", "PaidParkURL": "https://www.northtopsailbeachnc.gov/beach-accesses", "WaterAccessTYPE": "Ocean", "BeachMat": null, "Land_Status": "Municipality", "NEAR_FID": 367.0, "NEAR_DIST": 633.22830262373782, "ACCESSIBILITY_NOTES": null, "LIFEGUARDS": null }, "geometry": { "type": "Point", "coordinates": [ -77.372309883226606, 34.514104807613698 ] } },
{ "type": "Feature", "properties": { "ACCESS_ID": "Beach Access #43", "OBJECTID": 367, "PLACE": "North Topsail Beach", "ACCESS_LOC": "1618 New River Inlet Rd", "LOCL_SPONS": " ", "CAMA_SIGN": "Yes", "PARKING": 12.0, "DUNE_WALK": "Y", "OVERLOOK": "No", "HAND_DUNE": "No", "HAND_OVRLK": "No", "HAND_BEACH": "No", "HAND_PRKG": null, "RESTRM": "N", "SHOWER": "N", "PIC_TABLE": "No", "VEH_ACCESS": "No", "BIKE_RACK": "No", "SURV_DATE": 1706140800000.0, "COMMENT_": "", "PRKG_COMMENTS": "Parallel Parking", "COUNTY": "Onslow", "DCM_RO": "Wilmington Regional Office", "NCDCM_ID": 250.0, "PHOTO": "Neighborhood.png", "PRK_FEE": "Y", "DCM_Funded": "Y", "CONTRACT_YR": null, "CONTRACT_NUM": null, "ACESS_TYPE": "Beach", "KayakCanoeLaunch": "No", "PARKING_OPTIONS": "On-Street Parking", "BeachWheelchair": "Y", "BWC_Info": "https://www.ntbnc.org/_files/ugd/e4899e_ed33ab4a6e3447c6b025bdf7a4ad346e.pdf", "PaidParkURL": "https://www.northtopsailbeachnc.gov/beach-accesses", "WaterAccessTYPE": "Ocean", "BeachMat": null, "Land_Status": "Municipality", "NEAR_FID": 286.0, "NEAR_DIST": 633.22830262373782, "ACCESSIBILITY_NOTES": null, "LIFEGUARDS": null }, "geometry": { "type": "Point", "coordinates": [ -77.370476987670301, 34.514956644517198 ] } },
{ "type": "Feature", "properties": { "ACCESS_ID": "Beach Access #44", "OBJECTID": 799, "PLACE": "North Topsail Beach", "ACCESS_LOC": "1690 New River Inlet Rd", "LOCL_SPONS": null, "CAMA_SIGN": null, "PARKING": 0.0, "DUNE_WALK": "N", "OVERLOOK": null, "HAND_DUNE": null, "HAND_OVRLK": null, "HAND_BEACH": null, "HAND_PRKG": null, "RESTRM": null, "SHOWER": null, "PIC_TABLE": "N", "VEH_ACCESS": null, "BIKE_RACK": null, "SURV_DATE": 1706140800000.0, "COMMENT_": "Verify Data with NTB", "PRKG_COMMENTS": null, "COUNTY": "Onslow", "DCM_RO": "Wilmington Regional Office", "NCDCM_ID": null, "PHOTO": null, "PRK_FEE": null, "DCM_Funded": "N", "CONTRACT_YR": null, "CONTRACT_NUM": null, "ACESS_TYPE": "Beach", "KayakCanoeLaunch": "No", "PARKING_OPTIONS": "No Parking", "BeachWheelchair": "Y", "BWC_Info": "https://www.ntbnc.org/_files/ugd/e4899e_ed33ab4a6e3447c6b025bdf7a4ad346e.pdf", "PaidParkURL": "n/a", "WaterAccessTYPE": "Ocean", "BeachMat": null, "Land_Status": "Municipality", "NEAR_FID": 367.0, "NEAR_DIST": 825.4265067627631, "ACCESSIBILITY_NOTES": null, "LIFEGUARDS": null }, "geometry": { "type": "Point", "coordinates": [ -77.368025010949495, 34.515969006043598 ] } },
{ "type": "Feature", "properties": { "ACCESS_ID": "Beach Access #1", "OBJECTID": 283, "PLACE": "North Topsail Beach", "ACCESS_LOC": "1798 New River Inlet Rd", "LOCL_SPONS": "Onslow County", "CAMA_SIGN": "Yes", "PARKING": 30.0, "DUNE_WALK": "Y", "OVERLOOK": "No", "HAND_DUNE": "Yes", "HAND_OVRLK": "No", "HAND_BEACH": "Y", "HAND_PRKG": 2.0, "RESTRM": "Y", "SHOWER": "Y", "PIC_TABLE": "No", "VEH_ACCESS": "No", "BIKE_RACK": "No", "SURV_DATE": 1706140800000.0, "COMMENT_": " ", "PRKG_COMMENTS": "Parking across the street", "COUNTY": "Onslow", "DCM_RO": "Wilmington Regional Office", "NCDCM_ID": 217.0, "PHOTO": "Neighborhood.png", "PRK_FEE": "No", "DCM_Funded": "Y", "CONTRACT_YR": null, "CONTRACT_NUM": null, "ACESS_TYPE": "Beach", "KayakCanoeLaunch": "No", "PARKING_OPTIONS": "Onsite Parking", "BeachWheelchair": "Y", "BWC_Info": "https://www.ntbnc.org/_files/ugd/e4899e_ed33ab4a6e3447c6b025bdf7a4ad346e.pdf", "PaidParkURL": "n/a", "WaterAccessTYPE": "Ocean", "BeachMat": null, "Land_Status": "Municipality", "NEAR_FID": 799.0, "NEAR_DIST": 1236.0604729263257, "ACCESSIBILITY_NOTES": null, "LIFEGUARDS": null }, "geometry": { "type": "Point", "coordinates": [ -77.365010756567997, 34.518273491867397 ] } },
{ "type": "Feature", "properties": { "ACCESS_ID": "Wilson Bay Park", "OBJECTID": 523, "PLACE": "Jacksonville", "ACCESS_LOC": "5 W Bayshore Blvd", "LOCL_SPONS": " ", "CAMA_SIGN": "Yes", "PARKING": 15.0, "DUNE_WALK": "N", "OVERLOOK": "Yes", "HAND_DUNE": "No", "HAND_OVRLK": "Yes", "HAND_BEACH": "No", "HAND_PRKG": 2.0, "RESTRM": "Y", "SHOWER": "N", "PIC_TABLE": "Yes", "VEH_ACCESS": "No", "BIKE_RACK": "No", "SURV_DATE": 1210723200000.0, "COMMENT_": "Picnic Shelter, Pier", "PRKG_COMMENTS": "", "COUNTY": "Onslow", "DCM_RO": "Morehead City Regional Office", "NCDCM_ID": 983.0, "PHOTO": "jacksonville4wilsonbay", "PRK_FEE": "No", "DCM_Funded": "Y", "CONTRACT_YR": null, "CONTRACT_NUM": null, "ACESS_TYPE": "Shoreline", "KayakCanoeLaunch": "No", "PARKING_OPTIONS": "Both Parking Options", "BeachWheelchair": "N", "BWC_Info": "n/a", "PaidParkURL": "n/a", "WaterAccessTYPE": "Estuarine", "BeachMat": null, "Land_Status": "Municipality", "NEAR_FID": 525.0, "NEAR_DIST": 1427.954325473733, "ACCESSIBILITY_NOTES": null, "LIFEGUARDS": null }, "geometry": { "type": "Point", "coordinates": [ -77.426505805764506, 34.742965916398397 ] } },
{ "type": "Feature", "properties": { "ACCESS_ID": "Sturgeon City Park", "OBJECTID": 525, "PLACE": "Jacksonville", "ACCESS_LOC": "110 Loyola Dr", "LOCL_SPONS": " ", "CAMA_SIGN": "No", "PARKING": 50.0, "DUNE_WALK": "N", "OVERLOOK": "Yes", "HAND_DUNE": "No", "HAND_OVRLK": "Yes", "HAND_BEACH": "No", "HAND_PRKG": 3.0, "RESTRM": "Y", "SHOWER": "N", "PIC_TABLE": "Yes", "VEH_ACCESS": "No", "BIKE_RACK": "Yes", "SURV_DATE": 1210723200000.0, "COMMENT_": "Boarwalks, picnic shelter, overlook over Wilson Bay, playground, educational facilities", "PRKG_COMMENTS": "", "COUNTY": "Onslow", "DCM_RO": "Morehead City Regional Office", "NCDCM_ID": 984.0, "PHOTO": "jacksonville5sturgeoncity.png", "PRK_FEE": "No", "DCM_Funded": "Y", "CONTRACT_YR": null, "CONTRACT_NUM": null, "ACESS_TYPE": "Shoreline", "KayakCanoeLaunch": "No", "PARKING_OPTIONS": "Onsite Parking", "BeachWheelchair": "N", "BWC_Info": "n/a", "PaidParkURL": "n/a", "WaterAccessTYPE": "Estuarine", "BeachMat": null, "Land_Status": "Municipality", "NEAR_FID": 523.0, "NEAR_DIST": 1427.954325473733, "ACCESSIBILITY_NOTES": null, "LIFEGUARDS": null }, "geometry": { "type": "Point", "coordinates": [ -77.430962364957097, 34.744330799244501 ] } },
{ "type": "Feature", "properties": { "ACCESS_ID": "Kerr Street Waterfront", "OBJECTID": 218, "PLACE": "Jacksonville", "ACCESS_LOC": "Kerr Street", "LOCL_SPONS": "Jacksonville", "CAMA_SIGN": "Yes", "PARKING": 25.0, "DUNE_WALK": "Y", "OVERLOOK": "Yes", "HAND_DUNE": "Yes", "HAND_OVRLK": "Yes", "HAND_BEACH": "No", "HAND_PRKG": null, "RESTRM": "N", "SHOWER": "N", "PIC_TABLE": "Yes", "VEH_ACCESS": "No", "BIKE_RACK": "No", "SURV_DATE": 770947200000.0, "COMMENT_": "River Access", "PRKG_COMMENTS": null, "COUNTY": "Onslow", "DCM_RO": "Morehead City Regional Office", "NCDCM_ID": 602.0, "PHOTO": "waterfront.png", "PRK_FEE": "No", "DCM_Funded": "Y", "CONTRACT_YR": null, "CONTRACT_NUM": null, "ACESS_TYPE": "Shoreline", "KayakCanoeLaunch": "No", "PARKING_OPTIONS": "Both Parking Options", "BeachWheelchair": "N", "BWC_Info": "n/a", "PaidParkURL": "n/a", "WaterAccessTYPE": "Estuarine", "BeachMat": null, "Land_Status": "Municipality", "NEAR_FID": 525.0, "NEAR_DIST": 1780.9485790656838, "ACCESSIBILITY_NOTES": null, "LIFEGUARDS": null }, "geometry": { "type": "Point", "coordinates": [ -77.436478798742598, 34.746123558356103 ] } },
{ "type": "Feature", "properties": { "ACCESS_ID": "New River", "OBJECTID": 220, "PLACE": "Jacksonville", "ACCESS_LOC": "Tallman Street and Anne Street", "LOCL_SPONS": "Jacksonville", "CAMA_SIGN": "Yes", "PARKING": 30.0, "DUNE_WALK": "Y", "OVERLOOK": "Yes", "HAND_DUNE": "Yes", "HAND_OVRLK": "Yes", "HAND_BEACH": "No", "HAND_PRKG": null, "RESTRM": "N", "SHOWER": "N", "PIC_TABLE": "Yes", "VEH_ACCESS": "No", "BIKE_RACK": "No", "SURV_DATE": 770947200000.0, "COMMENT_": "River Access", "PRKG_COMMENTS": null, "COUNTY": "Onslow", "DCM_RO": "Morehead City Regional Office", "NCDCM_ID": 603.0, "PHOTO": "waterfront.png", "PRK_FEE": "No", "DCM_Funded": "Y", "CONTRACT_YR": null, "CONTRACT_NUM": null, "ACESS_TYPE": "Shoreline", "KayakCanoeLaunch": "No", "PARKING_OPTIONS": "Both Parking Options", "BeachWheelchair": "N", "BWC_Info": "n/a", "PaidParkURL": "n/a", "WaterAccessTYPE": "Estuarine", "BeachMat": null, "Land_Status": "Municipality", "NEAR_FID": 218.0, "NEAR_DIST": 2514.1497434409393, "ACCESSIBILITY_NOTES": null, "LIFEGUARDS": null }, "geometry": { "type": "Point", "coordinates": [ -77.432824392878004, 34.752338611749302 ] } },
{ "type": "Feature", "properties": { "ACCESS_ID": "Oakhurst Nature Park", "OBJECTID": 880, "PLACE": "Jacksonville", "ACCESS_LOC": "244 RIVERBEND RD", "LOCL_SPONS": "Onslow", "CAMA_SIGN": "No", "PARKING": 4.0, "DUNE_WALK": "N", "OVERLOOK": "N", "HAND_DUNE": "N", "HAND_OVRLK": "N", "HAND_BEACH": "N", "HAND_PRKG": 1.0, "RESTRM": "N", "SHOWER": "N", "PIC_TABLE": "Y", "VEH_ACCESS": "No", "BIKE_RACK": "N", "SURV_DATE": 1657809644178.0, "COMMENT_": "ADA Accessible kayak launch & hiking trails", "PRKG_COMMENTS": null, "COUNTY": "Onslow", "DCM_RO": "WILM", "NCDCM_ID": null, "PHOTO": null, "PRK_FEE": "N", "DCM_Funded": "Y", "CONTRACT_YR": null, "CONTRACT_NUM": null, "ACESS_TYPE": "Shoreline", "KayakCanoeLaunch": "Y", "PARKING_OPTIONS": "Onsite Parking", "BeachWheelchair": "N", "BWC_Info": null, "PaidParkURL": "n/a", "WaterAccessTYPE": "Estuarine", "BeachMat": null, "Land_Status": "County", "NEAR_FID": 220.0, "NEAR_DIST": 8773.6069629389731, "ACCESSIBILITY_NOTES": null, "LIFEGUARDS": null }, "geometry": { "type": "Point", "coordinates": [ -77.459944543961399, 34.761294486855498 ] } },
{ "type": "Feature", "properties": { "ACCESS_ID": "Dolphin Shores (NTB BA-45)", "OBJECTID": 274, "PLACE": "North Topsail Beach", "ACCESS_LOC": "19 Porpoise Place Rd", "LOCL_SPONS": "North Topsail Beach", "CAMA_SIGN": "Yes", "PARKING": 0.0, "DUNE_WALK": "Y", "OVERLOOK": "No", "HAND_DUNE": "Yes", "HAND_OVRLK": "No", "HAND_BEACH": "Y", "HAND_PRKG": 0.0, "RESTRM": "N", "SHOWER": "N", "PIC_TABLE": "No", "VEH_ACCESS": "No", "BIKE_RACK": "No", "SURV_DATE": 1706140800000.0, "COMMENT_": "", "PRKG_COMMENTS": null, "COUNTY": "Onslow", "DCM_RO": "Wilmington Regional Office", "NCDCM_ID": 215.0, "PHOTO": "Neighborhood.png", "PRK_FEE": null, "DCM_Funded": "N", "CONTRACT_YR": null, "CONTRACT_NUM": null, "ACESS_TYPE": "Beach", "KayakCanoeLaunch": "No", "PARKING_OPTIONS": "No Parking", "BeachWheelchair": "Y", "BWC_Info": "https://www.ntbnc.org/_files/ugd/e4899e_ed33ab4a6e3447c6b025bdf7a4ad346e.pdf", "PaidParkURL": "n/a", "WaterAccessTYPE": "Ocean", "BeachMat": null, "Land_Status": "Municipality", "NEAR_FID": 272.0, "NEAR_DIST": 3495.0194540339262, "ACCESSIBILITY_NOTES": null, "LIFEGUARDS": null }, "geometry": { "type": "Point", "coordinates": [ -77.353350317521006, 34.522528148703103 ] } },
{ "type": "Feature", "properties": { "ACCESS_ID": "Beach Access #3", "OBJECTID": 272, "PLACE": "North Topsail Beach", "ACCESS_LOC": "4000 River Rd (Terminus of River Rd)", "LOCL_SPONS": "Onslow County", "CAMA_SIGN": "Yes", "PARKING": 30.0, "DUNE_WALK": "Y", "OVERLOOK": "No", "HAND_DUNE": "No", "HAND_OVRLK": "No", "HAND_BEACH": "No", "HAND_PRKG": null, "RESTRM": "N", "SHOWER": "N", "PIC_TABLE": "No", "VEH_ACCESS": "4x4 Only & Emergency Access", "BIKE_RACK": "No", "SURV_DATE": 1706140800000.0, "COMMENT_": "", "PRKG_COMMENTS": null, "COUNTY": "Onslow", "DCM_RO": "Wilmington Regional Office", "NCDCM_ID": 214.0, "PHOTO": "Neighborhood.png", "PRK_FEE": "Y", "DCM_Funded": "Y", "CONTRACT_YR": null, "CONTRACT_NUM": null, "ACESS_TYPE": "Beach", "KayakCanoeLaunch": "No", "PARKING_OPTIONS": "Onsite Parking", "BeachWheelchair": "Y", "BWC_Info": "https://www.ntbnc.org/_files/ugd/e4899e_ed33ab4a6e3447c6b025bdf7a4ad346e.pdf", "PaidParkURL": "https://www.northtopsailbeachnc.gov/beach-accesses", "WaterAccessTYPE": "Ocean", "BeachMat": null, "Land_Status": "Municipality", "NEAR_FID": 274.0, "NEAR_DIST": 3495.0194540339262, "ACCESSIBILITY_NOTES": null, "LIFEGUARDS": null }, "geometry": { "type": "Point", "coordinates": [ -77.344703186698396, 34.5289319527933 ] } },
{ "type": "Feature", "properties": { "ACCESS_ID": "The Point", "OBJECTID": 904, "PLACE": "Emerald Isle", "ACCESS_LOC": "Terminus of Inlet Drive at Bogue Court", "LOCL_SPONS": "Emerald Isle", "CAMA_SIGN": null, "PARKING": 0.0, "DUNE_WALK": "N", "OVERLOOK": "N", "HAND_DUNE": "N", "HAND_OVRLK": "N", "HAND_BEACH": "N", "HAND_PRKG": 0.0, "RESTRM": "N", "SHOWER": "N", "PIC_TABLE": "N", "VEH_ACCESS": "Yes", "BIKE_RACK": "N", "SURV_DATE": 1695369252471.0, "COMMENT_": "Unimproved Accessway", "PRKG_COMMENTS": null, "COUNTY": "Carteret", "DCM_RO": "MHC", "NCDCM_ID": null, "PHOTO": null, "PRK_FEE": null, "DCM_Funded": "N", "CONTRACT_YR": null, "CONTRACT_NUM": null, "ACESS_TYPE": "Beach", "KayakCanoeLaunch": "N", "PARKING_OPTIONS": "No Parking", "BeachWheelchair": "Y", "BWC_Info": null, "PaidParkURL": null, "WaterAccessTYPE": "Ocean", "BeachMat": null, "Land_Status": "Municipality", "NEAR_FID": 531.0, "NEAR_DIST": 1013.7269120895587, "ACCESSIBILITY_NOTES": null, "LIFEGUARDS": null }, "geometry": { "type": "Point", "coordinates": [ -77.0974881261359, 34.645062306044203 ] } },
{ "type": "Feature", "properties": { "ACCESS_ID": "Channel Dr. (EI-1)", "OBJECTID": 531, "PLACE": "Emerald Isle", "ACCESS_LOC": "Channel Dr. and Inlet Dr.", "LOCL_SPONS": " ", "CAMA_SIGN": "Yes", "PARKING": 2.0, "DUNE_WALK": "Y", "OVERLOOK": "Yes", "HAND_DUNE": "Yes", "HAND_OVRLK": "Yes", "HAND_BEACH": "N", "HAND_PRKG": 2.0, "RESTRM": "N", "SHOWER": "N", "PIC_TABLE": "No", "VEH_ACCESS": "No", "BIKE_RACK": "Yes", "SURV_DATE": 1613433600000.0, "COMMENT_": "Handicap accessible to beach", "PRKG_COMMENTS": "Access Site Parking at Coast Guard Rd & Station St", "COUNTY": "Carteret", "DCM_RO": "Morehead City Regional Office", "NCDCM_ID": 524.0, "PHOTO": "EI226.png", "PRK_FEE": "No", "DCM_Funded": "Y", "CONTRACT_YR": null, "CONTRACT_NUM": null, "ACESS_TYPE": "Beach", "KayakCanoeLaunch": "No", "PARKING_OPTIONS": "Onsite Parking", "BeachWheelchair": "Y", "BWC_Info": "https://www.emeraldisle-nc.org/170/Beach-Wheel-Chair-Program", "PaidParkURL": "n/a", "WaterAccessTYPE": "Ocean", "BeachMat": null, "Land_Status": "Municipality", "NEAR_FID": 818.0, "NEAR_DIST": 861.11500201227852, "ACCESSIBILITY_NOTES": null, "LIFEGUARDS": null }, "geometry": { "type": "Point", "coordinates": [ -77.094305960647802, 34.645980366636103 ] } },
{ "type": "Feature", "properties": { "ACCESS_ID": "EI-3", "OBJECTID": 538, "PLACE": "Emerald Isle", "ACCESS_LOC": "Wyndtree Drive", "LOCL_SPONS": " ", "CAMA_SIGN": "Yes", "PARKING": 1.0, "DUNE_WALK": "Y", "OVERLOOK": "No", "HAND_DUNE": "Yes", "HAND_OVRLK": "No", "HAND_BEACH": "N", "HAND_PRKG": 1.0, "RESTRM": "N", "SHOWER": "N", "PIC_TABLE": "No", "VEH_ACCESS": "No", "BIKE_RACK": "Yes", "SURV_DATE": 1051833600000.0, "COMMENT_": "Handicap accessible to beach", "PRKG_COMMENTS": "Access Site Parking at Coast Guard Rd & Station St", "COUNTY": "Carteret", "DCM_RO": "Morehead City Regional Office", "NCDCM_ID": 526.0, "PHOTO": "EI224.png", "PRK_FEE": "No", "DCM_Funded": "Y", "CONTRACT_YR": null, "CONTRACT_NUM": null, "ACESS_TYPE": "Beach", "KayakCanoeLaunch": "No", "PARKING_OPTIONS": "Onsite Parking", "BeachWheelchair": "Y", "BWC_Info": "https://www.emeraldisle-nc.org/170/Beach-Wheel-Chair-Program", "PaidParkURL": "n/a", "WaterAccessTYPE": "Ocean", "BeachMat": null, "Land_Status": "Municipality", "NEAR_FID": 818.0, "NEAR_DIST": 749.58724206188174, "ACCESSIBILITY_NOTES": null, "LIFEGUARDS": null }, "geometry": { "type": "Point", "coordinates": [ -77.090343805441606, 34.646908292574601 ] } },
{ "type": "Feature", "properties": { "ACCESS_ID": "Station Street Park", "OBJECTID": 818, "PLACE": "Emerald Isle", "ACCESS_LOC": "11001 Station St", "LOCL_SPONS": "Emerald Isle", "CAMA_SIGN": "No", "PARKING": 16.0, "DUNE_WALK": "N", "OVERLOOK": "N", "HAND_DUNE": "N", "HAND_OVRLK": "N", "HAND_BEACH": "N", "HAND_PRKG": 0.0, "RESTRM": "N", "SHOWER": "N", "PIC_TABLE": "Y", "VEH_ACCESS": "No", "BIKE_RACK": "Y", "SURV_DATE": 1725363810486.0, "COMMENT_": "Parking lot within a 1/4 walk to beach access.", "PRKG_COMMENTS": "Parking lot within a 1/4 walk to beach access.", "COUNTY": "Carteret", "DCM_RO": "MHC", "NCDCM_ID": null, "PHOTO": null, "PRK_FEE": "N", "DCM_Funded": "Y", "CONTRACT_YR": null, "CONTRACT_NUM": null, "ACESS_TYPE": "Beach", "KayakCanoeLaunch": "N", "PARKING_OPTIONS": "Onsite Parking", "BeachWheelchair": "Y", "BWC_Info": "https://www.emeraldisle-nc.org/170/Beach-Wheel-Chair-Program", "PaidParkURL": "n/a", "WaterAccessTYPE": "Ocean", "BeachMat": null, "Land_Status": "Municipality", "NEAR_FID": 538.0, "NEAR_DIST": 749.58724206188174, "ACCESSIBILITY_NOTES": null, "LIFEGUARDS": null }, "geometry": { "type": "Point", "coordinates": [ -77.092557743883503, 34.647854223707697 ] } },
{ "type": "Feature", "properties": { "ACCESS_ID": "Randy's Way (EI-7)", "OBJECTID": 542, "PLACE": "Emerald Isle", "ACCESS_LOC": "Ocean Drive and Page Place", "LOCL_SPONS": " ", "CAMA_SIGN": "Yes", "PARKING": 1.0, "DUNE_WALK": "Y", "OVERLOOK": "Yes", "HAND_DUNE": "Yes", "HAND_OVRLK": "Yes", "HAND_BEACH": "Y", "HAND_PRKG": 1.0, "RESTRM": "N", "SHOWER": "N", "PIC_TABLE": "No", "VEH_ACCESS": "No", "BIKE_RACK": "Yes", "SURV_DATE": 1661990400000.0, "COMMENT_": "Handicap accessible to beach", "PRKG_COMMENTS": "", "COUNTY": "Carteret", "DCM_RO": "Morehead City Regional Office", "NCDCM_ID": 527.0, "PHOTO": "EI223.png", "PRK_FEE": "No", "DCM_Funded": "N", "CONTRACT_YR": null, "CONTRACT_NUM": null, "ACESS_TYPE": "Beach", "KayakCanoeLaunch": "No", "PARKING_OPTIONS": "Onsite Parking", "BeachWheelchair": "Y", "BWC_Info": "https://www.emeraldisle-nc.org/170/Beach-Wheel-Chair-Program", "PaidParkURL": "n/a", "WaterAccessTYPE": "Ocean", "BeachMat": null, "Land_Status": "Municipality", "NEAR_FID": 547.0, "NEAR_DIST": 529.9426337468642, "ACCESSIBILITY_NOTES": null, "LIFEGUARDS": null }, "geometry": { "type": "Point", "coordinates": [ -77.071038804271694, 34.6522975141296 ] } },
{ "type": "Feature", "properties": { "ACCESS_ID": "EI-8", "OBJECTID": 547, "PLACE": "Emerald Isle", "ACCESS_LOC": "Ocean Oaks Dr. and Ocean Dr.", "LOCL_SPONS": " ", "CAMA_SIGN": "Yes", "PARKING": 1.0, "DUNE_WALK": "Y", "OVERLOOK": "Yes", "HAND_DUNE": "No", "HAND_OVRLK": "No", "HAND_BEACH": "No", "HAND_PRKG": 1.0, "RESTRM": "N", "SHOWER": "N", "PIC_TABLE": "No", "VEH_ACCESS": "No", "BIKE_RACK": "Yes", "SURV_DATE": 1051833600000.0, "COMMENT_": "", "PRKG_COMMENTS": "Parking located 0.4 mile north at Ocean Oaks Park", "COUNTY": "Carteret", "DCM_RO": "Morehead City Regional Office", "NCDCM_ID": 528.0, "PHOTO": "EI222.png", "PRK_FEE": "No", "DCM_Funded": "N", "CONTRACT_YR": null, "CONTRACT_NUM": null, "ACESS_TYPE": "Beach", "KayakCanoeLaunch": "No", "PARKING_OPTIONS": "Onsite Parking", "BeachWheelchair": "Y", "BWC_Info": "https://www.emeraldisle-nc.org/170/Beach-Wheel-Chair-Program", "PaidParkURL": "n/a", "WaterAccessTYPE": "Ocean", "BeachMat": null, "Land_Status": "Municipality", "NEAR_FID": 542.0, "NEAR_DIST": 529.9426337468642, "ACCESSIBILITY_NOTES": null, "LIFEGUARDS": null }, "geometry": { "type": "Point", "coordinates": [ -77.069346523803404, 34.652703433828698 ] } },
{ "type": "Feature", "properties": { "ACCESS_ID": "EI-9", "OBJECTID": 163, "PLACE": "Emerald Isle", "ACCESS_LOC": "Ocean Dr. and Conch Ct.", "LOCL_SPONS": " ", "CAMA_SIGN": "Yes", "PARKING": 0.0, "DUNE_WALK": "Y", "OVERLOOK": "No", "HAND_DUNE": "No", "HAND_OVRLK": "No", "HAND_BEACH": "No", "HAND_PRKG": 0.0, "RESTRM": "N", "SHOWER": "N", "PIC_TABLE": "No", "VEH_ACCESS": "No", "BIKE_RACK": "Yes", "SURV_DATE": 1051833600000.0, "COMMENT_": " ", "PRKG_COMMENTS": null, "COUNTY": "Carteret", "DCM_RO": "Morehead City Regional Office", "NCDCM_ID": 529.0, "PHOTO": "EI221.png", "PRK_FEE": null, "DCM_Funded": "N", "CONTRACT_YR": null, "CONTRACT_NUM": null, "ACESS_TYPE": "Beach", "KayakCanoeLaunch": "No", "PARKING_OPTIONS": "No Parking", "BeachWheelchair": "Y", "BWC_Info": "https://www.emeraldisle-nc.org/170/Beach-Wheel-Chair-Program", "PaidParkURL": "n/a", "WaterAccessTYPE": "Ocean", "BeachMat": null, "Land_Status": "Municipality", "NEAR_FID": 164.0, "NEAR_DIST": 544.54800294685333, "ACCESSIBILITY_NOTES": null, "LIFEGUARDS": null }, "geometry": { "type": "Point", "coordinates": [ -77.067494163551601, 34.652988130510501 ] } },
{ "type": "Feature", "properties": { "ACCESS_ID": "EI-10", "OBJECTID": 164, "PLACE": "Emerald Isle", "ACCESS_LOC": "Ocean Dr. and Seadunes Dr.", "LOCL_SPONS": " ", "CAMA_SIGN": "Yes", "PARKING": 0.0, "DUNE_WALK": "Y", "OVERLOOK": "No", "HAND_DUNE": "No", "HAND_OVRLK": "No", "HAND_BEACH": "No", "HAND_PRKG": 0.0, "RESTRM": "N", "SHOWER": "N", "PIC_TABLE": "No", "VEH_ACCESS": "No", "BIKE_RACK": "Yes", "SURV_DATE": 1051833600000.0, "COMMENT_": " ", "PRKG_COMMENTS": null, "COUNTY": "Carteret", "DCM_RO": "Morehead City Regional Office", "NCDCM_ID": 530.0, "PHOTO": "EI220.png", "PRK_FEE": null, "DCM_Funded": "N", "CONTRACT_YR": null, "CONTRACT_NUM": null, "ACESS_TYPE": "Beach", "KayakCanoeLaunch": "No", "PARKING_OPTIONS": "No Parking", "BeachWheelchair": "Y", "BWC_Info": "https://www.emeraldisle-nc.org/170/Beach-Wheel-Chair-Program", "PaidParkURL": "n/a", "WaterAccessTYPE": "Ocean", "BeachMat": null, "Land_Status": "Municipality", "NEAR_FID": 163.0, "NEAR_DIST": 544.54800294685333, "ACCESSIBILITY_NOTES": null, "LIFEGUARDS": null }, "geometry": { "type": "Point", "coordinates": [ -77.065775247136898, 34.653458501136299 ] } },
{ "type": "Feature", "properties": { "ACCESS_ID": "EI-11", "OBJECTID": 165, "PLACE": "Emerald Isle", "ACCESS_LOC": "Ocean Dr. and Doe Dr.", "LOCL_SPONS": " ", "CAMA_SIGN": "Yes", "PARKING": 0.0, "DUNE_WALK": "N", "OVERLOOK": "No", "HAND_DUNE": "No", "HAND_OVRLK": "No", "HAND_BEACH": "No", "HAND_PRKG": 0.0, "RESTRM": "N", "SHOWER": "N", "PIC_TABLE": "No", "VEH_ACCESS": "E", "BIKE_RACK": "Yes", "SURV_DATE": 1051833600000.0, "COMMENT_": "", "PRKG_COMMENTS": null, "COUNTY": "Carteret", "DCM_RO": "Morehead City Regional Office", "NCDCM_ID": 531.0, "PHOTO": "EI219.png", "PRK_FEE": null, "DCM_Funded": "N", "CONTRACT_YR": null, "CONTRACT_NUM": null, "ACESS_TYPE": "Beach", "KayakCanoeLaunch": "No", "PARKING_OPTIONS": "No Parking", "BeachWheelchair": "Y", "BWC_Info": "https://www.emeraldisle-nc.org/170/Beach-Wheel-Chair-Program", "PaidParkURL": "n/a", "WaterAccessTYPE": "Ocean", "BeachMat": null, "Land_Status": "Municipality", "NEAR_FID": 166.0, "NEAR_DIST": 544.51127499150243, "ACCESSIBILITY_NOTES": null, "LIFEGUARDS": null }, "geometry": { "type": "Point", "coordinates": [ -77.064028528762506, 34.653970640021598 ] } },
{ "type": "Feature", "properties": { "ACCESS_ID": "EI-12", "OBJECTID": 166, "PLACE": "Emerald Isle", "ACCESS_LOC": "Ocean Dr. and Deer Horn Dr.", "LOCL_SPONS": " ", "CAMA_SIGN": "Yes", "PARKING": 0.0, "DUNE_WALK": "Y", "OVERLOOK": "Yes", "HAND_DUNE": "No", "HAND_OVRLK": "No", "HAND_BEACH": "No", "HAND_PRKG": 0.0, "RESTRM": "N", "SHOWER": "N", "PIC_TABLE": "No", "VEH_ACCESS": "No", "BIKE_RACK": "Yes", "SURV_DATE": 1613433600000.0, "COMMENT_": " ", "PRKG_COMMENTS": null, "COUNTY": "Carteret", "DCM_RO": "Morehead City Regional Office", "NCDCM_ID": 532.0, "PHOTO": "EI218.png", "PRK_FEE": null, "DCM_Funded": "N", "CONTRACT_YR": null, "CONTRACT_NUM": null, "ACESS_TYPE": "Beach", "KayakCanoeLaunch": "No", "PARKING_OPTIONS": "No Parking", "BeachWheelchair": "Y", "BWC_Info": "https://www.emeraldisle-nc.org/170/Beach-Wheel-Chair-Program", "PaidParkURL": "n/a", "WaterAccessTYPE": "Ocean", "BeachMat": null, "Land_Status": "Municipality", "NEAR_FID": 165.0, "NEAR_DIST": 544.51127499150243, "ACCESSIBILITY_NOTES": null, "LIFEGUARDS": null }, "geometry": { "type": "Point", "coordinates": [ -77.062320875424803, 34.654467981950297 ] } },
{ "type": "Feature", "properties": { "ACCESS_ID": "EI-13", "OBJECTID": 167, "PLACE": "Emerald Isle", "ACCESS_LOC": "Ocean Dr. and Fawn Dr.", "LOCL_SPONS": " ", "CAMA_SIGN": "No", "PARKING": 0.0, "DUNE_WALK": "Y", "OVERLOOK": "No", "HAND_DUNE": "No", "HAND_OVRLK": "No", "HAND_BEACH": "No", "HAND_PRKG": 0.0, "RESTRM": "N", "SHOWER": "N", "PIC_TABLE": "No", "VEH_ACCESS": "No", "BIKE_RACK": "No", "SURV_DATE": 1613433600000.0, "COMMENT_": " ", "PRKG_COMMENTS": null, "COUNTY": "Carteret", "DCM_RO": "Morehead City Regional Office", "NCDCM_ID": 533.0, "PHOTO": "EI217.png", "PRK_FEE": null, "DCM_Funded": "N", "CONTRACT_YR": null, "CONTRACT_NUM": null, "ACESS_TYPE": "Beach", "KayakCanoeLaunch": "No", "PARKING_OPTIONS": "No Parking", "BeachWheelchair": "Y", "BWC_Info": "https://www.emeraldisle-nc.org/170/Beach-Wheel-Chair-Program", "PaidParkURL": "n/a", "WaterAccessTYPE": "Ocean", "BeachMat": null, "Land_Status": "Municipality", "NEAR_FID": 166.0, "NEAR_DIST": 560.08904343583538, "ACCESSIBILITY_NOTES": null, "LIFEGUARDS": null }, "geometry": { "type": "Point", "coordinates": [ -77.060508255742803, 34.654821493742801 ] } },
{ "type": "Feature", "properties": { "ACCESS_ID": "Western Regional Access", "OBJECTID": 168, "PLACE": "Emerald Isle", "ACCESS_LOC": "Islander Dr.", "LOCL_SPONS": "Emerald Isle", "CAMA_SIGN": "Yes", "PARKING": 250.0, "DUNE_WALK": "Y", "OVERLOOK": "Yes", "HAND_DUNE": "Y", "HAND_OVRLK": "Yes", "HAND_BEACH": "Y", "HAND_PRKG": 3.0, "RESTRM": "Y", "SHOWER": "Y", "PIC_TABLE": "Yes", "VEH_ACCESS": "No", "BIKE_RACK": "No", "SURV_DATE": 1526515200000.0, "COMMENT_": "", "PRKG_COMMENTS": "", "COUNTY": "Carteret", "DCM_RO": "Morehead City Regional Office", "NCDCM_ID": 534.0, "PHOTO": "EI216.png", "PRK_FEE": "Y", "DCM_Funded": "Y", "CONTRACT_YR": null, "CONTRACT_NUM": null, "ACESS_TYPE": "Beach", "KayakCanoeLaunch": "No", "PARKING_OPTIONS": "Onsite Parking", "BeachWheelchair": "Y", "BWC_Info": "https://www.emeraldisle-nc.org/170/Beach-Wheel-Chair-Program", "PaidParkURL": "https://www.emeraldisle-nc.org/191/Paid-Beach-Parking", "WaterAccessTYPE": "Ocean", "BeachMat": null, "Land_Status": "Municipality", "NEAR_FID": 169.0, "NEAR_DIST": 1039.619227616231, "ACCESSIBILITY_NOTES": null, "LIFEGUARDS": null }, "geometry": { "type": "Point", "coordinates": [ -77.056316183657103, 34.655879227985999 ] } },
{ "type": "Feature", "properties": { "ACCESS_ID": "NA", "OBJECTID": 169, "PLACE": "Emerald Isle", "ACCESS_LOC": "Reed Dr. and Janell Ln.", "LOCL_SPONS": " ", "CAMA_SIGN": "Yes", "PARKING": 0.0, "DUNE_WALK": "N", "OVERLOOK": "No", "HAND_DUNE": "No", "HAND_OVRLK": "No", "HAND_BEACH": "No", "HAND_PRKG": 0.0, "RESTRM": "N", "SHOWER": "N", "PIC_TABLE": "No", "VEH_ACCESS": "No", "BIKE_RACK": "No", "SURV_DATE": 1051833600000.0, "COMMENT_": " ", "PRKG_COMMENTS": null, "COUNTY": "Carteret", "DCM_RO": "Morehead City Regional Office", "NCDCM_ID": 535.0, "PHOTO": "EI215.png", "PRK_FEE": null, "DCM_Funded": "N", "CONTRACT_YR": null, "CONTRACT_NUM": null, "ACESS_TYPE": "Beach", "KayakCanoeLaunch": "No", "PARKING_OPTIONS": "No Parking", "BeachWheelchair": "Y", "BWC_Info": "https://www.emeraldisle-nc.org/170/Beach-Wheel-Chair-Program", "PaidParkURL": "n/a", "WaterAccessTYPE": "Ocean", "BeachMat": null, "Land_Status": "Municipality", "NEAR_FID": 168.0, "NEAR_DIST": 1039.619227616231, "ACCESSIBILITY_NOTES": null, "LIFEGUARDS": null }, "geometry": { "type": "Point", "coordinates": [ -77.052962203438696, 34.657035963661201 ] } },
{ "type": "Feature", "properties": { "ACCESS_ID": "Heverly Dr. (EI-16)", "OBJECTID": 170, "PLACE": "Emerald Isle", "ACCESS_LOC": "Reed Dr. and Heverly Dr.", "LOCL_SPONS": " ", "CAMA_SIGN": "Yes", "PARKING": 0.0, "DUNE_WALK": "Y", "OVERLOOK": "No", "HAND_DUNE": "No", "HAND_OVRLK": "No", "HAND_BEACH": "No", "HAND_PRKG": 0.0, "RESTRM": "N", "SHOWER": "N", "PIC_TABLE": "No", "VEH_ACCESS": "No", "BIKE_RACK": "Yes", "SURV_DATE": 1051833600000.0, "COMMENT_": " ", "PRKG_COMMENTS": null, "COUNTY": "Carteret", "DCM_RO": "Morehead City Regional Office", "NCDCM_ID": 536.0, "PHOTO": "EI214.png", "PRK_FEE": null, "DCM_Funded": "N", "CONTRACT_YR": null, "CONTRACT_NUM": null, "ACESS_TYPE": "Beach", "KayakCanoeLaunch": "No", "PARKING_OPTIONS": "No Parking", "BeachWheelchair": "Y", "BWC_Info": "https://www.emeraldisle-nc.org/170/Beach-Wheel-Chair-Program", "PaidParkURL": "n/a", "WaterAccessTYPE": "Ocean", "BeachMat": null, "Land_Status": "Municipality", "NEAR_FID": 814.0, "NEAR_DIST": 792.47871855987501, "ACCESSIBILITY_NOTES": null, "LIFEGUARDS": null }, "geometry": { "type": "Point", "coordinates": [ -77.048949932121104, 34.657797770362698 ] } },
{ "type": "Feature", "properties": { "ACCESS_ID": "Shell Dr", "OBJECTID": 814, "PLACE": "Emerald Isle", "ACCESS_LOC": "Shell Dr and Ocean View Dr", "LOCL_SPONS": "Emerald Isle", "CAMA_SIGN": "Yes", "PARKING": 0.0, "DUNE_WALK": "Y", "OVERLOOK": "No", "HAND_DUNE": "No", "HAND_OVRLK": "No", "HAND_BEACH": "No", "HAND_PRKG": 0.0, "RESTRM": "N", "SHOWER": "N", "PIC_TABLE": "No", "VEH_ACCESS": "No", "BIKE_RACK": "No", "SURV_DATE": 1613482027000.0, "COMMENT_": null, "PRKG_COMMENTS": null, "COUNTY": "Carteret", "DCM_RO": "MHC", "NCDCM_ID": null, "PHOTO": null, "PRK_FEE": null, "DCM_Funded": "N", "CONTRACT_YR": null, "CONTRACT_NUM": null, "ACESS_TYPE": "Beach", "KayakCanoeLaunch": "No", "PARKING_OPTIONS": "No Parking", "BeachWheelchair": "Y", "BWC_Info": "https://www.emeraldisle-nc.org/170/Beach-Wheel-Chair-Program", "PaidParkURL": "n/a", "WaterAccessTYPE": "Ocean", "BeachMat": null, "Land_Status": "Municipality", "NEAR_FID": 170.0, "NEAR_DIST": 792.47871855987501, "ACCESSIBILITY_NOTES": null, "LIFEGUARDS": null }, "geometry": { "type": "Point", "coordinates": [ -77.046449688021696, 34.658485879589598 ] } },
{ "type": "Feature", "properties": { "ACCESS_ID": "Emerald Isle Woods Park ", "OBJECTID": 738, "PLACE": "Emerald Isle", "ACCESS_LOC": "9404 Coast Guard Rd", "LOCL_SPONS": "Emerald Isle", "CAMA_SIGN": "No", "PARKING": 29.0, "DUNE_WALK": "Y", "OVERLOOK": "No", "HAND_DUNE": "Yes", "HAND_OVRLK": "No", "HAND_BEACH": "No", "HAND_PRKG": 5.0, "RESTRM": "Y", "SHOWER": "N", "PIC_TABLE": "Yes", "VEH_ACCESS": "No", "BIKE_RACK": "No", "SURV_DATE": 1725321600000.0, "COMMENT_": "Pier - Floating Dock - Grills - Picnic Pavillion - Walking & Hiking Trails", "PRKG_COMMENTS": "Gravel Lot", "COUNTY": "Carteret", "DCM_RO": "Morehead City Regional Office", "NCDCM_ID": 0.0, "PHOTO": "mhc_EI_kayaklaunch.JPG", "PRK_FEE": "No", "DCM_Funded": "Y", "CONTRACT_YR": null, "CONTRACT_NUM": null, "ACESS_TYPE": "Shoreline", "KayakCanoeLaunch": "Yes", "PARKING_OPTIONS": "Onsite Parking", "BeachWheelchair": "Y", "BWC_Info": "https://www.emeraldisle-nc.org/170/Beach-Wheel-Chair-Program", "PaidParkURL": "n/a", "WaterAccessTYPE": "Estuarine", "BeachMat": null, "Land_Status": "Municipality", "NEAR_FID": 164.0, "NEAR_DIST": 2077.7567041073517, "ACCESSIBILITY_NOTES": null, "LIFEGUARDS": null }, "geometry": { "type": "Point", "coordinates": [ -77.068283672339902, 34.658789055389803 ] } },
{ "type": "Feature", "properties": { "ACCESS_ID": "Boardwalk Ave Parking", "OBJECTID": 921, "PLACE": "Emerand Isle", "ACCESS_LOC": "Boardwalk Ave & Reed Dr", "LOCL_SPONS": "Town of Emerald Isle", "CAMA_SIGN": "No", "PARKING": 9.0, "DUNE_WALK": "N", "OVERLOOK": null, "HAND_DUNE": null, "HAND_OVRLK": null, "HAND_BEACH": null, "HAND_PRKG": 0.0, "RESTRM": null, "SHOWER": null, "PIC_TABLE": null, "VEH_ACCESS": null, "BIKE_RACK": null, "SURV_DATE": 1725321600000.0, "COMMENT_": null, "PRKG_COMMENTS": null, "COUNTY": null, "DCM_RO": "MHC", "NCDCM_ID": null, "PHOTO": null, "PRK_FEE": "N", "DCM_Funded": "N", "CONTRACT_YR": null, "CONTRACT_NUM": null, "ACESS_TYPE": null, "KayakCanoeLaunch": null, "PARKING_OPTIONS": "Parking off-site", "BeachWheelchair": null, "BWC_Info": null, "PaidParkURL": "n/a", "WaterAccessTYPE": "Parking Lot", "BeachMat": "n/a", "Land_Status": "Municipality", "NEAR_FID": null, "NEAR_DIST": null, "ACCESSIBILITY_NOTES": null, "LIFEGUARDS": null }, "geometry": { "type": "Point", "coordinates": [ -77.054385054427598, 34.659406935058101 ] } },
{ "type": "Feature", "properties": { "ACCESS_ID": "Shorerush Dr", "OBJECTID": 813, "PLACE": "Emerald Isle", "ACCESS_LOC": "Shorerush Dr and Ocean View Dr", "LOCL_SPONS": "Emerald Isle", "CAMA_SIGN": "Yes", "PARKING": 0.0, "DUNE_WALK": "Y", "OVERLOOK": "Yes", "HAND_DUNE": "Yes", "HAND_OVRLK": "Yes", "HAND_BEACH": "N", "HAND_PRKG": 0.0, "RESTRM": "N", "SHOWER": "N", "PIC_TABLE": "No", "VEH_ACCESS": "No", "BIKE_RACK": "No", "SURV_DATE": 1613433600000.0, "COMMENT_": null, "PRKG_COMMENTS": null, "COUNTY": "Carteret", "DCM_RO": "Morehead Regional Office", "NCDCM_ID": null, "PHOTO": null, "PRK_FEE": null, "DCM_Funded": "N", "CONTRACT_YR": null, "CONTRACT_NUM": null, "ACESS_TYPE": "Beach", "KayakCanoeLaunch": "No", "PARKING_OPTIONS": "No Parking", "BeachWheelchair": "Y", "BWC_Info": "https://www.emeraldisle-nc.org/170/Beach-Wheel-Chair-Program", "PaidParkURL": "n/a", "WaterAccessTYPE": "Ocean", "BeachMat": null, "Land_Status": "Municipality", "NEAR_FID": 814.0, "NEAR_DIST": 1291.7733364912963, "ACCESSIBILITY_NOTES": null, "LIFEGUARDS": null }, "geometry": { "type": "Point", "coordinates": [ -77.042318518388001, 34.659458710760802 ] } },
{ "type": "Feature", "properties": { "ACCESS_ID": "Sea Gull Rd. (EI-24)", "OBJECTID": 171, "PLACE": "Emerald Isle", "ACCESS_LOC": "Ocean Dr. and Sea Gull Road", "LOCL_SPONS": "Emerald Isle", "CAMA_SIGN": "Yes", "PARKING": 0.0, "DUNE_WALK": "Y", "OVERLOOK": "Yes", "HAND_DUNE": "No", "HAND_OVRLK": "No", "HAND_BEACH": "No", "HAND_PRKG": 1.0, "RESTRM": "N", "SHOWER": "N", "PIC_TABLE": "No", "VEH_ACCESS": "No", "BIKE_RACK": "No", "SURV_DATE": 1613433600000.0, "COMMENT_": " ", "PRKG_COMMENTS": "One Handicapped Parking Spot", "COUNTY": "Carteret", "DCM_RO": "Morehead City Regional Office", "NCDCM_ID": 537.0, "PHOTO": "EI85.png", "PRK_FEE": null, "DCM_Funded": "Y", "CONTRACT_YR": null, "CONTRACT_NUM": null, "ACESS_TYPE": "Beach", "KayakCanoeLaunch": "No", "PARKING_OPTIONS": "Onsite Parking", "BeachWheelchair": "Y", "BWC_Info": "https://www.emeraldisle-nc.org/170/Beach-Wheel-Chair-Program", "PaidParkURL": "n/a", "WaterAccessTYPE": "Ocean", "BeachMat": null, "Land_Status": "Municipality", "NEAR_FID": 172.0, "NEAR_DIST": 846.57742519340457, "ACCESSIBILITY_NOTES": null, "LIFEGUARDS": null }, "geometry": { "type": "Point", "coordinates": [ -77.028443782804899, 34.662842889795598 ] } },
{ "type": "Feature", "properties": { "ACCESS_ID": "Black Skimmer 4WD Access (EI-25)", "OBJECTID": 172, "PLACE": "Emerald Isle", "ACCESS_LOC": "Ocean Dr. and Blackskimmer Rd.", "LOCL_SPONS": "Emerald Isle", "CAMA_SIGN": "Yes", "PARKING": 0.0, "DUNE_WALK": "N", "OVERLOOK": "No", "HAND_DUNE": "No", "HAND_OVRLK": "No", "HAND_BEACH": "No", "HAND_PRKG": 0.0, "RESTRM": "N", "SHOWER": "N", "PIC_TABLE": "No", "VEH_ACCESS": "Yes, Seasonal", "BIKE_RACK": "No", "SURV_DATE": 1613433600000.0, "COMMENT_": " ", "PRKG_COMMENTS": null, "COUNTY": "Carteret", "DCM_RO": "Morehead City Regional Office", "NCDCM_ID": 538.0, "PHOTO": "EI84.png", "PRK_FEE": null, "DCM_Funded": "N", "CONTRACT_YR": null, "CONTRACT_NUM": null, "ACESS_TYPE": "Beach", "KayakCanoeLaunch": "No", "PARKING_OPTIONS": "No Parking", "BeachWheelchair": "Y", "BWC_Info": "https://www.emeraldisle-nc.org/170/Beach-Wheel-Chair-Program", "PaidParkURL": "n/a", "WaterAccessTYPE": "Ocean", "BeachMat": null, "Land_Status": "Municipality", "NEAR_FID": 173.0, "NEAR_DIST": 689.01458545790149, "ACCESSIBILITY_NOTES": null, "LIFEGUARDS": null }, "geometry": { "type": "Point", "coordinates": [ -77.025678884243106, 34.663281276355903 ] } },
{ "type": "Feature", "properties": { "ACCESS_ID": "EI-26", "OBJECTID": 173, "PLACE": "Emerald Isle", "ACCESS_LOC": "Ocean Dr. and Lee Ave.", "LOCL_SPONS": " ", "CAMA_SIGN": "Yes", "PARKING": 0.0, "DUNE_WALK": "Y", "OVERLOOK": "No", "HAND_DUNE": "No", "HAND_OVRLK": "No", "HAND_BEACH": "No", "HAND_PRKG": 0.0, "RESTRM": "N", "SHOWER": "N", "PIC_TABLE": "No", "VEH_ACCESS": "No", "BIKE_RACK": "Yes", "SURV_DATE": 1051833600000.0, "COMMENT_": " ", "PRKG_COMMENTS": null, "COUNTY": "Carteret", "DCM_RO": "Morehead City Regional Office", "NCDCM_ID": 539.0, "PHOTO": "EI83.png", "PRK_FEE": null, "DCM_Funded": "Y", "CONTRACT_YR": null, "CONTRACT_NUM": null, "ACESS_TYPE": "Beach", "KayakCanoeLaunch": "No", "PARKING_OPTIONS": "No Parking", "BeachWheelchair": "Y", "BWC_Info": "https://www.emeraldisle-nc.org/170/Beach-Wheel-Chair-Program", "PaidParkURL": "n/a", "WaterAccessTYPE": "Ocean", "BeachMat": null, "Land_Status": "Municipality", "NEAR_FID": 768.0, "NEAR_DIST": 546.33842747394658, "ACCESSIBILITY_NOTES": null, "LIFEGUARDS": null }, "geometry": { "type": "Point", "coordinates": [ -77.023443048467797, 34.663695577922198 ] } },
{ "type": "Feature", "properties": { "ACCESS_ID": "EI-27", "OBJECTID": 768, "PLACE": "Emerald Isle", "ACCESS_LOC": "Ocean Drive between Stuart Ave & Purdie Dr", "LOCL_SPONS": "Emerald Isle", "CAMA_SIGN": "Yes", "PARKING": 0.0, "DUNE_WALK": "Y", "OVERLOOK": "No", "HAND_DUNE": "No", "HAND_OVRLK": "No", "HAND_BEACH": "No", "HAND_PRKG": 0.0, "RESTRM": "N", "SHOWER": "N", "PIC_TABLE": "No", "VEH_ACCESS": "No", "BIKE_RACK": "No", "SURV_DATE": 1526342400000.0, "COMMENT_": null, "PRKG_COMMENTS": null, "COUNTY": "Carteret", "DCM_RO": "Morehead City Regional Office", "NCDCM_ID": null, "PHOTO": null, "PRK_FEE": null, "DCM_Funded": "N", "CONTRACT_YR": null, "CONTRACT_NUM": null, "ACESS_TYPE": "Beach", "KayakCanoeLaunch": "No", "PARKING_OPTIONS": "No Parking", "BeachWheelchair": "Y", "BWC_Info": "https://www.emeraldisle-nc.org/170/Beach-Wheel-Chair-Program", "PaidParkURL": "n/a", "WaterAccessTYPE": "Ocean", "BeachMat": null, "Land_Status": "Municipality", "NEAR_FID": 174.0, "NEAR_DIST": 542.88430276183919, "ACCESSIBILITY_NOTES": null, "LIFEGUARDS": null }, "geometry": { "type": "Point", "coordinates": [ -77.021680405658401, 34.664059708485297 ] } },
{ "type": "Feature", "properties": { "ACCESS_ID": "EI-28", "OBJECTID": 174, "PLACE": "Emerald Isle", "ACCESS_LOC": "Ocean Dr. and James Dr.", "LOCL_SPONS": " ", "CAMA_SIGN": "Yes", "PARKING": 0.0, "DUNE_WALK": "Y", "OVERLOOK": "Yes", "HAND_DUNE": "No", "HAND_OVRLK": "No", "HAND_BEACH": "No", "HAND_PRKG": 0.0, "RESTRM": "N", "SHOWER": "N", "PIC_TABLE": "No", "VEH_ACCESS": "No", "BIKE_RACK": "No", "SURV_DATE": 1051833600000.0, "COMMENT_": " ", "PRKG_COMMENTS": null, "COUNTY": "Carteret", "DCM_RO": "Morehead City Regional Office", "NCDCM_ID": 540.0, "PHOTO": "EI81.png", "PRK_FEE": null, "DCM_Funded": "N", "CONTRACT_YR": null, "CONTRACT_NUM": null, "ACESS_TYPE": "Beach", "KayakCanoeLaunch": "No", "PARKING_OPTIONS": "No Parking", "BeachWheelchair": "Y", "BWC_Info": "https://www.emeraldisle-nc.org/170/Beach-Wheel-Chair-Program", "PaidParkURL": "n/a", "WaterAccessTYPE": "Ocean", "BeachMat": null, "Land_Status": "Municipality", "NEAR_FID": 768.0, "NEAR_DIST": 542.88430276183919, "ACCESSIBILITY_NOTES": null, "LIFEGUARDS": null }, "geometry": { "type": "Point", "coordinates": [ -77.019930535095597, 34.664426897814302 ] } },
{ "type": "Feature", "properties": { "ACCESS_ID": "EI-29", "OBJECTID": 175, "PLACE": "Emerald Isle", "ACCESS_LOC": "Ocean Dr. and Tracy Dr.", "LOCL_SPONS": " ", "CAMA_SIGN": "Yes", "PARKING": 0.0, "DUNE_WALK": "Y", "OVERLOOK": "Yes", "HAND_DUNE": "No", "HAND_OVRLK": "No", "HAND_BEACH": "No", "HAND_PRKG": 0.0, "RESTRM": "N", "SHOWER": "N", "PIC_TABLE": "No", "VEH_ACCESS": "No", "BIKE_RACK": "No", "SURV_DATE": 1051833600000.0, "COMMENT_": " ", "PRKG_COMMENTS": null, "COUNTY": "Carteret", "DCM_RO": "Morehead City Regional Office", "NCDCM_ID": 541.0, "PHOTO": "EI80.png", "PRK_FEE": null, "DCM_Funded": "N", "CONTRACT_YR": null, "CONTRACT_NUM": null, "ACESS_TYPE": "Beach", "KayakCanoeLaunch": "No", "PARKING_OPTIONS": "No Parking", "BeachWheelchair": "Y", "BWC_Info": "https://www.emeraldisle-nc.org/170/Beach-Wheel-Chair-Program", "PaidParkURL": "n/a", "WaterAccessTYPE": "Ocean", "BeachMat": null, "Land_Status": "Municipality", "NEAR_FID": 176.0, "NEAR_DIST": 550.31712487505945, "ACCESSIBILITY_NOTES": null, "LIFEGUARDS": null }, "geometry": { "type": "Point", "coordinates": [ -77.018176864659196, 34.664882529804402 ] } },
{ "type": "Feature", "properties": { "ACCESS_ID": "EI-30", "OBJECTID": 176, "PLACE": "Emerald Isle", "ACCESS_LOC": "Ocean Dr. and Craig Dr.", "LOCL_SPONS": " ", "CAMA_SIGN": "Yes", "PARKING": 0.0, "DUNE_WALK": "Y", "OVERLOOK": "Yes", "HAND_DUNE": "No", "HAND_OVRLK": "No", "HAND_BEACH": "No", "HAND_PRKG": 0.0, "RESTRM": "N", "SHOWER": "N", "PIC_TABLE": "No", "VEH_ACCESS": "No", "BIKE_RACK": "Yes", "SURV_DATE": 1051833600000.0, "COMMENT_": " ", "PRKG_COMMENTS": null, "COUNTY": "Carteret", "DCM_RO": "Morehead City Regional Office", "NCDCM_ID": 542.0, "PHOTO": "EI79.png", "PRK_FEE": null, "DCM_Funded": "N", "CONTRACT_YR": null, "CONTRACT_NUM": null, "ACESS_TYPE": "Beach", "KayakCanoeLaunch": "No", "PARKING_OPTIONS": "No Parking", "BeachWheelchair": "Y", "BWC_Info": "https://www.emeraldisle-nc.org/170/Beach-Wheel-Chair-Program", "PaidParkURL": "n/a", "WaterAccessTYPE": "Ocean", "BeachMat": null, "Land_Status": "Municipality", "NEAR_FID": 769.0, "NEAR_DIST": 549.35857204026513, "ACCESSIBILITY_NOTES": null, "LIFEGUARDS": null }, "geometry": { "type": "Point", "coordinates": [ -77.0163924951963, 34.665218659945197 ] } },
{ "type": "Feature", "properties": { "ACCESS_ID": "EI-31", "OBJECTID": 769, "PLACE": "Emerald Isle", "ACCESS_LOC": "Ocean Dr between Arthur Dr & Indigo Dr", "LOCL_SPONS": "Emerald Isle", "CAMA_SIGN": "Yes", "PARKING": 0.0, "DUNE_WALK": "N", "OVERLOOK": "No", "HAND_DUNE": "No", "HAND_OVRLK": "NO", "HAND_BEACH": "No", "HAND_PRKG": 0.0, "RESTRM": "N", "SHOWER": "N", "PIC_TABLE": "No", "VEH_ACCESS": "No", "BIKE_RACK": "No", "SURV_DATE": 1526342400000.0, "COMMENT_": null, "PRKG_COMMENTS": null, "COUNTY": "Carteret", "DCM_RO": "Morehead City Regional Officce", "NCDCM_ID": null, "PHOTO": null, "PRK_FEE": null, "DCM_Funded": "N", "CONTRACT_YR": null, "CONTRACT_NUM": null, "ACESS_TYPE": "Beach", "KayakCanoeLaunch": "No", "PARKING_OPTIONS": "No Parking", "BeachWheelchair": "Y", "BWC_Info": "https://www.emeraldisle-nc.org/170/Beach-Wheel-Chair-Program", "PaidParkURL": "n/a", "WaterAccessTYPE": "Ocean", "BeachMat": null, "Land_Status": "Municipality", "NEAR_FID": 176.0, "NEAR_DIST": 549.35857204026513, "ACCESSIBILITY_NOTES": null, "LIFEGUARDS": null }, "geometry": { "type": "Point", "coordinates": [ -77.014603227220107, 34.665523767281996 ] } },
{ "type": "Feature", "properties": { "ACCESS_ID": "Bluewater Dr (EI-32)", "OBJECTID": 177, "PLACE": "Emerald Isle", "ACCESS_LOC": "Ocean Dr. and Bluewater Dr.", "LOCL_SPONS": "Emerald Isle", "CAMA_SIGN": "Yes", "PARKING": 0.0, "DUNE_WALK": "Y", "OVERLOOK": "Yes", "HAND_DUNE": "Yes", "HAND_OVRLK": "Yes", "HAND_BEACH": "No", "HAND_PRKG": 1.0, "RESTRM": "N", "SHOWER": "N", "PIC_TABLE": "No", "VEH_ACCESS": "No", "BIKE_RACK": "Yes", "SURV_DATE": 1615334400000.0, "COMMENT_": " ", "PRKG_COMMENTS": "One Handicapped Parking Spot", "COUNTY": "Carteret", "DCM_RO": "Morehead City Regional Office", "NCDCM_ID": 543.0, "PHOTO": "EI77.png", "PRK_FEE": null, "DCM_Funded": "Y", "CONTRACT_YR": null, "CONTRACT_NUM": null, "ACESS_TYPE": "Beach", "KayakCanoeLaunch": "No", "PARKING_OPTIONS": "Onsite Parking", "BeachWheelchair": "Y", "BWC_Info": "https://www.emeraldisle-nc.org/170/Beach-Wheel-Chair-Program", "PaidParkURL": "n/a", "WaterAccessTYPE": "Ocean", "BeachMat": null, "Land_Status": "Municipality", "NEAR_FID": 769.0, "NEAR_DIST": 554.59955732340256, "ACCESSIBILITY_NOTES": null, "LIFEGUARDS": null }, "geometry": { "type": "Point", "coordinates": [ -77.012831229355299, 34.665946593551098 ] } },
{ "type": "Feature", "properties": { "ACCESS_ID": "EI-33", "OBJECTID": 178, "PLACE": "Emerald Isle", "ACCESS_LOC": "Ocean Dr. and Azure Dr.", "LOCL_SPONS": " ", "CAMA_SIGN": "Yes", "PARKING": 0.0, "DUNE_WALK": "Y", "OVERLOOK": "No", "HAND_DUNE": "No", "HAND_OVRLK": "No", "HAND_BEACH": "No", "HAND_PRKG": 0.0, "RESTRM": "N", "SHOWER": "N", "PIC_TABLE": "No", "VEH_ACCESS": "No", "BIKE_RACK": "No", "SURV_DATE": 1051833600000.0, "COMMENT_": " ", "PRKG_COMMENTS": null, "COUNTY": "Carteret", "DCM_RO": "Morehead City Regional Office", "NCDCM_ID": 544.0, "PHOTO": "EI76.png", "PRK_FEE": null, "DCM_Funded": "N", "CONTRACT_YR": null, "CONTRACT_NUM": null, "ACESS_TYPE": "Beach", "KayakCanoeLaunch": "No", "PARKING_OPTIONS": "No Parking", "BeachWheelchair": "Y", "BWC_Info": "https://www.emeraldisle-nc.org/170/Beach-Wheel-Chair-Program", "PaidParkURL": "n/a", "WaterAccessTYPE": "Ocean", "BeachMat": null, "Land_Status": "Municipality", "NEAR_FID": 179.0, "NEAR_DIST": 552.79628637342682, "ACCESSIBILITY_NOTES": null, "LIFEGUARDS": null }, "geometry": { "type": "Point", "coordinates": [ -77.011068822802699, 34.666433950540899 ] } },
{ "type": "Feature", "properties": { "ACCESS_ID": "EI-34", "OBJECTID": 179, "PLACE": "Emerald Isle", "ACCESS_LOC": "Ocean Dr. and Pinta Dr.", "LOCL_SPONS": " ", "CAMA_SIGN": "Yes", "PARKING": 0.0, "DUNE_WALK": "N", "OVERLOOK": "No", "HAND_DUNE": "No", "HAND_OVRLK": "No", "HAND_BEACH": "No", "HAND_PRKG": 0.0, "RESTRM": "N", "SHOWER": "N", "PIC_TABLE": "No", "VEH_ACCESS": "No", "BIKE_RACK": "No", "SURV_DATE": 1051833600000.0, "COMMENT_": " ", "PRKG_COMMENTS": null, "COUNTY": "Carteret", "DCM_RO": "Morehead City Regional Office", "NCDCM_ID": 545.0, "PHOTO": "EI75.png", "PRK_FEE": null, "DCM_Funded": "N", "CONTRACT_YR": null, "CONTRACT_NUM": null, "ACESS_TYPE": "Beach", "KayakCanoeLaunch": "No", "PARKING_OPTIONS": "No Parking", "BeachWheelchair": "Y", "BWC_Info": "https://www.emeraldisle-nc.org/170/Beach-Wheel-Chair-Program", "PaidParkURL": "n/a", "WaterAccessTYPE": "Ocean", "BeachMat": null, "Land_Status": "Municipality", "NEAR_FID": 180.0, "NEAR_DIST": 545.12005491792547, "ACCESSIBILITY_NOTES": null, "LIFEGUARDS": null }, "geometry": { "type": "Point", "coordinates": [ -77.0092629512652, 34.6667185801073 ] } },
{ "type": "Feature", "properties": { "ACCESS_ID": "EI-35", "OBJECTID": 180, "PLACE": "Emerald Isle", "ACCESS_LOC": "Ocean Dr. and Santa Maria Dr.", "LOCL_SPONS": " ", "CAMA_SIGN": "Yes", "PARKING": 0.0, "DUNE_WALK": "Y", "OVERLOOK": "No", "HAND_DUNE": "No", "HAND_OVRLK": "No", "HAND_BEACH": "No", "HAND_PRKG": 0.0, "RESTRM": "N", "SHOWER": "N", "PIC_TABLE": "No", "VEH_ACCESS": "No", "BIKE_RACK": "Yes", "SURV_DATE": 1613433600000.0, "COMMENT_": " ", "PRKG_COMMENTS": null, "COUNTY": "Carteret", "DCM_RO": "Morehead City Regional Office", "NCDCM_ID": 546.0, "PHOTO": "EI74.png", "PRK_FEE": null, "DCM_Funded": "N", "CONTRACT_YR": null, "CONTRACT_NUM": null, "ACESS_TYPE": "Beach", "KayakCanoeLaunch": "No", "PARKING_OPTIONS": "No Parking", "BeachWheelchair": "Y", "BWC_Info": "https://www.emeraldisle-nc.org/170/Beach-Wheel-Chair-Program", "PaidParkURL": "n/a", "WaterAccessTYPE": "Ocean", "BeachMat": null, "Land_Status": "Municipality", "NEAR_FID": 179.0, "NEAR_DIST": 545.12005491792547, "ACCESSIBILITY_NOTES": null, "LIFEGUARDS": null }, "geometry": { "type": "Point", "coordinates": [ -77.007519904305298, 34.667130409328003 ] } },
{ "type": "Feature", "properties": { "ACCESS_ID": "EI-37", "OBJECTID": 181, "PLACE": "Emerald Isle", "ACCESS_LOC": "Ocean Dr. and Periwinkle Dr.", "LOCL_SPONS": " ", "CAMA_SIGN": "Yes", "PARKING": 0.0, "DUNE_WALK": "Y", "OVERLOOK": "No", "HAND_DUNE": "No", "HAND_OVRLK": "No", "HAND_BEACH": "No", "HAND_PRKG": 0.0, "RESTRM": "N", "SHOWER": "N", "PIC_TABLE": "No", "VEH_ACCESS": "No", "BIKE_RACK": "No", "SURV_DATE": 1051833600000.0, "COMMENT_": " ", "PRKG_COMMENTS": null, "COUNTY": "Carteret", "DCM_RO": "Morehead City Regional Office", "NCDCM_ID": 547.0, "PHOTO": "EI73.png", "PRK_FEE": null, "DCM_Funded": "N", "CONTRACT_YR": null, "CONTRACT_NUM": null, "ACESS_TYPE": "Beach", "KayakCanoeLaunch": "No", "PARKING_OPTIONS": "No Parking", "BeachWheelchair": "Y", "BWC_Info": "https://www.emeraldisle-nc.org/170/Beach-Wheel-Chair-Program", "PaidParkURL": "n/a", "WaterAccessTYPE": "Ocean", "BeachMat": null, "Land_Status": "Municipality", "NEAR_FID": 182.0, "NEAR_DIST": 547.87956335648892, "ACCESSIBILITY_NOTES": null, "LIFEGUARDS": null }, "geometry": { "type": "Point", "coordinates": [ -77.003922174948599, 34.667809699200497 ] } },
{ "type": "Feature", "properties": { "ACCESS_ID": "EI-38", "OBJECTID": 182, "PLACE": "Emerald Isle", "ACCESS_LOC": "Ocean Dr. and Rip Tide Ct.", "LOCL_SPONS": " ", "CAMA_SIGN": "Yes", "PARKING": 0.0, "DUNE_WALK": "N", "OVERLOOK": "No", "HAND_DUNE": "No", "HAND_OVRLK": "No", "HAND_BEACH": "No", "HAND_PRKG": 0.0, "RESTRM": "N", "SHOWER": "N", "PIC_TABLE": "No", "VEH_ACCESS": "No", "BIKE_RACK": "No", "SURV_DATE": 1051833600000.0, "COMMENT_": " ", "PRKG_COMMENTS": null, "COUNTY": "Carteret", "DCM_RO": "Morehead City Regional Office", "NCDCM_ID": 548.0, "PHOTO": "EI72.png", "PRK_FEE": null, "DCM_Funded": "N", "CONTRACT_YR": null, "CONTRACT_NUM": null, "ACESS_TYPE": "Beach", "KayakCanoeLaunch": "No", "PARKING_OPTIONS": "No Parking", "BeachWheelchair": "Y", "BWC_Info": "https://www.emeraldisle-nc.org/170/Beach-Wheel-Chair-Program", "PaidParkURL": "n/a", "WaterAccessTYPE": "Ocean", "BeachMat": null, "Land_Status": "Municipality", "NEAR_FID": 183.0, "NEAR_DIST": 546.31900424119783, "ACCESSIBILITY_NOTES": null, "LIFEGUARDS": null }, "geometry": { "type": "Point", "coordinates": [ -77.002155937081397, 34.668179665420404 ] } },
{ "type": "Feature", "properties": { "ACCESS_ID": "Whitewater Dr (EI-39)", "OBJECTID": 183, "PLACE": "Emerald Isle", "ACCESS_LOC": "Ocean Dr. and Whitewater Dr.", "LOCL_SPONS": "Emerald Isle", "CAMA_SIGN": "Yes", "PARKING": 0.0, "DUNE_WALK": "Y", "OVERLOOK": "Yes", "HAND_DUNE": "Yes", "HAND_OVRLK": "Yes", "HAND_BEACH": "No", "HAND_PRKG": 0.0, "RESTRM": "N", "SHOWER": "N", "PIC_TABLE": "No", "VEH_ACCESS": "No", "BIKE_RACK": "No", "SURV_DATE": 1051833600000.0, "COMMENT_": " ", "PRKG_COMMENTS": "", "COUNTY": "Carteret", "DCM_RO": "Morehead City Regional Office", "NCDCM_ID": 549.0, "PHOTO": "EI71.png", "PRK_FEE": null, "DCM_Funded": "Y", "CONTRACT_YR": null, "CONTRACT_NUM": null, "ACESS_TYPE": "Beach", "KayakCanoeLaunch": "No", "PARKING_OPTIONS": "No Parking", "BeachWheelchair": "Y", "BWC_Info": "https://www.emeraldisle-nc.org/170/Beach-Wheel-Chair-Program", "PaidParkURL": "n/a", "WaterAccessTYPE": "Ocean", "BeachMat": null, "Land_Status": "Municipality", "NEAR_FID": 184.0, "NEAR_DIST": 319.34033327753457, "ACCESSIBILITY_NOTES": null, "LIFEGUARDS": null }, "geometry": { "type": "Point", "coordinates": [ -77.000407652045098, 34.668588410911603 ] } },
{ "type": "Feature", "properties": { "ACCESS_ID": "Whitewater/West Summer", "OBJECTID": 184, "PLACE": "Emerald Isle", "ACCESS_LOC": "6407 Ocean Dr.", "LOCL_SPONS": "Emerald Isle", "CAMA_SIGN": "Yes", "PARKING": 0.0, "DUNE_WALK": "Y", "OVERLOOK": "No", "HAND_DUNE": "No", "HAND_OVRLK": "No", "HAND_BEACH": "No", "HAND_PRKG": 0.0, "RESTRM": "N", "SHOWER": "N", "PIC_TABLE": "No", "VEH_ACCESS": "No", "BIKE_RACK": "No", "SURV_DATE": 1526342400000.0, "COMMENT_": " ", "PRKG_COMMENTS": null, "COUNTY": "Carteret", "DCM_RO": "Morehead City Regional Office", "NCDCM_ID": 550.0, "PHOTO": "EI70.png", "PRK_FEE": null, "DCM_Funded": "N", "CONTRACT_YR": null, "CONTRACT_NUM": null, "ACESS_TYPE": "Beach", "KayakCanoeLaunch": "No", "PARKING_OPTIONS": "No Parking", "BeachWheelchair": "Y", "BWC_Info": "https://www.emeraldisle-nc.org/170/Beach-Wheel-Chair-Program", "PaidParkURL": "n/a", "WaterAccessTYPE": "Ocean", "BeachMat": null, "Land_Status": "Municipality", "NEAR_FID": 183.0, "NEAR_DIST": 319.34033327753457, "ACCESSIBILITY_NOTES": null, "LIFEGUARDS": null }, "geometry": { "type": "Point", "coordinates": [ -76.999374233735494, 34.668790813198797 ] } },
{ "type": "Feature", "properties": { "ACCESS_ID": "West Landing", "OBJECTID": 520, "PLACE": "Emerald Isle", "ACCESS_LOC": "Ocean Drive and West Landing Drive", "LOCL_SPONS": "Emerald Isle", "CAMA_SIGN": "Yes", "PARKING": 0.0, "DUNE_WALK": "Y", "OVERLOOK": "No", "HAND_DUNE": "No", "HAND_OVRLK": "No", "HAND_BEACH": "No", "HAND_PRKG": 0.0, "RESTRM": "N", "SHOWER": "N", "PIC_TABLE": "No", "VEH_ACCESS": "No", "BIKE_RACK": "No", "SURV_DATE": 1359676800000.0, "COMMENT_": " ", "PRKG_COMMENTS": null, "COUNTY": "Carteret", "DCM_RO": "Morehead City Regional Office", "NCDCM_ID": 633.0, "PHOTO": "EI69.png", "PRK_FEE": null, "DCM_Funded": "N", "CONTRACT_YR": null, "CONTRACT_NUM": null, "ACESS_TYPE": "Beach", "KayakCanoeLaunch": "No", "PARKING_OPTIONS": "No Parking", "BeachWheelchair": "Y", "BWC_Info": "https://www.emeraldisle-nc.org/170/Beach-Wheel-Chair-Program", "PaidParkURL": "n/a", "WaterAccessTYPE": "Ocean", "BeachMat": null, "Land_Status": "Municipality", "NEAR_FID": 185.0, "NEAR_DIST": 546.94119824333472, "ACCESSIBILITY_NOTES": null, "LIFEGUARDS": null }, "geometry": { "type": "Point", "coordinates": [ -76.996814054938696, 34.669272395843301 ] } },
{ "type": "Feature", "properties": { "ACCESS_ID": "EI-42", "OBJECTID": 185, "PLACE": "Emerald Isle", "ACCESS_LOC": "Ocean Dr. and Beachview Rd.", "LOCL_SPONS": " ", "CAMA_SIGN": "Yes", "PARKING": 0.0, "DUNE_WALK": "Y", "OVERLOOK": "Yes", "HAND_DUNE": "No", "HAND_OVRLK": "No", "HAND_BEACH": "No", "HAND_PRKG": 0.0, "RESTRM": "N", "SHOWER": "N", "PIC_TABLE": "No", "VEH_ACCESS": "No", "BIKE_RACK": "Yes", "SURV_DATE": 1051833600000.0, "COMMENT_": " ", "PRKG_COMMENTS": null, "COUNTY": "Carteret", "DCM_RO": "Morehead City Regional Office", "NCDCM_ID": 551.0, "PHOTO": "EI68.png", "PRK_FEE": null, "DCM_Funded": "N", "CONTRACT_YR": null, "CONTRACT_NUM": null, "ACESS_TYPE": "Beach", "KayakCanoeLaunch": "No", "PARKING_OPTIONS": "No Parking", "BeachWheelchair": "Y", "BWC_Info": "https://www.emeraldisle-nc.org/170/Beach-Wheel-Chair-Program", "PaidParkURL": "n/a", "WaterAccessTYPE": "Ocean", "BeachMat": null, "Land_Status": "Municipality", "NEAR_FID": 520.0, "NEAR_DIST": 546.94119824333472, "ACCESSIBILITY_NOTES": null, "LIFEGUARDS": null }, "geometry": { "type": "Point", "coordinates": [ -76.995033384738093, 34.669579396613102 ] } },
{ "type": "Feature", "properties": { "ACCESS_ID": "EI-43", "OBJECTID": 186, "PLACE": "Emerald Isle", "ACCESS_LOC": "Ocean Dr. and East Landing Dr.", "LOCL_SPONS": " ", "CAMA_SIGN": "Yes", "PARKING": 0.0, "DUNE_WALK": "N", "OVERLOOK": "No", "HAND_DUNE": "No", "HAND_OVRLK": "No", "HAND_BEACH": "No", "HAND_PRKG": 0.0, "RESTRM": "N", "SHOWER": "N", "PIC_TABLE": "No", "VEH_ACCESS": "No", "BIKE_RACK": "No", "SURV_DATE": 1051833600000.0, "COMMENT_": " ", "PRKG_COMMENTS": null, "COUNTY": "Carteret", "DCM_RO": "Morehead City Regional Office", "NCDCM_ID": 552.0, "PHOTO": "EI67.png", "PRK_FEE": null, "DCM_Funded": "N", "CONTRACT_YR": null, "CONTRACT_NUM": null, "ACESS_TYPE": "Beach", "KayakCanoeLaunch": "No", "PARKING_OPTIONS": "No Parking", "BeachWheelchair": "Y", "BWC_Info": "https://www.emeraldisle-nc.org/170/Beach-Wheel-Chair-Program", "PaidParkURL": "n/a", "WaterAccessTYPE": "Ocean", "BeachMat": null, "Land_Status": "Municipality", "NEAR_FID": 187.0, "NEAR_DIST": 544.14703540350069, "ACCESSIBILITY_NOTES": null, "LIFEGUARDS": null }, "geometry": { "type": "Point", "coordinates": [ -76.993225478516393, 34.6698899477203 ] } },
{ "type": "Feature", "properties": { "ACCESS_ID": "Hurst Rd (EI-44)", "OBJECTID": 187, "PLACE": "Emerald Isle", "ACCESS_LOC": "Ocean Dr. and Hurst Rd.", "LOCL_SPONS": " ", "CAMA_SIGN": "Yes", "PARKING": 0.0, "DUNE_WALK": "Y", "OVERLOOK": "Yes", "HAND_DUNE": "No", "HAND_OVRLK": "No", "HAND_BEACH": "No", "HAND_PRKG": 0.0, "RESTRM": "N", "SHOWER": "N", "PIC_TABLE": "No", "VEH_ACCESS": "No", "BIKE_RACK": "Yes", "SURV_DATE": 1051833600000.0, "COMMENT_": " ", "PRKG_COMMENTS": null, "COUNTY": "Carteret", "DCM_RO": "Morehead City Regional Office", "NCDCM_ID": 553.0, "PHOTO": "EI66.png", "PRK_FEE": null, "DCM_Funded": "Y", "CONTRACT_YR": null, "CONTRACT_NUM": null, "ACESS_TYPE": "Beach", "KayakCanoeLaunch": "No", "PARKING_OPTIONS": "No Parking", "BeachWheelchair": "Y", "BWC_Info": "https://www.emeraldisle-nc.org/170/Beach-Wheel-Chair-Program", "PaidParkURL": "n/a", "WaterAccessTYPE": "Ocean", "BeachMat": null, "Land_Status": "Municipality", "NEAR_FID": 186.0, "NEAR_DIST": 544.14703540350069, "ACCESSIBILITY_NOTES": null, "LIFEGUARDS": null }, "geometry": { "type": "Point", "coordinates": [ -76.991462793486093, 34.670228716522999 ] } },
{ "type": "Feature", "properties": { "ACCESS_ID": "EI-45", "OBJECTID": 188, "PLACE": "Emerald Isle", "ACCESS_LOC": "Ocean Dr. and Cedar Tree Ln.", "LOCL_SPONS": " ", "CAMA_SIGN": "Yes", "PARKING": 0.0, "DUNE_WALK": "Y", "OVERLOOK": "Yes", "HAND_DUNE": "No", "HAND_OVRLK": "No", "HAND_BEACH": "No", "HAND_PRKG": 0.0, "RESTRM": "N", "SHOWER": "N", "PIC_TABLE": "No", "VEH_ACCESS": "No", "BIKE_RACK": "Yes", "SURV_DATE": 1051833600000.0, "COMMENT_": " ", "PRKG_COMMENTS": null, "COUNTY": "Carteret", "DCM_RO": "Morehead City Regional Office", "NCDCM_ID": 554.0, "PHOTO": "EI65.png", "PRK_FEE": null, "DCM_Funded": "N", "CONTRACT_YR": null, "CONTRACT_NUM": null, "ACESS_TYPE": "Beach", "KayakCanoeLaunch": "No", "PARKING_OPTIONS": "No Parking", "BeachWheelchair": "Y", "BWC_Info": "https://www.emeraldisle-nc.org/170/Beach-Wheel-Chair-Program", "PaidParkURL": "n/a", "WaterAccessTYPE": "Ocean", "BeachMat": null, "Land_Status": "Municipality", "NEAR_FID": 92.0, "NEAR_DIST": 543.69204561564766, "ACCESSIBILITY_NOTES": null, "LIFEGUARDS": null }, "geometry": { "type": "Point", "coordinates": [ -76.986098292662902, 34.671200613398398 ] } },
{ "type": "Feature", "properties": { "ACCESS_ID": "Cedar Street Park", "OBJECTID": 191, "PLACE": "Emerald Isle", "ACCESS_LOC": "7800 Cedar Street", "LOCL_SPONS": "Town of Emerald Isle", "CAMA_SIGN": "Yes", "PARKING": 5.0, "DUNE_WALK": "N", "OVERLOOK": "Yes", "HAND_DUNE": "No", "HAND_OVRLK": "Yes", "HAND_BEACH": "No", "HAND_PRKG": 0.0, "RESTRM": "N", "SHOWER": "N", "PIC_TABLE": "Yes", "VEH_ACCESS": "No", "BIKE_RACK": "No", "SURV_DATE": 1725321600000.0, "COMMENT_": "Pier - Kayak & Windsurfing Access", "PRKG_COMMENTS": null, "COUNTY": "Carteret", "DCM_RO": "Morehead City Regional Office", "NCDCM_ID": 580.0, "PHOTO": "OD291.png", "PRK_FEE": "No", "DCM_Funded": "Y", "CONTRACT_YR": null, "CONTRACT_NUM": null, "ACESS_TYPE": "Shoreline", "KayakCanoeLaunch": "No", "PARKING_OPTIONS": "Both Parking Options", "BeachWheelchair": "Y", "BWC_Info": "https://www.emeraldisle-nc.org/170/Beach-Wheel-Chair-Program", "PaidParkURL": "n/a", "WaterAccessTYPE": "Estuarine", "BeachMat": "No", "Land_Status": "Municipality", "NEAR_FID": 171.0, "NEAR_DIST": 3273.0362569025287, "ACCESSIBILITY_NOTES": null, "LIFEGUARDS": null }, "geometry": { "type": "Point", "coordinates": [ -77.032355211045399, 34.671235786992199 ] } },
{ "type": "Feature", "properties": { "ACCESS_ID": "Emerald Isle Public Boat Ramp", "OBJECTID": 568, "PLACE": "Emerald Isle", "ACCESS_LOC": "6800 Emerald Drive", "LOCL_SPONS": "Town of Emerald Isle", "CAMA_SIGN": "No", "PARKING": 20.0, "DUNE_WALK": "N", "OVERLOOK": "No", "HAND_DUNE": "No", "HAND_OVRLK": "No", "HAND_BEACH": "No", "HAND_PRKG": 1.0, "RESTRM": "Y", "SHOWER": "N", "PIC_TABLE": "No", "VEH_ACCESS": "No", "BIKE_RACK": "No", "SURV_DATE": 1725321600000.0, "COMMENT_": "Boat Ramp and Pier", "PRKG_COMMENTS": "107 Paved Boat Trailer Spaces", "COUNTY": "Carteret", "DCM_RO": "Morehead City Regional Office", "NCDCM_ID": 1005.0, "PHOTO": "EI165.png", "PRK_FEE": "No", "DCM_Funded": "Y", "CONTRACT_YR": null, "CONTRACT_NUM": null, "ACESS_TYPE": "Shoreline", "KayakCanoeLaunch": "No", "PARKING_OPTIONS": "Onsite Parking", "BeachWheelchair": "Y", "BWC_Info": "https://www.emeraldisle-nc.org/170/Beach-Wheel-Chair-Program", "PaidParkURL": "n/a", "WaterAccessTYPE": "Estuarine", "BeachMat": null, "Land_Status": "Municipality", "NEAR_FID": 181.0, "NEAR_DIST": 1415.3245775240564, "ACCESSIBILITY_NOTES": null, "LIFEGUARDS": null }, "geometry": { "type": "Point", "coordinates": [ -77.005593508500993, 34.671445301881697 ] } },
{ "type": "Feature", "properties": { "ACCESS_ID": "EI-46", "OBJECTID": 92, "PLACE": "Emerald Isle", "ACCESS_LOC": "Ocean Dr. and Fairfax Rd.", "LOCL_SPONS": " ", "CAMA_SIGN": "Yes", "PARKING": 0.0, "DUNE_WALK": "Y", "OVERLOOK": "Yes", "HAND_DUNE": "No", "HAND_OVRLK": "No", "HAND_BEACH": "No", "HAND_PRKG": 0.0, "RESTRM": "N", "SHOWER": "N", "PIC_TABLE": "No", "VEH_ACCESS": "No", "BIKE_RACK": "No", "SURV_DATE": 1051833600000.0, "COMMENT_": " ", "PRKG_COMMENTS": null, "COUNTY": "Carteret", "DCM_RO": "Morehead City Regional Office", "NCDCM_ID": 423.0, "PHOTO": "EI64.png", "PRK_FEE": null, "DCM_Funded": "N", "CONTRACT_YR": null, "CONTRACT_NUM": null, "ACESS_TYPE": "Beach", "KayakCanoeLaunch": "No", "PARKING_OPTIONS": "No Parking", "BeachWheelchair": "Y", "BWC_Info": "https://www.emeraldisle-nc.org/170/Beach-Wheel-Chair-Program", "PaidParkURL": "n/a", "WaterAccessTYPE": "Ocean", "BeachMat": null, "Land_Status": "Municipality", "NEAR_FID": 188.0, "NEAR_DIST": 543.69204561564766, "ACCESSIBILITY_NOTES": null, "LIFEGUARDS": null }, "geometry": { "type": "Point", "coordinates": [ -76.984334120920906, 34.671528509114502 ] } },
{ "type": "Feature", "properties": { "ACCESS_ID": "Fairfax & Elizabeth", "OBJECTID": 93, "PLACE": "Emerald Isle", "ACCESS_LOC": "Ocean Dr. and Elizabeth St.", "LOCL_SPONS": " ", "CAMA_SIGN": "Yes", "PARKING": 0.0, "DUNE_WALK": "Y", "OVERLOOK": "Yes", "HAND_DUNE": "No", "HAND_OVRLK": "No", "HAND_BEACH": "No", "HAND_PRKG": 0.0, "RESTRM": "N", "SHOWER": "N", "PIC_TABLE": "No", "VEH_ACCESS": "No", "BIKE_RACK": "No", "SURV_DATE": 1051833600000.0, "COMMENT_": " ", "PRKG_COMMENTS": null, "COUNTY": "Carteret", "DCM_RO": "Morehead City Regional Office", "NCDCM_ID": 424.0, "PHOTO": "EI63.png", "PRK_FEE": null, "DCM_Funded": "N", "CONTRACT_YR": null, "CONTRACT_NUM": null, "ACESS_TYPE": "Beach", "KayakCanoeLaunch": "No", "PARKING_OPTIONS": "No Parking", "BeachWheelchair": "Y", "BWC_Info": "https://www.emeraldisle-nc.org/170/Beach-Wheel-Chair-Program", "PaidParkURL": "n/a", "WaterAccessTYPE": "Ocean", "BeachMat": null, "Land_Status": "Municipality", "NEAR_FID": 92.0, "NEAR_DIST": 550.83198732903963, "ACCESSIBILITY_NOTES": null, "LIFEGUARDS": null }, "geometry": { "type": "Point", "coordinates": [ -76.982546821153505, 34.671860882111801 ] } },
{ "type": "Feature", "properties": { "ACCESS_ID": "EI-49", "OBJECTID": 94, "PLACE": "Emerald Isle", "ACCESS_LOC": "Ocean Dr. and Edna St.", "LOCL_SPONS": " ", "CAMA_SIGN": "Yes", "PARKING": 0.0, "DUNE_WALK": "Y", "OVERLOOK": "No", "HAND_DUNE": "No", "HAND_OVRLK": "No", "HAND_BEACH": "No", "HAND_PRKG": 0.0, "RESTRM": "N", "SHOWER": "N", "PIC_TABLE": "No", "VEH_ACCESS": "No", "BIKE_RACK": "Yes", "SURV_DATE": 1051833600000.0, "COMMENT_": " ", "PRKG_COMMENTS": null, "COUNTY": "Carteret", "DCM_RO": "Morehead City Regional Office", "NCDCM_ID": 425.0, "PHOTO": "EI62.png", "PRK_FEE": null, "DCM_Funded": "N", "CONTRACT_YR": null, "CONTRACT_NUM": null, "ACESS_TYPE": "Beach", "KayakCanoeLaunch": "No", "PARKING_OPTIONS": "No Parking", "BeachWheelchair": "Y", "BWC_Info": "https://www.emeraldisle-nc.org/170/Beach-Wheel-Chair-Program", "PaidParkURL": "n/a", "WaterAccessTYPE": "Ocean", "BeachMat": null, "Land_Status": "Municipality", "NEAR_FID": 95.0, "NEAR_DIST": 553.51636717199574, "ACCESSIBILITY_NOTES": null, "LIFEGUARDS": null }, "geometry": { "type": "Point", "coordinates": [ -76.978957259279298, 34.672511539817499 ] } },
{ "type": "Feature", "properties": { "ACCESS_ID": "EI-50", "OBJECTID": 95, "PLACE": "Emerald Isle", "ACCESS_LOC": "Ocean Dr. and Lawrence St.", "LOCL_SPONS": " ", "CAMA_SIGN": "Yes", "PARKING": 0.0, "DUNE_WALK": "Y", "OVERLOOK": "Yes", "HAND_DUNE": "No", "HAND_OVRLK": "No", "HAND_BEACH": "No", "HAND_PRKG": 0.0, "RESTRM": "N", "SHOWER": "N", "PIC_TABLE": "No", "VEH_ACCESS": "No", "BIKE_RACK": "No", "SURV_DATE": 1051833600000.0, "COMMENT_": " ", "PRKG_COMMENTS": null, "COUNTY": "Carteret", "DCM_RO": "Morehead City Regional Office", "NCDCM_ID": 426.0, "PHOTO": "EI61.png", "PRK_FEE": null, "DCM_Funded": "N", "CONTRACT_YR": null, "CONTRACT_NUM": null, "ACESS_TYPE": "Beach", "KayakCanoeLaunch": "No", "PARKING_OPTIONS": "No Parking", "BeachWheelchair": "Y", "BWC_Info": "https://www.emeraldisle-nc.org/170/Beach-Wheel-Chair-Program", "PaidParkURL": "n/a", "WaterAccessTYPE": "Ocean", "BeachMat": null, "Land_Status": "Municipality", "NEAR_FID": 96.0, "NEAR_DIST": 546.47062522624867, "ACCESSIBILITY_NOTES": null, "LIFEGUARDS": null }, "geometry": { "type": "Point", "coordinates": [ -76.977157845730403, 34.672832868438803 ] } },
{ "type": "Feature", "properties": { "ACCESS_ID": "EI-51", "OBJECTID": 96, "PLACE": "Emerald Isle", "ACCESS_LOC": "Ocean Dr. and Carolyn St.", "LOCL_SPONS": " ", "CAMA_SIGN": "Yes", "PARKING": 0.0, "DUNE_WALK": "Y", "OVERLOOK": "Yes", "HAND_DUNE": "No", "HAND_OVRLK": "No", "HAND_BEACH": "No", "HAND_PRKG": 0.0, "RESTRM": "N", "SHOWER": "N", "PIC_TABLE": "No", "VEH_ACCESS": "No", "BIKE_RACK": "No", "SURV_DATE": 1051833600000.0, "COMMENT_": " ", "PRKG_COMMENTS": null, "COUNTY": "Carteret", "DCM_RO": "Morehead City Regional Office", "NCDCM_ID": 427.0, "PHOTO": "EI60.png", "PRK_FEE": null, "DCM_Funded": "N", "CONTRACT_YR": null, "CONTRACT_NUM": null, "ACESS_TYPE": "Beach", "KayakCanoeLaunch": "No", "PARKING_OPTIONS": "No Parking", "BeachWheelchair": "Y", "BWC_Info": "https://www.emeraldisle-nc.org/170/Beach-Wheel-Chair-Program", "PaidParkURL": "n/a", "WaterAccessTYPE": "Ocean", "BeachMat": null, "Land_Status": "Municipality", "NEAR_FID": 95.0, "NEAR_DIST": 546.47062522624867, "ACCESSIBILITY_NOTES": null, "LIFEGUARDS": null }, "geometry": { "type": "Point", "coordinates": [ -76.975386664434097, 34.673169849908099 ] } },
{ "type": "Feature", "properties": { "ACCESS_ID": "EI-52", "OBJECTID": 97, "PLACE": "Emerald Isle", "ACCESS_LOC": "Ocean Dr. and Howe St.", "LOCL_SPONS": " ", "CAMA_SIGN": "Yes", "PARKING": 0.0, "DUNE_WALK": "Y", "OVERLOOK": "Yes", "HAND_DUNE": "No", "HAND_OVRLK": "No", "HAND_BEACH": "No", "HAND_PRKG": 0.0, "RESTRM": "N", "SHOWER": "N", "PIC_TABLE": "No", "VEH_ACCESS": "No", "BIKE_RACK": "No", "SURV_DATE": 1051833600000.0, "COMMENT_": " ", "PRKG_COMMENTS": null, "COUNTY": "Carteret", "DCM_RO": "Morehead City Regional Office", "NCDCM_ID": 428.0, "PHOTO": "EI59.png", "PRK_FEE": null, "DCM_Funded": "N", "CONTRACT_YR": null, "CONTRACT_NUM": null, "ACESS_TYPE": "Beach", "KayakCanoeLaunch": "No", "PARKING_OPTIONS": "No Parking", "BeachWheelchair": "Y", "BWC_Info": "https://www.emeraldisle-nc.org/170/Beach-Wheel-Chair-Program", "PaidParkURL": "n/a", "WaterAccessTYPE": "Ocean", "BeachMat": null, "Land_Status": "Municipality", "NEAR_FID": 98.0, "NEAR_DIST": 548.91146260056155, "ACCESSIBILITY_NOTES": null, "LIFEGUARDS": null }, "geometry": { "type": "Point", "coordinates": [ -76.973586068702204, 34.6734499756218 ] } },
{ "type": "Feature", "properties": { "ACCESS_ID": "EI-53", "OBJECTID": 98, "PLACE": "Emerald Isle", "ACCESS_LOC": "Ocean Dr. and Georgia St.", "LOCL_SPONS": " ", "CAMA_SIGN": "Yes", "PARKING": 0.0, "DUNE_WALK": "Y", "OVERLOOK": "No", "HAND_DUNE": "No", "HAND_OVRLK": "No", "HAND_BEACH": "No", "HAND_PRKG": 0.0, "RESTRM": "N", "SHOWER": "N", "PIC_TABLE": "No", "VEH_ACCESS": "No", "BIKE_RACK": "No", "SURV_DATE": 1051833600000.0, "COMMENT_": " ", "PRKG_COMMENTS": null, "COUNTY": "Carteret", "DCM_RO": "Morehead City Regional Office", "NCDCM_ID": 429.0, "PHOTO": "EI58.png", "PRK_FEE": null, "DCM_Funded": "N", "CONTRACT_YR": null, "CONTRACT_NUM": null, "ACESS_TYPE": "Beach", "KayakCanoeLaunch": "No", "PARKING_OPTIONS": "No Parking", "BeachWheelchair": "Y", "BWC_Info": "https://www.emeraldisle-nc.org/170/Beach-Wheel-Chair-Program", "PaidParkURL": "n/a", "WaterAccessTYPE": "Ocean", "BeachMat": null, "Land_Status": "Municipality", "NEAR_FID": 97.0, "NEAR_DIST": 548.91146260056155, "ACCESSIBILITY_NOTES": null, "LIFEGUARDS": null }, "geometry": { "type": "Point", "coordinates": [ -76.971800668871595, 34.673765029849697 ] } },
{ "type": "Feature", "properties": { "ACCESS_ID": "EI-60", "OBJECTID": 104, "PLACE": "Emerald Isle", "ACCESS_LOC": "Ocean Dr. and 25th St.", "LOCL_SPONS": " ", "CAMA_SIGN": "Yes", "PARKING": 0.0, "DUNE_WALK": "N", "OVERLOOK": "No", "HAND_DUNE": "No", "HAND_OVRLK": "No", "HAND_BEACH": "No", "HAND_PRKG": 0.0, "RESTRM": "N", "SHOWER": "N", "PIC_TABLE": "No", "VEH_ACCESS": "No", "BIKE_RACK": "No", "SURV_DATE": 1051833600000.0, "COMMENT_": " ", "PRKG_COMMENTS": null, "COUNTY": "Carteret", "DCM_RO": "Morehead City Regional Office", "NCDCM_ID": 435.0, "PHOTO": "EI51.png", "PRK_FEE": null, "DCM_Funded": "N", "CONTRACT_YR": null, "CONTRACT_NUM": null, "ACESS_TYPE": "Beach", "KayakCanoeLaunch": "No", "PARKING_OPTIONS": "No Parking", "BeachWheelchair": "Y", "BWC_Info": "https://www.emeraldisle-nc.org/170/Beach-Wheel-Chair-Program", "PaidParkURL": "n/a", "WaterAccessTYPE": "Ocean", "BeachMat": null, "Land_Status": "Municipality", "NEAR_FID": 105.0, "NEAR_DIST": 540.36822361364455, "ACCESSIBILITY_NOTES": null, "LIFEGUARDS": null }, "geometry": { "type": "Point", "coordinates": [ -76.953755998655495, 34.676392881408503 ] } },
{ "type": "Feature", "properties": { "ACCESS_ID": "EI-61", "OBJECTID": 105, "PLACE": "Emerald Isle", "ACCESS_LOC": "Ocean Dr. and 24th St.", "LOCL_SPONS": " ", "CAMA_SIGN": "Yes", "PARKING": 0.0, "DUNE_WALK": "N", "OVERLOOK": "No", "HAND_DUNE": "No", "HAND_OVRLK": "No", "HAND_BEACH": "No", "HAND_PRKG": 0.0, "RESTRM": "N", "SHOWER": "N", "PIC_TABLE": "No", "VEH_ACCESS": "No", "BIKE_RACK": "Yes", "SURV_DATE": 1051833600000.0, "COMMENT_": " ", "PRKG_COMMENTS": null, "COUNTY": "Carteret", "DCM_RO": "Morehead City Regional Office", "NCDCM_ID": 436.0, "PHOTO": "EI50.png", "PRK_FEE": null, "DCM_Funded": "N", "CONTRACT_YR": null, "CONTRACT_NUM": null, "ACESS_TYPE": "Beach", "KayakCanoeLaunch": "No", "PARKING_OPTIONS": "No Parking", "BeachWheelchair": "Y", "BWC_Info": "https://www.emeraldisle-nc.org/170/Beach-Wheel-Chair-Program", "PaidParkURL": "n/a", "WaterAccessTYPE": "Ocean", "BeachMat": null, "Land_Status": "Municipality", "NEAR_FID": 104.0, "NEAR_DIST": 540.36822361364455, "ACCESSIBILITY_NOTES": null, "LIFEGUARDS": null }, "geometry": { "type": "Point", "coordinates": [ -76.951994544317103, 34.676688037963899 ] } },
{ "type": "Feature", "properties": { "ACCESS_ID": "EI-62", "OBJECTID": 106, "PLACE": "Emerald Isle", "ACCESS_LOC": "Ocean Dr. and 23rd St.", "LOCL_SPONS": " ", "CAMA_SIGN": "Yes", "PARKING": 0.0, "DUNE_WALK": "Y", "OVERLOOK": "No", "HAND_DUNE": "No", "HAND_OVRLK": "No", "HAND_BEACH": "No", "HAND_PRKG": 0.0, "RESTRM": "N", "SHOWER": "N", "PIC_TABLE": "No", "VEH_ACCESS": "No", "BIKE_RACK": "Yes", "SURV_DATE": 1051833600000.0, "COMMENT_": " ", "PRKG_COMMENTS": null, "COUNTY": "Carteret", "DCM_RO": "Morehead City Regional Office", "NCDCM_ID": 437.0, "PHOTO": "EI49.png", "PRK_FEE": null, "DCM_Funded": "N", "CONTRACT_YR": null, "CONTRACT_NUM": null, "ACESS_TYPE": "Beach", "KayakCanoeLaunch": "No", "PARKING_OPTIONS": "No Parking", "BeachWheelchair": "Y", "BWC_Info": "https://www.emeraldisle-nc.org/170/Beach-Wheel-Chair-Program", "PaidParkURL": "n/a", "WaterAccessTYPE": "Ocean", "BeachMat": null, "Land_Status": "Municipality", "NEAR_FID": 107.0, "NEAR_DIST": 547.00066722075826, "ACCESSIBILITY_NOTES": null, "LIFEGUARDS": null }, "geometry": { "type": "Point", "coordinates": [ -76.950151408864897, 34.676947316069104 ] } },
{ "type": "Feature", "properties": { "ACCESS_ID": "EI-63", "OBJECTID": 107, "PLACE": "Emerald Isle", "ACCESS_LOC": "2315 Ocean Dr.", "LOCL_SPONS": " ", "CAMA_SIGN": "Yes", "PARKING": 0.0, "DUNE_WALK": "Y", "OVERLOOK": "No", "HAND_DUNE": "No", "HAND_OVRLK": "No", "HAND_BEACH": "No", "HAND_PRKG": 0.0, "RESTRM": "N", "SHOWER": "N", "PIC_TABLE": "No", "VEH_ACCESS": "No", "BIKE_RACK": "Yes", "SURV_DATE": 1051833600000.0, "COMMENT_": " ", "PRKG_COMMENTS": null, "COUNTY": "Carteret", "DCM_RO": "Morehead City Regional Office", "NCDCM_ID": 438.0, "PHOTO": "EI48.png", "PRK_FEE": null, "DCM_Funded": "N", "CONTRACT_YR": null, "CONTRACT_NUM": null, "ACESS_TYPE": "Beach", "KayakCanoeLaunch": "No", "PARKING_OPTIONS": "No Parking", "BeachWheelchair": "Y", "BWC_Info": "https://www.emeraldisle-nc.org/170/Beach-Wheel-Chair-Program", "PaidParkURL": "n/a", "WaterAccessTYPE": "Ocean", "BeachMat": null, "Land_Status": "Municipality", "NEAR_FID": 106.0, "NEAR_DIST": 547.00066722075826, "ACCESSIBILITY_NOTES": null, "LIFEGUARDS": null }, "geometry": { "type": "Point", "coordinates": [ -76.948396399938702, 34.677343637640902 ] } },
{ "type": "Feature", "properties": { "ACCESS_ID": "EI-64", "OBJECTID": 108, "PLACE": "Emerald Isle", "ACCESS_LOC": "Ocean Dr. and 21st St.", "LOCL_SPONS": " ", "CAMA_SIGN": "Yes", "PARKING": 0.0, "DUNE_WALK": "N", "OVERLOOK": "No", "HAND_DUNE": "No", "HAND_OVRLK": "No", "HAND_BEACH": "No", "HAND_PRKG": 0.0, "RESTRM": "N", "SHOWER": "N", "PIC_TABLE": "No", "VEH_ACCESS": "No", "BIKE_RACK": "No", "SURV_DATE": 1779926400000.0, "COMMENT_": " ", "PRKG_COMMENTS": null, "COUNTY": "Carteret", "DCM_RO": "Morehead City Regional Office", "NCDCM_ID": 439.0, "PHOTO": "EI47.png", "PRK_FEE": null, "DCM_Funded": "N", "CONTRACT_YR": null, "CONTRACT_NUM": null, "ACESS_TYPE": "Beach", "KayakCanoeLaunch": "No", "PARKING_OPTIONS": "No Parking", "BeachWheelchair": "Y", "BWC_Info": "https://www.emeraldisle-nc.org/170/Beach-Wheel-Chair-Program", "PaidParkURL": "n/a", "WaterAccessTYPE": "Ocean", "BeachMat": null, "Land_Status": "Municipality", "NEAR_FID": 109.0, "NEAR_DIST": 538.4102070548945, "ACCESSIBILITY_NOTES": null, "LIFEGUARDS": "No" }, "geometry": { "type": "Point", "coordinates": [ -76.9465439525503, 34.677524721993798 ] } },
{ "type": "Feature", "properties": { "ACCESS_ID": "EI-65", "OBJECTID": 109, "PLACE": "Emerald Isle", "ACCESS_LOC": "Ocean Dr. and 20th St.", "LOCL_SPONS": " ", "CAMA_SIGN": "Yes", "PARKING": 0.0, "DUNE_WALK": "Y", "OVERLOOK": "Yes", "HAND_DUNE": "No", "HAND_OVRLK": "No", "HAND_BEACH": "No", "HAND_PRKG": 0.0, "RESTRM": "N", "SHOWER": "N", "PIC_TABLE": "No", "VEH_ACCESS": "No", "BIKE_RACK": "No", "SURV_DATE": 1051833600000.0, "COMMENT_": " ", "PRKG_COMMENTS": null, "COUNTY": "Carteret", "DCM_RO": "Morehead City Regional Office", "NCDCM_ID": 440.0, "PHOTO": "EI46.png", "PRK_FEE": null, "DCM_Funded": "N", "CONTRACT_YR": null, "CONTRACT_NUM": null, "ACESS_TYPE": "Beach", "KayakCanoeLaunch": "No", "PARKING_OPTIONS": "No Parking", "BeachWheelchair": "Y", "BWC_Info": "https://www.emeraldisle-nc.org/170/Beach-Wheel-Chair-Program", "PaidParkURL": "n/a", "WaterAccessTYPE": "Ocean", "BeachMat": null, "Land_Status": "Municipality", "NEAR_FID": 108.0, "NEAR_DIST": 538.4102070548945, "ACCESSIBILITY_NOTES": null, "LIFEGUARDS": null }, "geometry": { "type": "Point", "coordinates": [ -76.944783754056701, 34.677797200289497 ] } },
{ "type": "Feature", "properties": { "ACCESS_ID": "EI-66", "OBJECTID": 110, "PLACE": "Emerald Isle", "ACCESS_LOC": "Ocean Dr. and 19th St.", "LOCL_SPONS": " ", "CAMA_SIGN": "Yes", "PARKING": 0.0, "DUNE_WALK": "Y", "OVERLOOK": "Yes", "HAND_DUNE": "No", "HAND_OVRLK": "No", "HAND_BEACH": "No", "HAND_PRKG": 0.0, "RESTRM": "N", "SHOWER": "N", "PIC_TABLE": "No", "VEH_ACCESS": "No", "BIKE_RACK": "No", "SURV_DATE": 1051833600000.0, "COMMENT_": " ", "PRKG_COMMENTS": null, "COUNTY": "Carteret", "DCM_RO": "Morehead City Regional Office", "NCDCM_ID": 441.0, "PHOTO": "EI45.png", "PRK_FEE": null, "DCM_Funded": "N", "CONTRACT_YR": null, "CONTRACT_NUM": null, "ACESS_TYPE": "Beach", "KayakCanoeLaunch": "No", "PARKING_OPTIONS": "No Parking", "BeachWheelchair": "Y", "BWC_Info": "https://www.emeraldisle-nc.org/170/Beach-Wheel-Chair-Program", "PaidParkURL": "n/a", "WaterAccessTYPE": "Ocean", "BeachMat": null, "Land_Status": "Municipality", "NEAR_FID": 111.0, "NEAR_DIST": 548.25881246195956, "ACCESSIBILITY_NOTES": null, "LIFEGUARDS": null }, "geometry": { "type": "Point", "coordinates": [ -76.942970481299497, 34.678073915841402 ] } },
{ "type": "Feature", "properties": { "ACCESS_ID": "EI-67", "OBJECTID": 111, "PLACE": "Emerald Isle", "ACCESS_LOC": "Ocean Dr. and 18th St.", "LOCL_SPONS": " ", "CAMA_SIGN": "Yes", "PARKING": 0.0, "DUNE_WALK": "Y", "OVERLOOK": "Yes", "HAND_DUNE": "No", "HAND_OVRLK": "No", "HAND_BEACH": "No", "HAND_PRKG": 0.0, "RESTRM": "N", "SHOWER": "N", "PIC_TABLE": "No", "VEH_ACCESS": "No", "BIKE_RACK": "Yes", "SURV_DATE": 1051833600000.0, "COMMENT_": " ", "PRKG_COMMENTS": null, "COUNTY": "Carteret", "DCM_RO": "Morehead City Regional Office", "NCDCM_ID": 442.0, "PHOTO": "EI44.png", "PRK_FEE": null, "DCM_Funded": "N", "CONTRACT_YR": null, "CONTRACT_NUM": null, "ACESS_TYPE": "Beach", "KayakCanoeLaunch": "No", "PARKING_OPTIONS": "No Parking", "BeachWheelchair": "Y", "BWC_Info": "https://www.emeraldisle-nc.org/170/Beach-Wheel-Chair-Program", "PaidParkURL": "n/a", "WaterAccessTYPE": "Ocean", "BeachMat": null, "Land_Status": "Municipality", "NEAR_FID": 110.0, "NEAR_DIST": 548.25881246195956, "ACCESSIBILITY_NOTES": null, "LIFEGUARDS": null }, "geometry": { "type": "Point", "coordinates": [ -76.941181897839598, 34.678367742587902 ] } },
{ "type": "Feature", "properties": { "ACCESS_ID": "EI-68", "OBJECTID": 112, "PLACE": "Emerald Isle", "ACCESS_LOC": "Ocean Dr. and 17th St.", "LOCL_SPONS": " ", "CAMA_SIGN": "Yes", "PARKING": 0.0, "DUNE_WALK": "N", "OVERLOOK": "No", "HAND_DUNE": "No", "HAND_OVRLK": "No", "HAND_BEACH": "No", "HAND_PRKG": 0.0, "RESTRM": "N", "SHOWER": "N", "PIC_TABLE": "No", "VEH_ACCESS": "No", "BIKE_RACK": "No", "SURV_DATE": 1051833600000.0, "COMMENT_": " ", "PRKG_COMMENTS": null, "COUNTY": "Carteret", "DCM_RO": "Morehead City Regional Office", "NCDCM_ID": 443.0, "PHOTO": "EI43.png", "PRK_FEE": null, "DCM_Funded": "N", "CONTRACT_YR": null, "CONTRACT_NUM": null, "ACESS_TYPE": "Beach", "KayakCanoeLaunch": "No", "PARKING_OPTIONS": "No Parking", "BeachWheelchair": "Y", "BWC_Info": "https://www.emeraldisle-nc.org/170/Beach-Wheel-Chair-Program", "PaidParkURL": "n/a", "WaterAccessTYPE": "Ocean", "BeachMat": null, "Land_Status": "Municipality", "NEAR_FID": 111.0, "NEAR_DIST": 550.55024463802795, "ACCESSIBILITY_NOTES": null, "LIFEGUARDS": null }, "geometry": { "type": "Point", "coordinates": [ -76.939375691230495, 34.678616989318499 ] } },
{ "type": "Feature", "properties": { "ACCESS_ID": "EI-69", "OBJECTID": 113, "PLACE": "Emerald Isle", "ACCESS_LOC": "Ocean Dr. and 16th St.", "LOCL_SPONS": " ", "CAMA_SIGN": "Yes", "PARKING": 0.0, "DUNE_WALK": "N", "OVERLOOK": "No", "HAND_DUNE": "No", "HAND_OVRLK": "No", "HAND_BEACH": "No", "HAND_PRKG": 0.0, "RESTRM": "N", "SHOWER": "N", "PIC_TABLE": "No", "VEH_ACCESS": "E", "BIKE_RACK": "No", "SURV_DATE": 1051833600000.0, "COMMENT_": "", "PRKG_COMMENTS": null, "COUNTY": "Carteret", "DCM_RO": "Morehead City Regional Office", "NCDCM_ID": 444.0, "PHOTO": "EI42.png", "PRK_FEE": null, "DCM_Funded": "N", "CONTRACT_YR": null, "CONTRACT_NUM": null, "ACESS_TYPE": "Beach", "KayakCanoeLaunch": "No", "PARKING_OPTIONS": "No Parking", "BeachWheelchair": "Y", "BWC_Info": "https://www.emeraldisle-nc.org/170/Beach-Wheel-Chair-Program", "PaidParkURL": "n/a", "WaterAccessTYPE": "Ocean", "BeachMat": null, "Land_Status": "Municipality", "NEAR_FID": 114.0, "NEAR_DIST": 542.65185519877286, "ACCESSIBILITY_NOTES": null, "LIFEGUARDS": null }, "geometry": { "type": "Point", "coordinates": [ -76.937560605672999, 34.678911432457397 ] } },
{ "type": "Feature", "properties": { "ACCESS_ID": "EI-54", "OBJECTID": 99, "PLACE": "Emerald Isle", "ACCESS_LOC": "Ocean Dr. and Hubert St.", "LOCL_SPONS": " ", "CAMA_SIGN": "Yes", "PARKING": 0.0, "DUNE_WALK": "Y", "OVERLOOK": "No", "HAND_DUNE": "No", "HAND_OVRLK": "No", "HAND_BEACH": "No", "HAND_PRKG": 0.0, "RESTRM": "N", "SHOWER": "N", "PIC_TABLE": "No", "VEH_ACCESS": "No", "BIKE_RACK": "No", "SURV_DATE": 1051833600000.0, "COMMENT_": " ", "PRKG_COMMENTS": null, "COUNTY": "Carteret", "DCM_RO": "Morehead City Regional Office", "NCDCM_ID": 430.0, "PHOTO": "EI57.png", "PRK_FEE": null, "DCM_Funded": "N", "CONTRACT_YR": null, "CONTRACT_NUM": null, "ACESS_TYPE": "Beach", "KayakCanoeLaunch": "No", "PARKING_OPTIONS": "No Parking", "BeachWheelchair": "Y", "BWC_Info": "https://www.emeraldisle-nc.org/170/Beach-Wheel-Chair-Program", "PaidParkURL": "n/a", "WaterAccessTYPE": "Ocean", "BeachMat": null, "Land_Status": "Municipality", "NEAR_FID": 98.0, "NEAR_DIST": 551.61168964437843, "ACCESSIBILITY_NOTES": null, "LIFEGUARDS": null }, "geometry": { "type": "Point", "coordinates": [ -76.969998287289002, 34.6740481042224 ] } },
{ "type": "Feature", "properties": { "ACCESS_ID": "EI-55", "OBJECTID": 100, "PLACE": "Emerald Isle", "ACCESS_LOC": "Ocean Dr. and Tammy St.", "LOCL_SPONS": " ", "CAMA_SIGN": "Yes", "PARKING": 0.0, "DUNE_WALK": "Y", "OVERLOOK": "Yes", "HAND_DUNE": "No", "HAND_OVRLK": "No", "HAND_BEACH": "No", "HAND_PRKG": 0.0, "RESTRM": "N", "SHOWER": "N", "PIC_TABLE": "No", "VEH_ACCESS": "No", "BIKE_RACK": "No", "SURV_DATE": 1051833600000.0, "COMMENT_": " ", "PRKG_COMMENTS": null, "COUNTY": "Carteret", "DCM_RO": "Morehead City Regional Office", "NCDCM_ID": 431.0, "PHOTO": "EI56.png", "PRK_FEE": null, "DCM_Funded": "N", "CONTRACT_YR": null, "CONTRACT_NUM": null, "ACESS_TYPE": "Beach", "KayakCanoeLaunch": "No", "PARKING_OPTIONS": "No Parking", "BeachWheelchair": "Y", "BWC_Info": "https://www.emeraldisle-nc.org/170/Beach-Wheel-Chair-Program", "PaidParkURL": "n/a", "WaterAccessTYPE": "Ocean", "BeachMat": null, "Land_Status": "Municipality", "NEAR_FID": 101.0, "NEAR_DIST": 541.32277047050979, "ACCESSIBILITY_NOTES": null, "LIFEGUARDS": null }, "geometry": { "type": "Point", "coordinates": [ -76.968190952395801, 34.674308786874597 ] } },
{ "type": "Feature", "properties": { "ACCESS_ID": "EI-56", "OBJECTID": 101, "PLACE": "Emerald Isle", "ACCESS_LOC": "Ocean Dr. and Gregg St.", "LOCL_SPONS": " ", "CAMA_SIGN": "Yes", "PARKING": 0.0, "DUNE_WALK": "Y", "OVERLOOK": "Yes", "HAND_DUNE": "No", "HAND_OVRLK": "No", "HAND_BEACH": "No", "HAND_PRKG": 0.0, "RESTRM": "N", "SHOWER": "N", "PIC_TABLE": "No", "VEH_ACCESS": "No", "BIKE_RACK": "No", "SURV_DATE": 1051833600000.0, "COMMENT_": " ", "PRKG_COMMENTS": null, "COUNTY": "Carteret", "DCM_RO": "Morehead City Regional Office", "NCDCM_ID": 432.0, "PHOTO": "EI55.png", "PRK_FEE": null, "DCM_Funded": "N", "CONTRACT_YR": null, "CONTRACT_NUM": null, "ACESS_TYPE": "Beach", "KayakCanoeLaunch": "No", "PARKING_OPTIONS": "No Parking", "BeachWheelchair": "Y", "BWC_Info": "https://www.emeraldisle-nc.org/170/Beach-Wheel-Chair-Program", "PaidParkURL": "n/a", "WaterAccessTYPE": "Ocean", "BeachMat": null, "Land_Status": "Municipality", "NEAR_FID": 100.0, "NEAR_DIST": 541.32277047050979, "ACCESSIBILITY_NOTES": null, "LIFEGUARDS": null }, "geometry": { "type": "Point", "coordinates": [ -76.966433619528004, 34.674632369162602 ] } },
{ "type": "Feature", "properties": { "ACCESS_ID": "Connie Street", "OBJECTID": 518, "PLACE": "Emerald Isle", "ACCESS_LOC": "Connie Street", "LOCL_SPONS": "Emerald Isle", "CAMA_SIGN": "Yes", "PARKING": 0.0, "DUNE_WALK": "Y", "OVERLOOK": "No", "HAND_DUNE": "No", "HAND_OVRLK": "No", "HAND_BEACH": "No", "HAND_PRKG": 0.0, "RESTRM": "N", "SHOWER": "N", "PIC_TABLE": "No", "VEH_ACCESS": "No", "BIKE_RACK": "No", "SURV_DATE": 1359676800000.0, "COMMENT_": " ", "PRKG_COMMENTS": null, "COUNTY": "Carteret", "DCM_RO": "Morehead City Regional Office", "NCDCM_ID": 632.0, "PHOTO": "EI54.png", "PRK_FEE": null, "DCM_Funded": "N", "CONTRACT_YR": null, "CONTRACT_NUM": null, "ACESS_TYPE": "Beach", "KayakCanoeLaunch": "No", "PARKING_OPTIONS": "No Parking", "BeachWheelchair": "Y", "BWC_Info": "https://www.emeraldisle-nc.org/170/Beach-Wheel-Chair-Program", "PaidParkURL": "n/a", "WaterAccessTYPE": "Ocean", "BeachMat": null, "Land_Status": "Municipality", "NEAR_FID": 101.0, "NEAR_DIST": 545.70681283094541, "ACCESSIBILITY_NOTES": null, "LIFEGUARDS": null }, "geometry": { "type": "Point", "coordinates": [ -76.964659276161896, 34.674948123677503 ] } },
{ "type": "Feature", "properties": { "ACCESS_ID": "Ocean Dr", "OBJECTID": 815, "PLACE": "Emerald Isle", "ACCESS_LOC": "Eastern Ocean Dr", "LOCL_SPONS": "Emerald Isle", "CAMA_SIGN": "Yes", "PARKING": 0.0, "DUNE_WALK": "Y", "OVERLOOK": "No", "HAND_DUNE": "No", "HAND_OVRLK": "No", "HAND_BEACH": "No", "HAND_PRKG": 0.0, "RESTRM": "N", "SHOWER": "N", "PIC_TABLE": "No", "VEH_ACCESS": "No", "BIKE_RACK": "No", "SURV_DATE": 1613484108000.0, "COMMENT_": null, "PRKG_COMMENTS": null, "COUNTY": "Carteret", "DCM_RO": "MHC", "NCDCM_ID": null, "PHOTO": null, "PRK_FEE": null, "DCM_Funded": "N", "CONTRACT_YR": null, "CONTRACT_NUM": null, "ACESS_TYPE": "Beach", "KayakCanoeLaunch": "No", "PARKING_OPTIONS": "No Parking", "BeachWheelchair": "Y", "BWC_Info": "https://www.emeraldisle-nc.org/170/Beach-Wheel-Chair-Program", "PaidParkURL": "n/a", "WaterAccessTYPE": "Ocean", "BeachMat": null, "Land_Status": "Municipality", "NEAR_FID": 518.0, "NEAR_DIST": 558.86607920382107, "ACCESSIBILITY_NOTES": null, "LIFEGUARDS": null }, "geometry": { "type": "Point", "coordinates": [ -76.962842130767598, 34.675271460413903 ] } },
{ "type": "Feature", "properties": { "ACCESS_ID": "Eastern Regional Access - Site of the Old EI Pier (EI-58)", "OBJECTID": 103, "PLACE": "Emerald Isle", "ACCESS_LOC": "Park Drive", "LOCL_SPONS": "Emerald Isle", "CAMA_SIGN": "Yes", "PARKING": 245.0, "DUNE_WALK": "Y", "OVERLOOK": "Yes", "HAND_DUNE": "Y", "HAND_OVRLK": "Yes", "HAND_BEACH": "Y", "HAND_PRKG": 6.0, "RESTRM": "Y", "SHOWER": "Y", "PIC_TABLE": "Yes", "VEH_ACCESS": "No", "BIKE_RACK": "No", "SURV_DATE": 1615334400000.0, "COMMENT_": "Grills - Seasonal Lifeguards - Picnic Pavilion", "PRKG_COMMENTS": null, "COUNTY": "Carteret", "DCM_RO": "Morehead City Regional Office", "NCDCM_ID": 434.0, "PHOTO": "EI52.png", "PRK_FEE": "Y", "DCM_Funded": "Y", "CONTRACT_YR": null, "CONTRACT_NUM": null, "ACESS_TYPE": "Beach", "KayakCanoeLaunch": "No", "PARKING_OPTIONS": "Onsite Parking", "BeachWheelchair": "Y", "BWC_Info": "https://www.emeraldisle-nc.org/170/Beach-Wheel-Chair-Program", "PaidParkURL": "https://www.emeraldisle-nc.org/191/Paid-Beach-Parking", "WaterAccessTYPE": "Ocean", "BeachMat": null, "Land_Status": "Municipality", "NEAR_FID": 771.0, "NEAR_DIST": 871.63850269148804, "ACCESSIBILITY_NOTES": null, "LIFEGUARDS": null }, "geometry": { "type": "Point", "coordinates": [ -76.957238730181004, 34.675595356608603 ] } },
{ "type": "Feature", "properties": { "ACCESS_ID": "\"The Dogleg\"  4WD Access (EI-57)", "OBJECTID": 102, "PLACE": "Emerald Isle", "ACCESS_LOC": "3009 Ocean Dr.", "LOCL_SPONS": " ", "CAMA_SIGN": "No", "PARKING": 0.0, "DUNE_WALK": "N", "OVERLOOK": "No", "HAND_DUNE": "No", "HAND_OVRLK": "No", "HAND_BEACH": "No", "HAND_PRKG": 0.0, "RESTRM": "N", "SHOWER": "N", "PIC_TABLE": "No", "VEH_ACCESS": "Seasonal", "BIKE_RACK": "No", "SURV_DATE": 1051833600000.0, "COMMENT_": " ", "PRKG_COMMENTS": null, "COUNTY": "Carteret", "DCM_RO": "Morehead City Regional Office", "NCDCM_ID": 433.0, "PHOTO": "EI53.png", "PRK_FEE": null, "DCM_Funded": "N", "CONTRACT_YR": null, "CONTRACT_NUM": null, "ACESS_TYPE": "Beach", "KayakCanoeLaunch": "No", "PARKING_OPTIONS": "No Parking", "BeachWheelchair": "Y", "BWC_Info": "https://www.emeraldisle-nc.org/170/Beach-Wheel-Chair-Program", "PaidParkURL": "n/a", "WaterAccessTYPE": "Ocean", "BeachMat": null, "Land_Status": "Municipality", "NEAR_FID": 815.0, "NEAR_DIST": 572.82722642812735, "ACCESSIBILITY_NOTES": null, "LIFEGUARDS": null }, "geometry": { "type": "Point", "coordinates": [ -76.960991003902606, 34.675643994488802 ] } },
{ "type": "Feature", "properties": { "ACCESS_ID": "Park Street", "OBJECTID": 771, "PLACE": "Emerald Isle", "ACCESS_LOC": "Located across the street from the Eastern Ocean Regional Access.", "LOCL_SPONS": "Emerald Isle", "CAMA_SIGN": "No", "PARKING": 0.0, "DUNE_WALK": "N", "OVERLOOK": "No", "HAND_DUNE": "No", "HAND_OVRLK": "No", "HAND_BEACH": "No", "HAND_PRKG": 0.0, "RESTRM": "N", "SHOWER": "N", "PIC_TABLE": "No", "VEH_ACCESS": "No", "BIKE_RACK": "No", "SURV_DATE": 1526342400000.0, "COMMENT_": "Users are asked to drop off equipment and park at the Eastern Regional Access.", "PRKG_COMMENTS": "Park at Eastern Regional Access", "COUNTY": "Carteret", "DCM_RO": "Morehead City Regional Office", "NCDCM_ID": null, "PHOTO": null, "PRK_FEE": null, "DCM_Funded": "N", "CONTRACT_YR": null, "CONTRACT_NUM": null, "ACESS_TYPE": "Shoreline", "KayakCanoeLaunch": "Yes", "PARKING_OPTIONS": "Parking off-site", "BeachWheelchair": "Y", "BWC_Info": "https://www.emeraldisle-nc.org/170/Beach-Wheel-Chair-Program", "PaidParkURL": "n/a", "WaterAccessTYPE": "Estuarine", "BeachMat": null, "Land_Status": "Municipality", "NEAR_FID": 103.0, "NEAR_DIST": 871.63850269148804, "ACCESSIBILITY_NOTES": null, "LIFEGUARDS": null }, "geometry": { "type": "Point", "coordinates": [ -76.957849091399197, 34.677936749401603 ] } },
{ "type": "Feature", "properties": { "ACCESS_ID": "Cedar Point Public Boat Ramp", "OBJECTID": 775, "PLACE": "Cedar Point", "ACCESS_LOC": "144 Cedar Point Blvd", "LOCL_SPONS": "Carteret County/WRC/DCM", "CAMA_SIGN": "No", "PARKING": 7.0, "DUNE_WALK": "N", "OVERLOOK": "No", "HAND_DUNE": "No", "HAND_OVRLK": "No", "HAND_BEACH": "No", "HAND_PRKG": 1.0, "RESTRM": "Y", "SHOWER": "N", "PIC_TABLE": "No", "VEH_ACCESS": "No", "BIKE_RACK": "No", "SURV_DATE": 1541116800000.0, "COMMENT_": "Fishing Pier, and 37 Trailer Spaces", "PRKG_COMMENTS": null, "COUNTY": "Carteret", "DCM_RO": "Morehead City Regional Office", "NCDCM_ID": null, "PHOTO": null, "PRK_FEE": null, "DCM_Funded": "Y", "CONTRACT_YR": null, "CONTRACT_NUM": null, "ACESS_TYPE": "Shoreline", "KayakCanoeLaunch": "Yes", "PARKING_OPTIONS": "Onsite Parking", "BeachWheelchair": "N", "BWC_Info": "n/a", "PaidParkURL": "n/a", "WaterAccessTYPE": "Estuarine", "BeachMat": null, "Land_Status": "Municipality", "NEAR_FID": 881.0, "NEAR_DIST": 4319.6842017426425, "ACCESSIBILITY_NOTES": null, "LIFEGUARDS": null }, "geometry": { "type": "Point", "coordinates": [ -77.108514218238, 34.6779694069375 ] } },
{ "type": "Feature", "properties": { "ACCESS_ID": "Wards Shore Park", "OBJECTID": 528, "PLACE": "Swansboro", "ACCESS_LOC": "321 Water St", "LOCL_SPONS": "Swansboro", "CAMA_SIGN": "Yes", "PARKING": 0.0, "DUNE_WALK": "N", "OVERLOOK": "No", "HAND_DUNE": "No", "HAND_OVRLK": "No", "HAND_BEACH": "No", "HAND_PRKG": 0.0, "RESTRM": "N", "SHOWER": "N", "PIC_TABLE": "Yes", "VEH_ACCESS": "No", "BIKE_RACK": "No", "SURV_DATE": 1201737600000.0, "COMMENT_": "", "PRKG_COMMENTS": "", "COUNTY": "Onslow", "DCM_RO": "Morehead City Regional Office", "NCDCM_ID": 985.0, "PHOTO": "swansboro2wardscreek.png", "PRK_FEE": null, "DCM_Funded": "Y", "CONTRACT_YR": null, "CONTRACT_NUM": null, "ACESS_TYPE": "Shoreline", "KayakCanoeLaunch": "No", "PARKING_OPTIONS": "On-Street Parking", "BeachWheelchair": "N", "BWC_Info": "n/a", "PaidParkURL": "n/a", "WaterAccessTYPE": "Estuarine", "BeachMat": null, "Land_Status": "Municipality", "NEAR_FID": 906.0, "NEAR_DIST": 1301.2099788454334, "ACCESSIBILITY_NOTES": null, "LIFEGUARDS": null }, "geometry": { "type": "Point", "coordinates": [ -77.123439805735401, 34.685265315540697 ] } },
{ "type": "Feature", "properties": { "ACCESS_ID": "EI-70", "OBJECTID": 114, "PLACE": "Emerald Isle", "ACCESS_LOC": "Ocean Dr. and 15th St.", "LOCL_SPONS": " ", "CAMA_SIGN": "Yes", "PARKING": 0.0, "DUNE_WALK": "Y", "OVERLOOK": "Yes", "HAND_DUNE": "No", "HAND_OVRLK": "No", "HAND_BEACH": "No", "HAND_PRKG": 0.0, "RESTRM": "N", "SHOWER": "N", "PIC_TABLE": "No", "VEH_ACCESS": "No", "BIKE_RACK": "Yes", "SURV_DATE": 1051833600000.0, "COMMENT_": " ", "PRKG_COMMENTS": null, "COUNTY": "Carteret", "DCM_RO": "Morehead City Regional Office", "NCDCM_ID": 445.0, "PHOTO": "EI41.png", "PRK_FEE": null, "DCM_Funded": "N", "CONTRACT_YR": null, "CONTRACT_NUM": null, "ACESS_TYPE": "Beach", "KayakCanoeLaunch": "No", "PARKING_OPTIONS": "No Parking", "BeachWheelchair": "Y", "BWC_Info": "https://www.emeraldisle-nc.org/170/Beach-Wheel-Chair-Program", "PaidParkURL": "n/a", "WaterAccessTYPE": "Ocean", "BeachMat": null, "Land_Status": "Municipality", "NEAR_FID": 113.0, "NEAR_DIST": 542.65185519877286, "ACCESSIBILITY_NOTES": null, "LIFEGUARDS": null }, "geometry": { "type": "Point", "coordinates": [ -76.935788167633703, 34.679193265903002 ] } },
{ "type": "Feature", "properties": { "ACCESS_ID": "EI-71", "OBJECTID": 115, "PLACE": "Emerald Isle", "ACCESS_LOC": "Ocean Dr. and 14th St.", "LOCL_SPONS": " ", "CAMA_SIGN": "Yes", "PARKING": 0.0, "DUNE_WALK": "Y", "OVERLOOK": "No", "HAND_DUNE": "No", "HAND_OVRLK": "No", "HAND_BEACH": "No", "HAND_PRKG": 0.0, "RESTRM": "N", "SHOWER": "N", "PIC_TABLE": "No", "VEH_ACCESS": "No", "BIKE_RACK": "Yes", "SURV_DATE": 1051833600000.0, "COMMENT_": " ", "PRKG_COMMENTS": null, "COUNTY": "Carteret", "DCM_RO": "Morehead City Regional Office", "NCDCM_ID": 446.0, "PHOTO": "EI40.png", "PRK_FEE": null, "DCM_Funded": "N", "CONTRACT_YR": null, "CONTRACT_NUM": null, "ACESS_TYPE": "Beach", "KayakCanoeLaunch": "No", "PARKING_OPTIONS": "No Parking", "BeachWheelchair": "Y", "BWC_Info": "https://www.emeraldisle-nc.org/170/Beach-Wheel-Chair-Program", "PaidParkURL": "n/a", "WaterAccessTYPE": "Ocean", "BeachMat": null, "Land_Status": "Municipality", "NEAR_FID": 116.0, "NEAR_DIST": 545.28057376509344, "ACCESSIBILITY_NOTES": null, "LIFEGUARDS": null }, "geometry": { "type": "Point", "coordinates": [ -76.933995648654502, 34.679477844240203 ] } },
{ "type": "Feature", "properties": { "ACCESS_ID": "EI-72", "OBJECTID": 116, "PLACE": "Emerald Isle", "ACCESS_LOC": "Ocean Dr. and 13th St.", "LOCL_SPONS": " ", "CAMA_SIGN": "Yes", "PARKING": 0.0, "DUNE_WALK": "N", "OVERLOOK": "No", "HAND_DUNE": "No", "HAND_OVRLK": "No", "HAND_BEACH": "No", "HAND_PRKG": 0.0, "RESTRM": "N", "SHOWER": "N", "PIC_TABLE": "No", "VEH_ACCESS": "No", "BIKE_RACK": "No", "SURV_DATE": 1051833600000.0, "COMMENT_": " ", "PRKG_COMMENTS": null, "COUNTY": "Carteret", "DCM_RO": "Morehead City Regional Office", "NCDCM_ID": 447.0, "PHOTO": "EI39.png", "PRK_FEE": null, "DCM_Funded": "N", "CONTRACT_YR": null, "CONTRACT_NUM": null, "ACESS_TYPE": "Beach", "KayakCanoeLaunch": "No", "PARKING_OPTIONS": "No Parking", "BeachWheelchair": "Y", "BWC_Info": "https://www.emeraldisle-nc.org/170/Beach-Wheel-Chair-Program", "PaidParkURL": "n/a", "WaterAccessTYPE": "Ocean", "BeachMat": null, "Land_Status": "Municipality", "NEAR_FID": 115.0, "NEAR_DIST": 545.28057376509344, "ACCESSIBILITY_NOTES": null, "LIFEGUARDS": null }, "geometry": { "type": "Point", "coordinates": [ -76.932205184122395, 34.679717054998498 ] } },
{ "type": "Feature", "properties": { "ACCESS_ID": "EI-73", "OBJECTID": 410, "PLACE": "Emerald Isle", "ACCESS_LOC": "Ocean Dr. and 12th St.", "LOCL_SPONS": " ", "CAMA_SIGN": "Yes", "PARKING": 0.0, "DUNE_WALK": "N", "OVERLOOK": "No", "HAND_DUNE": "No", "HAND_OVRLK": "No", "HAND_BEACH": "No", "HAND_PRKG": 0.0, "RESTRM": "N", "SHOWER": "N", "PIC_TABLE": "No", "VEH_ACCESS": "No", "BIKE_RACK": "No", "SURV_DATE": 1051833600000.0, "COMMENT_": " ", "PRKG_COMMENTS": null, "COUNTY": "Carteret", "DCM_RO": "Morehead City Regional Office", "NCDCM_ID": 448.0, "PHOTO": "EI38.png", "PRK_FEE": null, "DCM_Funded": "N", "CONTRACT_YR": null, "CONTRACT_NUM": null, "ACESS_TYPE": "Beach", "KayakCanoeLaunch": "No", "PARKING_OPTIONS": "No Parking", "BeachWheelchair": "Y", "BWC_Info": "https://www.emeraldisle-nc.org/170/Beach-Wheel-Chair-Program", "PaidParkURL": "n/a", "WaterAccessTYPE": "Ocean", "BeachMat": null, "Land_Status": "Municipality", "NEAR_FID": 412.0, "NEAR_DIST": 537.05663712275862, "ACCESSIBILITY_NOTES": null, "LIFEGUARDS": null }, "geometry": { "type": "Point", "coordinates": [ -76.930365188282096, 34.679998125556203 ] } },
{ "type": "Feature", "properties": { "ACCESS_ID": "EI-74", "OBJECTID": 412, "PLACE": "Emerald Isle", "ACCESS_LOC": "Ocean Dr. and 11th St.", "LOCL_SPONS": " ", "CAMA_SIGN": "Yes", "PARKING": 0.0, "DUNE_WALK": "Y", "OVERLOOK": "Yes", "HAND_DUNE": "No", "HAND_OVRLK": "No", "HAND_BEACH": "No", "HAND_PRKG": 0.0, "RESTRM": "N", "SHOWER": "N", "PIC_TABLE": "No", "VEH_ACCESS": "No", "BIKE_RACK": "No", "SURV_DATE": 1051833600000.0, "COMMENT_": " ", "PRKG_COMMENTS": null, "COUNTY": "Carteret", "DCM_RO": "Morehead City Regional Office", "NCDCM_ID": 449.0, "PHOTO": "EI37.png", "PRK_FEE": null, "DCM_Funded": "N", "CONTRACT_YR": null, "CONTRACT_NUM": null, "ACESS_TYPE": "Beach", "KayakCanoeLaunch": "No", "PARKING_OPTIONS": "No Parking", "BeachWheelchair": "Y", "BWC_Info": "https://www.emeraldisle-nc.org/170/Beach-Wheel-Chair-Program", "PaidParkURL": "n/a", "WaterAccessTYPE": "Ocean", "BeachMat": null, "Land_Status": "Municipality", "NEAR_FID": 410.0, "NEAR_DIST": 537.05663712275862, "ACCESSIBILITY_NOTES": null, "LIFEGUARDS": null }, "geometry": { "type": "Point", "coordinates": [ -76.928605411996699, 34.680251890567099 ] } },
{ "type": "Feature", "properties": { "ACCESS_ID": "EI-75", "OBJECTID": 414, "PLACE": "Emerald Isle", "ACCESS_LOC": "Ocean Dr. and 10th St.", "LOCL_SPONS": " ", "CAMA_SIGN": "Yes", "PARKING": 0.0, "DUNE_WALK": "Y", "OVERLOOK": "Yes", "HAND_DUNE": "No", "HAND_OVRLK": "No", "HAND_BEACH": "No", "HAND_PRKG": 0.0, "RESTRM": "N", "SHOWER": "N", "PIC_TABLE": "No", "VEH_ACCESS": "No", "BIKE_RACK": "No", "SURV_DATE": 1051833600000.0, "COMMENT_": " ", "PRKG_COMMENTS": null, "COUNTY": "Carteret", "DCM_RO": "Morehead City Regional Office", "NCDCM_ID": 450.0, "PHOTO": "EI36.png", "PRK_FEE": null, "DCM_Funded": "N", "CONTRACT_YR": null, "CONTRACT_NUM": null, "ACESS_TYPE": "Beach", "KayakCanoeLaunch": "No", "PARKING_OPTIONS": "No Parking", "BeachWheelchair": "Y", "BWC_Info": "https://www.emeraldisle-nc.org/170/Beach-Wheel-Chair-Program", "PaidParkURL": "n/a", "WaterAccessTYPE": "Ocean", "BeachMat": null, "Land_Status": "Municipality", "NEAR_FID": 416.0, "NEAR_DIST": 550.49790213440224, "ACCESSIBILITY_NOTES": null, "LIFEGUARDS": null }, "geometry": { "type": "Point", "coordinates": [ -76.926792508447093, 34.680550302196302 ] } },
{ "type": "Feature", "properties": { "ACCESS_ID": "EI-76", "OBJECTID": 416, "PLACE": "Emerald Isle", "ACCESS_LOC": "Ocean Dr. and 9th St.", "LOCL_SPONS": " ", "CAMA_SIGN": "Yes", "PARKING": 0.0, "DUNE_WALK": "N", "OVERLOOK": "No", "HAND_DUNE": "No", "HAND_OVRLK": "No", "HAND_BEACH": "No", "HAND_PRKG": 0.0, "RESTRM": "N", "SHOWER": "N", "PIC_TABLE": "No", "VEH_ACCESS": "No", "BIKE_RACK": "Yes", "SURV_DATE": 1051833600000.0, "COMMENT_": " ", "PRKG_COMMENTS": null, "COUNTY": "Carteret", "DCM_RO": "Morehead City Regional Office", "NCDCM_ID": 451.0, "PHOTO": "EI35.png", "PRK_FEE": null, "DCM_Funded": "N", "CONTRACT_YR": null, "CONTRACT_NUM": null, "ACESS_TYPE": "Beach", "KayakCanoeLaunch": "No", "PARKING_OPTIONS": "No Parking", "BeachWheelchair": "Y", "BWC_Info": "https://www.emeraldisle-nc.org/170/Beach-Wheel-Chair-Program", "PaidParkURL": "n/a", "WaterAccessTYPE": "Ocean", "BeachMat": null, "Land_Status": "Municipality", "NEAR_FID": 418.0, "NEAR_DIST": 544.89046676173473, "ACCESSIBILITY_NOTES": null, "LIFEGUARDS": null }, "geometry": { "type": "Point", "coordinates": [ -76.924988650932406, 34.6808102906733 ] } },
{ "type": "Feature", "properties": { "ACCESS_ID": "EI-77", "OBJECTID": 418, "PLACE": "Emerald Isle", "ACCESS_LOC": "Ocean Dr. and 8th St.", "LOCL_SPONS": " ", "CAMA_SIGN": "Yes", "PARKING": 0.0, "DUNE_WALK": "Y", "OVERLOOK": "No", "HAND_DUNE": "No", "HAND_OVRLK": "No", "HAND_BEACH": "No", "HAND_PRKG": 0.0, "RESTRM": "N", "SHOWER": "N", "PIC_TABLE": "No", "VEH_ACCESS": "No", "BIKE_RACK": "No", "SURV_DATE": 1051833600000.0, "COMMENT_": " ", "PRKG_COMMENTS": null, "COUNTY": "Carteret", "DCM_RO": "Morehead City Regional Office", "NCDCM_ID": 452.0, "PHOTO": "EI34.png", "PRK_FEE": null, "DCM_Funded": "N", "CONTRACT_YR": null, "CONTRACT_NUM": null, "ACESS_TYPE": "Beach", "KayakCanoeLaunch": "No", "PARKING_OPTIONS": "No Parking", "BeachWheelchair": "Y", "BWC_Info": "https://www.emeraldisle-nc.org/170/Beach-Wheel-Chair-Program", "PaidParkURL": "n/a", "WaterAccessTYPE": "Ocean", "BeachMat": null, "Land_Status": "Municipality", "NEAR_FID": 416.0, "NEAR_DIST": 544.89046676173473, "ACCESSIBILITY_NOTES": null, "LIFEGUARDS": null }, "geometry": { "type": "Point", "coordinates": [ -76.923201973697502, 34.681061943429299 ] } },
{ "type": "Feature", "properties": { "ACCESS_ID": "EI-80", "OBJECTID": 770, "PLACE": "Emerald Isle", "ACCESS_LOC": "Ocean Dr & 5th St", "LOCL_SPONS": "Emerald Isle", "CAMA_SIGN": "Yes", "PARKING": 0.0, "DUNE_WALK": "Y", "OVERLOOK": "Yes", "HAND_DUNE": "No", "HAND_OVRLK": "No", "HAND_BEACH": "No", "HAND_PRKG": 0.0, "RESTRM": "N", "SHOWER": "N", "PIC_TABLE": "No", "VEH_ACCESS": "No", "BIKE_RACK": "No", "SURV_DATE": 1779926400000.0, "COMMENT_": "", "PRKG_COMMENTS": null, "COUNTY": "Carteret", "DCM_RO": "Morehead City Regional Office", "NCDCM_ID": null, "PHOTO": null, "PRK_FEE": null, "DCM_Funded": "N", "CONTRACT_YR": null, "CONTRACT_NUM": null, "ACESS_TYPE": "Beach", "KayakCanoeLaunch": "No", "PARKING_OPTIONS": "No Parking", "BeachWheelchair": "Y", "BWC_Info": "https://www.emeraldisle-nc.org/170/Beach-Wheel-Chair-Program", "PaidParkURL": "n/a", "WaterAccessTYPE": "Ocean", "BeachMat": null, "Land_Status": "Municipality", "NEAR_FID": 420.0, "NEAR_DIST": 829.54716866595402, "ACCESSIBILITY_NOTES": null, "LIFEGUARDS": "No" }, "geometry": { "type": "Point", "coordinates": [ -76.917807719773805, 34.6818533810914 ] } },
{ "type": "Feature", "properties": { "ACCESS_ID": "3rd Street Park", "OBJECTID": 420, "PLACE": "Emerald Isle", "ACCESS_LOC": "Ocean Dr. and 3rd St.", "LOCL_SPONS": "Emerald Isle", "CAMA_SIGN": "Yes", "PARKING": 9.0, "DUNE_WALK": "Y", "OVERLOOK": "Yes", "HAND_DUNE": "Yes", "HAND_OVRLK": "Yes", "HAND_BEACH": "No", "HAND_PRKG": 1.0, "RESTRM": "N", "SHOWER": "N", "PIC_TABLE": "Yes", "VEH_ACCESS": "No", "BIKE_RACK": "No", "SURV_DATE": 1526342400000.0, "COMMENT_": "Located less than 0.5 miles west of Emerald Isle/Indian Beach town boundary", "PRKG_COMMENTS": "Gravel Lot", "COUNTY": "Carteret", "DCM_RO": "Morehead City Regional Office", "NCDCM_ID": 453.0, "PHOTO": "EI32.png", "PRK_FEE": "No", "DCM_Funded": "Y", "CONTRACT_YR": null, "CONTRACT_NUM": null, "ACESS_TYPE": "Beach", "KayakCanoeLaunch": "No", "PARKING_OPTIONS": "Onsite Parking", "BeachWheelchair": "Y", "BWC_Info": "https://www.emeraldisle-nc.org/170/Beach-Wheel-Chair-Program", "PaidParkURL": "n/a", "WaterAccessTYPE": "Ocean", "BeachMat": null, "Land_Status": "Municipality", "NEAR_FID": 422.0, "NEAR_DIST": 813.61332596403236, "ACCESSIBILITY_NOTES": null, "LIFEGUARDS": null }, "geometry": { "type": "Point", "coordinates": [ -76.915074661098899, 34.682167273134802 ] } },
{ "type": "Feature", "properties": { "ACCESS_ID": "EI-82", "OBJECTID": 422, "PLACE": "Emerald Isle", "ACCESS_LOC": "Ocean Dr. and 2nd Street.", "LOCL_SPONS": " ", "CAMA_SIGN": "Yes", "PARKING": 0.0, "DUNE_WALK": "N", "OVERLOOK": "No", "HAND_DUNE": "No", "HAND_OVRLK": "No", "HAND_BEACH": "No", "HAND_PRKG": 0.0, "RESTRM": "N", "SHOWER": "N", "PIC_TABLE": "No", "VEH_ACCESS": "No", "BIKE_RACK": "No", "SURV_DATE": 1051833600000.0, "COMMENT_": " ", "PRKG_COMMENTS": null, "COUNTY": "Carteret", "DCM_RO": "Morehead City Regional Office", "NCDCM_ID": 454.0, "PHOTO": "EI31.png", "PRK_FEE": null, "DCM_Funded": "N", "CONTRACT_YR": null, "CONTRACT_NUM": null, "ACESS_TYPE": "Beach", "KayakCanoeLaunch": "No", "PARKING_OPTIONS": "No Parking", "BeachWheelchair": "Y", "BWC_Info": "https://www.emeraldisle-nc.org/170/Beach-Wheel-Chair-Program", "PaidParkURL": "n/a", "WaterAccessTYPE": "Ocean", "BeachMat": null, "Land_Status": "Municipality", "NEAR_FID": 424.0, "NEAR_DIST": 561.3779498957224, "ACCESSIBILITY_NOTES": null, "LIFEGUARDS": null }, "geometry": { "type": "Point", "coordinates": [ -76.912435145791093, 34.682661078087399 ] } },
{ "type": "Feature", "properties": { "ACCESS_ID": "EI-84", "OBJECTID": 424, "PLACE": "Emerald Isle", "ACCESS_LOC": "Ocean Dr. and 1st St.", "LOCL_SPONS": " ", "CAMA_SIGN": "Yes", "PARKING": 0.0, "DUNE_WALK": "Y", "OVERLOOK": "No", "HAND_DUNE": "No", "HAND_OVRLK": "No", "HAND_BEACH": "No", "HAND_PRKG": 0.0, "RESTRM": "N", "SHOWER": "N", "PIC_TABLE": "No", "VEH_ACCESS": "No", "BIKE_RACK": "No", "SURV_DATE": 1051833600000.0, "COMMENT_": " ", "PRKG_COMMENTS": null, "COUNTY": "Carteret", "DCM_RO": "Morehead City Regional Office", "NCDCM_ID": 455.0, "PHOTO": "EI30.png", "PRK_FEE": null, "DCM_Funded": "N", "CONTRACT_YR": null, "CONTRACT_NUM": null, "ACESS_TYPE": "Beach", "KayakCanoeLaunch": "No", "PARKING_OPTIONS": "No Parking", "BeachWheelchair": "Y", "BWC_Info": "https://www.emeraldisle-nc.org/170/Beach-Wheel-Chair-Program", "PaidParkURL": "n/a", "WaterAccessTYPE": "Ocean", "BeachMat": null, "Land_Status": "Municipality", "NEAR_FID": 422.0, "NEAR_DIST": 561.3779498957224, "ACCESSIBILITY_NOTES": null, "LIFEGUARDS": null }, "geometry": { "type": "Point", "coordinates": [ -76.910591160532704, 34.682904308504099 ] } },
{ "type": "Feature", "properties": { "ACCESS_ID": "1829 Salter Path Rd", "OBJECTID": 816, "PLACE": "Indian Beach", "ACCESS_LOC": "1829 Salter Path Rd", "LOCL_SPONS": "Indian Beach", "CAMA_SIGN": "No", "PARKING": 14.0, "DUNE_WALK": "Y", "OVERLOOK": "No", "HAND_DUNE": "No", "HAND_OVRLK": "No", "HAND_BEACH": "No", "HAND_PRKG": 1.0, "RESTRM": "N", "SHOWER": "N", "PIC_TABLE": "No", "VEH_ACCESS": "No", "BIKE_RACK": "No", "SURV_DATE": 1613485579976.0, "COMMENT_": null, "PRKG_COMMENTS": "", "COUNTY": "Carteret", "DCM_RO": "Morehead City Regional Office", "NCDCM_ID": null, "PHOTO": null, "PRK_FEE": "No", "DCM_Funded": "Y", "CONTRACT_YR": null, "CONTRACT_NUM": null, "ACESS_TYPE": "Beach", "KayakCanoeLaunch": "No", "PARKING_OPTIONS": "Onsite Parking", "BeachWheelchair": "N", "BWC_Info": "n/a", "PaidParkURL": "n/a", "WaterAccessTYPE": "Ocean", "BeachMat": null, "Land_Status": "Municipality", "NEAR_FID": 424.0, "NEAR_DIST": 1078.3347913631426, "ACCESSIBILITY_NOTES": null, "LIFEGUARDS": null }, "geometry": { "type": "Point", "coordinates": [ -76.907116396165307, 34.683639561500598 ] } },
{ "type": "Feature", "properties": { "ACCESS_ID": "Indian Beach Access", "OBJECTID": 449, "PLACE": "Indian Beach", "ACCESS_LOC": "1437 Salter Path Road", "LOCL_SPONS": " ", "CAMA_SIGN": "Yes", "PARKING": 36.0, "DUNE_WALK": "Y", "OVERLOOK": "No", "HAND_DUNE": "No", "HAND_OVRLK": "No", "HAND_BEACH": "Y", "HAND_PRKG": 1.0, "RESTRM": "N", "SHOWER": "N", "PIC_TABLE": "No", "VEH_ACCESS": "S", "BIKE_RACK": "Yes", "SURV_DATE": 1051833600000.0, "COMMENT_": "Located in the middle of Bogue Banks, adjacent to Squatter's Campground and across the Street to the south of the Salter Path Post Office", "PRKG_COMMENTS": null, "COUNTY": "Carteret", "DCM_RO": "Morehead City Regional Office", "NCDCM_ID": 500.0, "PHOTO": "IB29.png", "PRK_FEE": "No", "DCM_Funded": "Y", "CONTRACT_YR": null, "CONTRACT_NUM": "", "ACESS_TYPE": "Beach", "KayakCanoeLaunch": "No", "PARKING_OPTIONS": "Onsite Parking", "BeachWheelchair": "N", "BWC_Info": "n/a", "PaidParkURL": "n/a", "WaterAccessTYPE": "Ocean", "BeachMat": null, "Land_Status": "Municipality", "NEAR_FID": 569.0, "NEAR_DIST": 733.438406255411, "ACCESSIBILITY_NOTES": null, "LIFEGUARDS": null }, "geometry": { "type": "Point", "coordinates": [ -76.89161693522, 34.6859962322633 ] } },
{ "type": "Feature", "properties": { "ACCESS_ID": "Ocean Club Neighborhood Beach Access", "OBJECTID": 825, "PLACE": "Indian Beach", "ACCESS_LOC": "Salter Path Rd MM 11 1/2", "LOCL_SPONS": "Indian Beach", "CAMA_SIGN": "Yes", "PARKING": 9.0, "DUNE_WALK": "Y", "OVERLOOK": null, "HAND_DUNE": null, "HAND_OVRLK": null, "HAND_BEACH": null, "HAND_PRKG": 1.0, "RESTRM": "N", "SHOWER": "N", "PIC_TABLE": "N", "VEH_ACCESS": "No", "BIKE_RACK": "Y", "SURV_DATE": 1617197200000.0, "COMMENT_": null, "PRKG_COMMENTS": "Parking is north of Hwy 58", "COUNTY": "Carteret", "DCM_RO": "MHC", "NCDCM_ID": null, "PHOTO": null, "PRK_FEE": "N", "DCM_Funded": "Y", "CONTRACT_YR": "2003-2004", "CONTRACT_NUM": "BA04-008", "ACESS_TYPE": "Beach", "KayakCanoeLaunch": "N", "PARKING_OPTIONS": "Onsite Parking", "BeachWheelchair": "N", "BWC_Info": "n/a", "PaidParkURL": "n/a", "WaterAccessTYPE": "Ocean", "BeachMat": null, "Land_Status": "Municipality", "NEAR_FID": 449.0, "NEAR_DIST": 2222.125650297849, "ACCESSIBILITY_NOTES": null, "LIFEGUARDS": null }, "geometry": { "type": "Point", "coordinates": [ -76.899008815960201, 34.685999229784201 ] } },
{ "type": "Feature", "properties": { "ACCESS_ID": "Baptist Children's Lot", "OBJECTID": 569, "PLACE": "Indian Beach", "ACCESS_LOC": "Salter Path Road", "LOCL_SPONS": " ", "CAMA_SIGN": "Yes", "PARKING": 9.0, "DUNE_WALK": "Y", "OVERLOOK": "No", "HAND_DUNE": "Yes", "HAND_OVRLK": "No", "HAND_BEACH": "No", "HAND_PRKG": 1.0, "RESTRM": "N", "SHOWER": "N", "PIC_TABLE": "No", "VEH_ACCESS": "No", "BIKE_RACK": "Yes", "SURV_DATE": 1192665600000.0, "COMMENT_": " ", "PRKG_COMMENTS": null, "COUNTY": "Carteret", "DCM_RO": "Morehead City Regional Office", "NCDCM_ID": 1007.0, "PHOTO": "ib2baptistlot.png", "PRK_FEE": "No", "DCM_Funded": "N", "CONTRACT_YR": null, "CONTRACT_NUM": null, "ACESS_TYPE": "Beach", "KayakCanoeLaunch": "No", "PARKING_OPTIONS": "Onsite Parking", "BeachWheelchair": "N", "BWC_Info": "n/a", "PaidParkURL": "n/a", "WaterAccessTYPE": "Ocean", "BeachMat": null, "Land_Status": "County", "NEAR_FID": 449.0, "NEAR_DIST": 733.438406255411, "ACCESSIBILITY_NOTES": null, "LIFEGUARDS": null }, "geometry": { "type": "Point", "coordinates": [ -76.890002023053995, 34.687506899597501 ] } },
{ "type": "Feature", "properties": { "ACCESS_ID": "Salter Path Access", "OBJECTID": 452, "PLACE": "Salter Path", "ACCESS_LOC": "1019 Salter Path Road", "LOCL_SPONS": "Carteret County/State of NC", "CAMA_SIGN": "Yes", "PARKING": 75.0, "DUNE_WALK": "Y", "OVERLOOK": "Yes", "HAND_DUNE": "Yes", "HAND_OVRLK": "Yes", "HAND_BEACH": "No", "HAND_PRKG": 2.0, "RESTRM": "Y", "SHOWER": "Y", "PIC_TABLE": "Yes", "VEH_ACCESS": "No", "BIKE_RACK": "Yes", "SURV_DATE": 1615334400000.0, "COMMENT_": "Located in the middle of Bogue Banks, in between Hoffman Beach Rd. and Frost Lane", "PRKG_COMMENTS": null, "COUNTY": "Carteret", "DCM_RO": "Morehead City Regional Office", "NCDCM_ID": 501.0, "PHOTO": "SP28.png", "PRK_FEE": "No", "DCM_Funded": "Y", "CONTRACT_YR": null, "CONTRACT_NUM": null, "ACESS_TYPE": "Beach", "KayakCanoeLaunch": "No", "PARKING_OPTIONS": "Onsite Parking", "BeachWheelchair": "N", "BWC_Info": "n/a", "PaidParkURL": "n/a", "WaterAccessTYPE": "Ocean", "BeachMat": null, "Land_Status": "County", "NEAR_FID": 569.0, "NEAR_DIST": 2674.0578178086234, "ACCESSIBILITY_NOTES": null, "LIFEGUARDS": null }, "geometry": { "type": "Point", "coordinates": [ -76.881187795707007, 34.688497552568997 ] } },
{ "type": "Feature", "properties": { "ACCESS_ID": "Ocean Glen", "OBJECTID": 316, "PLACE": "Pine Knoll Shores", "ACCESS_LOC": "649 Salter Path Road", "LOCL_SPONS": " ", "CAMA_SIGN": "Yes", "PARKING": 20.0, "DUNE_WALK": "Y", "OVERLOOK": "Yes", "HAND_DUNE": "Yes", "HAND_OVRLK": "Yes", "HAND_BEACH": "No", "HAND_PRKG": 2.0, "RESTRM": "N", "SHOWER": "Y", "PIC_TABLE": "No", "VEH_ACCESS": "No", "BIKE_RACK": "No", "SURV_DATE": 1628812800000.0, "COMMENT_": "", "PRKG_COMMENTS": "Parking across the street under the water tower.", "COUNTY": "Carteret", "DCM_RO": "Morehead City Regional Office", "NCDCM_ID": 140.0, "PHOTO": "PK27.png", "PRK_FEE": "No", "DCM_Funded": "Y", "CONTRACT_YR": null, "CONTRACT_NUM": null, "ACESS_TYPE": "Beach", "KayakCanoeLaunch": "No", "PARKING_OPTIONS": "Onsite Parking", "BeachWheelchair": "Y", "BWC_Info": "The town has two ADA-compliant beach-capable wheelchairs. Chairs are located at the Fire Station 314 Salter Path Road. Phone: (252) 247-2268", "PaidParkURL": "n/a", "WaterAccessTYPE": "Ocean", "BeachMat": null, "Land_Status": "Municipality", "NEAR_FID": 745.0, "NEAR_DIST": 1494.717733836274, "ACCESSIBILITY_NOTES": null, "LIFEGUARDS": null }, "geometry": { "type": "Point", "coordinates": [ -76.865341991998903, 34.6901843263974 ] } },
{ "type": "Feature", "properties": { "ACCESS_ID": "Beacon's Reach West Access Parking", "OBJECTID": 745, "PLACE": "Pine Knoll Shores", "ACCESS_LOC": "Oceanside parking located across the street from the Trinity Center entrance", "LOCL_SPONS": "Pine Knoll Shores", "CAMA_SIGN": "Yes", "PARKING": 9.0, "DUNE_WALK": "N", "OVERLOOK": "No", "HAND_DUNE": "No", "HAND_OVRLK": "No", "HAND_BEACH": "No", "HAND_PRKG": 1.0, "RESTRM": "N", "SHOWER": "N", "PIC_TABLE": "No", "VEH_ACCESS": "No", "BIKE_RACK": "No", "SURV_DATE": 1500854400000.0, "COMMENT_": "Nearest access site is Beacon's Reach West", "PRKG_COMMENTS": "Access Parking Only", "COUNTY": "Carteret", "DCM_RO": "Morehead City Regional Office", "NCDCM_ID": null, "PHOTO": null, "PRK_FEE": "No", "DCM_Funded": "N", "CONTRACT_YR": null, "CONTRACT_NUM": null, "ACESS_TYPE": null, "KayakCanoeLaunch": "No", "PARKING_OPTIONS": "Parking off-site", "BeachWheelchair": "Y", "BWC_Info": "The town has two ADA-compliant beach-capable wheelchairs. Chairs are located at the Fire Station 314 Salter Path Road. Phone: (252) 247-2268", "PaidParkURL": "n/a", "WaterAccessTYPE": "Parking Lot", "BeachMat": null, "Land_Status": "Municipality", "NEAR_FID": 746.0, "NEAR_DIST": 1045.4670056988973, "ACCESSIBILITY_NOTES": null, "LIFEGUARDS": null }, "geometry": { "type": "Point", "coordinates": [ -76.860415519589694, 34.690741479928398 ] } },
{ "type": "Feature", "properties": { "ACCESS_ID": "Beacons Reach West", "OBJECTID": 746, "PLACE": "Pine Knoll Shores", "ACCESS_LOC": "586 Salter Path Rd", "LOCL_SPONS": "Pine Knoll Shores", "CAMA_SIGN": null, "PARKING": 0.0, "DUNE_WALK": "Y", "OVERLOOK": "Yes", "HAND_DUNE": "No", "HAND_OVRLK": "Yes", "HAND_BEACH": "No", "HAND_PRKG": 0.0, "RESTRM": "N", "SHOWER": "N", "PIC_TABLE": "Yes", "VEH_ACCESS": "No", "BIKE_RACK": "Yes", "SURV_DATE": 1500854400000.0, "COMMENT_": "Nearest Parking is across from the Trinity Center", "PRKG_COMMENTS": "Parking across from Trinity Center", "COUNTY": "Carteret", "DCM_RO": "Morehead City Regional Office", "NCDCM_ID": null, "PHOTO": null, "PRK_FEE": null, "DCM_Funded": "N", "CONTRACT_YR": null, "CONTRACT_NUM": null, "ACESS_TYPE": "Beach", "KayakCanoeLaunch": "No", "PARKING_OPTIONS": "Parking off-site", "BeachWheelchair": "Y", "BWC_Info": "The town has two ADA-compliant beach-capable wheelchairs. Chairs are located at the Fire Station 314 Salter Path Road. Phone: (252) 247-2268", "PaidParkURL": "n/a", "WaterAccessTYPE": "Ocean", "BeachMat": null, "Land_Status": "Municipality", "NEAR_FID": 745.0, "NEAR_DIST": 1045.4670056988973, "ACCESSIBILITY_NOTES": null, "LIFEGUARDS": null }, "geometry": { "type": "Point", "coordinates": [ -76.856961170335495, 34.691075539648502 ] } },
{ "type": "Feature", "properties": { "ACCESS_ID": "Beacons Reach East", "OBJECTID": 752, "PLACE": "Pine Knoll Shores", "ACCESS_LOC": "Near 520 Salter Path Rd", "LOCL_SPONS": "Pine Knoll Shores", "CAMA_SIGN": "No", "PARKING": 0.0, "DUNE_WALK": "N", "OVERLOOK": "Yes", "HAND_DUNE": "No", "HAND_OVRLK": "Yes", "HAND_BEACH": "No", "HAND_PRKG": 0.0, "RESTRM": "N", "SHOWER": "N", "PIC_TABLE": "No", "VEH_ACCESS": "No", "BIKE_RACK": "No", "SURV_DATE": 1500854400000.0, "COMMENT_": "", "PRKG_COMMENTS": "Nearest parking is across from the Clamdigger.", "COUNTY": "Carteret", "DCM_RO": "Morehead City Regional Office", "NCDCM_ID": null, "PHOTO": null, "PRK_FEE": null, "DCM_Funded": "N", "CONTRACT_YR": null, "CONTRACT_NUM": null, "ACESS_TYPE": "Beach", "KayakCanoeLaunch": "No", "PARKING_OPTIONS": "Parking off-site", "BeachWheelchair": "Y", "BWC_Info": "The town has two ADA-compliant beach-capable wheelchairs. Chairs are located at the Fire Station 314 Salter Path Road. Phone: (252) 247-2268", "PaidParkURL": "n/a", "WaterAccessTYPE": "Ocean", "BeachMat": null, "Land_Status": "Municipality", "NEAR_FID": 747.0, "NEAR_DIST": 882.78570213123862, "ACCESSIBILITY_NOTES": null, "LIFEGUARDS": null }, "geometry": { "type": "Point", "coordinates": [ -76.848365566877504, 34.6919343749178 ] } },
{ "type": "Feature", "properties": { "ACCESS_ID": "Clamdigger", "OBJECTID": 747, "PLACE": "Pine Knoll Shores", "ACCESS_LOC": "Across the street from The Inn at Pine Knoll Shores", "LOCL_SPONS": "Pine Knoll Shores", "CAMA_SIGN": "Yes", "PARKING": 20.0, "DUNE_WALK": "Y", "OVERLOOK": "N", "HAND_DUNE": "N", "HAND_OVRLK": "N", "HAND_BEACH": "N", "HAND_PRKG": 1.0, "RESTRM": "N", "SHOWER": "N", "PIC_TABLE": "N", "VEH_ACCESS": "No", "BIKE_RACK": "N", "SURV_DATE": 1628812800000.0, "COMMENT_": null, "PRKG_COMMENTS": "Parking is located across the street from the Clam", "COUNTY": "Carteret", "DCM_RO": "Morehead City Regional Office", "NCDCM_ID": null, "PHOTO": null, "PRK_FEE": "No", "DCM_Funded": "Y", "CONTRACT_YR": null, "CONTRACT_NUM": null, "ACESS_TYPE": "Beach", "KayakCanoeLaunch": "No", "PARKING_OPTIONS": "Parking off-site", "BeachWheelchair": "Y", "BWC_Info": "The town has two ADA-compliant beach-capable wheelchairs. Chairs are located at the Fire Station 314 Salter Path Road. Phone: (252) 247-2268", "PaidParkURL": "n/a", "WaterAccessTYPE": "Ocean", "BeachMat": null, "Land_Status": "Municipality", "NEAR_FID": 752.0, "NEAR_DIST": 882.78570213123862, "ACCESSIBILITY_NOTES": null, "LIFEGUARDS": null }, "geometry": { "type": "Point", "coordinates": [ -76.845451127567003, 34.692233112270003 ] } },
{ "type": "Feature", "properties": { "ACCESS_ID": "Qualls", "OBJECTID": 748, "PLACE": "Pine Knoll Shores", "ACCESS_LOC": "448 Maritime Pl", "LOCL_SPONS": "Pine Knoll Shores", "CAMA_SIGN": "No", "PARKING": 0.0, "DUNE_WALK": "N", "OVERLOOK": "No", "HAND_DUNE": "No", "HAND_OVRLK": "No", "HAND_BEACH": "No", "HAND_PRKG": 0.0, "RESTRM": "N", "SHOWER": "N", "PIC_TABLE": "No", "VEH_ACCESS": "No", "BIKE_RACK": "No", "SURV_DATE": 1500854400000.0, "COMMENT_": "Walkway within the Beacons Reach/Maritime West subdivision.  ", "PRKG_COMMENTS": "Nearest parking is across from the Clamdigger.", "COUNTY": "Carteret", "DCM_RO": "Morehead City Regional Office", "NCDCM_ID": null, "PHOTO": null, "PRK_FEE": null, "DCM_Funded": "N", "CONTRACT_YR": null, "CONTRACT_NUM": null, "ACESS_TYPE": "Beach", "KayakCanoeLaunch": "No", "PARKING_OPTIONS": "Parking off-site", "BeachWheelchair": "Y", "BWC_Info": "The town has two ADA-compliant beach-capable wheelchairs. Chairs are located at the Fire Station 314 Salter Path Road. Phone: (252) 247-2268", "PaidParkURL": "n/a", "WaterAccessTYPE": "Ocean", "BeachMat": null, "Land_Status": "Municipality", "NEAR_FID": 747.0, "NEAR_DIST": 2252.9436921469392, "ACCESSIBILITY_NOTES": null, "LIFEGUARDS": null }, "geometry": { "type": "Point", "coordinates": [ -76.837972219838704, 34.692638390187803 ] } },
{ "type": "Feature", "properties": { "ACCESS_ID": "Iron Steamer Regional Access", "OBJECTID": 322, "PLACE": "Pine Knoll Shores", "ACCESS_LOC": "345 Salter Path Road", "LOCL_SPONS": "Pine Knoll Shores", "CAMA_SIGN": "Yes", "PARKING": 60.0, "DUNE_WALK": "Y", "OVERLOOK": "Yes", "HAND_DUNE": "Yes", "HAND_OVRLK": "Yes", "HAND_BEACH": "No", "HAND_PRKG": 2.0, "RESTRM": "Y", "SHOWER": "Y", "PIC_TABLE": "No", "VEH_ACCESS": "Emergency", "BIKE_RACK": "No", "SURV_DATE": 1615334400000.0, "COMMENT_": null, "PRKG_COMMENTS": "", "COUNTY": "Carteret", "DCM_RO": "Morehead City Regional Office", "NCDCM_ID": 142.0, "PHOTO": "PK25.png", "PRK_FEE": "Y", "DCM_Funded": "Y", "CONTRACT_YR": null, "CONTRACT_NUM": null, "ACESS_TYPE": "Beach", "KayakCanoeLaunch": "No", "PARKING_OPTIONS": "Onsite Parking", "BeachWheelchair": "Y", "BWC_Info": "The town has two ADA-compliant beach-capable wheelchairs. Chairs are located at the Fire Station 314 Salter Path Road. Phone: (252) 247-2268", "PaidParkURL": "https://www.townofpks.com/beaches", "WaterAccessTYPE": "Ocean", "BeachMat": null, "Land_Status": "Municipality", "NEAR_FID": 749.0, "NEAR_DIST": 1658.6620030181759, "ACCESSIBILITY_NOTES": null, "LIFEGUARDS": null }, "geometry": { "type": "Point", "coordinates": [ -76.828929184402398, 34.693451648527301 ] } },
{ "type": "Feature", "properties": { "ACCESS_ID": "Dayton Place", "OBJECTID": 749, "PLACE": "Pine Knoll Shores", "ACCESS_LOC": "315A Salter Path Rd", "LOCL_SPONS": "Pine Knoll Shores", "CAMA_SIGN": "No", "PARKING": 0.0, "DUNE_WALK": "N", "OVERLOOK": "No", "HAND_DUNE": "No", "HAND_OVRLK": "No", "HAND_BEACH": "No", "HAND_PRKG": 1.0, "RESTRM": "N", "SHOWER": "N", "PIC_TABLE": "No", "VEH_ACCESS": "No", "BIKE_RACK": "No", "SURV_DATE": 1628812800000.0, "COMMENT_": null, "PRKG_COMMENTS": "", "COUNTY": "Carteret", "DCM_RO": "Morehead City Regional Office", "NCDCM_ID": null, "PHOTO": null, "PRK_FEE": "No", "DCM_Funded": "N", "CONTRACT_YR": null, "CONTRACT_NUM": null, "ACESS_TYPE": "Beach", "KayakCanoeLaunch": "No", "PARKING_OPTIONS": "Parking off-site", "BeachWheelchair": "Y", "BWC_Info": "The town has two ADA-compliant beach-capable wheelchairs. Chairs are located at the Fire Station 314 Salter Path Road. Phone: (252) 247-2268", "PaidParkURL": "n/a", "WaterAccessTYPE": "Ocean", "BeachMat": null, "Land_Status": "Municipality", "NEAR_FID": 322.0, "NEAR_DIST": 1658.6620030181759, "ACCESSIBILITY_NOTES": null, "LIFEGUARDS": null }, "geometry": { "type": "Point", "coordinates": [ -76.823617008647801, 34.694685014760999 ] } },
{ "type": "Feature", "properties": { "ACCESS_ID": "Dogwood", "OBJECTID": 750, "PLACE": "Pine Knoll Shores", "ACCESS_LOC": "119 A Dogwood Circle", "LOCL_SPONS": "Pine Knoll Shores", "CAMA_SIGN": "Yes", "PARKING": 0.0, "DUNE_WALK": "N", "OVERLOOK": null, "HAND_DUNE": "No", "HAND_OVRLK": "No", "HAND_BEACH": "No", "HAND_PRKG": 0.0, "RESTRM": "N", "SHOWER": "N", "PIC_TABLE": "No", "VEH_ACCESS": "No", "BIKE_RACK": "No", "SURV_DATE": 1500854400000.0, "COMMENT_": "", "PRKG_COMMENTS": "Parking across the street at 256 Salter Path Rd", "COUNTY": "Carteret", "DCM_RO": "Morehead City Regional Office", "NCDCM_ID": null, "PHOTO": "mhc_pks_dogwood.jpg", "PRK_FEE": null, "DCM_Funded": "N", "CONTRACT_YR": null, "CONTRACT_NUM": null, "ACESS_TYPE": "Beach", "KayakCanoeLaunch": "No", "PARKING_OPTIONS": "Parking off-site", "BeachWheelchair": "Y", "BWC_Info": "The town has two ADA-compliant beach-capable wheelchairs. Chairs are located at the Fire Station 314 Salter Path Road. Phone: (252) 247-2268", "PaidParkURL": "n/a", "WaterAccessTYPE": "Ocean", "BeachMat": null, "Land_Status": "Municipality", "NEAR_FID": 744.0, "NEAR_DIST": 459.73622939882824, "ACCESSIBILITY_NOTES": null, "LIFEGUARDS": null }, "geometry": { "type": "Point", "coordinates": [ -76.813968209571001, 34.695051069745098 ] } },
{ "type": "Feature", "properties": { "ACCESS_ID": "Dogwood Parking", "OBJECTID": 744, "PLACE": "Pine Knoll Shores", "ACCESS_LOC": "256 Salter Path", "LOCL_SPONS": "Pine Knoll Shores", "CAMA_SIGN": "Yes", "PARKING": 9.0, "DUNE_WALK": "n/a", "OVERLOOK": "n/a", "HAND_DUNE": "n/a", "HAND_OVRLK": "n/a", "HAND_BEACH": "n/a", "HAND_PRKG": 1.0, "RESTRM": "N", "SHOWER": "N", "PIC_TABLE": "No", "VEH_ACCESS": "No", "BIKE_RACK": "No", "SURV_DATE": 1500854400000.0, "COMMENT_": "", "PRKG_COMMENTS": "Parking Only, access across the street on Dogwood ", "COUNTY": "Carteret", "DCM_RO": "Morehead City Regional Office", "NCDCM_ID": null, "PHOTO": null, "PRK_FEE": "No", "DCM_Funded": "Y", "CONTRACT_YR": null, "CONTRACT_NUM": null, "ACESS_TYPE": "Beach", "KayakCanoeLaunch": "No", "PARKING_OPTIONS": "Onsite Parking", "BeachWheelchair": "Y", "BWC_Info": "The town has two ADA-compliant beach-capable wheelchairs. Chairs are located at the Fire Station 314 Salter Path Road. Phone: (252) 247-2268", "PaidParkURL": "n/a", "WaterAccessTYPE": "Ocean", "BeachMat": null, "Land_Status": "Municipality", "NEAR_FID": 750.0, "NEAR_DIST": 459.73622939882824, "ACCESSIBILITY_NOTES": null, "LIFEGUARDS": null }, "geometry": { "type": "Point", "coordinates": [ -76.815188489831002, 34.695830861578202 ] } },
{ "type": "Feature", "properties": { "ACCESS_ID": "Memorial Park", "OBJECTID": 325, "PLACE": "Pine Knoll Shores", "ACCESS_LOC": "201 Salter Path Road", "LOCL_SPONS": "Pine Knoll Shores", "CAMA_SIGN": "Yes", "PARKING": 40.0, "DUNE_WALK": "Y", "OVERLOOK": "Yes", "HAND_DUNE": "Yes", "HAND_OVRLK": "Yes", "HAND_BEACH": "No", "HAND_PRKG": 2.0, "RESTRM": "Y", "SHOWER": "Y", "PIC_TABLE": "Yes", "VEH_ACCESS": "No", "BIKE_RACK": "Yes", "SURV_DATE": 1615334400000.0, "COMMENT_": null, "PRKG_COMMENTS": "", "COUNTY": "Carteret", "DCM_RO": "Morehead City Regional Office", "NCDCM_ID": 143.0, "PHOTO": "PK24.png", "PRK_FEE": "Y", "DCM_Funded": "N", "CONTRACT_YR": null, "CONTRACT_NUM": null, "ACESS_TYPE": "Beach", "KayakCanoeLaunch": "No", "PARKING_OPTIONS": "Onsite Parking", "BeachWheelchair": "Y", "BWC_Info": "The town has two ADA-compliant beach-capable wheelchairs. Chairs are located at the Fire Station 314 Salter Path Road. Phone: (252) 247-2268", "PaidParkURL": "https://www.townofpks.com/beaches", "WaterAccessTYPE": "Ocean", "BeachMat": null, "Land_Status": "Municipality", "NEAR_FID": 750.0, "NEAR_DIST": 2534.7530342185282, "ACCESSIBILITY_NOTES": null, "LIFEGUARDS": null }, "geometry": { "type": "Point", "coordinates": [ -76.805614637403394, 34.696003645039902 ] } },
{ "type": "Feature", "properties": { "ACCESS_ID": "Knollwood", "OBJECTID": 751, "PLACE": "Pine Knoll Shores", "ACCESS_LOC": "115 Knollwood Dr", "LOCL_SPONS": "Pine Knoll Shores", "CAMA_SIGN": "Yes", "PARKING": 9.0, "DUNE_WALK": "N", "OVERLOOK": "No", "HAND_DUNE": "No", "HAND_OVRLK": "No", "HAND_BEACH": "No", "HAND_PRKG": 1.0, "RESTRM": "N", "SHOWER": "N", "PIC_TABLE": "No", "VEH_ACCESS": "Emergency Access Only", "BIKE_RACK": "No", "SURV_DATE": 1500854400000.0, "COMMENT_": "", "PRKG_COMMENTS": "Oceanfron parking (10 spaces)", "COUNTY": "Carteret", "DCM_RO": "Morehead City Regional Office", "NCDCM_ID": null, "PHOTO": "mhc_pks_knollwood.jpg", "PRK_FEE": "No", "DCM_Funded": "N", "CONTRACT_YR": null, "CONTRACT_NUM": null, "ACESS_TYPE": "Beach", "KayakCanoeLaunch": "No", "PARKING_OPTIONS": "Onsite Parking", "BeachWheelchair": "Y", "BWC_Info": "The town has two ADA-compliant beach-capable wheelchairs. Chairs are located at the Fire Station 314 Salter Path Road. Phone: (252) 247-2268", "PaidParkURL": "n/a", "WaterAccessTYPE": "Ocean", "BeachMat": null, "Land_Status": "Municipality", "NEAR_FID": 328.0, "NEAR_DIST": 2153.2606556430774, "ACCESSIBILITY_NOTES": null, "LIFEGUARDS": null }, "geometry": { "type": "Point", "coordinates": [ -76.794891410127605, 34.696514430037297 ] } },
{ "type": "Feature", "properties": { "ACCESS_ID": "DoubleTree West", "OBJECTID": 331, "PLACE": "Atlantic Beach", "ACCESS_LOC": "100 Salter Path Road", "LOCL_SPONS": "Atlantic Beach", "CAMA_SIGN": "Yes", "PARKING": 0.0, "DUNE_WALK": "Y", "OVERLOOK": "No", "HAND_DUNE": "Yes", "HAND_OVRLK": "No", "HAND_BEACH": "No", "HAND_PRKG": 0.0, "RESTRM": "N", "SHOWER": "N", "PIC_TABLE": "No", "VEH_ACCESS": "No", "BIKE_RACK": "No", "SURV_DATE": 1585267200000.0, "COMMENT_": "", "PRKG_COMMENTS": null, "COUNTY": "Carteret", "DCM_RO": "Morehead City Regional Office", "NCDCM_ID": 145.0, "PHOTO": "PK22.png", "PRK_FEE": null, "DCM_Funded": "Y", "CONTRACT_YR": "2018-19", "CONTRACT_NUM": "7773", "ACESS_TYPE": "Beach", "KayakCanoeLaunch": "No", "PARKING_OPTIONS": "No Parking", "BeachWheelchair": "Y", "BWC_Info": "http://atlanticbeach-nc.com/departments/fire-department/beach-wheelchair-program/", "PaidParkURL": "n/a", "WaterAccessTYPE": "Ocean", "BeachMat": null, "Land_Status": "Municipality", "NEAR_FID": 500.0, "NEAR_DIST": 769.1186540506734, "ACCESSIBILITY_NOTES": null, "LIFEGUARDS": null }, "geometry": { "type": "Point", "coordinates": [ -76.781858729240696, 34.697196353402298 ] } },
{ "type": "Feature", "properties": { "ACCESS_ID": "Frisco Hatteras Access", "OBJECTID": 652, "PLACE": "Dare County", "ACCESS_LOC": "NC 12", "LOCL_SPONS": "NPS", "CAMA_SIGN": "No", "PARKING": 27.0, "DUNE_WALK": "Y", "OVERLOOK": "No", "HAND_DUNE": "No", "HAND_OVRLK": "No", "HAND_BEACH": "No", "HAND_PRKG": 0.0, "RESTRM": "N", "SHOWER": "N", "PIC_TABLE": "No", "VEH_ACCESS": " ", "BIKE_RACK": "No", "SURV_DATE": 1519776000000.0, "COMMENT_": "Beach and Sound Access", "PRKG_COMMENTS": " ", "COUNTY": "Dare", "DCM_RO": "Elizabeth City Regional Office", "NCDCM_ID": 1119.0, "PHOTO": "ecity_dare_npsfriscohatteras_067.png", "PRK_FEE": "No", "DCM_Funded": "N", "CONTRACT_YR": null, "CONTRACT_NUM": null, "ACESS_TYPE": "Beach", "KayakCanoeLaunch": "No", "PARKING_OPTIONS": "Onsite Parking", "BeachWheelchair": "N", "BWC_Info": "n/a", "PaidParkURL": "n/a", "WaterAccessTYPE": "Ocean", "BeachMat": null, "Land_Status": "Federal", "NEAR_FID": 635.0, "NEAR_DIST": 5350.3953942166936, "ACCESSIBILITY_NOTES": null, "LIFEGUARDS": null }, "geometry": { "type": "Point", "coordinates": [ -75.660380808255198, 35.219832166386801 ] } },
{ "type": "Feature", "properties": { "ACCESS_ID": "Frisco Bathhouse Sandy Bay Day Use Area", "OBJECTID": 635, "PLACE": "Dare County", "ACCESS_LOC": "54707 NC 12 Hwy", "LOCL_SPONS": "NPS", "CAMA_SIGN": "No", "PARKING": 45.0, "DUNE_WALK": "Y", "OVERLOOK": "Yes", "HAND_DUNE": "Yes", "HAND_OVRLK": "Yes", "HAND_BEACH": "Y", "HAND_PRKG": 3.0, "RESTRM": "Y", "SHOWER": "Y", "PIC_TABLE": "No", "VEH_ACCESS": " ", "BIKE_RACK": "Yes", "SURV_DATE": 1201737600000.0, "COMMENT_": "Handicap accessible to beach", "PRKG_COMMENTS": " ", "COUNTY": "Dare", "DCM_RO": "Elizabeth City Regional Office", "NCDCM_ID": 1113.0, "PHOTO": "ecity_dare_npsfriscobathhouse_055.png", "PRK_FEE": "No", "DCM_Funded": "Y", "CONTRACT_YR": null, "CONTRACT_NUM": null, "ACESS_TYPE": "Beach", "KayakCanoeLaunch": "No", "PARKING_OPTIONS": "Onsite Parking", "BeachWheelchair": "N", "BWC_Info": "n/a", "PaidParkURL": "n/a", "WaterAccessTYPE": "Ocean", "BeachMat": null, "Land_Status": "Federal", "NEAR_FID": 652.0, "NEAR_DIST": 5350.3953942166936, "ACCESSIBILITY_NOTES": null, "LIFEGUARDS": null }, "geometry": { "type": "Point", "coordinates": [ -75.643457755638096, 35.224656591557597 ] } },
{ "type": "Feature", "properties": { "ACCESS_ID": "Ramp 44", "OBJECTID": 649, "PLACE": "Dare County", "ACCESS_LOC": "NC 12", "LOCL_SPONS": "NPS", "CAMA_SIGN": "No", "PARKING": 10.0, "DUNE_WALK": "N", "OVERLOOK": "No", "HAND_DUNE": "No", "HAND_OVRLK": "No", "HAND_BEACH": "No", "HAND_PRKG": null, "RESTRM": "N", "SHOWER": "N", "PIC_TABLE": "No", "VEH_ACCESS": "Y", "BIKE_RACK": "No", "SURV_DATE": 1519776000000.0, "COMMENT_": "fish cleaning table - off-road vehicle permit required to drive on beach", "PRKG_COMMENTS": " ", "COUNTY": "Dare", "DCM_RO": "Elizabeth City Regional Office", "NCDCM_ID": 1118.0, "PHOTO": "ecity_dare_nps44ramp_066.png", "PRK_FEE": "No", "DCM_Funded": "N", "CONTRACT_YR": null, "CONTRACT_NUM": null, "ACESS_TYPE": "Shoreline", "KayakCanoeLaunch": "No", "PARKING_OPTIONS": "Both Parking Options", "BeachWheelchair": "N", "BWC_Info": "n/a", "PaidParkURL": "n/a", "WaterAccessTYPE": "Estuarine", "BeachMat": null, "Land_Status": "Federal", "NEAR_FID": 644.0, "NEAR_DIST": 811.19090147903444, "ACCESSIBILITY_NOTES": null, "LIFEGUARDS": null }, "geometry": { "type": "Point", "coordinates": [ -75.530134494723896, 35.2356940715351 ] } },
{ "type": "Feature", "properties": { "ACCESS_ID": "Ramp 43", "OBJECTID": 644, "PLACE": "Dare County", "ACCESS_LOC": "NC 12", "LOCL_SPONS": "NPS", "CAMA_SIGN": "No", "PARKING": 10.0, "DUNE_WALK": "N", "OVERLOOK": "No", "HAND_DUNE": "No", "HAND_OVRLK": "No", "HAND_BEACH": "No", "HAND_PRKG": null, "RESTRM": "N", "SHOWER": "N", "PIC_TABLE": "No", "VEH_ACCESS": "Y", "BIKE_RACK": "No", "SURV_DATE": 1519776000000.0, "COMMENT_": "off-road vehicle permit required to drive on beach", "PRKG_COMMENTS": "Unmarked Parking", "COUNTY": "Dare", "DCM_RO": "Elizabeth City Regional Office", "NCDCM_ID": 1117.0, "PHOTO": "ecity_dare_nps43ramp_065.png", "PRK_FEE": "No", "DCM_Funded": "N", "CONTRACT_YR": null, "CONTRACT_NUM": null, "ACESS_TYPE": "Shoreline", "KayakCanoeLaunch": "No", "PARKING_OPTIONS": "Onsite Parking", "BeachWheelchair": "N", "BWC_Info": "n/a", "PaidParkURL": "n/a", "WaterAccessTYPE": "Estuarine", "BeachMat": null, "Land_Status": "Federal", "NEAR_FID": 649.0, "NEAR_DIST": 811.19090147903444, "ACCESSIBILITY_NOTES": null, "LIFEGUARDS": null }, "geometry": { "type": "Point", "coordinates": [ -75.527428770884796, 35.2358936314522 ] } },
{ "type": "Feature", "properties": { "ACCESS_ID": "Cape Hatteras Lighthouse", "OBJECTID": 495, "PLACE": "Dare County", "ACCESS_LOC": "Lighthouse Rd", "LOCL_SPONS": "NPS", "CAMA_SIGN": "No", "PARKING": 120.0, "DUNE_WALK": "N", "OVERLOOK": "No", "HAND_DUNE": "No", "HAND_OVRLK": "No", "HAND_BEACH": "No", "HAND_PRKG": 7.0, "RESTRM": "N", "SHOWER": "N", "PIC_TABLE": "No", "VEH_ACCESS": "E", "BIKE_RACK": "Yes", "SURV_DATE": 1519776000000.0, "COMMENT_": "ORV Permit Office at nearby Visitor Center - off-road vehicle permit required to drive on beach", "PRKG_COMMENTS": " ", "COUNTY": "Dare", "DCM_RO": "Elizabeth City Regional Office", "NCDCM_ID": 1098.0, "PHOTO": "ecity_dare_capehatteraslighthouse_040.JPG", "PRK_FEE": "No", "DCM_Funded": "N", "CONTRACT_YR": null, "CONTRACT_NUM": null, "ACESS_TYPE": "Beach", "KayakCanoeLaunch": "No", "PARKING_OPTIONS": "Onsite Parking", "BeachWheelchair": "Y", "BWC_Info": "At the Cape Hatteras Light Station one beach wheelchair is available for loan. Stop by the visitor center to borrow it. ", "PaidParkURL": "n/a", "WaterAccessTYPE": "Ocean", "BeachMat": null, "Land_Status": "Federal", "NEAR_FID": 644.0, "NEAR_DIST": 6600.1233738778419, "ACCESSIBILITY_NOTES": null, "LIFEGUARDS": null }, "geometry": { "type": "Point", "coordinates": [ -75.523479793065405, 35.253736832289199 ] } },
{ "type": "Feature", "properties": { "ACCESS_ID": "Kite Point", "OBJECTID": 780, "PLACE": "Dare County", "ACCESS_LOC": "NC 12", "LOCL_SPONS": "NPS", "CAMA_SIGN": "No", "PARKING": 50.0, "DUNE_WALK": "N", "OVERLOOK": "No", "HAND_DUNE": "No", "HAND_OVRLK": "No", "HAND_BEACH": "No", "HAND_PRKG": 0.0, "RESTRM": "N", "SHOWER": "N", "PIC_TABLE": "No", "VEH_ACCESS": null, "BIKE_RACK": "No", "SURV_DATE": 1557792000000.0, "COMMENT_": "Sound Access", "PRKG_COMMENTS": "Unmarked parking", "COUNTY": "Dare", "DCM_RO": "Elizabeth City Regional Office", "NCDCM_ID": null, "PHOTO": null, "PRK_FEE": null, "DCM_Funded": "N", "CONTRACT_YR": null, "CONTRACT_NUM": null, "ACESS_TYPE": "Shoreline", "KayakCanoeLaunch": "No", "PARKING_OPTIONS": "Onsite Parking", "BeachWheelchair": "N", "BWC_Info": "n/a", "PaidParkURL": "n/a", "WaterAccessTYPE": "Estuarine", "BeachMat": null, "Land_Status": "Federal", "NEAR_FID": 498.0, "NEAR_DIST": 1945.3231005555072, "ACCESSIBILITY_NOTES": null, "LIFEGUARDS": null }, "geometry": { "type": "Point", "coordinates": [ -75.515462969653498, 35.293209499694299 ] } },
{ "type": "Feature", "properties": { "ACCESS_ID": "Canadian Hole Haulover Day Use Area", "OBJECTID": 498, "PLACE": "Dare County", "ACCESS_LOC": "NC 12", "LOCL_SPONS": "NPS", "CAMA_SIGN": "No", "PARKING": 62.0, "DUNE_WALK": "N", "OVERLOOK": "No", "HAND_DUNE": "No", "HAND_OVRLK": "No", "HAND_BEACH": "No", "HAND_PRKG": 0.0, "RESTRM": "Y", "SHOWER": "Y", "PIC_TABLE": "No", "VEH_ACCESS": "", "BIKE_RACK": "Yes", "SURV_DATE": 1519776000000.0, "COMMENT_": "Beach and Sound Access", "PRKG_COMMENTS": " ", "COUNTY": "Dare", "DCM_RO": "Elizabeth City Regional Office", "NCDCM_ID": 1099.0, "PHOTO": "ecity_dare_npshauloverdayuse_041.png", "PRK_FEE": "No", "DCM_Funded": "Y", "CONTRACT_YR": null, "CONTRACT_NUM": null, "ACESS_TYPE": "Shoreline", "KayakCanoeLaunch": "No", "PARKING_OPTIONS": "Onsite Parking", "BeachWheelchair": "N", "BWC_Info": "n/a", "PaidParkURL": "n/a", "WaterAccessTYPE": "Estuarine", "BeachMat": null, "Land_Status": "Federal", "NEAR_FID": 780.0, "NEAR_DIST": 1945.3231005555072, "ACCESSIBILITY_NOTES": null, "LIFEGUARDS": null }, "geometry": { "type": "Point", "coordinates": [ -75.514000162926294, 35.2984182639766 ] } },
{ "type": "Feature", "properties": { "ACCESS_ID": "Ramp 38", "OBJECTID": 503, "PLACE": "Dare County", "ACCESS_LOC": "NC 12", "LOCL_SPONS": "NPS", "CAMA_SIGN": "No", "PARKING": 20.0, "DUNE_WALK": "N", "OVERLOOK": "No", "HAND_DUNE": "No", "HAND_OVRLK": "No", "HAND_BEACH": "No", "HAND_PRKG": null, "RESTRM": "N", "SHOWER": "N", "PIC_TABLE": "No", "VEH_ACCESS": "Y", "BIKE_RACK": "No", "SURV_DATE": 1201737600000.0, "COMMENT_": "off-road vehicle permit required to drive on beach", "PRKG_COMMENTS": " ", "COUNTY": "Dare", "DCM_RO": "Elizabeth City Regional Office", "NCDCM_ID": 1100.0, "PHOTO": "ecity_dare_nps38ramp_042.png", "PRK_FEE": "No", "DCM_Funded": "N", "CONTRACT_YR": null, "CONTRACT_NUM": null, "ACESS_TYPE": "Beach", "KayakCanoeLaunch": "No", "PARKING_OPTIONS": "Onsite Parking", "BeachWheelchair": "N", "BWC_Info": "n/a", "PaidParkURL": "n/a", "WaterAccessTYPE": "Ocean", "BeachMat": null, "Land_Status": "Federal", "NEAR_FID": 498.0, "NEAR_DIST": 8272.1180599953204, "ACCESSIBILITY_NOTES": null, "LIFEGUARDS": null }, "geometry": { "type": "Point", "coordinates": [ -75.508841757188804, 35.320750214729699 ] } },
{ "type": "Feature", "properties": { "ACCESS_ID": "Ramp 34", "OBJECTID": 506, "PLACE": "Dare County", "ACCESS_LOC": "NC 12", "LOCL_SPONS": "NPS", "CAMA_SIGN": "No", "PARKING": 20.0, "DUNE_WALK": "Y", "OVERLOOK": "No", "HAND_DUNE": "No", "HAND_OVRLK": "No", "HAND_BEACH": "No", "HAND_PRKG": null, "RESTRM": "N", "SHOWER": "N", "PIC_TABLE": "No", "VEH_ACCESS": "S", "BIKE_RACK": "Yes", "SURV_DATE": 1201737600000.0, "COMMENT_": "off-road vehicle permit required to drive on beach", "PRKG_COMMENTS": " ", "COUNTY": "Dare", "DCM_RO": "Elizabeth City Regional Office", "NCDCM_ID": 1101.0, "PHOTO": "ecity_dare_nps34ramp_043.png", "PRK_FEE": "No", "DCM_Funded": "N", "CONTRACT_YR": null, "CONTRACT_NUM": null, "ACESS_TYPE": "Beach", "KayakCanoeLaunch": "No", "PARKING_OPTIONS": "Onsite Parking", "BeachWheelchair": "N", "BWC_Info": "n/a", "PaidParkURL": "n/a", "WaterAccessTYPE": "Ocean", "BeachMat": null, "Land_Status": "Federal", "NEAR_FID": 733.0, "NEAR_DIST": 10617.524075961201, "ACCESSIBILITY_NOTES": null, "LIFEGUARDS": null }, "geometry": { "type": "Point", "coordinates": [ -75.495859170853706, 35.377945908058997 ] } },
{ "type": "Feature", "properties": { "ACCESS_ID": "Ramp 32 / Little Kinnakeet Beach Trail", "OBJECTID": 733, "PLACE": "Dare County", "ACCESS_LOC": "NC 12", "LOCL_SPONS": "NPS", "CAMA_SIGN": "No", "PARKING": 18.0, "DUNE_WALK": "N", "OVERLOOK": "No", "HAND_DUNE": "No", "HAND_OVRLK": "No", "HAND_BEACH": "No", "HAND_PRKG": null, "RESTRM": "N", "SHOWER": "N", "PIC_TABLE": "No", "VEH_ACCESS": "Y", "BIKE_RACK": "No", "SURV_DATE": 1201651200000.0, "COMMENT_": "footpath - off-road vehicle permit required to drive on beach 1/4 mile north", "PRKG_COMMENTS": " ", "COUNTY": "Dare", "DCM_RO": "Elizabeth City Regional Office", "NCDCM_ID": 0.0, "PHOTO": "ecity_dare_nps32ramp_205.JPG", "PRK_FEE": "No", "DCM_Funded": "N", "CONTRACT_YR": null, "CONTRACT_NUM": null, "ACESS_TYPE": "Beach", "KayakCanoeLaunch": "No", "PARKING_OPTIONS": "Onsite Parking", "BeachWheelchair": "N", "BWC_Info": "n/a", "PaidParkURL": "n/a", "WaterAccessTYPE": "Ocean", "BeachMat": null, "Land_Status": "Federal", "NEAR_FID": 506.0, "NEAR_DIST": 10617.524075961201, "ACCESSIBILITY_NOTES": null, "LIFEGUARDS": null }, "geometry": { "type": "Point", "coordinates": [ -75.488153999963302, 35.406427999850699 ] } },
{ "type": "Feature", "properties": { "ACCESS_ID": "Ocracoke Beach", "OBJECTID": 762, "PLACE": "Ocracoke", "ACCESS_LOC": "2188 Irvin Garrish Hwy", "LOCL_SPONS": "NPS", "CAMA_SIGN": "No", "PARKING": 100.0, "DUNE_WALK": "Y", "OVERLOOK": "Yes", "HAND_DUNE": "Yes", "HAND_OVRLK": "Yes", "HAND_BEACH": "Y", "HAND_PRKG": 4.0, "RESTRM": "Y", "SHOWER": "Y", "PIC_TABLE": "No", "VEH_ACCESS": "No", "BIKE_RACK": "No", "SURV_DATE": 1520380800000.0, "COMMENT_": "ORV Permit Required from the National Park Service", "PRKG_COMMENTS": "", "COUNTY": "Hyde", "DCM_RO": "Morehead City Regional Office", "NCDCM_ID": null, "PHOTO": null, "PRK_FEE": "No", "DCM_Funded": "N", "CONTRACT_YR": "n/a", "CONTRACT_NUM": "n/a", "ACESS_TYPE": "Beach", "KayakCanoeLaunch": "No", "PARKING_OPTIONS": "Onsite Parking", "BeachWheelchair": "N", "BWC_Info": "n/a", "PaidParkURL": "n/a", "WaterAccessTYPE": "Ocean", "BeachMat": null, "Land_Status": "Federal", "NEAR_FID": 763.0, "NEAR_DIST": 11377.557017881953, "ACCESSIBILITY_NOTES": null, "LIFEGUARDS": null }, "geometry": { "type": "Point", "coordinates": [ -75.954014274120595, 35.108235384227697 ] } },
{ "type": "Feature", "properties": { "ACCESS_ID": "4352 Irvin Garrish Hwy", "OBJECTID": 763, "PLACE": "Ocracoke", "ACCESS_LOC": "Ocracoke Campground", "LOCL_SPONS": "NPS", "CAMA_SIGN": "No", "PARKING": 46.0, "DUNE_WALK": "Y", "OVERLOOK": "No", "HAND_DUNE": "No", "HAND_OVRLK": "No", "HAND_BEACH": "No", "HAND_PRKG": 1.0, "RESTRM": "Y", "SHOWER": "N", "PIC_TABLE": "No", "VEH_ACCESS": "Yes", "BIKE_RACK": "No", "SURV_DATE": 1520380800000.0, "COMMENT_": "Off Road Ramp #68 -  ORV Permit Required from the National Park Service", "PRKG_COMMENTS": "", "COUNTY": "Hyde", "DCM_RO": "Morehead City Regional Office", "NCDCM_ID": null, "PHOTO": null, "PRK_FEE": "No", "DCM_Funded": "N", "CONTRACT_YR": "n/a", "CONTRACT_NUM": "n/a", "ACESS_TYPE": "Beach", "KayakCanoeLaunch": "No", "PARKING_OPTIONS": "Onsite Parking", "BeachWheelchair": "N", "BWC_Info": "n/a", "PaidParkURL": "n/a", "WaterAccessTYPE": "Ocean", "BeachMat": null, "Land_Status": "Federal", "NEAR_FID": 762.0, "NEAR_DIST": 11377.557017881953, "ACCESSIBILITY_NOTES": null, "LIFEGUARDS": null }, "geometry": { "type": "Point", "coordinates": [ -75.922429877040202, 35.125666041905703 ] } },
{ "type": "Feature", "properties": { "ACCESS_ID": "Pony Pasture Parking", "OBJECTID": 764, "PLACE": "Ocracoke", "ACCESS_LOC": "Irvin Garrish Hwy", "LOCL_SPONS": "NPS", "CAMA_SIGN": "No", "PARKING": 16.0, "DUNE_WALK": "Y", "OVERLOOK": "Yes", "HAND_DUNE": "Yes", "HAND_OVRLK": "Yes", "HAND_BEACH": "Y", "HAND_PRKG": 2.0, "RESTRM": "Y", "SHOWER": "N", "PIC_TABLE": "No", "VEH_ACCESS": "No", "BIKE_RACK": "No", "SURV_DATE": 1520380800000.0, "COMMENT_": "ORV Permit Required from the National Park Service", "PRKG_COMMENTS": null, "COUNTY": "Hyde", "DCM_RO": "Morehead City Regional Office", "NCDCM_ID": null, "PHOTO": null, "PRK_FEE": "No", "DCM_Funded": "N", "CONTRACT_YR": "n/a", "CONTRACT_NUM": "n/a", "ACESS_TYPE": "Beach", "KayakCanoeLaunch": "No", "PARKING_OPTIONS": "Onsite Parking", "BeachWheelchair": "N", "BWC_Info": "n/a", "PaidParkURL": "n/a", "WaterAccessTYPE": "Ocean", "BeachMat": null, "Land_Status": "Federal", "NEAR_FID": 765.0, "NEAR_DIST": 3875.428266704977, "ACCESSIBILITY_NOTES": null, "LIFEGUARDS": null }, "geometry": { "type": "Point", "coordinates": [ -75.871273893847899, 35.147788699522401 ] } },
{ "type": "Feature", "properties": { "ACCESS_ID": "Unnamed Parking Lot", "OBJECTID": 765, "PLACE": "Ocracoke", "ACCESS_LOC": "North of Pony Pasture Parking", "LOCL_SPONS": "NPS", "CAMA_SIGN": "No", "PARKING": 25.0, "DUNE_WALK": "N", "OVERLOOK": "No", "HAND_DUNE": "No", "HAND_OVRLK": "No", "HAND_BEACH": "No", "HAND_PRKG": 0.0, "RESTRM": "N", "SHOWER": "N", "PIC_TABLE": "No", "VEH_ACCESS": "Unknown", "BIKE_RACK": "No", "SURV_DATE": 1520380800000.0, "COMMENT_": "ORV Permit Required from the National Park Service", "PRKG_COMMENTS": null, "COUNTY": "Hyde", "DCM_RO": "Morehead City Regional Office", "NCDCM_ID": null, "PHOTO": null, "PRK_FEE": "No", "DCM_Funded": "N", "CONTRACT_YR": "n/a", "CONTRACT_NUM": "n/a", "ACESS_TYPE": "Beach", "KayakCanoeLaunch": "No", "PARKING_OPTIONS": "Onsite Parking", "BeachWheelchair": "N", "BWC_Info": "n/a", "PaidParkURL": "n/a", "WaterAccessTYPE": "Ocean", "BeachMat": null, "Land_Status": "Federal", "NEAR_FID": 764.0, "NEAR_DIST": 3875.428266704977, "ACCESSIBILITY_NOTES": null, "LIFEGUARDS": null }, "geometry": { "type": "Point", "coordinates": [ -75.859370877668397, 35.152009380382601 ] } },
{ "type": "Feature", "properties": { "ACCESS_ID": "Unnamed Beach Access", "OBJECTID": 766, "PLACE": "Ocracoke", "ACCESS_LOC": null, "LOCL_SPONS": "NPS", "CAMA_SIGN": "No", "PARKING": 23.0, "DUNE_WALK": "N", "OVERLOOK": "No", "HAND_DUNE": "No", "HAND_OVRLK": "No", "HAND_BEACH": "No", "HAND_PRKG": 0.0, "RESTRM": "N", "SHOWER": "N", "PIC_TABLE": "No", "VEH_ACCESS": "Yes, north of the parking lot. ", "BIKE_RACK": "No", "SURV_DATE": 1520380800000.0, "COMMENT_": "No Amenities,  ORV Permit Required from the National Park Service", "PRKG_COMMENTS": null, "COUNTY": "Hyde", "DCM_RO": "Morehead City Regional Office", "NCDCM_ID": null, "PHOTO": null, "PRK_FEE": "No", "DCM_Funded": "N", "CONTRACT_YR": "n/a", "CONTRACT_NUM": "n/a", "ACESS_TYPE": "Beach", "KayakCanoeLaunch": "No", "PARKING_OPTIONS": "Onsite Parking", "BeachWheelchair": "N", "BWC_Info": "n/a", "PaidParkURL": "n/a", "WaterAccessTYPE": "Ocean", "BeachMat": null, "Land_Status": "Federal", "NEAR_FID": 765.0, "NEAR_DIST": 24968.77860244512, "ACCESSIBILITY_NOTES": null, "LIFEGUARDS": null }, "geometry": { "type": "Point", "coordinates": [ -75.783639944658205, 35.180984862379198 ] } },
{ "type": "Feature", "properties": { "ACCESS_ID": "Graveyard Atlantic Museum and Ramp 55", "OBJECTID": 492, "PLACE": "Dare County", "ACCESS_LOC": "Museum Drive", "LOCL_SPONS": "NPS", "CAMA_SIGN": "No", "PARKING": 17.0, "DUNE_WALK": "Y", "OVERLOOK": "Yes", "HAND_DUNE": "Yes", "HAND_OVRLK": "Yes", "HAND_BEACH": "Y", "HAND_PRKG": 3.0, "RESTRM": "N", "SHOWER": "N", "PIC_TABLE": "No", "VEH_ACCESS": "Y", "BIKE_RACK": "Yes", "SURV_DATE": 1519776000000.0, "COMMENT_": "off-road vehicle permit required ", "PRKG_COMMENTS": " ", "COUNTY": "Dare", "DCM_RO": "Elizabeth City Regional Office", "NCDCM_ID": 1097.0, "PHOTO": "ecity_dare_nps55rampmuseum_039.png", "PRK_FEE": "No", "DCM_Funded": "N", "CONTRACT_YR": null, "CONTRACT_NUM": null, "ACESS_TYPE": "Beach", "KayakCanoeLaunch": "No", "PARKING_OPTIONS": "Onsite Parking", "BeachWheelchair": "N", "BWC_Info": "n/a", "PaidParkURL": "n/a", "WaterAccessTYPE": "Ocean", "BeachMat": null, "Land_Status": "STATE-NCDCR", "NEAR_FID": 652.0, "NEAR_DIST": 13820.02803642174, "ACCESSIBILITY_NOTES": null, "LIFEGUARDS": null }, "geometry": { "type": "Point", "coordinates": [ -75.703475056762898, 35.206007617438303 ] } },
{ "type": "Feature", "properties": { "ACCESS_ID": "Far Creek Boardwalk", "OBJECTID": 823, "PLACE": "Engelhard", "ACCESS_LOC": "US Hwy 264", "LOCL_SPONS": "Hyde County", "CAMA_SIGN": "Yes", "PARKING": 0.0, "DUNE_WALK": "N", "OVERLOOK": "Y", "HAND_DUNE": "N", "HAND_OVRLK": "Y", "HAND_BEACH": "Y", "HAND_PRKG": 0.0, "RESTRM": "N", "SHOWER": "N", "PIC_TABLE": "N", "VEH_ACCESS": "No", "BIKE_RACK": "N", "SURV_DATE": 1617195720000.0, "COMMENT_": null, "PRKG_COMMENTS": null, "COUNTY": "Hyde", "DCM_RO": "MHC", "NCDCM_ID": null, "PHOTO": null, "PRK_FEE": null, "DCM_Funded": "Y", "CONTRACT_YR": "1998-1999", "CONTRACT_NUM": "BA98-007", "ACESS_TYPE": "Shoreline", "KayakCanoeLaunch": "N", "PARKING_OPTIONS": "On-Street Parking", "BeachWheelchair": "N", "BWC_Info": "n/a", "PaidParkURL": "n/a", "WaterAccessTYPE": "Estuarine", "BeachMat": null, "Land_Status": "County", "NEAR_FID": 824.0, "NEAR_DIST": 106038.45820435586, "ACCESSIBILITY_NOTES": null, "LIFEGUARDS": null }, "geometry": { "type": "Point", "coordinates": [ -75.997086240816003, 35.509069513462101 ] } },
{ "type": "Feature", "properties": { "ACCESS_ID": "Milltail Road Access", "OBJECTID": 581, "PLACE": "Dare County", "ACCESS_LOC": "Milltail Road", "LOCL_SPONS": "USFWS", "CAMA_SIGN": "No", "PARKING": 6.0, "DUNE_WALK": "N", "OVERLOOK": "No", "HAND_DUNE": "No", "HAND_OVRLK": "No", "HAND_BEACH": "No", "HAND_PRKG": null, "RESTRM": "N", "SHOWER": "N", "PIC_TABLE": "No", "VEH_ACCESS": " ", "BIKE_RACK": "No", "SURV_DATE": 1238630400000.0, "COMMENT_": "", "PRKG_COMMENTS": "Unmarked Parking", "COUNTY": "Dare", "DCM_RO": "Elizabeth City Regional Office", "NCDCM_ID": 1042.0, "PHOTO": "ecity_dare_milltail_062.png", "PRK_FEE": "No", "DCM_Funded": "N", "CONTRACT_YR": null, "CONTRACT_NUM": null, "ACESS_TYPE": "Shoreline", "KayakCanoeLaunch": "Yes", "PARKING_OPTIONS": "Onsite Parking", "BeachWheelchair": "N", "BWC_Info": "n/a", "PaidParkURL": "n/a", "WaterAccessTYPE": "Estuarine", "BeachMat": null, "Land_Status": "Federal", "NEAR_FID": 580.0, "NEAR_DIST": 18400.428808368146, "ACCESSIBILITY_NOTES": null, "LIFEGUARDS": null }, "geometry": { "type": "Point", "coordinates": [ -75.885663769228898, 35.795326175616403 ] } },
{ "type": "Feature", "properties": { "ACCESS_ID": "Buffalo City Road Access", "OBJECTID": 580, "PLACE": "Dare County", "ACCESS_LOC": "17398 Buffalo City Road", "LOCL_SPONS": "USFWS", "CAMA_SIGN": "No", "PARKING": 4.0, "DUNE_WALK": "N", "OVERLOOK": "No", "HAND_DUNE": "No", "HAND_OVRLK": "No", "HAND_BEACH": "No", "HAND_PRKG": null, "RESTRM": "N", "SHOWER": "N", "PIC_TABLE": "No", "VEH_ACCESS": " ", "BIKE_RACK": "No", "SURV_DATE": 1238630400000.0, "COMMENT_": "Boardwalk - walking trail", "PRKG_COMMENTS": " ", "COUNTY": "Dare", "DCM_RO": "Elizabeth City Regional Office", "NCDCM_ID": 1041.0, "PHOTO": "ecity_dare_buffalocity_061.png", "PRK_FEE": "No", "DCM_Funded": "N", "CONTRACT_YR": null, "CONTRACT_NUM": null, "ACESS_TYPE": "Shoreline", "KayakCanoeLaunch": "Yes", "PARKING_OPTIONS": "Onsite Parking", "BeachWheelchair": "N", "BWC_Info": "n/a", "PaidParkURL": "n/a", "WaterAccessTYPE": "Estuarine", "BeachMat": null, "Land_Status": "Federal", "NEAR_FID": 581.0, "NEAR_DIST": 18400.428808368146, "ACCESSIBILITY_NOTES": null, "LIFEGUARDS": null }, "geometry": { "type": "Point", "coordinates": [ -75.919172780754394, 35.837876183112698 ] } },
{ "type": "Feature", "properties": { "ACCESS_ID": "Ramp 30", "OBJECTID": 511, "PLACE": "Dare County", "ACCESS_LOC": "NC 12", "LOCL_SPONS": "NPS", "CAMA_SIGN": "No", "PARKING": 18.0, "DUNE_WALK": "N", "OVERLOOK": "No", "HAND_DUNE": "No", "HAND_OVRLK": "No", "HAND_BEACH": "No", "HAND_PRKG": null, "RESTRM": "N", "SHOWER": "N", "PIC_TABLE": "No", "VEH_ACCESS": "Y", "BIKE_RACK": "No", "SURV_DATE": 1201737600000.0, "COMMENT_": "off-road vehicle permit required to drive on beach", "PRKG_COMMENTS": " ", "COUNTY": "Dare", "DCM_RO": "Elizabeth City Regional Office", "NCDCM_ID": 1102.0, "PHOTO": "ecity_dare_nps30ramp_044.png", "PRK_FEE": "No", "DCM_Funded": "N", "CONTRACT_YR": null, "CONTRACT_NUM": null, "ACESS_TYPE": "Beach", "KayakCanoeLaunch": "No", "PARKING_OPTIONS": "Onsite Parking", "BeachWheelchair": "N", "BWC_Info": "n/a", "PaidParkURL": "n/a", "WaterAccessTYPE": "Ocean", "BeachMat": null, "Land_Status": "Federal", "NEAR_FID": 607.0, "NEAR_DIST": 11266.608868723712, "ACCESSIBILITY_NOTES": null, "LIFEGUARDS": null }, "geometry": { "type": "Point", "coordinates": [ -75.485763812960997, 35.438778800588203 ] } },
{ "type": "Feature", "properties": { "ACCESS_ID": "Ramp 27", "OBJECTID": 607, "PLACE": "Dare County", "ACCESS_LOC": "NC 12", "LOCL_SPONS": "NPS", "CAMA_SIGN": "No", "PARKING": 20.0, "DUNE_WALK": "Y", "OVERLOOK": "Yes", "HAND_DUNE": "Yes", "HAND_OVRLK": "Yes", "HAND_BEACH": "No", "HAND_PRKG": 2.0, "RESTRM": "N", "SHOWER": "N", "PIC_TABLE": "No", "VEH_ACCESS": "Y", "BIKE_RACK": "No", "SURV_DATE": 1201737600000.0, "COMMENT_": "off-road vehicle permit required to drive on beach", "PRKG_COMMENTS": " ", "COUNTY": "Dare", "DCM_RO": "Elizabeth City Regional Office", "NCDCM_ID": 1103.0, "PHOTO": "ecity_dare_nps27ramp_045.png", "PRK_FEE": "No", "DCM_Funded": "N", "CONTRACT_YR": null, "CONTRACT_NUM": null, "ACESS_TYPE": "Beach", "KayakCanoeLaunch": "No", "PARKING_OPTIONS": "Onsite Parking", "BeachWheelchair": "N", "BWC_Info": "n/a", "PaidParkURL": "n/a", "WaterAccessTYPE": "Ocean", "BeachMat": null, "Land_Status": "Federal", "NEAR_FID": 732.0, "NEAR_DIST": 9914.1124743293803, "ACCESSIBILITY_NOTES": null, "LIFEGUARDS": null }, "geometry": { "type": "Point", "coordinates": [ -75.483245455232193, 35.469665705676299 ] } },
{ "type": "Feature", "properties": { "ACCESS_ID": "Ramp 25", "OBJECTID": 732, "PLACE": "Dare County", "ACCESS_LOC": "NC 12", "LOCL_SPONS": "NPS", "CAMA_SIGN": "No", "PARKING": 9.0, "DUNE_WALK": "Y", "OVERLOOK": "No", "HAND_DUNE": "Yes", "HAND_OVRLK": "No", "HAND_BEACH": "Y", "HAND_PRKG": 1.0, "RESTRM": "N", "SHOWER": "N", "PIC_TABLE": "No", "VEH_ACCESS": "Y", "BIKE_RACK": "No", "SURV_DATE": 1462320000000.0, "COMMENT_": "off-road vehicle permit required to drive on beach ", "PRKG_COMMENTS": " 6 off-road parking spaces", "COUNTY": "Dare", "DCM_RO": "Elizabeth City Regional Office", "NCDCM_ID": 0.0, "PHOTO": "ecity_dare_nps25ramp_204.JPG", "PRK_FEE": "No", "DCM_Funded": "N", "CONTRACT_YR": null, "CONTRACT_NUM": null, "ACESS_TYPE": "Beach", "KayakCanoeLaunch": "No", "PARKING_OPTIONS": "Onsite Parking", "BeachWheelchair": "N", "BWC_Info": "n/a", "PaidParkURL": "n/a", "WaterAccessTYPE": "Ocean", "BeachMat": null, "Land_Status": "Federal", "NEAR_FID": 607.0, "NEAR_DIST": 9914.1124743293803, "ACCESSIBILITY_NOTES": null, "LIFEGUARDS": null }, "geometry": { "type": "Point", "coordinates": [ -75.479652000059602, 35.4967459999786 ] } },
{ "type": "Feature", "properties": { "ACCESS_ID": "Ramp 23", "OBJECTID": 608, "PLACE": "Dare County", "ACCESS_LOC": "NC 12", "LOCL_SPONS": "NPS", "CAMA_SIGN": "No", "PARKING": 12.0, "DUNE_WALK": "N", "OVERLOOK": "No", "HAND_DUNE": "No", "HAND_OVRLK": "No", "HAND_BEACH": "No", "HAND_PRKG": null, "RESTRM": "N", "SHOWER": "N", "PIC_TABLE": "No", "VEH_ACCESS": "S", "BIKE_RACK": "No", "SURV_DATE": 1201651200000.0, "COMMENT_": "off-road vehicle permit required to drive on beach", "PRKG_COMMENTS": " ", "COUNTY": "Dare", "DCM_RO": "Elizabeth City Regional Office", "NCDCM_ID": 1104.0, "PHOTO": "ecity_dare_nps23ramp_046.png", "PRK_FEE": "No", "DCM_Funded": "N", "CONTRACT_YR": null, "CONTRACT_NUM": null, "ACESS_TYPE": "Beach", "KayakCanoeLaunch": "No", "PARKING_OPTIONS": "Onsite Parking", "BeachWheelchair": "N", "BWC_Info": "n/a", "PaidParkURL": "n/a", "WaterAccessTYPE": "Ocean", "BeachMat": null, "Land_Status": "Federal", "NEAR_FID": 642.0, "NEAR_DIST": 708.42795529870114, "ACCESSIBILITY_NOTES": null, "LIFEGUARDS": null }, "geometry": { "type": "Point", "coordinates": [ -75.473050690668401, 35.531981480062498 ] } },
{ "type": "Feature", "properties": { "ACCESS_ID": "Salvo Day Use Area", "OBJECTID": 642, "PLACE": "Dare County", "ACCESS_LOC": "NC 12", "LOCL_SPONS": "NPS", "CAMA_SIGN": "No", "PARKING": 60.0, "DUNE_WALK": "N", "OVERLOOK": "No", "HAND_DUNE": "No", "HAND_OVRLK": "No", "HAND_BEACH": "No", "HAND_PRKG": 1.0, "RESTRM": "Y", "SHOWER": "Y", "PIC_TABLE": "Yes", "VEH_ACCESS": " ", "BIKE_RACK": "Yes", "SURV_DATE": 1201737600000.0, "COMMENT_": "Sound Access", "PRKG_COMMENTS": "Unmarked parking", "COUNTY": "Dare", "DCM_RO": "Elizabeth City Regional Office", "NCDCM_ID": 1116.0, "PHOTO": "ecity_dare_npssalvodayuse_064.png", "PRK_FEE": "No", "DCM_Funded": "N", "CONTRACT_YR": null, "CONTRACT_NUM": null, "ACESS_TYPE": "Shoreline", "KayakCanoeLaunch": "No", "PARKING_OPTIONS": "Onsite Parking", "BeachWheelchair": "N", "BWC_Info": "n/a", "PaidParkURL": "n/a", "WaterAccessTYPE": "Estuarine", "BeachMat": null, "Land_Status": "Federal", "NEAR_FID": 608.0, "NEAR_DIST": 708.42795529870114, "ACCESSIBILITY_NOTES": null, "LIFEGUARDS": null }, "geometry": { "type": "Point", "coordinates": [ -75.475431653769405, 35.532005621960899 ] } },
{ "type": "Feature", "properties": { "ACCESS_ID": "Rodanthe Beach Access", "OBJECTID": 731, "PLACE": "Dare County", "ACCESS_LOC": "23731 NC Highway 12", "LOCL_SPONS": "Dare County", "CAMA_SIGN": "Yes", "PARKING": 83.0, "DUNE_WALK": "Y", "OVERLOOK": "Yes", "HAND_DUNE": "Yes", "HAND_OVRLK": "Yes", "HAND_BEACH": "Y", "HAND_PRKG": 4.0, "RESTRM": "Y", "SHOWER": "Y", "PIC_TABLE": "Yes", "VEH_ACCESS": " ", "BIKE_RACK": "Yes", "SURV_DATE": 1462320000000.0, "COMMENT_": "no designated handicapped parking at the dune crossover", "PRKG_COMMENTS": null, "COUNTY": "Dare", "DCM_RO": "Elizabeth City Regional Office", "NCDCM_ID": 0.0, "PHOTO": "ecity_dare_rodanthebeach_203.JPG", "PRK_FEE": "No", "DCM_Funded": "Y", "CONTRACT_YR": null, "CONTRACT_NUM": null, "ACESS_TYPE": "Shoreline", "KayakCanoeLaunch": "No", "PARKING_OPTIONS": "Onsite Parking", "BeachWheelchair": "N", "BWC_Info": "n/a", "PaidParkURL": "n/a", "WaterAccessTYPE": "Estuarine", "BeachMat": null, "Land_Status": "Local Government", "NEAR_FID": 608.0, "NEAR_DIST": 22830.019823950202, "ACCESSIBILITY_NOTES": null, "LIFEGUARDS": null }, "geometry": { "type": "Point", "coordinates": [ -75.466364000002699, 35.594467999878198 ] } },
{ "type": "Feature", "properties": { "ACCESS_ID": "New Inlet Access", "OBJECTID": 632, "PLACE": "Dare County", "ACCESS_LOC": "NC 12", "LOCL_SPONS": "USFWS", "CAMA_SIGN": "No", "PARKING": 5.0, "DUNE_WALK": "N", "OVERLOOK": "No", "HAND_DUNE": "No", "HAND_OVRLK": "No", "HAND_BEACH": "No", "HAND_PRKG": null, "RESTRM": "N", "SHOWER": "N", "PIC_TABLE": "No", "VEH_ACCESS": " ", "BIKE_RACK": "No", "SURV_DATE": 1526342400000.0, "COMMENT_": "Beach and sound access - boat ramp and boat trailer parking", "PRKG_COMMENTS": " ", "COUNTY": "Dare", "DCM_RO": "Elizabeth City Regional Office", "NCDCM_ID": 1112.0, "PHOTO": "ecity_dare_usfwsnewinlet_054.png", "PRK_FEE": "No", "DCM_Funded": "N", "CONTRACT_YR": null, "CONTRACT_NUM": null, "ACESS_TYPE": "Beach", "KayakCanoeLaunch": "No", "PARKING_OPTIONS": "Onsite Parking", "BeachWheelchair": "N", "BWC_Info": "n/a", "PaidParkURL": "n/a", "WaterAccessTYPE": "Ocean", "BeachMat": null, "Land_Status": "Federal", "NEAR_FID": 628.0, "NEAR_DIST": 15408.540013873851, "ACCESSIBILITY_NOTES": null, "LIFEGUARDS": null }, "geometry": { "type": "Point", "coordinates": [ -75.480955631606705, 35.675218992940998 ] } },
{ "type": "Feature", "properties": { "ACCESS_ID": "Pea Island Visitor Center and North Pond Interpretive Trail", "OBJECTID": 628, "PLACE": "Dare County", "ACCESS_LOC": "NC 12", "LOCL_SPONS": "USFWS", "CAMA_SIGN": "No", "PARKING": 18.0, "DUNE_WALK": "N", "OVERLOOK": "No", "HAND_DUNE": "No", "HAND_OVRLK": "No", "HAND_BEACH": "No", "HAND_PRKG": 1.0, "RESTRM": "Y", "SHOWER": "N", "PIC_TABLE": "No", "VEH_ACCESS": " ", "BIKE_RACK": "Yes", "SURV_DATE": 1201651200000.0, "COMMENT_": "beach and sound access - overlook - walking and biking trail", "PRKG_COMMENTS": " ", "COUNTY": "Dare", "DCM_RO": "Elizabeth City Regional Office", "NCDCM_ID": 1110.0, "PHOTO": "ecity_dare_usfwsntrailpond_052.png", "PRK_FEE": "No", "DCM_Funded": "N", "CONTRACT_YR": null, "CONTRACT_NUM": null, "ACESS_TYPE": "Beach", "KayakCanoeLaunch": "No", "PARKING_OPTIONS": "Onsite Parking", "BeachWheelchair": "N", "BWC_Info": "n/a", "PaidParkURL": "n/a", "WaterAccessTYPE": "Ocean", "BeachMat": null, "Land_Status": "Federal", "NEAR_FID": 624.0, "NEAR_DIST": 1508.0093846910911, "ACCESSIBILITY_NOTES": null, "LIFEGUARDS": null }, "geometry": { "type": "Point", "coordinates": [ -75.493493142244304, 35.7162980231166 ] } },
{ "type": "Feature", "properties": { "ACCESS_ID": "Milepost 31 Beach Access", "OBJECTID": 624, "PLACE": "Dare County", "ACCESS_LOC": "NC 12", "LOCL_SPONS": "USFWS", "CAMA_SIGN": "No", "PARKING": 10.0, "DUNE_WALK": "N", "OVERLOOK": "No", "HAND_DUNE": "No", "HAND_OVRLK": "No", "HAND_BEACH": "No", "HAND_PRKG": null, "RESTRM": "N", "SHOWER": "N", "PIC_TABLE": "No", "VEH_ACCESS": " ", "BIKE_RACK": "No", "SURV_DATE": 1201737600000.0, "COMMENT_": "", "PRKG_COMMENTS": "Unmarked Parking", "COUNTY": "Dare", "DCM_RO": "Elizabeth City Regional Office", "NCDCM_ID": 1109.0, "PHOTO": "ecity_dare_usfws31milepost_051.png", "PRK_FEE": "No", "DCM_Funded": "N", "CONTRACT_YR": null, "CONTRACT_NUM": null, "ACESS_TYPE": "Beach", "KayakCanoeLaunch": "No", "PARKING_OPTIONS": "Onsite Parking", "BeachWheelchair": "N", "BWC_Info": "n/a", "PaidParkURL": "n/a", "WaterAccessTYPE": "Ocean", "BeachMat": null, "Land_Status": "Federal", "NEAR_FID": 628.0, "NEAR_DIST": 1508.0093846910911, "ACCESSIBILITY_NOTES": null, "LIFEGUARDS": null }, "geometry": { "type": "Point", "coordinates": [ -75.494990203529994, 35.720257095347698 ] } },
{ "type": "Feature", "properties": { "ACCESS_ID": "Salt Flats Wildlife Trail", "OBJECTID": 640, "PLACE": "Dare County", "ACCESS_LOC": "NC 12", "LOCL_SPONS": "USFWS", "CAMA_SIGN": "No", "PARKING": 8.0, "DUNE_WALK": "N", "OVERLOOK": "No", "HAND_DUNE": "No", "HAND_OVRLK": "No", "HAND_BEACH": "No", "HAND_PRKG": null, "RESTRM": "N", "SHOWER": "N", "PIC_TABLE": "No", "VEH_ACCESS": " ", "BIKE_RACK": "No", "SURV_DATE": 1201651200000.0, "COMMENT_": "beach and sound access - unmarked gravel parking - overlook - walking and biking trail", "PRKG_COMMENTS": " ", "COUNTY": "Dare", "DCM_RO": "Elizabeth City Regional Office", "NCDCM_ID": 1115.0, "PHOTO": "ecity_dare_usfwssaltflatstrail_063.png", "PRK_FEE": "No", "DCM_Funded": "N", "CONTRACT_YR": null, "CONTRACT_NUM": null, "ACESS_TYPE": "Beach", "KayakCanoeLaunch": "No", "PARKING_OPTIONS": "Onsite Parking", "BeachWheelchair": "N", "BWC_Info": "n/a", "PaidParkURL": "n/a", "WaterAccessTYPE": "Ocean", "BeachMat": null, "Land_Status": "Federal", "NEAR_FID": 624.0, "NEAR_DIST": 6569.9268047019086, "ACCESSIBILITY_NOTES": null, "LIFEGUARDS": null }, "geometry": { "type": "Point", "coordinates": [ -75.502516424625895, 35.7372316822592 ] } },
{ "type": "Feature", "properties": { "ACCESS_ID": "Swan Quarter Community Park", "OBJECTID": 824, "PLACE": "Swan Quarter", "ACCESS_LOC": "Rose Bay Road (NC 45) &  Main Street (SR 1243) leading to the boat launch. ", "LOCL_SPONS": "Hyde County", "CAMA_SIGN": "No", "PARKING": 20.0, "DUNE_WALK": "Y", "OVERLOOK": "Y", "HAND_DUNE": "Y", "HAND_OVRLK": "Y", "HAND_BEACH": "N", "HAND_PRKG": 1.0, "RESTRM": "N", "SHOWER": "N", "PIC_TABLE": "N", "VEH_ACCESS": "No", "BIKE_RACK": "N", "SURV_DATE": 1617196706000.0, "COMMENT_": "Boardwalk to gazebo", "PRKG_COMMENTS": null, "COUNTY": "Hyde", "DCM_RO": "MHC", "NCDCM_ID": null, "PHOTO": null, "PRK_FEE": "N", "DCM_Funded": "Y", "CONTRACT_YR": "2006-2007", "CONTRACT_NUM": "S07007", "ACESS_TYPE": "Shoreline", "KayakCanoeLaunch": "N", "PARKING_OPTIONS": "Onsite Parking", "BeachWheelchair": "N", "BWC_Info": "n/a", "PaidParkURL": "n/a", "WaterAccessTYPE": "Estuarine", "BeachMat": null, "Land_Status": "County", "NEAR_FID": 786.0, "NEAR_DIST": 23140.488989917034, "ACCESSIBILITY_NOTES": null, "LIFEGUARDS": null }, "geometry": { "type": "Point", "coordinates": [ -76.330173253124201, 35.406059518940403 ] } },
{ "type": "Feature", "properties": { "ACCESS_ID": "Wrights Creek", "OBJECTID": 820, "PLACE": "Belhaven", "ACCESS_LOC": "1922 Wilkins Rd", "LOCL_SPONS": "Beaufort County", "CAMA_SIGN": "Yes", "PARKING": 0.0, "DUNE_WALK": "N", "OVERLOOK": "N", "HAND_DUNE": "N", "HAND_OVRLK": "N", "HAND_BEACH": "N", "HAND_PRKG": 0.0, "RESTRM": "N", "SHOWER": "N", "PIC_TABLE": "N", "VEH_ACCESS": "No", "BIKE_RACK": "N", "SURV_DATE": 1617187786000.0, "COMMENT_": "Unimproved Site", "PRKG_COMMENTS": null, "COUNTY": "Beaufort", "DCM_RO": "MHC", "NCDCM_ID": null, "PHOTO": null, "PRK_FEE": null, "DCM_Funded": "Y", "CONTRACT_YR": "2015-2016", "CONTRACT_NUM": "6729", "ACESS_TYPE": "Shoreline", "KayakCanoeLaunch": "N", "PARKING_OPTIONS": "Onsite Parking", "BeachWheelchair": "N", "BWC_Info": "n/a", "PaidParkURL": "n/a", "WaterAccessTYPE": "Estuarine", "BeachMat": null, "Land_Status": "County", "NEAR_FID": 773.0, "NEAR_DIST": 374.11387156411541, "ACCESSIBILITY_NOTES": null, "LIFEGUARDS": null }, "geometry": { "type": "Point", "coordinates": [ -76.591872922179505, 35.413422791736302 ] } },
{ "type": "Feature", "properties": { "ACCESS_ID": "Wrights Creek", "OBJECTID": 773, "PLACE": "Belhaven", "ACCESS_LOC": "1922 Wilkins Rd", "LOCL_SPONS": "Beaufort County", "CAMA_SIGN": "Yes", "PARKING": 7.0, "DUNE_WALK": "N", "OVERLOOK": "N", "HAND_DUNE": "N", "HAND_OVRLK": "N", "HAND_BEACH": "No", "HAND_PRKG": 5.0, "RESTRM": "N", "SHOWER": "N", "PIC_TABLE": "No", "VEH_ACCESS": "No", "BIKE_RACK": "No", "SURV_DATE": 1541030400000.0, "COMMENT_": "", "PRKG_COMMENTS": "Boat Trailer & Single-Vehicle Parking", "COUNTY": "Beaufort County", "DCM_RO": "Morehead City Regional Office", "NCDCM_ID": null, "PHOTO": null, "PRK_FEE": "No", "DCM_Funded": "Y", "CONTRACT_YR": "2013-2014", "CONTRACT_NUM": "5845", "ACESS_TYPE": "Shoreline", "KayakCanoeLaunch": "Yes", "PARKING_OPTIONS": "Onsite Parking", "BeachWheelchair": "N", "BWC_Info": "n/a", "PaidParkURL": "n/a", "WaterAccessTYPE": "Estuarine", "BeachMat": null, "Land_Status": "County", "NEAR_FID": 820.0, "NEAR_DIST": 374.11387156411541, "ACCESSIBILITY_NOTES": null, "LIFEGUARDS": null }, "geometry": { "type": "Point", "coordinates": [ -76.591788271235302, 35.414448358431798 ] } },
{ "type": "Feature", "properties": { "ACCESS_ID": "Bell Island Pier", "OBJECTID": 786, "PLACE": "Swan Quarter", "ACCESS_LOC": "2-mile dirt road off Hwy 264 just west of Swan Quarter", "LOCL_SPONS": "Swan Quarter Refuge", "CAMA_SIGN": "No", "PARKING": 8.0, "DUNE_WALK": "N", "OVERLOOK": "Yes", "HAND_DUNE": "No", "HAND_OVRLK": "Yes", "HAND_BEACH": "No", "HAND_PRKG": null, "RESTRM": "N", "SHOWER": "N", "PIC_TABLE": "No", "VEH_ACCESS": "No", "BIKE_RACK": "No", "SURV_DATE": 1565049600000.0, "COMMENT_": "Fishing Pier", "PRKG_COMMENTS": "Unmarked gravel parking", "COUNTY": "Hyde", "DCM_RO": "Morehead City Regional Office", "NCDCM_ID": null, "PHOTO": null, "PRK_FEE": "No", "DCM_Funded": "N", "CONTRACT_YR": null, "CONTRACT_NUM": null, "ACESS_TYPE": "Shoreline", "KayakCanoeLaunch": "No", "PARKING_OPTIONS": "Onsite Parking", "BeachWheelchair": "N", "BWC_Info": "n/a", "PaidParkURL": "n/a", "WaterAccessTYPE": "Estuarine", "BeachMat": null, "Land_Status": "Federal", "NEAR_FID": 824.0, "NEAR_DIST": 23140.488989917034, "ACCESSIBILITY_NOTES": null, "LIFEGUARDS": null }, "geometry": { "type": "Point", "coordinates": [ -76.398829284925498, 35.435792780689297 ] } },
{ "type": "Feature", "properties": { "ACCESS_ID": "Belhaven Beach", "OBJECTID": 905, "PLACE": "Belhaven", "ACCESS_LOC": "899 E Main St", "LOCL_SPONS": "Belhaven", "CAMA_SIGN": "Yes", "PARKING": 7.0, "DUNE_WALK": "N", "OVERLOOK": "N", "HAND_DUNE": "N", "HAND_OVRLK": "N", "HAND_BEACH": "N", "HAND_PRKG": 1.0, "RESTRM": "Y", "SHOWER": null, "PIC_TABLE": null, "VEH_ACCESS": "No", "BIKE_RACK": null, "SURV_DATE": 1700144624000.0, "COMMENT_": null, "PRKG_COMMENTS": null, "COUNTY": "Beaufort", "DCM_RO": "WARO", "NCDCM_ID": null, "PHOTO": null, "PRK_FEE": "N", "DCM_Funded": "Y", "CONTRACT_YR": "2010-2011", "CONTRACT_NUM": "4295", "ACESS_TYPE": "Shoreline", "KayakCanoeLaunch": "N", "PARKING_OPTIONS": "Both Parking Options", "BeachWheelchair": "N", "BWC_Info": null, "PaidParkURL": "n/a", "WaterAccessTYPE": "Estuarine", "BeachMat": "No", "Land_Status": "Municipality", "NEAR_FID": 773.0, "NEAR_DIST": 43793.082519700991, "ACCESSIBILITY_NOTES": null, "LIFEGUARDS": null }, "geometry": { "type": "Point", "coordinates": [ -76.6122449643469, 35.533602121796399 ] } },
{ "type": "Feature", "properties": { "ACCESS_ID": "Belhaven Harbor Park", "OBJECTID": 930, "PLACE": "Belhaven", "ACCESS_LOC": " 284 East Water Street", "LOCL_SPONS": "Belhaven", "CAMA_SIGN": null, "PARKING": 0.0, "DUNE_WALK": "N", "OVERLOOK": "N", "HAND_DUNE": "N", "HAND_OVRLK": "N", "HAND_BEACH": "N", "HAND_PRKG": 0.0, "RESTRM": "N", "SHOWER": "N", "PIC_TABLE": "N", "VEH_ACCESS": "No", "BIKE_RACK": "N", "SURV_DATE": 1767744000000.0, "COMMENT_": " 200-foot dock", "PRKG_COMMENTS": null, "COUNTY": "Beaufort", "DCM_RO": "WARO", "NCDCM_ID": null, "PHOTO": null, "PRK_FEE": "N", "DCM_Funded": "Y", "CONTRACT_YR": "2025", "CONTRACT_NUM": null, "ACESS_TYPE": "Shoreline", "KayakCanoeLaunch": "N", "PARKING_OPTIONS": "On-Street Parking", "BeachWheelchair": "N", "BWC_Info": null, "PaidParkURL": null, "WaterAccessTYPE": null, "BeachMat": "No", "Land_Status": "Local Government", "NEAR_FID": null, "NEAR_DIST": null, "ACCESSIBILITY_NOTES": null, "LIFEGUARDS": "No" }, "geometry": { "type": "Point", "coordinates": [ -76.6218888972749, 35.537173678527303 ] } },
{ "type": "Feature", "properties": { "ACCESS_ID": "Oregon Inlet Bridge Lot", "OBJECTID": 620, "PLACE": "Dare County", "ACCESS_LOC": "NC 12 south side of Oregon Inlet", "LOCL_SPONS": "USFWS", "CAMA_SIGN": "No", "PARKING": 64.0, "DUNE_WALK": "N", "OVERLOOK": "No", "HAND_DUNE": "No", "HAND_OVRLK": "No", "HAND_BEACH": "No", "HAND_PRKG": 2.0, "RESTRM": "N", "SHOWER": "N", "PIC_TABLE": "No", "VEH_ACCESS": " ", "BIKE_RACK": "No", "SURV_DATE": 1554940800000.0, "COMMENT_": "CLOSED - parking for fishing off the bridge", "PRKG_COMMENTS": null, "COUNTY": "Dare", "DCM_RO": "Elizabeth City Regional Office", "NCDCM_ID": 1108.0, "PHOTO": "ecity_dare_usfwsoregoninletparking_050.png", "PRK_FEE": "No", "DCM_Funded": "N", "CONTRACT_YR": null, "CONTRACT_NUM": null, "ACESS_TYPE": "Beach", "KayakCanoeLaunch": "No", "PARKING_OPTIONS": "Onsite Parking", "BeachWheelchair": "N", "BWC_Info": "n/a", "PaidParkURL": "n/a", "WaterAccessTYPE": "Ocean", "BeachMat": null, "Land_Status": "Federal", "NEAR_FID": 617.0, "NEAR_DIST": 12263.7064512201, "ACCESSIBILITY_NOTES": null, "LIFEGUARDS": null }, "geometry": { "type": "Point", "coordinates": [ -75.525308894137893, 35.766906010179 ] } },
{ "type": "Feature", "properties": { "ACCESS_ID": "Ramp 4", "OBJECTID": 617, "PLACE": "Dare County", "ACCESS_LOC": "NC 12", "LOCL_SPONS": "NPS", "CAMA_SIGN": "No", "PARKING": 0.0, "DUNE_WALK": "N", "OVERLOOK": "No", "HAND_DUNE": "No", "HAND_OVRLK": "No", "HAND_BEACH": "No", "HAND_PRKG": 0.0, "RESTRM": "N", "SHOWER": "N", "PIC_TABLE": "No", "VEH_ACCESS": "Y", "BIKE_RACK": "No", "SURV_DATE": 1201651200000.0, "COMMENT_": "off-road vehicle permit required to drive on beach", "PRKG_COMMENTS": null, "COUNTY": "Dare", "DCM_RO": "Elizabeth City Regional Office", "NCDCM_ID": 1107.0, "PHOTO": "ecity_dare_nps4ramp_049.png", "PRK_FEE": null, "DCM_Funded": "N", "CONTRACT_YR": null, "CONTRACT_NUM": null, "ACESS_TYPE": "Beach", "KayakCanoeLaunch": "No", "PARKING_OPTIONS": "No Parking", "BeachWheelchair": "N", "BWC_Info": "n/a", "PaidParkURL": "n/a", "WaterAccessTYPE": "Ocean", "BeachMat": null, "Land_Status": "Federal", "NEAR_FID": 613.0, "NEAR_DIST": 9675.4598845233668, "ACCESSIBILITY_NOTES": null, "LIFEGUARDS": null }, "geometry": { "type": "Point", "coordinates": [ -75.546224813564194, 35.795969383320802 ] } },
{ "type": "Feature", "properties": { "ACCESS_ID": "Bodie Island Visitor Center", "OBJECTID": 613, "PLACE": "Dare County", "ACCESS_LOC": "Bodie Island Lighthouse Road", "LOCL_SPONS": "NPS", "CAMA_SIGN": "No", "PARKING": 32.0, "DUNE_WALK": "N", "OVERLOOK": "No", "HAND_DUNE": "No", "HAND_OVRLK": "No", "HAND_BEACH": "No", "HAND_PRKG": 2.0, "RESTRM": "Y", "SHOWER": "N", "PIC_TABLE": "No", "VEH_ACCESS": " ", "BIKE_RACK": "Yes", "SURV_DATE": 1519776000000.0, "COMMENT_": "Sound Access", "PRKG_COMMENTS": null, "COUNTY": "Dare", "DCM_RO": "Elizabeth City Regional Office", "NCDCM_ID": 1106.0, "PHOTO": "ecity_dare_npsbodieislandlighthouse_048.png", "PRK_FEE": "No", "DCM_Funded": "N", "CONTRACT_YR": null, "CONTRACT_NUM": null, "ACESS_TYPE": "Shoreline", "KayakCanoeLaunch": "No", "PARKING_OPTIONS": "Onsite Parking", "BeachWheelchair": "N", "BWC_Info": "n/a", "PaidParkURL": "n/a", "WaterAccessTYPE": "Estuarine", "BeachMat": null, "Land_Status": "Federal", "NEAR_FID": 609.0, "NEAR_DIST": 5252.1795679506877, "ACCESSIBILITY_NOTES": null, "LIFEGUARDS": null }, "geometry": { "type": "Point", "coordinates": [ -75.563976501843698, 35.818273163345602 ] } },
{ "type": "Feature", "properties": { "ACCESS_ID": "Coquina Beach and Ramp 2", "OBJECTID": 609, "PLACE": "Dare County", "ACCESS_LOC": "NC 12 east of Bodie Island Lighthouse Road intersection", "LOCL_SPONS": "NPS", "CAMA_SIGN": "No", "PARKING": 178.0, "DUNE_WALK": "Y", "OVERLOOK": "Yes", "HAND_DUNE": "Yes", "HAND_OVRLK": "Yes", "HAND_BEACH": "No", "HAND_PRKG": null, "RESTRM": "Y", "SHOWER": "Y", "PIC_TABLE": "No", "VEH_ACCESS": "S", "BIKE_RACK": "Yes", "SURV_DATE": 1201737600000.0, "COMMENT_": "ORV Permit Office - off-road vehicle permit required to drive on beach - beach wheelchair available\r", "PRKG_COMMENTS": null, "COUNTY": "Dare", "DCM_RO": "Elizabeth City Regional Office", "NCDCM_ID": 1105.0, "PHOTO": "ecity_dare_nps2rampcoquinabeach_047.png", "PRK_FEE": "No", "DCM_Funded": "N", "CONTRACT_YR": null, "CONTRACT_NUM": null, "ACESS_TYPE": "Beach", "KayakCanoeLaunch": "No", "PARKING_OPTIONS": "Onsite Parking", "BeachWheelchair": "Y", "BWC_Info": null, "PaidParkURL": "n/a", "WaterAccessTYPE": "Ocean", "BeachMat": null, "Land_Status": "Federal", "NEAR_FID": 613.0, "NEAR_DIST": 5252.1795679506877, "ACCESSIBILITY_NOTES": null, "LIFEGUARDS": null }, "geometry": { "type": "Point", "coordinates": [ -75.558748721911797, 35.832059845983501 ] } },
{ "type": "Feature", "properties": { "ACCESS_ID": "Ramp 0", "OBJECTID": 638, "PLACE": "Dare County", "ACCESS_LOC": "S. Old Oregon Inlet Road just north of Park Service Road", "LOCL_SPONS": "NPS", "CAMA_SIGN": "No", "PARKING": 15.0, "DUNE_WALK": "N", "OVERLOOK": "No", "HAND_DUNE": "No", "HAND_OVRLK": "No", "HAND_BEACH": "No", "HAND_PRKG": null, "RESTRM": "N", "SHOWER": "N", "PIC_TABLE": "No", "VEH_ACCESS": "S", "BIKE_RACK": "No", "SURV_DATE": 1198022400000.0, "COMMENT_": "off-road vehicle permit required to drive on beach ", "PRKG_COMMENTS": "unmarked gravel parking", "COUNTY": "Dare", "DCM_RO": "Elizabeth City Regional Office", "NCDCM_ID": 1114.0, "PHOTO": "ecity_dare_nps0ramp_060.png", "PRK_FEE": "No", "DCM_Funded": "N", "CONTRACT_YR": null, "CONTRACT_NUM": null, "ACESS_TYPE": "Beach", "KayakCanoeLaunch": "No", "PARKING_OPTIONS": "Onsite Parking", "BeachWheelchair": "N", "BWC_Info": "n/a", "PaidParkURL": "n/a", "WaterAccessTYPE": "Ocean", "BeachMat": null, "Land_Status": "Federal", "NEAR_FID": 595.0, "NEAR_DIST": 1496.1944265770683, "ACCESSIBILITY_NOTES": null, "LIFEGUARDS": null }, "geometry": { "type": "Point", "coordinates": [ -75.564629437816393, 35.846346698464899 ] } },
{ "type": "Feature", "properties": { "ACCESS_ID": "Ehmann Property", "OBJECTID": 595, "PLACE": "Nags Head", "ACCESS_LOC": "10325 Old Oregon Inlet Road", "LOCL_SPONS": "Town of Nags Head", "CAMA_SIGN": "Yes", "PARKING": 0.0, "DUNE_WALK": "N", "OVERLOOK": "No", "HAND_DUNE": "No", "HAND_OVRLK": "No", "HAND_BEACH": "No", "HAND_PRKG": 0.0, "RESTRM": "N", "SHOWER": "N", "PIC_TABLE": "No", "VEH_ACCESS": " ", "BIKE_RACK": "No", "SURV_DATE": 1198022400000.0, "COMMENT_": " ", "PRKG_COMMENTS": null, "COUNTY": "Dare", "DCM_RO": "Elizabeth City Regional Office", "NCDCM_ID": 1219.0, "PHOTO": "ecity_nh_ehmann_185.png", "PRK_FEE": null, "DCM_Funded": "N", "CONTRACT_YR": null, "CONTRACT_NUM": null, "ACESS_TYPE": "Beach", "KayakCanoeLaunch": "No", "PARKING_OPTIONS": "No Parking", "BeachWheelchair": "Y", "BWC_Info": "http://nagsheadnc.gov/309/Public-Beach-Accesses", "PaidParkURL": "n/a", "WaterAccessTYPE": "Ocean", "BeachMat": "No", "Land_Status": "Municipality", "NEAR_FID": 638.0, "NEAR_DIST": 1496.1944265770683, "ACCESSIBILITY_NOTES": null, "LIFEGUARDS": null }, "geometry": { "type": "Point", "coordinates": [ -75.566440922027894, 35.8501833967956 ] } },
{ "type": "Feature", "properties": { "ACCESS_ID": "Juncos Street", "OBJECTID": 594, "PLACE": "Nags Head", "ACCESS_LOC": "S. Old Oregon Inlet Road and Juncos Street", "LOCL_SPONS": "Town of Nags Head", "CAMA_SIGN": "Yes", "PARKING": 20.0, "DUNE_WALK": "Y", "OVERLOOK": "No", "HAND_DUNE": "No", "HAND_OVRLK": "No", "HAND_BEACH": "No", "HAND_PRKG": null, "RESTRM": "N", "SHOWER": "Y", "PIC_TABLE": "No", "VEH_ACCESS": "S", "BIKE_RACK": "No", "SURV_DATE": 1652745600000.0, "COMMENT_": "Accessible to wheelchairs/strollers for beach viewing.", "PRKG_COMMENTS": null, "COUNTY": "Dare", "DCM_RO": "Elizabeth City Regional Office", "NCDCM_ID": 1218.0, "PHOTO": "ecity_nh_juncos_184.png", "PRK_FEE": "No", "DCM_Funded": "N", "CONTRACT_YR": null, "CONTRACT_NUM": null, "ACESS_TYPE": "Beach", "KayakCanoeLaunch": "No", "PARKING_OPTIONS": "Onsite Parking", "BeachWheelchair": "Y", "BWC_Info": "http://nagsheadnc.gov/309/Public-Beach-Accesses", "PaidParkURL": "n/a", "WaterAccessTYPE": "Ocean", "BeachMat": "No", "Land_Status": "Municipality", "NEAR_FID": 593.0, "NEAR_DIST": 857.93822734592823, "ACCESSIBILITY_NOTES": "Accessible to wheelchairs/strollers for beach viewing", "LIFEGUARDS": null }, "geometry": { "type": "Point", "coordinates": [ -75.575479968944407, 35.869341284682498 ] } },
{ "type": "Feature", "properties": { "ACCESS_ID": "Jacob Street", "OBJECTID": 593, "PLACE": "Nags Head", "ACCESS_LOC": "S. Old Oregon Inlet Road and Jacob Street", "LOCL_SPONS": "Town of Nags Head", "CAMA_SIGN": "Yes", "PARKING": 0.0, "DUNE_WALK": "N", "OVERLOOK": "No", "HAND_DUNE": "No", "HAND_OVRLK": "No", "HAND_BEACH": "No", "HAND_PRKG": 0.0, "RESTRM": "N", "SHOWER": "N", "PIC_TABLE": "No", "VEH_ACCESS": " ", "BIKE_RACK": "No", "SURV_DATE": 1198022400000.0, "COMMENT_": " ", "PRKG_COMMENTS": null, "COUNTY": "Dare", "DCM_RO": "Elizabeth City Regional Office", "NCDCM_ID": 1217.0, "PHOTO": "ecity_nh_jacob_183.png", "PRK_FEE": null, "DCM_Funded": "Y", "CONTRACT_YR": null, "CONTRACT_NUM": null, "ACESS_TYPE": "Beach", "KayakCanoeLaunch": "No", "PARKING_OPTIONS": "No Parking", "BeachWheelchair": "Y", "BWC_Info": "http://nagsheadnc.gov/309/Public-Beach-Accesses", "PaidParkURL": "n/a", "WaterAccessTYPE": "Ocean", "BeachMat": "No", "Land_Status": "Municipality", "NEAR_FID": 592.0, "NEAR_DIST": 847.02643286250782, "ACCESSIBILITY_NOTES": null, "LIFEGUARDS": null }, "geometry": { "type": "Point", "coordinates": [ -75.576797614209895, 35.871440088143103 ] } },
{ "type": "Feature", "properties": { "ACCESS_ID": "James Street", "OBJECTID": 592, "PLACE": "Nags Head", "ACCESS_LOC": "S. Old Oregon Inlet Road and James Street", "LOCL_SPONS": "Town of Nags Head", "CAMA_SIGN": "No", "PARKING": 0.0, "DUNE_WALK": "N", "OVERLOOK": "No", "HAND_DUNE": "No", "HAND_OVRLK": "No", "HAND_BEACH": "No", "HAND_PRKG": 0.0, "RESTRM": "N", "SHOWER": "N", "PIC_TABLE": "No", "VEH_ACCESS": " ", "BIKE_RACK": "No", "SURV_DATE": 1198022400000.0, "COMMENT_": " ", "PRKG_COMMENTS": null, "COUNTY": "Dare", "DCM_RO": "Elizabeth City Regional Office", "NCDCM_ID": 1216.0, "PHOTO": "ecity_nh_james_182.png", "PRK_FEE": null, "DCM_Funded": "N", "CONTRACT_YR": null, "CONTRACT_NUM": null, "ACESS_TYPE": "Beach", "KayakCanoeLaunch": "No", "PARKING_OPTIONS": "No Parking", "BeachWheelchair": "Y", "BWC_Info": "http://nagsheadnc.gov/309/Public-Beach-Accesses", "PaidParkURL": "n/a", "WaterAccessTYPE": "Ocean", "BeachMat": "No", "Land_Status": "Municipality", "NEAR_FID": 591.0, "NEAR_DIST": 846.91638202442164, "ACCESSIBILITY_NOTES": null, "LIFEGUARDS": null }, "geometry": { "type": "Point", "coordinates": [ -75.577909577614605, 35.873583839403601 ] } },
{ "type": "Feature", "properties": { "ACCESS_ID": "June Street", "OBJECTID": 591, "PLACE": "Nags Head", "ACCESS_LOC": "S. Old Oregon Inlet Road and June Street", "LOCL_SPONS": "Town of Nags Head", "CAMA_SIGN": "Yes", "PARKING": 12.0, "DUNE_WALK": "Y", "OVERLOOK": "Yes", "HAND_DUNE": "Yes", "HAND_OVRLK": "Yes", "HAND_BEACH": "No", "HAND_PRKG": 1.0, "RESTRM": "N", "SHOWER": "Y", "PIC_TABLE": "No", "VEH_ACCESS": " ", "BIKE_RACK": "Yes", "SURV_DATE": 1652745600000.0, "COMMENT_": "Accessible to wheelchairs/strollers for beach viewing.", "PRKG_COMMENTS": null, "COUNTY": "Dare", "DCM_RO": "Elizabeth City Regional Office", "NCDCM_ID": 1215.0, "PHOTO": "ecity_nh_june_181.png", "PRK_FEE": "No", "DCM_Funded": "Y", "CONTRACT_YR": null, "CONTRACT_NUM": null, "ACESS_TYPE": "Beach", "KayakCanoeLaunch": "No", "PARKING_OPTIONS": "Onsite Parking", "BeachWheelchair": "Y", "BWC_Info": "http://nagsheadnc.gov/309/Public-Beach-Accesses", "PaidParkURL": "n/a", "WaterAccessTYPE": "Ocean", "BeachMat": "No", "Land_Status": "Municipality", "NEAR_FID": 592.0, "NEAR_DIST": 846.91638202442164, "ACCESSIBILITY_NOTES": null, "LIFEGUARDS": null }, "geometry": { "type": "Point", "coordinates": [ -75.578932994980093, 35.875756289636797 ] } },
{ "type": "Feature", "properties": { "ACCESS_ID": "Jay Street", "OBJECTID": 590, "PLACE": "Nags Head", "ACCESS_LOC": "S. Old Oregon Inlet Road and Jay Street", "LOCL_SPONS": "Town of Nags Head", "CAMA_SIGN": "Yes", "PARKING": 0.0, "DUNE_WALK": "N", "OVERLOOK": "No", "HAND_DUNE": "No", "HAND_OVRLK": "No", "HAND_BEACH": "No", "HAND_PRKG": 0.0, "RESTRM": "N", "SHOWER": "N", "PIC_TABLE": "No", "VEH_ACCESS": " ", "BIKE_RACK": "No", "SURV_DATE": 1198022400000.0, "COMMENT_": " ", "PRKG_COMMENTS": null, "COUNTY": "Dare", "DCM_RO": "Elizabeth City Regional Office", "NCDCM_ID": 1214.0, "PHOTO": "ecity_nh_jay_180.png", "PRK_FEE": null, "DCM_Funded": "N", "CONTRACT_YR": null, "CONTRACT_NUM": null, "ACESS_TYPE": "Beach", "KayakCanoeLaunch": "No", "PARKING_OPTIONS": "No Parking", "BeachWheelchair": "Y", "BWC_Info": "http://nagsheadnc.gov/309/Public-Beach-Accesses", "PaidParkURL": "n/a", "WaterAccessTYPE": "Ocean", "BeachMat": "No", "Land_Status": "Municipality", "NEAR_FID": 589.0, "NEAR_DIST": 852.73337799691365, "ACCESSIBILITY_NOTES": null, "LIFEGUARDS": null }, "geometry": { "type": "Point", "coordinates": [ -75.580334960609704, 35.878557496849901 ] } },
{ "type": "Feature", "properties": { "ACCESS_ID": "Indigo Street", "OBJECTID": 589, "PLACE": "Nags Head", "ACCESS_LOC": "S. Old Oregon Inlet Road and Indigo Street", "LOCL_SPONS": "Town of Nags Head", "CAMA_SIGN": "Yes", "PARKING": 10.0, "DUNE_WALK": "Y", "OVERLOOK": "Yes", "HAND_DUNE": "Yes", "HAND_OVRLK": "Yes", "HAND_BEACH": "No", "HAND_PRKG": 1.0, "RESTRM": "N", "SHOWER": "Y", "PIC_TABLE": "No", "VEH_ACCESS": " ", "BIKE_RACK": "No", "SURV_DATE": 1198022400000.0, "COMMENT_": "Accessible to wheelchairs/strollers for beach viewing.", "PRKG_COMMENTS": null, "COUNTY": "Dare", "DCM_RO": "Elizabeth City Regional Office", "NCDCM_ID": 1213.0, "PHOTO": "ecity_nh_indigo_179.png", "PRK_FEE": "No", "DCM_Funded": "Y", "CONTRACT_YR": null, "CONTRACT_NUM": null, "ACESS_TYPE": "Beach", "KayakCanoeLaunch": "No", "PARKING_OPTIONS": "Onsite Parking", "BeachWheelchair": "Y", "BWC_Info": "http://nagsheadnc.gov/309/Public-Beach-Accesses", "PaidParkURL": "n/a", "WaterAccessTYPE": "Ocean", "BeachMat": "No", "Land_Status": "Municipality", "NEAR_FID": 588.0, "NEAR_DIST": 848.31527522796409, "ACCESSIBILITY_NOTES": null, "LIFEGUARDS": null }, "geometry": { "type": "Point", "coordinates": [ -75.581500627098805, 35.8806994557062 ] } },
{ "type": "Feature", "properties": { "ACCESS_ID": "Islington Street", "OBJECTID": 588, "PLACE": "Nags Head", "ACCESS_LOC": "S. Old Oregon Inlet Road and Islington Street", "LOCL_SPONS": "Town of Nags Head", "CAMA_SIGN": "Yes", "PARKING": 0.0, "DUNE_WALK": "Y", "OVERLOOK": "No", "HAND_DUNE": "No", "HAND_OVRLK": "No", "HAND_BEACH": "No", "HAND_PRKG": 0.0, "RESTRM": "N", "SHOWER": "N", "PIC_TABLE": "No", "VEH_ACCESS": " ", "BIKE_RACK": "No", "SURV_DATE": 1198022400000.0, "COMMENT_": " ", "PRKG_COMMENTS": null, "COUNTY": "Dare", "DCM_RO": "Elizabeth City Regional Office", "NCDCM_ID": 1212.0, "PHOTO": "ecity_nh_islington_178.png", "PRK_FEE": null, "DCM_Funded": "Y", "CONTRACT_YR": null, "CONTRACT_NUM": null, "ACESS_TYPE": "Beach", "KayakCanoeLaunch": "No", "PARKING_OPTIONS": "No Parking", "BeachWheelchair": "Y", "BWC_Info": "http://nagsheadnc.gov/309/Public-Beach-Accesses", "PaidParkURL": "n/a", "WaterAccessTYPE": "Ocean", "BeachMat": "No", "Land_Status": "Municipality", "NEAR_FID": 589.0, "NEAR_DIST": 848.31527522796409, "ACCESSIBILITY_NOTES": null, "LIFEGUARDS": null }, "geometry": { "type": "Point", "coordinates": [ -75.582655524584297, 35.882832025852601 ] } },
{ "type": "Feature", "properties": { "ACCESS_ID": "Isabella Street", "OBJECTID": 587, "PLACE": "Nags Head", "ACCESS_LOC": "S. Old Oregon Inlet Road and Isabella Street", "LOCL_SPONS": "Town of Nags Head", "CAMA_SIGN": "Yes", "PARKING": 4.0, "DUNE_WALK": "N", "OVERLOOK": "No", "HAND_DUNE": "No", "HAND_OVRLK": "No", "HAND_BEACH": "No", "HAND_PRKG": null, "RESTRM": "N", "SHOWER": "N", "PIC_TABLE": "No", "VEH_ACCESS": " ", "BIKE_RACK": "No", "SURV_DATE": 1198022400000.0, "COMMENT_": "", "PRKG_COMMENTS": "Unmarked gravel and grass parking", "COUNTY": "Dare", "DCM_RO": "Elizabeth City Regional Office", "NCDCM_ID": 1211.0, "PHOTO": "ecity_nh_isabella_177.png", "PRK_FEE": "No", "DCM_Funded": "N", "CONTRACT_YR": null, "CONTRACT_NUM": null, "ACESS_TYPE": "Beach", "KayakCanoeLaunch": "No", "PARKING_OPTIONS": "Onsite Parking", "BeachWheelchair": "Y", "BWC_Info": "http://nagsheadnc.gov/309/Public-Beach-Accesses", "PaidParkURL": "n/a", "WaterAccessTYPE": "Ocean", "BeachMat": "No", "Land_Status": "Municipality", "NEAR_FID": 586.0, "NEAR_DIST": 746.30887162471993, "ACCESSIBILITY_NOTES": null, "LIFEGUARDS": null }, "geometry": { "type": "Point", "coordinates": [ -75.583816631225005, 35.884982254224099 ] } },
{ "type": "Feature", "properties": { "ACCESS_ID": "Ida Street", "OBJECTID": 586, "PLACE": "Nags Head", "ACCESS_LOC": "S. Old Oregon Inlet Road and Ida Street", "LOCL_SPONS": "Town of Nags Head", "CAMA_SIGN": "Yes", "PARKING": 8.0, "DUNE_WALK": "Y", "OVERLOOK": "No", "HAND_DUNE": "No", "HAND_OVRLK": "No", "HAND_BEACH": "No", "HAND_PRKG": null, "RESTRM": "N", "SHOWER": "N", "PIC_TABLE": "No", "VEH_ACCESS": " ", "BIKE_RACK": "No", "SURV_DATE": 1198022400000.0, "COMMENT_": "", "PRKG_COMMENTS": "Unmarked gravel parking", "COUNTY": "Dare", "DCM_RO": "Elizabeth City Regional Office", "NCDCM_ID": 1210.0, "PHOTO": "ecity_nh_ida_176.png", "PRK_FEE": "No", "DCM_Funded": "N", "CONTRACT_YR": null, "CONTRACT_NUM": null, "ACESS_TYPE": "Beach", "KayakCanoeLaunch": "No", "PARKING_OPTIONS": "Onsite Parking", "BeachWheelchair": "Y", "BWC_Info": "http://nagsheadnc.gov/309/Public-Beach-Accesses", "PaidParkURL": "n/a", "WaterAccessTYPE": "Ocean", "BeachMat": "No", "Land_Status": "Municipality", "NEAR_FID": 587.0, "NEAR_DIST": 746.30887162471993, "ACCESSIBILITY_NOTES": null, "LIFEGUARDS": null }, "geometry": { "type": "Point", "coordinates": [ -75.584843272644093, 35.886854576388998 ] } },
{ "type": "Feature", "properties": { "ACCESS_ID": "Washington Baum Bridge Boat Access", "OBJECTID": 655, "PLACE": "Dare County", "ACCESS_LOC": "1205 Highway 64/264", "LOCL_SPONS": "NCWRC", "CAMA_SIGN": "No", "PARKING": 25.0, "DUNE_WALK": "N", "OVERLOOK": "No", "HAND_DUNE": "No", "HAND_OVRLK": "No", "HAND_BEACH": "No", "HAND_PRKG": 3.0, "RESTRM": "Y", "SHOWER": "N", "PIC_TABLE": "No", "VEH_ACCESS": " ", "BIKE_RACK": "No", "SURV_DATE": 1386201600000.0, "COMMENT_": "handicapped accessible fishing pier - boat ramp and boat trailer parking - watercraft tie-ups ", "PRKG_COMMENTS": " ", "COUNTY": "Dare", "DCM_RO": "Elizabeth City Regional Office", "NCDCM_ID": 1120.0, "PHOTO": "ecity_dare_washingtonbaumbridge_068.png", "PRK_FEE": "No", "DCM_Funded": "N", "CONTRACT_YR": null, "CONTRACT_NUM": null, "ACESS_TYPE": "Shoreline", "KayakCanoeLaunch": "No", "PARKING_OPTIONS": "Onsite Parking", "BeachWheelchair": "N", "BWC_Info": "n/a", "PaidParkURL": "n/a", "WaterAccessTYPE": "Estuarine", "BeachMat": null, "Land_Status": "STATE-NCWRC", "NEAR_FID": 598.0, "NEAR_DIST": 6907.0476491197223, "ACCESSIBILITY_NOTES": null, "LIFEGUARDS": null }, "geometry": { "type": "Point", "coordinates": [ -75.638665725094299, 35.8936782842095 ] } },
{ "type": "Feature", "properties": { "ACCESS_ID": "Little Bridge Access", "OBJECTID": 598, "PLACE": "Nags Head", "ACCESS_LOC": "7711 S. Virginia Dare Trail", "LOCL_SPONS": "Town of Nags Head", "CAMA_SIGN": "No", "PARKING": 35.0, "DUNE_WALK": "N", "OVERLOOK": "No", "HAND_DUNE": "No", "HAND_OVRLK": "No", "HAND_BEACH": "No", "HAND_PRKG": 4.0, "RESTRM": "Y", "SHOWER": "N", "PIC_TABLE": "Yes", "VEH_ACCESS": " ", "BIKE_RACK": "No", "SURV_DATE": 1198022400000.0, "COMMENT_": "handicapped accessible fishing pier - small watercraft tie-ups - picnic shelter", "PRKG_COMMENTS": null, "COUNTY": "Dare", "DCM_RO": "Elizabeth City Regional Office", "NCDCM_ID": 1222.0, "PHOTO": "ecity_nh_littlebridge_189.png", "PRK_FEE": "No", "DCM_Funded": "N", "CONTRACT_YR": null, "CONTRACT_NUM": null, "ACESS_TYPE": "Shoreline", "KayakCanoeLaunch": "No", "PARKING_OPTIONS": "Onsite Parking", "BeachWheelchair": "Y", "BWC_Info": "http://nagsheadnc.gov/309/Public-Beach-Accesses", "PaidParkURL": "n/a", "WaterAccessTYPE": "Estuarine", "BeachMat": "No", "Land_Status": "Municipality", "NEAR_FID": 597.0, "NEAR_DIST": 3891.8042094387802, "ACCESSIBILITY_NOTES": null, "LIFEGUARDS": null }, "geometry": { "type": "Point", "coordinates": [ -75.615909577164203, 35.897826731409197 ] } },
{ "type": "Feature", "properties": { "ACCESS_ID": "Hargrove Street", "OBJECTID": 585, "PLACE": "Nags Head", "ACCESS_LOC": "S. Old Oregon Inlet Road and Hargrove Street", "LOCL_SPONS": "Town of Nags Head", "CAMA_SIGN": "Yes", "PARKING": 27.0, "DUNE_WALK": "Y", "OVERLOOK": "Yes", "HAND_DUNE": "Yes", "HAND_OVRLK": "Yes", "HAND_BEACH": "No", "HAND_PRKG": 2.0, "RESTRM": "Y", "SHOWER": "Y", "PIC_TABLE": "No", "VEH_ACCESS": "E", "BIKE_RACK": "Yes", "SURV_DATE": 1198022400000.0, "COMMENT_": "Accessible to wheelchairs/strollers for beach viewing.\r", "PRKG_COMMENTS": "27 parking spaces on west side of NC 12", "COUNTY": "Dare", "DCM_RO": "Elizabeth City Regional Office", "NCDCM_ID": 1209.0, "PHOTO": "ecity_nh_hargrove_175.png", "PRK_FEE": "No", "DCM_Funded": "Y", "CONTRACT_YR": null, "CONTRACT_NUM": null, "ACESS_TYPE": "Beach", "KayakCanoeLaunch": "No", "PARKING_OPTIONS": "Onsite Parking", "BeachWheelchair": "Y", "BWC_Info": "http://nagsheadnc.gov/309/Public-Beach-Accesses", "PaidParkURL": "n/a", "WaterAccessTYPE": "Ocean", "BeachMat": "Yes", "Land_Status": "Municipality", "NEAR_FID": 584.0, "NEAR_DIST": 941.43324939309161, "ACCESSIBILITY_NOTES": "Accessible to wheelchairs/strollers for beach viewing", "LIFEGUARDS": null }, "geometry": { "type": "Point", "coordinates": [ -75.591428353071393, 35.898393519087499 ] } },
{ "type": "Feature", "properties": { "ACCESS_ID": "Holden Street", "OBJECTID": 584, "PLACE": "Nags Head", "ACCESS_LOC": "S. Old Oregon Inlet Road and Holden Street", "LOCL_SPONS": "Town of Nags Head", "CAMA_SIGN": "Yes", "PARKING": 21.0, "DUNE_WALK": "Y", "OVERLOOK": "No", "HAND_DUNE": "Y", "HAND_OVRLK": "No", "HAND_BEACH": "N", "HAND_PRKG": null, "RESTRM": "N", "SHOWER": "N", "PIC_TABLE": "No", "VEH_ACCESS": " ", "BIKE_RACK": "No", "SURV_DATE": 1198022400000.0, "COMMENT_": "Accessible to wheelchairs/strollers for beach viewing.", "PRKG_COMMENTS": null, "COUNTY": "Dare", "DCM_RO": "Elizabeth City Regional Office", "NCDCM_ID": 1208.0, "PHOTO": "ecity_nh_holden_174.png", "PRK_FEE": "No", "DCM_Funded": "Y", "CONTRACT_YR": null, "CONTRACT_NUM": null, "ACESS_TYPE": "Beach", "KayakCanoeLaunch": "No", "PARKING_OPTIONS": "Onsite Parking", "BeachWheelchair": "Y", "BWC_Info": "http://nagsheadnc.gov/309/Public-Beach-Accesses", "PaidParkURL": "n/a", "WaterAccessTYPE": "Ocean", "BeachMat": "No", "Land_Status": "Municipality", "NEAR_FID": 585.0, "NEAR_DIST": 941.43324939309161, "ACCESSIBILITY_NOTES": "Accessible to wheelchairs/strollers for beach viewing", "LIFEGUARDS": null }, "geometry": { "type": "Point", "coordinates": [ -75.592625069828301, 35.900789527993197 ] } },
{ "type": "Feature", "properties": { "ACCESS_ID": "Nags Head Causeway Estuarine Access", "OBJECTID": 597, "PLACE": "Nags Head", "ACCESS_LOC": "7341 S. Virginia Dare Trail", "LOCL_SPONS": "Town of Nags Head", "CAMA_SIGN": "No", "PARKING": 18.0, "DUNE_WALK": "N", "OVERLOOK": "No", "HAND_DUNE": "No", "HAND_OVRLK": "No", "HAND_BEACH": "No", "HAND_PRKG": 1.0, "RESTRM": "N", "SHOWER": "N", "PIC_TABLE": "Yes", "VEH_ACCESS": " ", "BIKE_RACK": "Yes", "SURV_DATE": 1198022400000.0, "COMMENT_": "pier with gazebo and benches - small watercraft tie-ups", "PRKG_COMMENTS": null, "COUNTY": "Dare", "DCM_RO": "Elizabeth City Regional Office", "NCDCM_ID": 1221.0, "PHOTO": "ecity_nh_causeway_188.png", "PRK_FEE": "No", "DCM_Funded": "Y", "CONTRACT_YR": null, "CONTRACT_NUM": null, "ACESS_TYPE": "Shoreline", "KayakCanoeLaunch": "Yes", "PARKING_OPTIONS": "Onsite Parking", "BeachWheelchair": "Y", "BWC_Info": "http://nagsheadnc.gov/309/Public-Beach-Accesses", "PaidParkURL": "n/a", "WaterAccessTYPE": "Estuarine", "BeachMat": "No", "Land_Status": "Municipality", "NEAR_FID": 360.0, "NEAR_DIST": 2980.7120323503882, "ACCESSIBILITY_NOTES": null, "LIFEGUARDS": null }, "geometry": { "type": "Point", "coordinates": [ -75.604673497821196, 35.903235780311903 ] } },
{ "type": "Feature", "properties": { "ACCESS_ID": "Roanoke Island Visitor Information Center and Rest Area", "OBJECTID": 730, "PLACE": "Dare County", "ACCESS_LOC": "1 Visitor Center Circle", "LOCL_SPONS": "NCDOT", "CAMA_SIGN": "No", "PARKING": 70.0, "DUNE_WALK": "N", "OVERLOOK": "No", "HAND_DUNE": "No", "HAND_OVRLK": "No", "HAND_BEACH": "No", "HAND_PRKG": 5.0, "RESTRM": "Y", "SHOWER": "N", "PIC_TABLE": "Yes", "VEH_ACCESS": " ", "BIKE_RACK": "Yes", "SURV_DATE": 1461715200000.0, "COMMENT_": "boardwalk/pier with kayak launch and terminus platform - picnic shelters - grills", "PRKG_COMMENTS": null, "COUNTY": "Dare", "DCM_RO": "Elizabeth City Regional Office", "NCDCM_ID": 0.0, "PHOTO": "ecity_dare_roanokeislandvisitorcenter_202.JPG", "PRK_FEE": "No", "DCM_Funded": "N", "CONTRACT_YR": null, "CONTRACT_NUM": null, "ACESS_TYPE": "Shoreline", "KayakCanoeLaunch": "Yes", "PARKING_OPTIONS": "Onsite Parking", "BeachWheelchair": "N", "BWC_Info": "n/a", "PaidParkURL": "n/a", "WaterAccessTYPE": "Estuarine", "BeachMat": null, "Land_Status": "STATE-NCDOT", "NEAR_FID": 276.0, "NEAR_DIST": 8872.853834357873, "ACCESSIBILITY_NOTES": null, "LIFEGUARDS": null }, "geometry": { "type": "Point", "coordinates": [ -75.6687469999559, 35.8859280001722 ] } },
{ "type": "Feature", "properties": { "ACCESS_ID": "Roanoke Marshes Lighthouse", "OBJECTID": 929, "PLACE": "Manteo", "ACCESS_LOC": "across from the Maritime Museum, 104 Fernando Street", "LOCL_SPONS": "Manteo", "CAMA_SIGN": null, "PARKING": 17.0, "DUNE_WALK": "N", "OVERLOOK": "N", "HAND_DUNE": "N", "HAND_OVRLK": "N", "HAND_BEACH": "N", "HAND_PRKG": 1.0, "RESTRM": "N", "SHOWER": "N", "PIC_TABLE": "N", "VEH_ACCESS": "No", "BIKE_RACK": "N", "SURV_DATE": 1767744000000.0, "COMMENT_": null, "PRKG_COMMENTS": null, "COUNTY": "Dare", "DCM_RO": "EC", "NCDCM_ID": null, "PHOTO": null, "PRK_FEE": null, "DCM_Funded": "Y", "CONTRACT_YR": "2024", "CONTRACT_NUM": "CW53587", "ACESS_TYPE": "Shoreline", "KayakCanoeLaunch": null, "PARKING_OPTIONS": "Onsite Parking", "BeachWheelchair": "N", "BWC_Info": null, "PaidParkURL": null, "WaterAccessTYPE": null, "BeachMat": null, "Land_Status": null, "NEAR_FID": null, "NEAR_DIST": null, "ACCESSIBILITY_NOTES": null, "LIFEGUARDS": "No" }, "geometry": { "type": "Point", "coordinates": [ -75.668875193926198, 35.908595833749501 ] } },
{ "type": "Feature", "properties": { "ACCESS_ID": "Waterfront Boardwalk", "OBJECTID": 276, "PLACE": "Manteo", "ACCESS_LOC": "307 Queen Elizabeth Avenue", "LOCL_SPONS": "Town of Manteo", "CAMA_SIGN": "Yes", "PARKING": null, "DUNE_WALK": "N", "OVERLOOK": "No", "HAND_DUNE": "No", "HAND_OVRLK": "No", "HAND_BEACH": "No", "HAND_PRKG": null, "RESTRM": "N", "SHOWER": "N", "PIC_TABLE": "No", "VEH_ACCESS": " ", "BIKE_RACK": "Yes", "SURV_DATE": 1210896000000.0, "COMMENT_": "boardwalk - pier and pier with gazebo - boat ramp and kayak launch - boat slips", "PRKG_COMMENTS": " ", "COUNTY": "Dare", "DCM_RO": "Elizabeth City Regional Office", "NCDCM_ID": 1179.0, "PHOTO": "ecity_mant_waterfrontbrdwlk_144.png", "PRK_FEE": null, "DCM_Funded": "Y", "CONTRACT_YR": null, "CONTRACT_NUM": null, "ACESS_TYPE": "Shoreline", "KayakCanoeLaunch": "Yes", "PARKING_OPTIONS": "No Parking", "BeachWheelchair": "N", "BWC_Info": "n/a", "PaidParkURL": "n/a", "WaterAccessTYPE": "Estuarine", "BeachMat": null, "Land_Status": "Municipality", "NEAR_FID": 915.0, "NEAR_DIST": 334.55690732111003, "ACCESSIBILITY_NOTES": null, "LIFEGUARDS": null }, "geometry": { "type": "Point", "coordinates": [ -75.669156361332497, 35.910301130412698 ] } },
{ "type": "Feature", "properties": { "ACCESS_ID": "Manns Harbor WRC Boat Launch", "OBJECTID": 910, "PLACE": "NCWRC", "ACCESS_LOC": "5227 US HWY 64", "LOCL_SPONS": "New Hanover County", "CAMA_SIGN": "No", "PARKING": 6.0, "DUNE_WALK": "N", "OVERLOOK": "N", "HAND_DUNE": "N", "HAND_OVRLK": "N", "HAND_BEACH": "N", "HAND_PRKG": 1.0, "RESTRM": "N", "SHOWER": "N", "PIC_TABLE": "N", "VEH_ACCESS": "No", "BIKE_RACK": "N", "SURV_DATE": 1700574506245.0, "COMMENT_": "WRC Boat Launch", "PRKG_COMMENTS": "Canoes, kayaks and other non-trailered vehicles mu", "COUNTY": "Dare", "DCM_RO": "EC", "NCDCM_ID": null, "PHOTO": null, "PRK_FEE": "N", "DCM_Funded": "Y", "CONTRACT_YR": "2008", "CONTRACT_NUM": "2475", "ACESS_TYPE": "Shoreline", "KayakCanoeLaunch": "Y", "PARKING_OPTIONS": "Onsite Parking", "BeachWheelchair": "N", "BWC_Info": null, "PaidParkURL": null, "WaterAccessTYPE": "Estuarine", "BeachMat": "No", "Land_Status": "Local Government", "NEAR_FID": 579.0, "NEAR_DIST": 691.59699586459112, "ACCESSIBILITY_NOTES": null, "LIFEGUARDS": null }, "geometry": { "type": "Point", "coordinates": [ -75.770717990588693, 35.910763165201502 ] } },
{ "type": "Feature", "properties": { "ACCESS_ID": "Manteo Waterfront Public Boat Ramp", "OBJECTID": 915, "PLACE": "Manteo", "ACCESS_LOC": "503 Croatan Ave", "LOCL_SPONS": null, "CAMA_SIGN": null, "PARKING": null, "DUNE_WALK": "N", "OVERLOOK": "N", "HAND_DUNE": "N", "HAND_OVRLK": "N", "HAND_BEACH": "N", "HAND_PRKG": null, "RESTRM": "Y", "SHOWER": "N", "PIC_TABLE": "Y", "VEH_ACCESS": "No", "BIKE_RACK": null, "SURV_DATE": 1706885435185.0, "COMMENT_": null, "PRKG_COMMENTS": null, "COUNTY": "Dare", "DCM_RO": "EC", "NCDCM_ID": null, "PHOTO": null, "PRK_FEE": null, "DCM_Funded": "Y", "CONTRACT_YR": "2000", "CONTRACT_NUM": "BA00-009", "ACESS_TYPE": "Shoreline", "KayakCanoeLaunch": "Y", "PARKING_OPTIONS": "Onsite Parking", "BeachWheelchair": "N", "BWC_Info": null, "PaidParkURL": null, "WaterAccessTYPE": "Estuarine", "BeachMat": "No", "Land_Status": "Municipality", "NEAR_FID": 276.0, "NEAR_DIST": 334.55690732111003, "ACCESSIBILITY_NOTES": null, "LIFEGUARDS": null }, "geometry": { "type": "Point", "coordinates": [ -75.669985696733505, 35.9109252564567 ] } },
{ "type": "Feature", "properties": { "ACCESS_ID": "Roanoke Island Festival Park", "OBJECTID": 271, "PLACE": "Manteo", "ACCESS_LOC": "1 Festival Park", "LOCL_SPONS": "NCDCR", "CAMA_SIGN": "No", "PARKING": 170.0, "DUNE_WALK": "N", "OVERLOOK": "No", "HAND_DUNE": "No", "HAND_OVRLK": "No", "HAND_BEACH": "No", "HAND_PRKG": 9.0, "RESTRM": "Y", "SHOWER": "N", "PIC_TABLE": "Yes", "VEH_ACCESS": " ", "BIKE_RACK": "Yes", "SURV_DATE": 1358380800000.0, "COMMENT_": "Boardwalk", "PRKG_COMMENTS": null, "COUNTY": "Dare", "DCM_RO": "Elizabeth City Regional Office", "NCDCM_ID": 1178.0, "PHOTO": "ecity_mant_festivalpark_143.png", "PRK_FEE": "No", "DCM_Funded": "N", "CONTRACT_YR": null, "CONTRACT_NUM": null, "ACESS_TYPE": "Shoreline", "KayakCanoeLaunch": "Yes", "PARKING_OPTIONS": "Both Parking Options", "BeachWheelchair": "N", "BWC_Info": "n/a", "PaidParkURL": "n/a", "WaterAccessTYPE": "Estuarine", "BeachMat": null, "Land_Status": "Municipality", "NEAR_FID": 276.0, "NEAR_DIST": 1436.8371321766017, "ACCESSIBILITY_NOTES": null, "LIFEGUARDS": null }, "geometry": { "type": "Point", "coordinates": [ -75.664623758852898, 35.911709829796202 ] } },
{ "type": "Feature", "properties": { "ACCESS_ID": "Bebops Public Multi-Use Pier", "OBJECTID": 579, "PLACE": "Dare County", "ACCESS_LOC": "9220 Hwy 64/264", "LOCL_SPONS": "Dare County", "CAMA_SIGN": "No", "PARKING": 5.0, "DUNE_WALK": "N", "OVERLOOK": "No", "HAND_DUNE": "No", "HAND_OVRLK": "No", "HAND_BEACH": "No", "HAND_PRKG": 3.0, "RESTRM": "N", "SHOWER": "N", "PIC_TABLE": "No", "VEH_ACCESS": " ", "BIKE_RACK": "No", "SURV_DATE": 1358380800000.0, "COMMENT_": "pier with gazebo and benches", "PRKG_COMMENTS": "Unmarked Parking", "COUNTY": "Dare", "DCM_RO": "Elizabeth City Regional Office", "NCDCM_ID": 1040.0, "PHOTO": "ecity_dare_bebops_059.png", "PRK_FEE": "No", "DCM_Funded": "N", "CONTRACT_YR": null, "CONTRACT_NUM": null, "ACESS_TYPE": "Shoreline", "KayakCanoeLaunch": "No", "PARKING_OPTIONS": "Onsite Parking", "BeachWheelchair": "N", "BWC_Info": "n/a", "PaidParkURL": "n/a", "WaterAccessTYPE": "Estuarine", "BeachMat": null, "Land_Status": "Local Government", "NEAR_FID": 910.0, "NEAR_DIST": 691.59699586459112, "ACCESSIBILITY_NOTES": null, "LIFEGUARDS": null }, "geometry": { "type": "Point", "coordinates": [ -75.768930738854806, 35.911986204381598 ] } },
{ "type": "Feature", "properties": { "ACCESS_ID": "Old Swimming Hole", "OBJECTID": 578, "PLACE": "Dare County", "ACCESS_LOC": "410 Airport Road", "LOCL_SPONS": "Dare County", "CAMA_SIGN": "No", "PARKING": 12.0, "DUNE_WALK": "N", "OVERLOOK": "No", "HAND_DUNE": "No", "HAND_OVRLK": "No", "HAND_BEACH": "No", "HAND_PRKG": null, "RESTRM": "Y", "SHOWER": "N", "PIC_TABLE": "Yes", "VEH_ACCESS": " ", "BIKE_RACK": "Yes", "SURV_DATE": 1358380800000.0, "COMMENT_": "picnic pavilion - grills - play equipment", "PRKG_COMMENTS": " ", "COUNTY": "Dare", "DCM_RO": "Elizabeth City Regional Office", "NCDCM_ID": 1039.0, "PHOTO": "ecity_dare_oldswimminghole_058.png", "PRK_FEE": "No", "DCM_Funded": "N", "CONTRACT_YR": null, "CONTRACT_NUM": null, "ACESS_TYPE": "Shoreline", "KayakCanoeLaunch": "No", "PARKING_OPTIONS": "Onsite Parking", "BeachWheelchair": "N", "BWC_Info": "n/a", "PaidParkURL": "n/a", "WaterAccessTYPE": "Estuarine", "BeachMat": null, "Land_Status": "Local Government", "NEAR_FID": 577.0, "NEAR_DIST": 7270.5597624901111, "ACCESSIBILITY_NOTES": null, "LIFEGUARDS": null }, "geometry": { "type": "Point", "coordinates": [ -75.702578718670694, 35.916253207434302 ] } },
{ "type": "Feature", "properties": { "ACCESS_ID": "Weir Point Access", "OBJECTID": 577, "PLACE": "Dare County", "ACCESS_LOC": "1788 Hwy 64/264", "LOCL_SPONS": "NCDOT", "CAMA_SIGN": "No", "PARKING": 23.0, "DUNE_WALK": "N", "OVERLOOK": "No", "HAND_DUNE": "No", "HAND_OVRLK": "No", "HAND_BEACH": "No", "HAND_PRKG": 2.0, "RESTRM": "Y", "SHOWER": "N", "PIC_TABLE": "Y", "VEH_ACCESS": " ", "BIKE_RACK": "No", "SURV_DATE": 1201737600000.0, "COMMENT_": "near terminus of 8.8 mile multi-use path - restroom facility and picnic tables located 1,300 feet to the northeast at North End Park", "PRKG_COMMENTS": "Unmarked Parking", "COUNTY": "Dare", "DCM_RO": "Elizabeth City Regional Office", "NCDCM_ID": 1038.0, "PHOTO": "ecity_dare_weirpoint_057.png", "PRK_FEE": "No", "DCM_Funded": "N", "CONTRACT_YR": null, "CONTRACT_NUM": null, "ACESS_TYPE": "Shoreline", "KayakCanoeLaunch": "Y", "PARKING_OPTIONS": "Onsite Parking", "BeachWheelchair": "N", "BWC_Info": "n/a", "PaidParkURL": "n/a", "WaterAccessTYPE": "Estuarine", "BeachMat": null, "Land_Status": "County", "NEAR_FID": 576.0, "NEAR_DIST": 213.47959866701976, "ACCESSIBILITY_NOTES": null, "LIFEGUARDS": null }, "geometry": { "type": "Point", "coordinates": [ -75.723104725246202, 35.9272162089757 ] } },
{ "type": "Feature", "properties": { "ACCESS_ID": "Freedmens Colony Road Access", "OBJECTID": 576, "PLACE": "Dare County", "ACCESS_LOC": "Freedmens Colony Road", "LOCL_SPONS": "NPS", "CAMA_SIGN": "No", "PARKING": 20.0, "DUNE_WALK": "N", "OVERLOOK": "No", "HAND_DUNE": "No", "HAND_OVRLK": "No", "HAND_BEACH": "No", "HAND_PRKG": null, "RESTRM": "N", "SHOWER": "N", "PIC_TABLE": "Yes", "VEH_ACCESS": " ", "BIKE_RACK": "Yes", "SURV_DATE": 1201737600000.0, "COMMENT_": "terminus of 8.8 mile multi-use path - 2 handicapped and 23 regular parking spaces, restroom facility and picnic tables located 1,300 feet to the northeast at North End Park", "PRKG_COMMENTS": "Unmarked Parking", "COUNTY": "Dare", "DCM_RO": "Elizabeth City Regional Office", "NCDCM_ID": 1037.0, "PHOTO": "ecity_dare_freedmenscolony_056.png", "PRK_FEE": "No", "DCM_Funded": "N", "CONTRACT_YR": null, "CONTRACT_NUM": null, "ACESS_TYPE": "Shoreline", "KayakCanoeLaunch": "No", "PARKING_OPTIONS": "Onsite Parking", "BeachWheelchair": "N", "BWC_Info": "n/a", "PaidParkURL": "n/a", "WaterAccessTYPE": "Estuarine", "BeachMat": null, "Land_Status": "Federal", "NEAR_FID": 577.0, "NEAR_DIST": 213.47959866701976, "ACCESSIBILITY_NOTES": null, "LIFEGUARDS": null }, "geometry": { "type": "Point", "coordinates": [ -75.723170725368405, 35.927800209238399 ] } },
{ "type": "Feature", "properties": { "ACCESS_ID": "Huron Street", "OBJECTID": 363, "PLACE": "Nags Head", "ACCESS_LOC": "S. Old Oregon Inlet Road and Huron Street", "LOCL_SPONS": "Town of Nags Head", "CAMA_SIGN": "Yes", "PARKING": 25.0, "DUNE_WALK": "Y", "OVERLOOK": "No", "HAND_DUNE": "No", "HAND_OVRLK": "No", "HAND_BEACH": "No", "HAND_PRKG": null, "RESTRM": "N", "SHOWER": "N", "PIC_TABLE": "No", "VEH_ACCESS": " ", "BIKE_RACK": "No", "SURV_DATE": 1198022400000.0, "COMMENT_": " ", "PRKG_COMMENTS": null, "COUNTY": "Dare", "DCM_RO": "Elizabeth City Regional Office", "NCDCM_ID": 1207.0, "PHOTO": "ecity_nh_huron_173.png", "PRK_FEE": "No", "DCM_Funded": "Y", "CONTRACT_YR": null, "CONTRACT_NUM": null, "ACESS_TYPE": "Beach", "KayakCanoeLaunch": "No", "PARKING_OPTIONS": "Onsite Parking", "BeachWheelchair": "Y", "BWC_Info": "http://nagsheadnc.gov/309/Public-Beach-Accesses", "PaidParkURL": "n/a", "WaterAccessTYPE": "Ocean", "BeachMat": "No", "Land_Status": "Municipality", "NEAR_FID": 360.0, "NEAR_DIST": 825.52101201074845, "ACCESSIBILITY_NOTES": null, "LIFEGUARDS": null }, "geometry": { "type": "Point", "coordinates": [ -75.593855397949895, 35.903585577781797 ] } },
{ "type": "Feature", "properties": { "ACCESS_ID": "Governor Street", "OBJECTID": 360, "PLACE": "Nags Head", "ACCESS_LOC": "S. Old Oregon Inlet Road and Governor Street", "LOCL_SPONS": "Town of Nags Head", "CAMA_SIGN": "Yes", "PARKING": 18.0, "DUNE_WALK": "Y", "OVERLOOK": "No", "HAND_DUNE": "Y", "HAND_OVRLK": "No", "HAND_BEACH": "Y", "HAND_PRKG": 2.0, "RESTRM": "N", "SHOWER": "Y", "PIC_TABLE": "No", "VEH_ACCESS": " ", "BIKE_RACK": "Y", "SURV_DATE": 1747353600000.0, "COMMENT_": " ", "PRKG_COMMENTS": null, "COUNTY": "Dare", "DCM_RO": "Elizabeth City Regional Office", "NCDCM_ID": 1206.0, "PHOTO": "ecity_nh_governor_172.png", "PRK_FEE": "No", "DCM_Funded": "Y", "CONTRACT_YR": "2023", "CONTRACT_NUM": null, "ACESS_TYPE": "Beach", "KayakCanoeLaunch": "No", "PARKING_OPTIONS": "Onsite Parking", "BeachWheelchair": "Y", "BWC_Info": "http://nagsheadnc.gov/309/Public-Beach-Accesses", "PaidParkURL": "n/a", "WaterAccessTYPE": "Ocean", "BeachMat": "No", "Land_Status": "Municipality", "NEAR_FID": 363.0, "NEAR_DIST": 825.52101201074845, "ACCESSIBILITY_NOTES": null, "LIFEGUARDS": null }, "geometry": { "type": "Point", "coordinates": [ -75.594948503920193, 35.905671788971503 ] } },
{ "type": "Feature", "properties": { "ACCESS_ID": "Gulfstream Street", "OBJECTID": 357, "PLACE": "Nags Head", "ACCESS_LOC": "S. Old Oregon Inlet Road and Gulfstream Street", "LOCL_SPONS": "Town of Nags Head", "CAMA_SIGN": "Yes", "PARKING": 20.0, "DUNE_WALK": "Y", "OVERLOOK": "Yes", "HAND_DUNE": "Yes", "HAND_OVRLK": "Yes", "HAND_BEACH": "No", "HAND_PRKG": 1.0, "RESTRM": "N", "SHOWER": "Y", "PIC_TABLE": "No", "VEH_ACCESS": "S", "BIKE_RACK": "No", "SURV_DATE": 1198022400000.0, "COMMENT_": "Accessible to wheelchairs/strollers for beach viewing.", "PRKG_COMMENTS": null, "COUNTY": "Dare", "DCM_RO": "Elizabeth City Regional Office", "NCDCM_ID": 1205.0, "PHOTO": "ecity_nh_gulfstream_171.png", "PRK_FEE": "No", "DCM_Funded": "N", "CONTRACT_YR": null, "CONTRACT_NUM": null, "ACESS_TYPE": "Beach", "KayakCanoeLaunch": "No", "PARKING_OPTIONS": "Both Parking Options", "BeachWheelchair": "Y", "BWC_Info": "http://nagsheadnc.gov/309/Public-Beach-Accesses", "PaidParkURL": "n/a", "WaterAccessTYPE": "Ocean", "BeachMat": "No", "Land_Status": "Municipality", "NEAR_FID": 354.0, "NEAR_DIST": 506.17622012125213, "ACCESSIBILITY_NOTES": null, "LIFEGUARDS": null }, "geometry": { "type": "Point", "coordinates": [ -75.596140413792, 35.908309156645799 ] } },
{ "type": "Feature", "properties": { "ACCESS_ID": "Jennette's Pier Bathhouse Ocean Access", "OBJECTID": 354, "PLACE": "Nags Head", "ACCESS_LOC": "At intersection of S. Virginia Dare Trail and S. Old Oregon Inlet Road", "LOCL_SPONS": "NC Aquariums", "CAMA_SIGN": "No", "PARKING": 201.0, "DUNE_WALK": "Y", "OVERLOOK": "Yes", "HAND_DUNE": "Yes", "HAND_OVRLK": "Yes", "HAND_BEACH": "Y", "HAND_PRKG": 8.0, "RESTRM": "Y", "SHOWER": "Y", "PIC_TABLE": "No", "VEH_ACCESS": " ", "BIKE_RACK": "Yes", "SURV_DATE": 1520294400000.0, "COMMENT_": "Beach mat at this site. Accessible to wheelchairs/strollers for beach viewing.", "PRKG_COMMENTS": "", "COUNTY": "Dare", "DCM_RO": "Elizabeth City Regional Office", "NCDCM_ID": 1204.0, "PHOTO": "ecity_nh_jenettespierbathhouse_170.JPG", "PRK_FEE": "No", "DCM_Funded": "Y", "CONTRACT_YR": null, "CONTRACT_NUM": null, "ACESS_TYPE": "Beach", "KayakCanoeLaunch": "No", "PARKING_OPTIONS": "Both Parking Options", "BeachWheelchair": "Y", "BWC_Info": "http://nagsheadnc.gov/309/Public-Beach-Accesses", "PaidParkURL": "n/a", "WaterAccessTYPE": "Ocean", "BeachMat": "Yes", "Land_Status": "Municipality", "NEAR_FID": 357.0, "NEAR_DIST": 506.17622012125213, "ACCESSIBILITY_NOTES": "Accessible to wheelchairs/strollers for beach viewing", "LIFEGUARDS": null }, "geometry": { "type": "Point", "coordinates": [ -75.596653739891394, 35.909635523914098 ] } },
{ "type": "Feature", "properties": { "ACCESS_ID": "Gray Eagle Street", "OBJECTID": 351, "PLACE": "Nags Head", "ACCESS_LOC": "S. Virginia Dare Trail and Gray Eagle Street", "LOCL_SPONS": "Town of Nags Head", "CAMA_SIGN": "Yes", "PARKING": 28.0, "DUNE_WALK": "Y", "OVERLOOK": "No", "HAND_DUNE": "No", "HAND_OVRLK": "No", "HAND_BEACH": "No", "HAND_PRKG": 0.0, "RESTRM": "N", "SHOWER": "N", "PIC_TABLE": "No", "VEH_ACCESS": " ", "BIKE_RACK": "No", "SURV_DATE": 1520294400000.0, "COMMENT_": "", "PRKG_COMMENTS": null, "COUNTY": "Dare", "DCM_RO": "Elizabeth City Regional Office", "NCDCM_ID": 1203.0, "PHOTO": "ecity_nh_grayeagle_169.png", "PRK_FEE": "No", "DCM_Funded": "N", "CONTRACT_YR": null, "CONTRACT_NUM": null, "ACESS_TYPE": "Beach", "KayakCanoeLaunch": "No", "PARKING_OPTIONS": "Onsite Parking", "BeachWheelchair": "Y", "BWC_Info": "http://nagsheadnc.gov/309/Public-Beach-Accesses", "PaidParkURL": "n/a", "WaterAccessTYPE": "Ocean", "BeachMat": "No", "Land_Status": "Municipality", "NEAR_FID": 354.0, "NEAR_DIST": 624.99141305457204, "ACCESSIBILITY_NOTES": null, "LIFEGUARDS": null }, "geometry": { "type": "Point", "coordinates": [ -75.597787307778802, 35.911083815741399 ] } },
{ "type": "Feature", "properties": { "ACCESS_ID": "Gull Street", "OBJECTID": 348, "PLACE": "Nags Head", "ACCESS_LOC": "S. Virginia Dare Trail and Gull Street", "LOCL_SPONS": "Town of Nags Head", "CAMA_SIGN": "Yes", "PARKING": 12.0, "DUNE_WALK": "Y", "OVERLOOK": "No", "HAND_DUNE": "No", "HAND_OVRLK": "No", "HAND_BEACH": "No", "HAND_PRKG": 0.0, "RESTRM": "N", "SHOWER": "N", "PIC_TABLE": "No", "VEH_ACCESS": " ", "BIKE_RACK": "No", "SURV_DATE": 1520294400000.0, "COMMENT_": " ", "PRKG_COMMENTS": null, "COUNTY": "Dare", "DCM_RO": "Elizabeth City Regional Office", "NCDCM_ID": 1202.0, "PHOTO": "ecity_nh_gull_168.png", "PRK_FEE": "No", "DCM_Funded": "N", "CONTRACT_YR": null, "CONTRACT_NUM": null, "ACESS_TYPE": "Beach", "KayakCanoeLaunch": "No", "PARKING_OPTIONS": "Onsite Parking", "BeachWheelchair": "Y", "BWC_Info": "http://nagsheadnc.gov/309/Public-Beach-Accesses", "PaidParkURL": "n/a", "WaterAccessTYPE": "Ocean", "BeachMat": "No", "Land_Status": "Municipality", "NEAR_FID": 347.0, "NEAR_DIST": 852.85597637188084, "ACCESSIBILITY_NOTES": null, "LIFEGUARDS": null }, "geometry": { "type": "Point", "coordinates": [ -75.599033687896096, 35.913211837344498 ] } },
{ "type": "Feature", "properties": { "ACCESS_ID": "Harvey Sound Access", "OBJECTID": 407, "PLACE": "Nags Head", "ACCESS_LOC": "6912 Croatan Highway", "LOCL_SPONS": "Town of Nags Head", "CAMA_SIGN": "No", "PARKING": 35.0, "DUNE_WALK": "N", "OVERLOOK": "No", "HAND_DUNE": "No", "HAND_OVRLK": "No", "HAND_BEACH": "No", "HAND_PRKG": 2.0, "RESTRM": "Y", "SHOWER": "Y", "PIC_TABLE": "Yes", "VEH_ACCESS": " ", "BIKE_RACK": "No", "SURV_DATE": 1198022400000.0, "COMMENT_": "picnic pavilion - grills", "PRKG_COMMENTS": null, "COUNTY": "Dare", "DCM_RO": "Elizabeth City Regional Office", "NCDCM_ID": 1062.0, "PHOTO": "ecity_nh_harvey_190.png", "PRK_FEE": "No", "DCM_Funded": "Y", "CONTRACT_YR": null, "CONTRACT_NUM": null, "ACESS_TYPE": "Shoreline", "KayakCanoeLaunch": "Yes", "PARKING_OPTIONS": "Onsite Parking", "BeachWheelchair": "Y", "BWC_Info": "http://nagsheadnc.gov/309/Public-Beach-Accesses", "PaidParkURL": "n/a", "WaterAccessTYPE": "Estuarine", "BeachMat": "No", "Land_Status": "Municipality", "NEAR_FID": 344.0, "NEAR_DIST": 1266.7957272372507, "ACCESSIBILITY_NOTES": null, "LIFEGUARDS": null }, "geometry": { "type": "Point", "coordinates": [ -75.604904688520904, 35.915250210489504 ] } },
{ "type": "Feature", "properties": { "ACCESS_ID": "Glidden Street", "OBJECTID": 347, "PLACE": "Nags Head", "ACCESS_LOC": "S. Virginia Dare Trail and Glidden Street", "LOCL_SPONS": "Town of Nags Head", "CAMA_SIGN": "Yes", "PARKING": 14.0, "DUNE_WALK": "Y", "OVERLOOK": "Yes", "HAND_DUNE": "Yes", "HAND_OVRLK": "Yes", "HAND_BEACH": "No", "HAND_PRKG": 0.0, "RESTRM": "N", "SHOWER": "Y", "PIC_TABLE": "No", "VEH_ACCESS": "No", "BIKE_RACK": "No", "SURV_DATE": 1520294400000.0, "COMMENT_": "Accessible to wheelchairs/strollers for beach viewing.", "PRKG_COMMENTS": null, "COUNTY": "Dare", "DCM_RO": "Elizabeth City Regional Office", "NCDCM_ID": 1201.0, "PHOTO": "ecity_nh_glidden_167.png", "PRK_FEE": "No", "DCM_Funded": "N", "CONTRACT_YR": null, "CONTRACT_NUM": null, "ACESS_TYPE": "Beach", "KayakCanoeLaunch": "No", "PARKING_OPTIONS": "Onsite Parking", "BeachWheelchair": "Y", "BWC_Info": "http://nagsheadnc.gov/309/Public-Beach-Accesses", "PaidParkURL": "n/a", "WaterAccessTYPE": "Ocean", "BeachMat": "No", "Land_Status": "Municipality", "NEAR_FID": 348.0, "NEAR_DIST": 852.85597637188084, "ACCESSIBILITY_NOTES": "Accessible to wheelchairs/strollers for beach viewing", "LIFEGUARDS": null }, "geometry": { "type": "Point", "coordinates": [ -75.600199268146895, 35.915354348703801 ] } },
{ "type": "Feature", "properties": { "ACCESS_ID": "Grouse Street", "OBJECTID": 344, "PLACE": "Nags Head", "ACCESS_LOC": "S. Virginia Dare Trail and Grouse Street", "LOCL_SPONS": "Town of Nags Head", "CAMA_SIGN": "Yes", "PARKING": 0.0, "DUNE_WALK": "N", "OVERLOOK": "No", "HAND_DUNE": "No", "HAND_OVRLK": "No", "HAND_BEACH": "No", "HAND_PRKG": 0.0, "RESTRM": "N", "SHOWER": "N", "PIC_TABLE": "No", "VEH_ACCESS": " ", "BIKE_RACK": "No", "SURV_DATE": 1520294400000.0, "COMMENT_": " ", "PRKG_COMMENTS": null, "COUNTY": "Dare", "DCM_RO": "Elizabeth City Regional Office", "NCDCM_ID": 1200.0, "PHOTO": "ecity_nh_grouse_166.png", "PRK_FEE": null, "DCM_Funded": "N", "CONTRACT_YR": null, "CONTRACT_NUM": null, "ACESS_TYPE": "Beach", "KayakCanoeLaunch": "No", "PARKING_OPTIONS": "No Parking", "BeachWheelchair": "Y", "BWC_Info": "http://nagsheadnc.gov/309/Public-Beach-Accesses", "PaidParkURL": "n/a", "WaterAccessTYPE": "Ocean", "BeachMat": "No", "Land_Status": "Municipality", "NEAR_FID": 347.0, "NEAR_DIST": 853.02685123269089, "ACCESSIBILITY_NOTES": null, "LIFEGUARDS": null }, "geometry": { "type": "Point", "coordinates": [ -75.601559805272302, 35.917419950553104 ] } },
{ "type": "Feature", "properties": { "ACCESS_ID": "Forrest Street", "OBJECTID": 340, "PLACE": "Nags Head", "ACCESS_LOC": "S. Virginia Dare Trail and Forrest Street", "LOCL_SPONS": "Town of Nags Head", "CAMA_SIGN": "Yes", "PARKING": 18.0, "DUNE_WALK": "Y", "OVERLOOK": "Yes", "HAND_DUNE": "Yes", "HAND_OVRLK": "Yes", "HAND_BEACH": "No", "HAND_PRKG": null, "RESTRM": "N", "SHOWER": "Y", "PIC_TABLE": "No", "VEH_ACCESS": "S", "BIKE_RACK": "Yes", "SURV_DATE": 1198022400000.0, "COMMENT_": "Accessible to wheelchairs/strollers for beach viewing.", "PRKG_COMMENTS": null, "COUNTY": "Dare", "DCM_RO": "Elizabeth City Regional Office", "NCDCM_ID": 1199.0, "PHOTO": "ecity_nh_eforrest_165.png", "PRK_FEE": "No", "DCM_Funded": "Y", "CONTRACT_YR": null, "CONTRACT_NUM": null, "ACESS_TYPE": "Beach", "KayakCanoeLaunch": "No", "PARKING_OPTIONS": "Onsite Parking", "BeachWheelchair": "Y", "BWC_Info": "http://nagsheadnc.gov/309/Public-Beach-Accesses", "PaidParkURL": "n/a", "WaterAccessTYPE": "Ocean", "BeachMat": "No", "Land_Status": "Municipality", "NEAR_FID": 344.0, "NEAR_DIST": 2356.4995761844484, "ACCESSIBILITY_NOTES": "Accessible to wheelchairs/strollers for beach viewing", "LIFEGUARDS": null }, "geometry": { "type": "Point", "coordinates": [ -75.604663096506798, 35.923381232619803 ] } },
{ "type": "Feature", "properties": { "ACCESS_ID": "Epstein Beach Access", "OBJECTID": 336, "PLACE": "Nags Head", "ACCESS_LOC": "S. Virginia Dare Trail across from E. Bluewater Drive", "LOCL_SPONS": "Town of Nags Head", "CAMA_SIGN": "Yes", "PARKING": 43.0, "DUNE_WALK": "Y", "OVERLOOK": "Y", "HAND_DUNE": "Y", "HAND_OVRLK": "Y", "HAND_BEACH": "Y", "HAND_PRKG": 2.0, "RESTRM": "Y", "SHOWER": "Y", "PIC_TABLE": "No", "VEH_ACCESS": "No", "BIKE_RACK": "Y", "SURV_DATE": 1718928000000.0, "COMMENT_": "Bathhouse with restrooms and showers", "PRKG_COMMENTS": null, "COUNTY": "Dare", "DCM_RO": "Elizabeth City Regional Office", "NCDCM_ID": 1198.0, "PHOTO": "ecity_nh_epstein_164.png", "PRK_FEE": "No", "DCM_Funded": "Y", "CONTRACT_YR": null, "CONTRACT_NUM": null, "ACESS_TYPE": "Beach", "KayakCanoeLaunch": "No", "PARKING_OPTIONS": "Onsite Parking", "BeachWheelchair": "Y", "BWC_Info": "http://nagsheadnc.gov/309/Public-Beach-Accesses", "PaidParkURL": "n/a", "WaterAccessTYPE": "Ocean", "BeachMat": "No", "Land_Status": "Municipality", "NEAR_FID": 333.0, "NEAR_DIST": 1440.4843636257624, "ACCESSIBILITY_NOTES": null, "LIFEGUARDS": null }, "geometry": { "type": "Point", "coordinates": [ -75.608910934837894, 35.930865755426296 ] } },
{ "type": "Feature", "properties": { "ACCESS_ID": "Town Hall Beach Access", "OBJECTID": 333, "PLACE": "Nags Head", "ACCESS_LOC": "S. Virginia Dare Trail at Nags Head Municipal Complex", "LOCL_SPONS": "Town of Nags Head", "CAMA_SIGN": "Yes", "PARKING": 15.0, "DUNE_WALK": "Y", "OVERLOOK": "No", "HAND_DUNE": "No", "HAND_OVRLK": "No", "HAND_BEACH": "No", "HAND_PRKG": 0.0, "RESTRM": "N", "SHOWER": "Y", "PIC_TABLE": "No", "VEH_ACCESS": " ", "BIKE_RACK": "No", "SURV_DATE": 1520294400000.0, "COMMENT_": null, "PRKG_COMMENTS": "All parking located on west side of NC 12", "COUNTY": "Dare", "DCM_RO": "Elizabeth City Regional Office", "NCDCM_ID": 1197.0, "PHOTO": "ecity_nh_townhall_163.png", "PRK_FEE": "No", "DCM_Funded": "Y", "CONTRACT_YR": null, "CONTRACT_NUM": null, "ACESS_TYPE": "Beach", "KayakCanoeLaunch": "No", "PARKING_OPTIONS": "Onsite Parking", "BeachWheelchair": "Y", "BWC_Info": "http://nagsheadnc.gov/309/Public-Beach-Accesses", "PaidParkURL": "n/a", "WaterAccessTYPE": "Ocean", "BeachMat": "No", "Land_Status": "Municipality", "NEAR_FID": 336.0, "NEAR_DIST": 1440.4843636257624, "ACCESSIBILITY_NOTES": null, "LIFEGUARDS": null }, "geometry": { "type": "Point", "coordinates": [ -75.611126256685395, 35.934389049178698 ] } },
{ "type": "Feature", "properties": { "ACCESS_ID": "Loggerhead Beach Access", "OBJECTID": 329, "PLACE": "Nags Head", "ACCESS_LOC": "S. Virginia Dare Trail across from Engagement Hill Loop", "LOCL_SPONS": "Town of Nags Head", "CAMA_SIGN": "Yes", "PARKING": 23.0, "DUNE_WALK": "Y", "OVERLOOK": "No", "HAND_DUNE": "No", "HAND_OVRLK": "No", "HAND_BEACH": "No", "HAND_PRKG": 0.0, "RESTRM": "N", "SHOWER": "Y", "PIC_TABLE": "No", "VEH_ACCESS": " ", "BIKE_RACK": "No", "SURV_DATE": 1520294400000.0, "COMMENT_": "", "PRKG_COMMENTS": null, "COUNTY": "Dare", "DCM_RO": "Elizabeth City Regional Office", "NCDCM_ID": 1196.0, "PHOTO": "ecity_nh_loggerhead_162.png", "PRK_FEE": "No", "DCM_Funded": "N", "CONTRACT_YR": null, "CONTRACT_NUM": null, "ACESS_TYPE": "Beach", "KayakCanoeLaunch": "No", "PARKING_OPTIONS": "Both Parking Options", "BeachWheelchair": "Y", "BWC_Info": "http://nagsheadnc.gov/309/Public-Beach-Accesses", "PaidParkURL": "n/a", "WaterAccessTYPE": "Ocean", "BeachMat": "No", "Land_Status": "Municipality", "NEAR_FID": 327.0, "NEAR_DIST": 459.49552858616732, "ACCESSIBILITY_NOTES": null, "LIFEGUARDS": null }, "geometry": { "type": "Point", "coordinates": [ -75.614769405761194, 35.941402313101797 ] } },
{ "type": "Feature", "properties": { "ACCESS_ID": "Enterprise Street", "OBJECTID": 327, "PLACE": "Nags Head", "ACCESS_LOC": "S. Virginia Dare Trail and Enterprise Street", "LOCL_SPONS": "Town of Nags Head", "CAMA_SIGN": "Yes", "PARKING": 13.0, "DUNE_WALK": "N", "OVERLOOK": "Yes", "HAND_DUNE": "Yes", "HAND_OVRLK": "Yes", "HAND_BEACH": "Y", "HAND_PRKG": 1.0, "RESTRM": "N", "SHOWER": "Y", "PIC_TABLE": "No", "VEH_ACCESS": "S", "BIKE_RACK": "No", "SURV_DATE": 1520294400000.0, "COMMENT_": null, "PRKG_COMMENTS": null, "COUNTY": "Dare", "DCM_RO": "Elizabeth City Regional Office", "NCDCM_ID": 1195.0, "PHOTO": "ecity_nh_enterprise_161.png", "PRK_FEE": "No", "DCM_Funded": "N", "CONTRACT_YR": null, "CONTRACT_NUM": null, "ACESS_TYPE": "Beach", "KayakCanoeLaunch": "No", "PARKING_OPTIONS": "Onsite Parking", "BeachWheelchair": "Y", "BWC_Info": "http://nagsheadnc.gov/309/Public-Beach-Accesses", "PaidParkURL": "n/a", "WaterAccessTYPE": "Ocean", "BeachMat": "No", "Land_Status": "Municipality", "NEAR_FID": 329.0, "NEAR_DIST": 459.49552858616732, "ACCESSIBILITY_NOTES": null, "LIFEGUARDS": null }, "geometry": { "type": "Point", "coordinates": [ -75.615476027750205, 35.942526243203297 ] } },
{ "type": "Feature", "properties": { "ACCESS_ID": "W. Danube Street", "OBJECTID": 596, "PLACE": "Nags Head", "ACCESS_LOC": "W. Danube Street", "LOCL_SPONS": "Town of Nags Head", "CAMA_SIGN": "Yes", "PARKING": 13.0, "DUNE_WALK": "N", "OVERLOOK": "No", "HAND_DUNE": "No", "HAND_OVRLK": "No", "HAND_BEACH": "No", "HAND_PRKG": 1.0, "RESTRM": "N", "SHOWER": "N", "PIC_TABLE": "No", "VEH_ACCESS": " ", "BIKE_RACK": "No", "SURV_DATE": 1198022400000.0, "COMMENT_": "crossover", "PRKG_COMMENTS": null, "COUNTY": "Dare", "DCM_RO": "Elizabeth City Regional Office", "NCDCM_ID": 1220.0, "PHOTO": "ecity_nh_danube_187.png", "PRK_FEE": "No", "DCM_Funded": "Y", "CONTRACT_YR": null, "CONTRACT_NUM": null, "ACESS_TYPE": "Shoreline", "KayakCanoeLaunch": "No", "PARKING_OPTIONS": "Onsite Parking", "BeachWheelchair": "Y", "BWC_Info": "http://nagsheadnc.gov/309/Public-Beach-Accesses", "PaidParkURL": "n/a", "WaterAccessTYPE": "Estuarine", "BeachMat": "No", "Land_Status": "Municipality", "NEAR_FID": 324.0, "NEAR_DIST": 2838.504321135591, "ACCESSIBILITY_NOTES": null, "LIFEGUARDS": null }, "geometry": { "type": "Point", "coordinates": [ -75.626883062501705, 35.943708278637999 ] } },
{ "type": "Feature", "properties": { "ACCESS_ID": "Small Street", "OBJECTID": 324, "PLACE": "Nags Head", "ACCESS_LOC": "S. Virginia Dare Trail and Small Street", "LOCL_SPONS": "Town of Nags Head", "CAMA_SIGN": "Yes", "PARKING": 14.0, "DUNE_WALK": "N", "OVERLOOK": "No", "HAND_DUNE": "No", "HAND_OVRLK": "No", "HAND_BEACH": "Y", "HAND_PRKG": 0.0, "RESTRM": "N", "SHOWER": "N", "PIC_TABLE": "No", "VEH_ACCESS": " ", "BIKE_RACK": "No", "SURV_DATE": 1520294400000.0, "COMMENT_": "", "PRKG_COMMENTS": "14 unmarked parking spaces one block south on west", "COUNTY": "Dare", "DCM_RO": "Elizabeth City Regional Office", "NCDCM_ID": 1194.0, "PHOTO": "ecity_nh_small_160.png", "PRK_FEE": null, "DCM_Funded": "N", "CONTRACT_YR": null, "CONTRACT_NUM": null, "ACESS_TYPE": "Beach", "KayakCanoeLaunch": "No", "PARKING_OPTIONS": "Parking off-site", "BeachWheelchair": "Y", "BWC_Info": "http://nagsheadnc.gov/309/Public-Beach-Accesses", "PaidParkURL": "n/a", "WaterAccessTYPE": "Ocean", "BeachMat": "No", "Land_Status": "Municipality", "NEAR_FID": 327.0, "NEAR_DIST": 1548.2140628152238, "ACCESSIBILITY_NOTES": null, "LIFEGUARDS": null }, "geometry": { "type": "Point", "coordinates": [ -75.6178463664763, 35.946317581895698 ] } },
{ "type": "Feature", "properties": { "ACCESS_ID": "Jockey's Ridge State Park", "OBJECTID": 406, "PLACE": "Nags Head", "ACCESS_LOC": "3944 W. Soundside Road", "LOCL_SPONS": "Town of Nags Head", "CAMA_SIGN": "No", "PARKING": 23.0, "DUNE_WALK": "N", "OVERLOOK": "No", "HAND_DUNE": "No", "HAND_OVRLK": "No", "HAND_BEACH": "No", "HAND_PRKG": 1.0, "RESTRM": "N", "SHOWER": "Y", "PIC_TABLE": "No", "VEH_ACCESS": " ", "BIKE_RACK": "No", "SURV_DATE": 1198022400000.0, "COMMENT_": "1 regular crossover and 1 handicapped accessible crossover with overlook", "PRKG_COMMENTS": null, "COUNTY": "Dare", "DCM_RO": "Elizabeth City Regional Office", "NCDCM_ID": 1061.0, "PHOTO": "ecity_nh_jockeysridge_186.png", "PRK_FEE": "No", "DCM_Funded": "Y", "CONTRACT_YR": null, "CONTRACT_NUM": null, "ACESS_TYPE": "Shoreline", "KayakCanoeLaunch": "No", "PARKING_OPTIONS": "Onsite Parking", "BeachWheelchair": "Y", "BWC_Info": "http://nagsheadnc.gov/309/Public-Beach-Accesses", "PaidParkURL": "n/a", "WaterAccessTYPE": "Estuarine", "BeachMat": "No", "Land_Status": "Municipality", "NEAR_FID": 596.0, "NEAR_DIST": 3708.7357422263854, "ACCESSIBILITY_NOTES": null, "LIFEGUARDS": null }, "geometry": { "type": "Point", "coordinates": [ -75.632451698286701, 35.952835217513098 ] } },
{ "type": "Feature", "properties": { "ACCESS_ID": "Conch Street", "OBJECTID": 321, "PLACE": "Nags Head", "ACCESS_LOC": "S. Virginia Dare Trail and Conch Street", "LOCL_SPONS": "Town of Nags Head", "CAMA_SIGN": "Yes", "PARKING": 20.0, "DUNE_WALK": "Y", "OVERLOOK": "Yes", "HAND_DUNE": "Yes", "HAND_OVRLK": "Yes", "HAND_BEACH": "No", "HAND_PRKG": 0.0, "RESTRM": "N", "SHOWER": "N", "PIC_TABLE": "No", "VEH_ACCESS": "S", "BIKE_RACK": "Yes", "SURV_DATE": 1520294400000.0, "COMMENT_": " ", "PRKG_COMMENTS": "", "COUNTY": "Dare", "DCM_RO": "Elizabeth City Regional Office", "NCDCM_ID": 1193.0, "PHOTO": "ecity_nh_conch_159.png", "PRK_FEE": "No", "DCM_Funded": "N", "CONTRACT_YR": null, "CONTRACT_NUM": null, "ACESS_TYPE": "Beach", "KayakCanoeLaunch": "No", "PARKING_OPTIONS": "Both Parking Options", "BeachWheelchair": "Y", "BWC_Info": "http://nagsheadnc.gov/309/Public-Beach-Accesses", "PaidParkURL": "n/a", "WaterAccessTYPE": "Ocean", "BeachMat": "No", "Land_Status": "Municipality", "NEAR_FID": 319.0, "NEAR_DIST": 1149.6548436207809, "ACCESSIBILITY_NOTES": null, "LIFEGUARDS": null }, "geometry": { "type": "Point", "coordinates": [ -75.628093952877094, 35.965077934307097 ] } },
{ "type": "Feature", "properties": { "ACCESS_ID": "Hollowell Street", "OBJECTID": 319, "PLACE": "Nags Head", "ACCESS_LOC": "S. Virginia Dare Trail and Hollowell Street", "LOCL_SPONS": "Town of Nags Head", "CAMA_SIGN": "Yes", "PARKING": 16.0, "DUNE_WALK": "Y", "OVERLOOK": "No", "HAND_DUNE": "No", "HAND_OVRLK": "No", "HAND_BEACH": "No", "HAND_PRKG": 1.0, "RESTRM": "N", "SHOWER": "Y", "PIC_TABLE": "No", "VEH_ACCESS": " ", "BIKE_RACK": "No", "SURV_DATE": 1520294400000.0, "COMMENT_": null, "PRKG_COMMENTS": "", "COUNTY": "Dare", "DCM_RO": "Elizabeth City Regional Office", "NCDCM_ID": 1192.0, "PHOTO": "ecity_nh_hollowell_158.png", "PRK_FEE": "No", "DCM_Funded": "Y", "CONTRACT_YR": null, "CONTRACT_NUM": null, "ACESS_TYPE": "Beach", "KayakCanoeLaunch": "No", "PARKING_OPTIONS": "Both Parking Options", "BeachWheelchair": "Y", "BWC_Info": "http://nagsheadnc.gov/309/Public-Beach-Accesses", "PaidParkURL": "n/a", "WaterAccessTYPE": "Ocean", "BeachMat": "No", "Land_Status": "Municipality", "NEAR_FID": 317.0, "NEAR_DIST": 1141.6118677340999, "ACCESSIBILITY_NOTES": null, "LIFEGUARDS": null }, "geometry": { "type": "Point", "coordinates": [ -75.629698025072599, 35.9679543983329 ] } },
{ "type": "Feature", "properties": { "ACCESS_ID": "Curlew Street", "OBJECTID": 317, "PLACE": "Nags Head", "ACCESS_LOC": "S. Virginia Dare Trail and Curlew Street", "LOCL_SPONS": "Town of Nags Head", "CAMA_SIGN": "Yes", "PARKING": 20.0, "DUNE_WALK": "Y", "OVERLOOK": "No", "HAND_DUNE": "Yes", "HAND_OVRLK": "No", "HAND_BEACH": "No", "HAND_PRKG": 2.0, "RESTRM": "N", "SHOWER": "Y", "PIC_TABLE": "No", "VEH_ACCESS": " ", "BIKE_RACK": "No", "SURV_DATE": 1520294400000.0, "COMMENT_": "Accessible to wheelchairs/strollers for beach viewing.", "PRKG_COMMENTS": "", "COUNTY": "Dare", "DCM_RO": "Elizabeth City Regional Office", "NCDCM_ID": 1191.0, "PHOTO": "ecity_nh_curlew_157.png", "PRK_FEE": "No", "DCM_Funded": "Y", "CONTRACT_YR": null, "CONTRACT_NUM": null, "ACESS_TYPE": "Beach", "KayakCanoeLaunch": "No", "PARKING_OPTIONS": "Onsite Parking", "BeachWheelchair": "Y", "BWC_Info": "http://nagsheadnc.gov/309/Public-Beach-Accesses", "PaidParkURL": "n/a", "WaterAccessTYPE": "Ocean", "BeachMat": "No", "Land_Status": "Municipality", "NEAR_FID": 405.0, "NEAR_DIST": 1058.5359135853098, "ACCESSIBILITY_NOTES": "Accessible to wheelchairs/strollers for beach viewing", "LIFEGUARDS": null }, "geometry": { "type": "Point", "coordinates": [ -75.631531028426707, 35.970713946280803 ] } },
{ "type": "Feature", "properties": { "ACCESS_ID": "Bainbridge Street", "OBJECTID": 405, "PLACE": "Nags Head", "ACCESS_LOC": "S. Virginia Dare Trail and Bainbridge Street", "LOCL_SPONS": "Town of Nags Head", "CAMA_SIGN": "Yes", "PARKING": 16.0, "DUNE_WALK": "Y", "OVERLOOK": "No", "HAND_DUNE": "No", "HAND_OVRLK": "No", "HAND_BEACH": "No", "HAND_PRKG": null, "RESTRM": "N", "SHOWER": "N", "PIC_TABLE": "No", "VEH_ACCESS": " ", "BIKE_RACK": "No", "SURV_DATE": 1197504000000.0, "COMMENT_": " ", "PRKG_COMMENTS": null, "COUNTY": "Dare", "DCM_RO": "Elizabeth City Regional Office", "NCDCM_ID": 1060.0, "PHOTO": "ecity_nh_ebainbridge_156.png", "PRK_FEE": "No", "DCM_Funded": "N", "CONTRACT_YR": null, "CONTRACT_NUM": null, "ACESS_TYPE": "Beach", "KayakCanoeLaunch": "No", "PARKING_OPTIONS": "Onsite Parking", "BeachWheelchair": "Y", "BWC_Info": "http://nagsheadnc.gov/309/Public-Beach-Accesses", "PaidParkURL": "n/a", "WaterAccessTYPE": "Ocean", "BeachMat": "No", "Land_Status": "Municipality", "NEAR_FID": 317.0, "NEAR_DIST": 1058.5359135853098, "ACCESSIBILITY_NOTES": null, "LIFEGUARDS": null }, "geometry": { "type": "Point", "coordinates": [ -75.632941699629797, 35.973386222094199 ] } },
{ "type": "Feature", "properties": { "ACCESS_ID": "Bladen Street", "OBJECTID": 314, "PLACE": "Nags Head", "ACCESS_LOC": "S. Virginia Dare Trail and Bladen Street", "LOCL_SPONS": "Town of Nags Head", "CAMA_SIGN": "Yes", "PARKING": 10.0, "DUNE_WALK": "Y", "OVERLOOK": "Yes", "HAND_DUNE": "Yes", "HAND_OVRLK": "Yes", "HAND_BEACH": "No", "HAND_PRKG": 1.0, "RESTRM": "N", "SHOWER": "Y", "PIC_TABLE": "No", "VEH_ACCESS": "E", "BIKE_RACK": "Yes", "SURV_DATE": 1520294400000.0, "COMMENT_": "Accessible to wheelchairs/strollers for beach viewing.", "PRKG_COMMENTS": "", "COUNTY": "Dare", "DCM_RO": "Elizabeth City Regional Office", "NCDCM_ID": 1190.0, "PHOTO": "ecity_nh_bladen_155.png", "PRK_FEE": "No", "DCM_Funded": "N", "CONTRACT_YR": null, "CONTRACT_NUM": null, "ACESS_TYPE": "Beach", "KayakCanoeLaunch": "No", "PARKING_OPTIONS": "Onsite Parking", "BeachWheelchair": "Y", "BWC_Info": "http://nagsheadnc.gov/309/Public-Beach-Accesses", "PaidParkURL": "n/a", "WaterAccessTYPE": "Ocean", "BeachMat": "Yes", "Land_Status": "Municipality", "NEAR_FID": 311.0, "NEAR_DIST": 649.99836956758224, "ACCESSIBILITY_NOTES": "Accessible to wheelchairs/strollers for beach viewing", "LIFEGUARDS": null }, "geometry": { "type": "Point", "coordinates": [ -75.634269807573403, 35.976104911889401 ] } },
{ "type": "Feature", "properties": { "ACCESS_ID": "Nags Head Woods Family Area", "OBJECTID": 408, "PLACE": "Nags Head", "ACCESS_LOC": "425 Health Center Drive", "LOCL_SPONS": "The Nature Conservancy / Town of Nags Head", "CAMA_SIGN": "No", "PARKING": 22.0, "DUNE_WALK": "N", "OVERLOOK": "No", "HAND_DUNE": "No", "HAND_OVRLK": "No", "HAND_BEACH": "No", "HAND_PRKG": 1.0, "RESTRM": "Y", "SHOWER": "N", "PIC_TABLE": "Yes", "VEH_ACCESS": " ", "BIKE_RACK": "No", "SURV_DATE": 1201046400000.0, "COMMENT_": "hiking trail from family center to sound - picnic pavilion - grills - play equipment", "PRKG_COMMENTS": null, "COUNTY": "Dare", "DCM_RO": "Elizabeth City Regional Office", "NCDCM_ID": 1063.0, "PHOTO": "ecity_nh_nagsheadwoods_191.png", "PRK_FEE": "No", "DCM_Funded": "N", "CONTRACT_YR": null, "CONTRACT_NUM": null, "ACESS_TYPE": "Shoreline", "KayakCanoeLaunch": "No", "PARKING_OPTIONS": "Onsite Parking", "BeachWheelchair": "Y", "BWC_Info": "http://nagsheadnc.gov/309/Public-Beach-Accesses", "PaidParkURL": "n/a", "WaterAccessTYPE": "Estuarine", "BeachMat": "No", "Land_Status": "Municipality", "NEAR_FID": 301.0, "NEAR_DIST": 3355.6219182505429, "ACCESSIBILITY_NOTES": null, "LIFEGUARDS": null }, "geometry": { "type": "Point", "coordinates": [ -75.647387704444697, 35.977237222283698 ] } },
{ "type": "Feature", "properties": { "ACCESS_ID": "Bittern Street", "OBJECTID": 311, "PLACE": "Nags Head", "ACCESS_LOC": "S. Virginia Dare Trail and Bittern Street", "LOCL_SPONS": "Town of Nags Head", "CAMA_SIGN": "Yes", "PARKING": 16.0, "DUNE_WALK": "Y", "OVERLOOK": "No", "HAND_DUNE": "No", "HAND_OVRLK": "No", "HAND_BEACH": "No", "HAND_PRKG": 0.0, "RESTRM": "N", "SHOWER": "Y", "PIC_TABLE": "No", "VEH_ACCESS": " ", "BIKE_RACK": "Yes", "SURV_DATE": 1520294400000.0, "COMMENT_": null, "PRKG_COMMENTS": "", "COUNTY": "Dare", "DCM_RO": "Elizabeth City Regional Office", "NCDCM_ID": 1189.0, "PHOTO": "ecity_nh_ebittern_154.png", "PRK_FEE": "No", "DCM_Funded": "Y", "CONTRACT_YR": null, "CONTRACT_NUM": null, "ACESS_TYPE": "Beach", "KayakCanoeLaunch": "No", "PARKING_OPTIONS": "Onsite Parking", "BeachWheelchair": "Y", "BWC_Info": "http://nagsheadnc.gov/309/Public-Beach-Accesses", "PaidParkURL": "n/a", "WaterAccessTYPE": "Ocean", "BeachMat": "No", "Land_Status": "Municipality", "NEAR_FID": 314.0, "NEAR_DIST": 649.99836956758224, "ACCESSIBILITY_NOTES": null, "LIFEGUARDS": null }, "geometry": { "type": "Point", "coordinates": [ -75.635208173346101, 35.977719430002701 ] } },
{ "type": "Feature", "properties": { "ACCESS_ID": "Bonnett Street", "OBJECTID": 308, "PLACE": "Nags Head", "ACCESS_LOC": "S. Virginia Dare Trail and Bonnett Street", "LOCL_SPONS": "Town of Nags Head", "CAMA_SIGN": "Yes", "PARKING": 64.0, "DUNE_WALK": "Y", "OVERLOOK": "Yes", "HAND_DUNE": "Yes", "HAND_OVRLK": "Yes", "HAND_BEACH": "Y", "HAND_PRKG": 3.0, "RESTRM": "Y", "SHOWER": "Y", "PIC_TABLE": "No", "VEH_ACCESS": " ", "BIKE_RACK": "Yes", "SURV_DATE": 1554940800000.0, "COMMENT_": "Beach mat at this site. Accessible to wheelchairs/strollers for beach viewing. Volleyball Court.\r\n", "PRKG_COMMENTS": "", "COUNTY": "Dare", "DCM_RO": "Elizabeth City Regional Office", "NCDCM_ID": 1188.0, "PHOTO": "ecity_nh_ebonnett_153.png", "PRK_FEE": "No", "DCM_Funded": "N", "CONTRACT_YR": null, "CONTRACT_NUM": null, "ACESS_TYPE": "Beach", "KayakCanoeLaunch": "No", "PARKING_OPTIONS": "Onsite Parking", "BeachWheelchair": "Y", "BWC_Info": "http://nagsheadnc.gov/309/Public-Beach-Accesses", "PaidParkURL": "n/a", "WaterAccessTYPE": "Ocean", "BeachMat": "Yes", "Land_Status": "Municipality", "NEAR_FID": 305.0, "NEAR_DIST": 505.67313926639491, "ACCESSIBILITY_NOTES": "Accessible to wheelchairs/strollers for beach viewing", "LIFEGUARDS": null }, "geometry": { "type": "Point", "coordinates": [ -75.636319435166598, 35.979697441594297 ] } },
{ "type": "Feature", "properties": { "ACCESS_ID": "Blackman Street", "OBJECTID": 305, "PLACE": "Nags Head", "ACCESS_LOC": "S. Virginia Dare Trail and Blackman Street", "LOCL_SPONS": "Town of Nags Head", "CAMA_SIGN": "Yes", "PARKING": 13.0, "DUNE_WALK": "Y", "OVERLOOK": "No", "HAND_DUNE": "No", "HAND_OVRLK": "No", "HAND_BEACH": "No", "HAND_PRKG": 2.0, "RESTRM": "N", "SHOWER": "Y", "PIC_TABLE": "No", "VEH_ACCESS": " ", "BIKE_RACK": "No", "SURV_DATE": 1520294400000.0, "COMMENT_": "", "PRKG_COMMENTS": "26 regular paved parking spaces 1 block west", "COUNTY": "Dare", "DCM_RO": "Elizabeth City Regional Office", "NCDCM_ID": 1187.0, "PHOTO": "ecity_nh_eblackman_152.png", "PRK_FEE": "No", "DCM_Funded": "Y", "CONTRACT_YR": null, "CONTRACT_NUM": null, "ACESS_TYPE": "Beach", "KayakCanoeLaunch": "No", "PARKING_OPTIONS": "Both Parking Options", "BeachWheelchair": "Y", "BWC_Info": "http://nagsheadnc.gov/309/Public-Beach-Accesses", "PaidParkURL": "n/a", "WaterAccessTYPE": "Ocean", "BeachMat": "No", "Land_Status": "Municipality", "NEAR_FID": 301.0, "NEAR_DIST": 449.89186264518622, "ACCESSIBILITY_NOTES": null, "LIFEGUARDS": null }, "geometry": { "type": "Point", "coordinates": [ -75.637014810248303, 35.980966400774001 ] } },
{ "type": "Feature", "properties": { "ACCESS_ID": "Barnes Street", "OBJECTID": 301, "PLACE": "Nags Head", "ACCESS_LOC": "S. Virginia Dare Trail and Barnes Street", "LOCL_SPONS": "Town of Nags Head", "CAMA_SIGN": "Yes", "PARKING": 17.0, "DUNE_WALK": "Y", "OVERLOOK": "No", "HAND_DUNE": "No", "HAND_OVRLK": "No", "HAND_BEACH": "No", "HAND_PRKG": 0.0, "RESTRM": "N", "SHOWER": "Y", "PIC_TABLE": "No", "VEH_ACCESS": " ", "BIKE_RACK": "No", "SURV_DATE": 1520294400000.0, "COMMENT_": "", "PRKG_COMMENTS": null, "COUNTY": "Dare", "DCM_RO": "Elizabeth City Regional Office", "NCDCM_ID": 1186.0, "PHOTO": "ecity_nh_ebarnes_151.png", "PRK_FEE": "No", "DCM_Funded": "Y", "CONTRACT_YR": null, "CONTRACT_NUM": null, "ACESS_TYPE": "Beach", "KayakCanoeLaunch": "No", "PARKING_OPTIONS": "Both Parking Options", "BeachWheelchair": "Y", "BWC_Info": "http://nagsheadnc.gov/309/Public-Beach-Accesses", "PaidParkURL": "n/a", "WaterAccessTYPE": "Ocean", "BeachMat": "No", "Land_Status": "Municipality", "NEAR_FID": 305.0, "NEAR_DIST": 449.89186264518622, "ACCESSIBILITY_NOTES": null, "LIFEGUARDS": null }, "geometry": { "type": "Point", "coordinates": [ -75.6377225200971, 35.982060283441903 ] } },
{ "type": "Feature", "properties": { "ACCESS_ID": "Baltic Street", "OBJECTID": 297, "PLACE": "Nags Head", "ACCESS_LOC": "S. Virginia Dare Trail and Baltic Street", "LOCL_SPONS": "Town of Nags Head", "CAMA_SIGN": "Yes", "PARKING": 15.0, "DUNE_WALK": "Y", "OVERLOOK": "Yes", "HAND_DUNE": "Yes", "HAND_OVRLK": "Yes", "HAND_BEACH": "No", "HAND_PRKG": 2.0, "RESTRM": "N", "SHOWER": "N", "PIC_TABLE": "No", "VEH_ACCESS": " ", "BIKE_RACK": "No", "SURV_DATE": 1520294400000.0, "COMMENT_": "Accessible to wheelchairs/strollers for beach viewing.", "PRKG_COMMENTS": "Unmarked parking", "COUNTY": "Dare", "DCM_RO": "Elizabeth City Regional Office", "NCDCM_ID": 1185.0, "PHOTO": "ecity_nh_ebaltic_150.png", "PRK_FEE": "No", "DCM_Funded": "Y", "CONTRACT_YR": null, "CONTRACT_NUM": null, "ACESS_TYPE": "Beach", "KayakCanoeLaunch": "No", "PARKING_OPTIONS": "Both Parking Options", "BeachWheelchair": "Y", "BWC_Info": "http://nagsheadnc.gov/309/Public-Beach-Accesses", "PaidParkURL": "n/a", "WaterAccessTYPE": "Ocean", "BeachMat": "No", "Land_Status": "Municipality", "NEAR_FID": 293.0, "NEAR_DIST": 644.95136374295134, "ACCESSIBILITY_NOTES": "Accessible to wheelchairs/strollers for beach viewing", "LIFEGUARDS": null }, "geometry": { "type": "Point", "coordinates": [ -75.638563927107995, 35.983711156425102 ] } },
{ "type": "Feature", "properties": { "ACCESS_ID": "Admiral Street", "OBJECTID": 293, "PLACE": "Nags Head", "ACCESS_LOC": "S. Virginia Dare Trail and Admiral Street", "LOCL_SPONS": "Town of Nags Head", "CAMA_SIGN": "Yes", "PARKING": 16.0, "DUNE_WALK": "N", "OVERLOOK": "No", "HAND_DUNE": "No", "HAND_OVRLK": "No", "HAND_BEACH": "No", "HAND_PRKG": 0.0, "RESTRM": "N", "SHOWER": "N", "PIC_TABLE": "No", "VEH_ACCESS": "S", "BIKE_RACK": "No", "SURV_DATE": 1520294400000.0, "COMMENT_": " ", "PRKG_COMMENTS": "", "COUNTY": "Dare", "DCM_RO": "Elizabeth City Regional Office", "NCDCM_ID": 1184.0, "PHOTO": "ecity_nh_eadmiral_149.png", "PRK_FEE": "No", "DCM_Funded": "N", "CONTRACT_YR": null, "CONTRACT_NUM": null, "ACESS_TYPE": "Beach", "KayakCanoeLaunch": "No", "PARKING_OPTIONS": "Onsite Parking", "BeachWheelchair": "Y", "BWC_Info": "http://nagsheadnc.gov/309/Public-Beach-Accesses", "PaidParkURL": "n/a", "WaterAccessTYPE": "Ocean", "BeachMat": "No", "Land_Status": "Municipality", "NEAR_FID": 297.0, "NEAR_DIST": 644.95136374295134, "ACCESSIBILITY_NOTES": null, "LIFEGUARDS": null }, "geometry": { "type": "Point", "coordinates": [ -75.639625618094499, 35.985258576925403 ] } },
{ "type": "Feature", "properties": { "ACCESS_ID": "Abalone Street", "OBJECTID": 290, "PLACE": "Nags Head", "ACCESS_LOC": "S. Virginia Dare Trail and Abalone Street", "LOCL_SPONS": "Town of Nags Head", "CAMA_SIGN": "Yes", "PARKING": 20.0, "DUNE_WALK": "Y", "OVERLOOK": "No", "HAND_DUNE": "No", "HAND_OVRLK": "No", "HAND_BEACH": "No", "HAND_PRKG": 0.0, "RESTRM": "N", "SHOWER": "N", "PIC_TABLE": "No", "VEH_ACCESS": " ", "BIKE_RACK": "No", "SURV_DATE": 1520294400000.0, "COMMENT_": " ", "PRKG_COMMENTS": "", "COUNTY": "Dare", "DCM_RO": "Elizabeth City Regional Office", "NCDCM_ID": 1183.0, "PHOTO": "ecity_nh_eabalone_148.png", "PRK_FEE": "No", "DCM_Funded": "N", "CONTRACT_YR": null, "CONTRACT_NUM": null, "ACESS_TYPE": "Beach", "KayakCanoeLaunch": "No", "PARKING_OPTIONS": "Onsite Parking", "BeachWheelchair": "Y", "BWC_Info": "http://nagsheadnc.gov/309/Public-Beach-Accesses", "PaidParkURL": "n/a", "WaterAccessTYPE": "Ocean", "BeachMat": "No", "Land_Status": "Municipality", "NEAR_FID": 293.0, "NEAR_DIST": 656.58001947597722, "ACCESSIBILITY_NOTES": null, "LIFEGUARDS": null }, "geometry": { "type": "Point", "coordinates": [ -75.640610114153702, 35.986875081853903 ] } },
{ "type": "Feature", "properties": { "ACCESS_ID": "Bathhouse Access", "OBJECTID": 522, "PLACE": "Atlantic Beach", "ACCESS_LOC": "2131 East Fort Macon Road", "LOCL_SPONS": "State Park", "CAMA_SIGN": "No", "PARKING": 317.0, "DUNE_WALK": "Y", "OVERLOOK": "Yes", "HAND_DUNE": "Yes", "HAND_OVRLK": "No", "HAND_BEACH": "No", "HAND_PRKG": 6.0, "RESTRM": "Y", "SHOWER": "Y", "PIC_TABLE": "Yes", "VEH_ACCESS": "E", "BIKE_RACK": "Yes", "SURV_DATE": 1615334400000.0, "COMMENT_": "Located south of the beach road, approximately 0.25 mile east of the Park entrance", "PRKG_COMMENTS": "", "COUNTY": "Carteret", "DCM_RO": "Morehead City Regional Office", "NCDCM_ID": 522.0, "PHOTO": "AB02.png", "PRK_FEE": "No", "DCM_Funded": "N", "CONTRACT_YR": null, "CONTRACT_NUM": null, "ACESS_TYPE": "Beach", "KayakCanoeLaunch": "No", "PARKING_OPTIONS": "Onsite Parking", "BeachWheelchair": "Y", "BWC_Info": "first-come, first-served basis at the bathhouse", "PaidParkURL": "n/a", "WaterAccessTYPE": "Ocean", "BeachMat": null, "Land_Status": "STATE-NCDCR", "NEAR_FID": 549.0, "NEAR_DIST": 3278.2807853811473, "ACCESSIBILITY_NOTES": null, "LIFEGUARDS": null }, "geometry": { "type": "Point", "coordinates": [ -76.697391033305394, 34.694943698816502 ] } },
{ "type": "Feature", "properties": { "ACCESS_ID": "Tom Doe Memorial Beach Access", "OBJECTID": 533, "PLACE": "Atlantic Beach", "ACCESS_LOC": "Ocean Blvd & Henderson Blvd", "LOCL_SPONS": "Atlantic Beach", "CAMA_SIGN": "Yes", "PARKING": 47.0, "DUNE_WALK": "Y", "OVERLOOK": "Yes", "HAND_DUNE": "Yes", "HAND_OVRLK": "Yes", "HAND_BEACH": "No", "HAND_PRKG": 1.0, "RESTRM": "Y", "SHOWER": "Y", "PIC_TABLE": "No", "VEH_ACCESS": "Yes", "BIKE_RACK": "No", "SURV_DATE": 1615334400000.0, "COMMENT_": "Additional parking along Henderson Boulevard. Paid parking mid-May through Labor Day, every day from 10 a.m. to 6 p.m.", "PRKG_COMMENTS": "", "COUNTY": "Carteret", "DCM_RO": "Morehead City Regional Office", "NCDCM_ID": 987.0, "PHOTO": "ab23henderson.png", "PRK_FEE": "Y", "DCM_Funded": "Y", "CONTRACT_YR": null, "CONTRACT_NUM": null, "ACESS_TYPE": "Beach", "KayakCanoeLaunch": "No", "PARKING_OPTIONS": "Both Parking Options", "BeachWheelchair": "Y", "BWC_Info": "http://atlanticbeach-nc.com/departments/fire-department/beach-wheelchair-program/", "PaidParkURL": "http://atlanticbeach-nc.com/departments/police-department/parking/", "WaterAccessTYPE": "Ocean", "BeachMat": null, "Land_Status": "Municipality", "NEAR_FID": 545.0, "NEAR_DIST": 919.62249398457607, "ACCESSIBILITY_NOTES": null, "LIFEGUARDS": null }, "geometry": { "type": "Point", "coordinates": [ -76.711837474701596, 34.696150535960498 ] } },
{ "type": "Feature", "properties": { "ACCESS_ID": "Commerce Way", "OBJECTID": 549, "PLACE": "Atlantic Beach", "ACCESS_LOC": "Commerce Way", "LOCL_SPONS": "Atlantic Beach", "CAMA_SIGN": "Yes", "PARKING": 0.0, "DUNE_WALK": "Y", "OVERLOOK": " ", "HAND_DUNE": "Yes", "HAND_OVRLK": " ", "HAND_BEACH": "Y", "HAND_PRKG": 0.0, "RESTRM": "N", "SHOWER": "N", "PIC_TABLE": "No", "VEH_ACCESS": " ", "BIKE_RACK": "No", "SURV_DATE": 1052092800000.0, "COMMENT_": "Handicap accessible to beach", "PRKG_COMMENTS": null, "COUNTY": "Carteret", "DCM_RO": "Morehead City Regional Office", "NCDCM_ID": 363.0, "PHOTO": "AB03.png", "PRK_FEE": null, "DCM_Funded": "Y", "CONTRACT_YR": null, "CONTRACT_NUM": null, "ACESS_TYPE": "Beach", "KayakCanoeLaunch": "No", "PARKING_OPTIONS": "No Parking", "BeachWheelchair": "Y", "BWC_Info": "http://atlanticbeach-nc.com/departments/fire-department/beach-wheelchair-program/", "PaidParkURL": "n/a", "WaterAccessTYPE": "Ocean", "BeachMat": null, "Land_Status": "Municipality", "NEAR_FID": 533.0, "NEAR_DIST": 1121.449188311241, "ACCESSIBILITY_NOTES": null, "LIFEGUARDS": null }, "geometry": { "type": "Point", "coordinates": [ -76.708131737304996, 34.696508242250196 ] } },
{ "type": "Feature", "properties": { "ACCESS_ID": "NA", "OBJECTID": 545, "PLACE": "Atlantic Beach", "ACCESS_LOC": "Club Colony Dr.", "LOCL_SPONS": "Atlantic Beach", "CAMA_SIGN": "Yes", "PARKING": 0.0, "DUNE_WALK": "Y", "OVERLOOK": " ", "HAND_DUNE": "Yes", "HAND_OVRLK": " ", "HAND_BEACH": "Y", "HAND_PRKG": 0.0, "RESTRM": "N", "SHOWER": "N", "PIC_TABLE": "No", "VEH_ACCESS": " ", "BIKE_RACK": "No", "SURV_DATE": 1052092800000.0, "COMMENT_": "Handicap accessible to beach", "PRKG_COMMENTS": null, "COUNTY": "Carteret", "DCM_RO": "Morehead City Regional Office", "NCDCM_ID": 362.0, "PHOTO": "AB04.png", "PRK_FEE": null, "DCM_Funded": "N", "CONTRACT_YR": null, "CONTRACT_NUM": null, "ACESS_TYPE": "Beach", "KayakCanoeLaunch": "No", "PARKING_OPTIONS": "No Parking", "BeachWheelchair": "Y", "BWC_Info": "http://atlanticbeach-nc.com/departments/fire-department/beach-wheelchair-program/", "PaidParkURL": "n/a", "WaterAccessTYPE": "Ocean", "BeachMat": null, "Land_Status": "Municipality", "NEAR_FID": 189.0, "NEAR_DIST": 701.15918181208508, "ACCESSIBILITY_NOTES": null, "LIFEGUARDS": null }, "geometry": { "type": "Point", "coordinates": [ -76.714790408618697, 34.696811670757803 ] } },
{ "type": "Feature", "properties": { "ACCESS_ID": "Club Colony", "OBJECTID": 189, "PLACE": "Atlantic Beach", "ACCESS_LOC": "320 Club Colony Drive", "LOCL_SPONS": "Atlantic Beach", "CAMA_SIGN": "Yes", "PARKING": 0.0, "DUNE_WALK": "Y", "OVERLOOK": "No", "HAND_DUNE": "Yes", "HAND_OVRLK": "No", "HAND_BEACH": "No", "HAND_PRKG": 0.0, "RESTRM": "N", "SHOWER": "N", "PIC_TABLE": "No", "VEH_ACCESS": " ", "BIKE_RACK": "No", "SURV_DATE": 1094083200000.0, "COMMENT_": " ", "PRKG_COMMENTS": null, "COUNTY": "Carteret", "DCM_RO": "Morehead City Regional Office", "NCDCM_ID": 577.0, "PHOTO": "AB05.png", "PRK_FEE": null, "DCM_Funded": "N", "CONTRACT_YR": null, "CONTRACT_NUM": null, "ACESS_TYPE": "Beach", "KayakCanoeLaunch": "No", "PARKING_OPTIONS": "No Parking", "BeachWheelchair": "Y", "BWC_Info": "http://atlanticbeach-nc.com/departments/fire-department/beach-wheelchair-program/", "PaidParkURL": "n/a", "WaterAccessTYPE": "Ocean", "BeachMat": null, "Land_Status": "Municipality", "NEAR_FID": 530.0, "NEAR_DIST": 286.49914289141969, "ACCESSIBILITY_NOTES": null, "LIFEGUARDS": null }, "geometry": { "type": "Point", "coordinates": [ -76.717105119170895, 34.6970505559458 ] } },
{ "type": "Feature", "properties": { "ACCESS_ID": "Willis Ave", "OBJECTID": 543, "PLACE": "Atlantic Beach", "ACCESS_LOC": "300 Club Colony Dr.", "LOCL_SPONS": "Atlantic Beach", "CAMA_SIGN": "Yes", "PARKING": 0.0, "DUNE_WALK": "Y", "OVERLOOK": " ", "HAND_DUNE": "N", "HAND_OVRLK": " ", "HAND_BEACH": "Y", "HAND_PRKG": 0.0, "RESTRM": "N", "SHOWER": "N", "PIC_TABLE": " ", "VEH_ACCESS": " ", "BIKE_RACK": " ", "SURV_DATE": 1052092800000.0, "COMMENT_": "Handicap accessible to beach", "PRKG_COMMENTS": null, "COUNTY": "Carteret", "DCM_RO": "Morehead City Regional Office", "NCDCM_ID": 361.0, "PHOTO": "AB06.png", "PRK_FEE": null, "DCM_Funded": "Y", "CONTRACT_YR": null, "CONTRACT_NUM": null, "ACESS_TYPE": "Beach", "KayakCanoeLaunch": "No", "PARKING_OPTIONS": "No Parking", "BeachWheelchair": "Y", "BWC_Info": "http://atlanticbeach-nc.com/departments/fire-department/beach-wheelchair-program/", "PaidParkURL": "n/a", "WaterAccessTYPE": "Ocean", "BeachMat": "No", "Land_Status": "Municipality", "NEAR_FID": 535.0, "NEAR_DIST": 400.42650703482622, "ACCESSIBILITY_NOTES": null, "LIFEGUARDS": null }, "geometry": { "type": "Point", "coordinates": [ -76.719249254023595, 34.697204967338898 ] } },
{ "type": "Feature", "properties": { "ACCESS_ID": "Dunes Ave", "OBJECTID": 899, "PLACE": "Atlantic Beach", "ACCESS_LOC": "Terminus of Dunes Ave", "LOCL_SPONS": "Atlantic Beach", "CAMA_SIGN": "No", "PARKING": 0.0, "DUNE_WALK": "Y", "OVERLOOK": "N", "HAND_DUNE": "Y", "HAND_OVRLK": "N", "HAND_BEACH": "Y", "HAND_PRKG": 0.0, "RESTRM": "N", "SHOWER": "N", "PIC_TABLE": "N", "VEH_ACCESS": "No", "BIKE_RACK": "N", "SURV_DATE": 1665572346000.0, "COMMENT_": null, "PRKG_COMMENTS": "No Parking", "COUNTY": "Carteret", "DCM_RO": "MHC", "NCDCM_ID": null, "PHOTO": null, "PRK_FEE": "N", "DCM_Funded": "N", "CONTRACT_YR": "n/a", "CONTRACT_NUM": "n/a", "ACESS_TYPE": "Beach", "KayakCanoeLaunch": "N", "PARKING_OPTIONS": "No Parking", "BeachWheelchair": "Y", "BWC_Info": " http://atlanticbeach-nc.com/departments/fire-department/beach-wheelchair-program/", "PaidParkURL": "n/a", "WaterAccessTYPE": "Ocean", "BeachMat": null, "Land_Status": "Municipality", "NEAR_FID": 543.0, "NEAR_DIST": 715.45675076069904, "ACCESSIBILITY_NOTES": null, "LIFEGUARDS": null }, "geometry": { "type": "Point", "coordinates": [ -76.721617879648207, 34.6973993412334 ] } },
{ "type": "Feature", "properties": { "ACCESS_ID": "Robin", "OBJECTID": 530, "PLACE": "Atlantic Beach", "ACCESS_LOC": "Robin and Freeman Drive", "LOCL_SPONS": "Atlantic Beach", "CAMA_SIGN": "Yes", "PARKING": 0.0, "DUNE_WALK": "Y", "OVERLOOK": "No", "HAND_DUNE": "No", "HAND_OVRLK": "No", "HAND_BEACH": "No", "HAND_PRKG": 0.0, "RESTRM": "N", "SHOWER": "N", "PIC_TABLE": "No", "VEH_ACCESS": "No", "BIKE_RACK": "No", "SURV_DATE": 1192665600000.0, "COMMENT_": " ", "PRKG_COMMENTS": null, "COUNTY": "Carteret", "DCM_RO": "Morehead City Regional Office", "NCDCM_ID": 986.0, "PHOTO": "ab22robinandfreeman.png", "PRK_FEE": null, "DCM_Funded": "N", "CONTRACT_YR": null, "CONTRACT_NUM": null, "ACESS_TYPE": "Beach", "KayakCanoeLaunch": "No", "PARKING_OPTIONS": "No Parking", "BeachWheelchair": "Y", "BWC_Info": "http://atlanticbeach-nc.com/departments/fire-department/beach-wheelchair-program/", "PaidParkURL": "n/a", "WaterAccessTYPE": "Ocean", "BeachMat": null, "Land_Status": "Municipality", "NEAR_FID": 189.0, "NEAR_DIST": 286.49914289141969, "ACCESSIBILITY_NOTES": null, "LIFEGUARDS": null }, "geometry": { "type": "Point", "coordinates": [ -76.717107855439195, 34.6978377897345 ] } },
{ "type": "Feature", "properties": { "ACCESS_ID": "New Bern Street - The Les and Sally Moore Public Beach Access", "OBJECTID": 540, "PLACE": "Atlantic Beach", "ACCESS_LOC": "177 New Bern St", "LOCL_SPONS": "Atlantic Beach", "CAMA_SIGN": "Yes", "PARKING": 50.0, "DUNE_WALK": "Y", "OVERLOOK": "Yes", "HAND_DUNE": "Yes", "HAND_OVRLK": "Yes", "HAND_BEACH": "Y", "HAND_PRKG": 2.0, "RESTRM": "Y", "SHOWER": "Y", "PIC_TABLE": " ", "VEH_ACCESS": "No", "BIKE_RACK": "No", "SURV_DATE": 1613433600000.0, "COMMENT_": "Located at the intersection of New Bern Ave. and Hwy 58 where the HWY narrows from 5 lanes to 3 (Les & Sally Moore Public Access)", "PRKG_COMMENTS": "", "COUNTY": "Carteret", "DCM_RO": "Morehead City Regional Office", "NCDCM_ID": 360.0, "PHOTO": "AB07.png", "PRK_FEE": "Y", "DCM_Funded": "Y", "CONTRACT_YR": null, "CONTRACT_NUM": null, "ACESS_TYPE": "Beach", "KayakCanoeLaunch": "No", "PARKING_OPTIONS": "Onsite Parking", "BeachWheelchair": "Y", "BWC_Info": "http://atlanticbeach-nc.com/departments/fire-department/beach-wheelchair-program/", "PaidParkURL": "http://atlanticbeach-nc.com/departments/police-department/parking/", "WaterAccessTYPE": "Ocean", "BeachMat": null, "Land_Status": "Municipality", "NEAR_FID": 899.0, "NEAR_DIST": 748.05353419002211, "ACCESSIBILITY_NOTES": null, "LIFEGUARDS": null }, "geometry": { "type": "Point", "coordinates": [ -76.724026015004199, 34.697918254750299 ] } },
{ "type": "Feature", "properties": { "ACCESS_ID": "Fort Macon", "OBJECTID": 527, "PLACE": "Atlantic Beach", "ACCESS_LOC": "2307 East Fort Macon Road", "LOCL_SPONS": "State Park", "CAMA_SIGN": "No", "PARKING": 277.0, "DUNE_WALK": "N", "OVERLOOK": "Yes", "HAND_DUNE": "Yes", "HAND_OVRLK": "Yes", "HAND_BEACH": "No", "HAND_PRKG": 8.0, "RESTRM": "Y", "SHOWER": "N", "PIC_TABLE": "No", "VEH_ACCESS": "E", "BIKE_RACK": "Yes", "SURV_DATE": 1615334400000.0, "COMMENT_": "Located at Beaufort Inlet. At the easternmost end of Bogue Banks.", "PRKG_COMMENTS": "", "COUNTY": "Carteret", "DCM_RO": "Morehead City Regional Office", "NCDCM_ID": 523.0, "PHOTO": "AB01.png", "PRK_FEE": "No", "DCM_Funded": "N", "CONTRACT_YR": null, "CONTRACT_NUM": null, "ACESS_TYPE": "Beach", "KayakCanoeLaunch": "No", "PARKING_OPTIONS": "Onsite Parking", "BeachWheelchair": "Y", "BWC_Info": "first-come, first-served basis at the bathhouse", "PaidParkURL": "n/a", "WaterAccessTYPE": "Ocean", "BeachMat": null, "Land_Status": "STATE-NCDCR", "NEAR_FID": 522.0, "NEAR_DIST": 5894.1852083910971, "ACCESSIBILITY_NOTES": null, "LIFEGUARDS": null }, "geometry": { "type": "Point", "coordinates": [ -76.6781161472571, 34.697922675050599 ] } },
{ "type": "Feature", "properties": { "ACCESS_ID": "DoubleTree East", "OBJECTID": 500, "PLACE": "Atlantic Beach", "ACCESS_LOC": "2703 West Fort Macon Road", "LOCL_SPONS": "Atlantic Beach", "CAMA_SIGN": "Yes", "PARKING": 0.0, "DUNE_WALK": "Y", "OVERLOOK": "N", "HAND_DUNE": "Y", "HAND_OVRLK": "No", "HAND_BEACH": "Y", "HAND_PRKG": 0.0, "RESTRM": "N", "SHOWER": "N", "PIC_TABLE": "No", "VEH_ACCESS": "No", "BIKE_RACK": "No", "SURV_DATE": 1659398400000.0, "COMMENT_": "", "PRKG_COMMENTS": "", "COUNTY": "Carteret", "DCM_RO": "Morehead City Regional Office", "NCDCM_ID": 346.0, "PHOTO": "AB21.png", "PRK_FEE": null, "DCM_Funded": "Y", "CONTRACT_YR": null, "CONTRACT_NUM": null, "ACESS_TYPE": "Beach", "KayakCanoeLaunch": "No", "PARKING_OPTIONS": "No Parking", "BeachWheelchair": "Y", "BWC_Info": "http://atlanticbeach-nc.com/departments/fire-department/beach-wheelchair-program/", "PaidParkURL": "n/a", "WaterAccessTYPE": "Ocean", "BeachMat": null, "Land_Status": "Municipality", "NEAR_FID": 331.0, "NEAR_DIST": 769.1186540506734, "ACCESSIBILITY_NOTES": null, "LIFEGUARDS": null }, "geometry": { "type": "Point", "coordinates": [ -76.779334732965694, 34.697543833888098 ] } },
{ "type": "Feature", "properties": { "ACCESS_ID": "Ameri-Suites Access", "OBJECTID": 328, "PLACE": "Pine Knoll Shores", "ACCESS_LOC": "Salter Path Road and Oakleaf Drive", "LOCL_SPONS": " ", "CAMA_SIGN": "Yes", "PARKING": 10.0, "DUNE_WALK": "Y", "OVERLOOK": "No", "HAND_DUNE": "No", "HAND_OVRLK": "No", "HAND_BEACH": "No", "HAND_PRKG": null, "RESTRM": "N", "SHOWER": "N", "PIC_TABLE": "No", "VEH_ACCESS": "No", "BIKE_RACK": "N", "SURV_DATE": 1628812800000.0, "COMMENT_": " ", "PRKG_COMMENTS": "Nearest Parking is on Oakleaf Dr", "COUNTY": "Carteret", "DCM_RO": "Morehead City Regional Office", "NCDCM_ID": 144.0, "PHOTO": "PK23.png", "PRK_FEE": "No", "DCM_Funded": "Y", "CONTRACT_YR": null, "CONTRACT_NUM": null, "ACESS_TYPE": "Beach", "KayakCanoeLaunch": "No", "PARKING_OPTIONS": "Parking off-site", "BeachWheelchair": "Y", "BWC_Info": "The town has two ADA-compliant beach-capable wheelchairs. Chairs are located at the Fire Station 314 Salter Path Road. Phone: (252) 247-2268", "PaidParkURL": "n/a", "WaterAccessTYPE": "Ocean", "BeachMat": null, "Land_Status": "Municipality", "NEAR_FID": 743.0, "NEAR_DIST": 383.3784939106917, "ACCESSIBILITY_NOTES": null, "LIFEGUARDS": null }, "geometry": { "type": "Point", "coordinates": [ -76.787858183561198, 34.697638812268202 ] } },
{ "type": "Feature", "properties": { "ACCESS_ID": "Glenn St.", "OBJECTID": 539, "PLACE": "Atlantic Beach", "ACCESS_LOC": "314 Glenn Street", "LOCL_SPONS": "Atlantic Beach", "CAMA_SIGN": "Yes", "PARKING": 0.0, "DUNE_WALK": "N", "OVERLOOK": "No", "HAND_DUNE": "No", "HAND_OVRLK": "No", "HAND_BEACH": "No", "HAND_PRKG": 0.0, "RESTRM": "N", "SHOWER": "N", "PIC_TABLE": "No", "VEH_ACCESS": "No", "BIKE_RACK": "No", "SURV_DATE": 1615334400000.0, "COMMENT_": "Sand path to beach", "PRKG_COMMENTS": null, "COUNTY": "Carteret", "DCM_RO": "Morehead City Regional Office", "NCDCM_ID": 359.0, "PHOTO": "AB08.png", "PRK_FEE": null, "DCM_Funded": "N", "CONTRACT_YR": null, "CONTRACT_NUM": null, "ACESS_TYPE": "Beach", "KayakCanoeLaunch": "No", "PARKING_OPTIONS": "No Parking", "BeachWheelchair": "Y", "BWC_Info": "http://atlanticbeach-nc.com/departments/fire-department/beach-wheelchair-program/", "PaidParkURL": "n/a", "WaterAccessTYPE": "Ocean", "BeachMat": null, "Land_Status": "Municipality", "NEAR_FID": 536.0, "NEAR_DIST": 203.02860857925765, "ACCESSIBILITY_NOTES": null, "LIFEGUARDS": null }, "geometry": { "type": "Point", "coordinates": [ -76.728742024718798, 34.6976913663662 ] } },
{ "type": "Feature", "properties": { "ACCESS_ID": "Glenn St.", "OBJECTID": 536, "PLACE": "Atlantic Beach", "ACCESS_LOC": "304 Glenn St.", "LOCL_SPONS": "Atlantic Beach", "CAMA_SIGN": "Yes", "PARKING": 0.0, "DUNE_WALK": " ", "OVERLOOK": " ", "HAND_DUNE": " ", "HAND_OVRLK": " ", "HAND_BEACH": " ", "HAND_PRKG": 0.0, "RESTRM": " ", "SHOWER": " ", "PIC_TABLE": " ", "VEH_ACCESS": "No", "BIKE_RACK": "No", "SURV_DATE": 1615334400000.0, "COMMENT_": " ", "PRKG_COMMENTS": null, "COUNTY": "Carteret", "DCM_RO": "Morehead City Regional Office", "NCDCM_ID": 358.0, "PHOTO": "AB09.png", "PRK_FEE": null, "DCM_Funded": "N", "CONTRACT_YR": null, "CONTRACT_NUM": null, "ACESS_TYPE": "Beach", "KayakCanoeLaunch": "No", "PARKING_OPTIONS": "No Parking", "BeachWheelchair": "Y", "BWC_Info": "http://atlanticbeach-nc.com/departments/fire-department/beach-wheelchair-program/", "PaidParkURL": "n/a", "WaterAccessTYPE": "Ocean", "BeachMat": null, "Land_Status": "Municipality", "NEAR_FID": 539.0, "NEAR_DIST": 203.02860857925765, "ACCESSIBILITY_NOTES": null, "LIFEGUARDS": null }, "geometry": { "type": "Point", "coordinates": [ -76.729416786159604, 34.697716901514198 ] } },
{ "type": "Feature", "properties": { "ACCESS_ID": "West Money Island", "OBJECTID": 534, "PLACE": "Atlantic Beach", "ACCESS_LOC": "208 Glenn St.", "LOCL_SPONS": "Atlantic Beach", "CAMA_SIGN": "Yes", "PARKING": 0.0, "DUNE_WALK": "Y", "OVERLOOK": " ", "HAND_DUNE": "Yes", "HAND_OVRLK": " ", "HAND_BEACH": " ", "HAND_PRKG": 0.0, "RESTRM": "N", "SHOWER": "N", "PIC_TABLE": "No", "VEH_ACCESS": "No", "BIKE_RACK": "No", "SURV_DATE": 1464220800000.0, "COMMENT_": "Boardwalk", "PRKG_COMMENTS": null, "COUNTY": "Carteret", "DCM_RO": "Morehead City Regional Office", "NCDCM_ID": 357.0, "PHOTO": "AB10.png", "PRK_FEE": null, "DCM_Funded": "Y", "CONTRACT_YR": null, "CONTRACT_NUM": null, "ACESS_TYPE": "Beach", "KayakCanoeLaunch": "No", "PARKING_OPTIONS": "No Parking", "BeachWheelchair": "Y", "BWC_Info": "http://atlanticbeach-nc.com/departments/fire-department/beach-wheelchair-program/", "PaidParkURL": "n/a", "WaterAccessTYPE": "Ocean", "BeachMat": null, "Land_Status": "Municipality", "NEAR_FID": 536.0, "NEAR_DIST": 278.95865558542675, "ACCESSIBILITY_NOTES": null, "LIFEGUARDS": null }, "geometry": { "type": "Point", "coordinates": [ -76.730343569953405, 34.697757499680201 ] } },
{ "type": "Feature", "properties": { "ACCESS_ID": "Glenn St.", "OBJECTID": 532, "PLACE": "Atlantic Beach", "ACCESS_LOC": "110 West Glenn St.", "LOCL_SPONS": "Atlantic Beach", "CAMA_SIGN": "Yes", "PARKING": 0.0, "DUNE_WALK": "Y", "OVERLOOK": " ", "HAND_DUNE": " ", "HAND_OVRLK": " ", "HAND_BEACH": " ", "HAND_PRKG": 0.0, "RESTRM": " ", "SHOWER": " ", "PIC_TABLE": " ", "VEH_ACCESS": " ", "BIKE_RACK": " ", "SURV_DATE": 1052092800000.0, "COMMENT_": " ", "PRKG_COMMENTS": null, "COUNTY": "Carteret", "DCM_RO": "Morehead City Regional Office", "NCDCM_ID": 356.0, "PHOTO": "AB11.png", "PRK_FEE": null, "DCM_Funded": "N", "CONTRACT_YR": null, "CONTRACT_NUM": null, "ACESS_TYPE": "Beach", "KayakCanoeLaunch": "No", "PARKING_OPTIONS": "No Parking", "BeachWheelchair": "Y", "BWC_Info": "http://atlanticbeach-nc.com/departments/fire-department/beach-wheelchair-program/", "PaidParkURL": "n/a", "WaterAccessTYPE": "Ocean", "BeachMat": null, "Land_Status": "Municipality", "NEAR_FID": 534.0, "NEAR_DIST": 315.05402853024668, "ACCESSIBILITY_NOTES": null, "LIFEGUARDS": null }, "geometry": { "type": "Point", "coordinates": [ -76.731390649841799, 34.697797052757899 ] } },
{ "type": "Feature", "properties": { "ACCESS_ID": "Wilson Ave.", "OBJECTID": 529, "PLACE": "Atlantic Beach", "ACCESS_LOC": "Glenn St. and Wilson Ave.", "LOCL_SPONS": "Atlantic Beach", "CAMA_SIGN": "Yes", "PARKING": 0.0, "DUNE_WALK": "Y", "OVERLOOK": " ", "HAND_DUNE": " ", "HAND_OVRLK": " ", "HAND_BEACH": " ", "HAND_PRKG": 0.0, "RESTRM": " ", "SHOWER": " ", "PIC_TABLE": " ", "VEH_ACCESS": " ", "BIKE_RACK": " ", "SURV_DATE": 1052092800000.0, "COMMENT_": " ", "PRKG_COMMENTS": null, "COUNTY": "Carteret", "DCM_RO": "Morehead City Regional Office", "NCDCM_ID": 355.0, "PHOTO": "AB12.png", "PRK_FEE": null, "DCM_Funded": "Y", "CONTRACT_YR": null, "CONTRACT_NUM": null, "ACESS_TYPE": "Beach", "KayakCanoeLaunch": "No", "PARKING_OPTIONS": "No Parking", "BeachWheelchair": "Y", "BWC_Info": "http://atlanticbeach-nc.com/departments/fire-department/beach-wheelchair-program/", "PaidParkURL": "n/a", "WaterAccessTYPE": "Ocean", "BeachMat": null, "Land_Status": "Municipality", "NEAR_FID": 526.0, "NEAR_DIST": 389.32708947368513, "ACCESSIBILITY_NOTES": null, "LIFEGUARDS": null }, "geometry": { "type": "Point", "coordinates": [ -76.733111600940603, 34.697964981411197 ] } },
{ "type": "Feature", "properties": { "ACCESS_ID": "Greenville Ave.", "OBJECTID": 526, "PLACE": "Atlantic Beach", "ACCESS_LOC": "Glenn St. and Greenville Ave.", "LOCL_SPONS": "Atlantic Beach", "CAMA_SIGN": "Yes", "PARKING": 0.0, "DUNE_WALK": "Y", "OVERLOOK": "N", "HAND_DUNE": "Y", "HAND_OVRLK": "N", "HAND_BEACH": "Y", "HAND_PRKG": 0.0, "RESTRM": "N", "SHOWER": "N", "PIC_TABLE": "N", "VEH_ACCESS": "No", "BIKE_RACK": "N", "SURV_DATE": 1755129600000.0, "COMMENT_": " ", "PRKG_COMMENTS": null, "COUNTY": "Carteret", "DCM_RO": "Morehead City Regional Office", "NCDCM_ID": 354.0, "PHOTO": "AB13.png", "PRK_FEE": null, "DCM_Funded": "Y", "CONTRACT_YR": null, "CONTRACT_NUM": null, "ACESS_TYPE": "Beach", "KayakCanoeLaunch": "No", "PARKING_OPTIONS": "No Parking", "BeachWheelchair": "Y", "BWC_Info": "http://atlanticbeach-nc.com/departments/fire-department/beach-wheelchair-program/", "PaidParkURL": "n/a", "WaterAccessTYPE": "Ocean", "BeachMat": null, "Land_Status": "Municipality", "NEAR_FID": 529.0, "NEAR_DIST": 389.32708947368513, "ACCESSIBILITY_NOTES": null, "LIFEGUARDS": null }, "geometry": { "type": "Point", "coordinates": [ -76.734405819041797, 34.6980083505414 ] } },
{ "type": "Feature", "properties": { "ACCESS_ID": "Beaufort Ave.", "OBJECTID": 524, "PLACE": "Atlantic Beach", "ACCESS_LOC": "Glenn St. and Beaufort Ave.", "LOCL_SPONS": "Atlantic Beach", "CAMA_SIGN": "Yes", "PARKING": 0.0, "DUNE_WALK": "Y", "OVERLOOK": "N", "HAND_DUNE": "Y", "HAND_OVRLK": "N", "HAND_BEACH": "Y", "HAND_PRKG": 0.0, "RESTRM": "N", "SHOWER": "N", "PIC_TABLE": "N", "VEH_ACCESS": "No", "BIKE_RACK": "N", "SURV_DATE": 1755129600000.0, "COMMENT_": " ", "PRKG_COMMENTS": null, "COUNTY": "Carteret", "DCM_RO": "Morehead City Regional Office", "NCDCM_ID": 353.0, "PHOTO": "AB14.png", "PRK_FEE": null, "DCM_Funded": "Y", "CONTRACT_YR": "2024-25", "CONTRACT_NUM": null, "ACESS_TYPE": "Beach", "KayakCanoeLaunch": "No", "PARKING_OPTIONS": "No Parking", "BeachWheelchair": "Y", "BWC_Info": "http://atlanticbeach-nc.com/departments/fire-department/beach-wheelchair-program/", "PaidParkURL": "n/a", "WaterAccessTYPE": "Ocean", "BeachMat": null, "Land_Status": "Municipality", "NEAR_FID": 526.0, "NEAR_DIST": 408.1119347505192, "ACCESSIBILITY_NOTES": null, "LIFEGUARDS": null }, "geometry": { "type": "Point", "coordinates": [ -76.735763105164196, 34.698038575460899 ] } },
{ "type": "Feature", "properties": { "ACCESS_ID": "Ameri-Suites Parking", "OBJECTID": 743, "PLACE": "Pine Knoll Shores", "ACCESS_LOC": "Oakleaf Dr & Salter Path Rd", "LOCL_SPONS": "Pine Knoll Shores", "CAMA_SIGN": null, "PARKING": 0.0, "DUNE_WALK": "n/a", "OVERLOOK": "n/a", "HAND_DUNE": "n/a", "HAND_OVRLK": "n/a", "HAND_BEACH": "n/a", "HAND_PRKG": 0.0, "RESTRM": "N", "SHOWER": "n/a", "PIC_TABLE": "n/a", "VEH_ACCESS": "n/a", "BIKE_RACK": "n/a", "SURV_DATE": 1500854400000.0, "COMMENT_": null, "PRKG_COMMENTS": "10 onstreet parking spots", "COUNTY": "Carteret", "DCM_RO": "Morehead City Regional Office", "NCDCM_ID": null, "PHOTO": null, "PRK_FEE": null, "DCM_Funded": "Y", "CONTRACT_YR": null, "CONTRACT_NUM": null, "ACESS_TYPE": "Beach", "KayakCanoeLaunch": "No", "PARKING_OPTIONS": "On-Street Parking", "BeachWheelchair": "Y", "BWC_Info": "The town has two ADA-compliant beach-capable wheelchairs. Chairs are located at the Fire Station 314 Salter Path Road. Phone: (252) 247-2268", "PaidParkURL": "n/a", "WaterAccessTYPE": "Ocean", "BeachMat": null, "Land_Status": "Municipality", "NEAR_FID": 328.0, "NEAR_DIST": 383.3784939106917, "ACCESSIBILITY_NOTES": null, "LIFEGUARDS": null }, "geometry": { "type": "Point", "coordinates": [ -76.786717299794205, 34.698109840022198 ] } },
{ "type": "Feature", "properties": { "ACCESS_ID": "Robin", "OBJECTID": 535, "PLACE": "Atlantic Beach", "ACCESS_LOC": "Robin and Willis Avenues", "LOCL_SPONS": "Atlantic Beach", "CAMA_SIGN": "Yes", "PARKING": 0.0, "DUNE_WALK": "Y", "OVERLOOK": "No", "HAND_DUNE": "No", "HAND_OVRLK": "No", "HAND_BEACH": "No", "HAND_PRKG": 0.0, "RESTRM": "N", "SHOWER": "N", "PIC_TABLE": "No", "VEH_ACCESS": "No", "BIKE_RACK": "No", "SURV_DATE": 1413590400000.0, "COMMENT_": "", "PRKG_COMMENTS": null, "COUNTY": "Carteret", "DCM_RO": "Morehead City Regional Office", "NCDCM_ID": 988.0, "PHOTO": "ab24robinandwillis.png", "PRK_FEE": null, "DCM_Funded": "N", "CONTRACT_YR": null, "CONTRACT_NUM": null, "ACESS_TYPE": "Beach", "KayakCanoeLaunch": "No", "PARKING_OPTIONS": "No Parking", "BeachWheelchair": "Y", "BWC_Info": "http://atlanticbeach-nc.com/departments/fire-department/beach-wheelchair-program/", "PaidParkURL": "n/a", "WaterAccessTYPE": "Ocean", "BeachMat": null, "Land_Status": "Municipality", "NEAR_FID": 543.0, "NEAR_DIST": 400.42650703482622, "ACCESSIBILITY_NOTES": null, "LIFEGUARDS": null }, "geometry": { "type": "Point", "coordinates": [ -76.719312830491205, 34.698303998731198 ] } },
{ "type": "Feature", "properties": { "ACCESS_ID": "Carrot Island", "OBJECTID": 567, "PLACE": "Beaufort", "ACCESS_LOC": "Carrot Island", "LOCL_SPONS": "DCM/Reserve and Town of Beaufort", "CAMA_SIGN": "Yes", "PARKING": 0.0, "DUNE_WALK": "Y", "OVERLOOK": "Yes", "HAND_DUNE": "Yes", "HAND_OVRLK": "Yes", "HAND_BEACH": "No", "HAND_PRKG": 0.0, "RESTRM": "N", "SHOWER": "N", "PIC_TABLE": "No", "VEH_ACCESS": "No", "BIKE_RACK": "No", "SURV_DATE": 1565136000000.0, "COMMENT_": "Walkway on Carrot Island accessible by boat only", "PRKG_COMMENTS": "Accessible by boat only", "COUNTY": "Carteret", "DCM_RO": "MHC", "NCDCM_ID": 1004.0, "PHOTO": "beaufort4carrotisld.png", "PRK_FEE": null, "DCM_Funded": "Y", "CONTRACT_YR": "2004-2005", "CONTRACT_NUM": "BA05-003", "ACESS_TYPE": "Shoreline", "KayakCanoeLaunch": "No", "PARKING_OPTIONS": "No Parking", "BeachWheelchair": "N", "BWC_Info": "n/a", "PaidParkURL": "n/a", "WaterAccessTYPE": "Estuarine", "BeachMat": null, "Land_Status": "Municipality", "NEAR_FID": 224.0, "NEAR_DIST": 639.92443424920953, "ACCESSIBILITY_NOTES": null, "LIFEGUARDS": null }, "geometry": { "type": "Point", "coordinates": [ -76.632507095654105, 34.708184695655198 ] } },
{ "type": "Feature", "properties": { "ACCESS_ID": "Taylor's Creek Boat Ramp aka Curtis Perry Public Park", "OBJECTID": 224, "PLACE": "Beaufort", "ACCESS_LOC": "2370 Lennoxville Rd", "LOCL_SPONS": "Beaufort/WRC", "CAMA_SIGN": "Yes", "PARKING": 31.0, "DUNE_WALK": "N", "OVERLOOK": "Yes", "HAND_DUNE": "No", "HAND_OVRLK": "No", "HAND_BEACH": "No", "HAND_PRKG": 2.0, "RESTRM": "Y", "SHOWER": "N", "PIC_TABLE": "Yes", "VEH_ACCESS": "No", "BIKE_RACK": "No", "SURV_DATE": 1565136000000.0, "COMMENT_": null, "PRKG_COMMENTS": "Boat Ramp Trailer Parking Only", "COUNTY": "Carteret", "DCM_RO": "Morehead City Regional Office", "NCDCM_ID": 606.0, "PHOTO": "OD302.png", "PRK_FEE": "No", "DCM_Funded": "Y", "CONTRACT_YR": null, "CONTRACT_NUM": null, "ACESS_TYPE": "Shoreline", "KayakCanoeLaunch": "No", "PARKING_OPTIONS": "Onsite Parking", "BeachWheelchair": "N", "BWC_Info": "n/a", "PaidParkURL": "n/a", "WaterAccessTYPE": "Estuarine", "BeachMat": null, "Land_Status": "Municipality", "NEAR_FID": 567.0, "NEAR_DIST": 639.92443424920953, "ACCESSIBILITY_NOTES": null, "LIFEGUARDS": null }, "geometry": { "type": "Point", "coordinates": [ -76.632130149984505, 34.709915297322503 ] } },
{ "type": "Feature", "properties": { "ACCESS_ID": "Fisherman's Park", "OBJECTID": 739, "PLACE": "Beaufort", "ACCESS_LOC": "Gordon St and Front St", "LOCL_SPONS": "No", "CAMA_SIGN": " ", "PARKING": 0.0, "DUNE_WALK": "n/a", "OVERLOOK": "n/a", "HAND_DUNE": "n/a", "HAND_OVRLK": "n/a", "HAND_BEACH": "n/a", "HAND_PRKG": 0.0, "RESTRM": "N", "SHOWER": "N", "PIC_TABLE": "No", "VEH_ACCESS": "n/a", "BIKE_RACK": "No", "SURV_DATE": 1464220800000.0, "COMMENT_": "", "PRKG_COMMENTS": " ", "COUNTY": "Carteret", "DCM_RO": "Morehead City Regional Office", "NCDCM_ID": 0.0, "PHOTO": " ", "PRK_FEE": null, "DCM_Funded": "Y", "CONTRACT_YR": null, "CONTRACT_NUM": null, "ACESS_TYPE": "Shoreline", "KayakCanoeLaunch": "Yes", "PARKING_OPTIONS": "On-Street Parking", "BeachWheelchair": "N", "BWC_Info": "n/a", "PaidParkURL": "n/a", "WaterAccessTYPE": "Estuarine", "BeachMat": null, "Land_Status": "Municipality", "NEAR_FID": 760.0, "NEAR_DIST": 3065.4408240377611, "ACCESSIBILITY_NOTES": null, "LIFEGUARDS": null }, "geometry": { "type": "Point", "coordinates": [ -76.658189880219794, 34.713073388318698 ] } },
{ "type": "Feature", "properties": { "ACCESS_ID": "Radio Island Beach Acces", "OBJECTID": 767, "PLACE": "Morehead City", "ACCESS_LOC": "501 Marine Dr", "LOCL_SPONS": "Carteret County", "CAMA_SIGN": "Yes", "PARKING": 63.0, "DUNE_WALK": "Y", "OVERLOOK": "No", "HAND_DUNE": "Yes", "HAND_OVRLK": "No", "HAND_BEACH": "Y", "HAND_PRKG": 4.0, "RESTRM": "Y", "SHOWER": "Y", "PIC_TABLE": "No", "VEH_ACCESS": "No", "BIKE_RACK": "No", "SURV_DATE": 1526342400000.0, "COMMENT_": "Handicap accessible to beach", "PRKG_COMMENTS": "", "COUNTY": "Carteret", "DCM_RO": "Morehead City", "NCDCM_ID": null, "PHOTO": null, "PRK_FEE": "No", "DCM_Funded": "Y", "CONTRACT_YR": null, "CONTRACT_NUM": null, "ACESS_TYPE": "Shoreline", "KayakCanoeLaunch": "No", "PARKING_OPTIONS": "Onsite Parking", "BeachWheelchair": "N", "BWC_Info": "n/a", "PaidParkURL": "n/a", "WaterAccessTYPE": "Estuarine", "BeachMat": null, "Land_Status": "Municipality", "NEAR_FID": 552.0, "NEAR_DIST": 3199.6383172251253, "ACCESSIBILITY_NOTES": null, "LIFEGUARDS": null }, "geometry": { "type": "Point", "coordinates": [ -76.681231257625697, 34.714258030038202 ] } },
{ "type": "Feature", "properties": { "ACCESS_ID": "Harborside Park", "OBJECTID": 760, "PLACE": "Beaufort", "ACCESS_LOC": "322 Front St.", "LOCL_SPONS": "Beaufort & NC Maritime Museum", "CAMA_SIGN": "Yes", "PARKING": 0.0, "DUNE_WALK": "N", "OVERLOOK": "No", "HAND_DUNE": "No", "HAND_OVRLK": "No", "HAND_BEACH": "No", "HAND_PRKG": 0.0, "RESTRM": "Y", "SHOWER": "N", "PIC_TABLE": "Yes", "VEH_ACCESS": "No", "BIKE_RACK": "No", "SURV_DATE": 1520208000000.0, "COMMENT_": "", "PRKG_COMMENTS": "", "COUNTY": "Carteret", "DCM_RO": "Morehead City Regional Office", "NCDCM_ID": null, "PHOTO": "mhc_Beaufort_HarborsidePark.jpg", "PRK_FEE": null, "DCM_Funded": "Y", "CONTRACT_YR": "2016-17", "CONTRACT_NUM": "7059", "ACESS_TYPE": "Shoreline", "KayakCanoeLaunch": "No", "PARKING_OPTIONS": "On-Street Parking", "BeachWheelchair": "N", "BWC_Info": "n/a", "PaidParkURL": "n/a", "WaterAccessTYPE": "Estuarine", "BeachMat": null, "Land_Status": "Municipality", "NEAR_FID": 541.0, "NEAR_DIST": 140.1269013324372, "ACCESSIBILITY_NOTES": null, "LIFEGUARDS": null }, "geometry": { "type": "Point", "coordinates": [ -76.666911153494397, 34.717442438269998 ] } },
{ "type": "Feature", "properties": { "ACCESS_ID": "Orange Street", "OBJECTID": 541, "PLACE": "Beaufort", "ACCESS_LOC": "Orange Street", "LOCL_SPONS": "No", "CAMA_SIGN": "Yes", "PARKING": 0.0, "DUNE_WALK": "N", "OVERLOOK": "Yes", "HAND_DUNE": "No", "HAND_OVRLK": "Yes", "HAND_BEACH": "No", "HAND_PRKG": 0.0, "RESTRM": "N", "SHOWER": "N", "PIC_TABLE": "No", "VEH_ACCESS": " ", "BIKE_RACK": "Yes", "SURV_DATE": 1192665600000.0, "COMMENT_": "Dingy Dockage", "PRKG_COMMENTS": " ", "COUNTY": "Carteret", "DCM_RO": "Morehead City Regional Office", "NCDCM_ID": 991.0, "PHOTO": "beaufort2orangestreet.png", "PRK_FEE": null, "DCM_Funded": "Y", "CONTRACT_YR": null, "CONTRACT_NUM": null, "ACESS_TYPE": "Shoreline", "KayakCanoeLaunch": "Yes", "PARKING_OPTIONS": "On-Street Parking", "BeachWheelchair": "N", "BWC_Info": "n/a", "PaidParkURL": "n/a", "WaterAccessTYPE": "Estuarine", "BeachMat": null, "Land_Status": "Municipality", "NEAR_FID": 760.0, "NEAR_DIST": 140.1269013324372, "ACCESSIBILITY_NOTES": null, "LIFEGUARDS": null }, "geometry": { "type": "Point", "coordinates": [ -76.667287038253605, 34.717670304014099 ] } },
{ "type": "Feature", "properties": { "ACCESS_ID": "Sugar Loaf ", "OBJECTID": 826, "PLACE": "Morehead City", "ACCESS_LOC": "Sugar Loaf Island", "LOCL_SPONS": "Morehead City", "CAMA_SIGN": "Yes", "PARKING": 0.0, "DUNE_WALK": "N", "OVERLOOK": "Y", "HAND_DUNE": "N", "HAND_OVRLK": "N", "HAND_BEACH": "N", "HAND_PRKG": 0.0, "RESTRM": "Y", "SHOWER": "N", "PIC_TABLE": "N", "VEH_ACCESS": "No", "BIKE_RACK": "N", "SURV_DATE": 1617198583000.0, "COMMENT_": "Accessable via boat only", "PRKG_COMMENTS": "", "COUNTY": "Carteret", "DCM_RO": "MHC", "NCDCM_ID": null, "PHOTO": null, "PRK_FEE": null, "DCM_Funded": "Y", "CONTRACT_YR": "2002-2003", "CONTRACT_NUM": "BA03-007", "ACESS_TYPE": "Shoreline", "KayakCanoeLaunch": "N", "PARKING_OPTIONS": "No Parking", "BeachWheelchair": "N", "BWC_Info": "n/a", "PaidParkURL": "n/a", "WaterAccessTYPE": "Estuarine", "BeachMat": null, "Land_Status": "Municipality", "NEAR_FID": 740.0, "NEAR_DIST": 607.7835122611101, "ACCESSIBILITY_NOTES": null, "LIFEGUARDS": null }, "geometry": { "type": "Point", "coordinates": [ -76.711102510865402, 34.718481804115598 ] } },
{ "type": "Feature", "properties": { "ACCESS_ID": "South 13th Street Water Access", "OBJECTID": 756, "PLACE": "Morehead City", "ACCESS_LOC": "South 13th Street & Shackleford Street", "LOCL_SPONS": "Morehead City", "CAMA_SIGN": "No", "PARKING": 0.0, "DUNE_WALK": "N", "OVERLOOK": "Yes", "HAND_DUNE": "No", "HAND_OVRLK": "No", "HAND_BEACH": "No", "HAND_PRKG": 0.0, "RESTRM": "N", "SHOWER": "N", "PIC_TABLE": "No", "VEH_ACCESS": "No", "BIKE_RACK": "No", "SURV_DATE": 1504742400000.0, "COMMENT_": "Boardwalk and dock", "PRKG_COMMENTS": "", "COUNTY": "Carteret", "DCM_RO": "Morehead City Regional Office", "NCDCM_ID": null, "PHOTO": null, "PRK_FEE": null, "DCM_Funded": "N", "CONTRACT_YR": null, "CONTRACT_NUM": null, "ACESS_TYPE": "Shoreline", "KayakCanoeLaunch": "No", "PARKING_OPTIONS": "On-Street Parking", "BeachWheelchair": "N", "BWC_Info": "n/a", "PaidParkURL": "n/a", "WaterAccessTYPE": "Estuarine", "BeachMat": null, "Land_Status": "Municipality", "NEAR_FID": 755.0, "NEAR_DIST": 461.97621732279714, "ACCESSIBILITY_NOTES": null, "LIFEGUARDS": null }, "geometry": { "type": "Point", "coordinates": [ -76.720124581419597, 34.7187660539145 ] } },
{ "type": "Feature", "properties": { "ACCESS_ID": "South 10th St ", "OBJECTID": 546, "PLACE": "Morehead City", "ACCESS_LOC": "1001 Shepard St", "LOCL_SPONS": "Morehead City", "CAMA_SIGN": "Yes", "PARKING": 30.0, "DUNE_WALK": "N", "OVERLOOK": "Yes", "HAND_DUNE": "No", "HAND_OVRLK": "Yes", "HAND_BEACH": "No", "HAND_PRKG": 2.0, "RESTRM": "N", "SHOWER": "N", "PIC_TABLE": "No", "VEH_ACCESS": "No", "BIKE_RACK": "No", "SURV_DATE": 1564963200000.0, "COMMENT_": "Public water access with parking, pier, and boat launch (1) for boats 16’ or less.", "PRKG_COMMENTS": "", "COUNTY": "Carteret", "DCM_RO": "Morehead City Regional Office", "NCDCM_ID": 993.0, "PHOTO": "mhc3s10thstreet.png", "PRK_FEE": "No", "DCM_Funded": "Y", "CONTRACT_YR": "2017-18", "CONTRACT_NUM": "7428", "ACESS_TYPE": "Shoreline", "KayakCanoeLaunch": "No", "PARKING_OPTIONS": "Both Parking Options", "BeachWheelchair": "N", "BWC_Info": "n/a", "PaidParkURL": "n/a", "WaterAccessTYPE": "Estuarine", "BeachMat": null, "Land_Status": "Municipality", "NEAR_FID": 754.0, "NEAR_DIST": 413.20169411092195, "ACCESSIBILITY_NOTES": null, "LIFEGUARDS": null }, "geometry": { "type": "Point", "coordinates": [ -76.716022684531694, 34.719116166457702 ] } },
{ "type": "Feature", "properties": { "ACCESS_ID": "The Circle", "OBJECTID": 521, "PLACE": "Atlantic Beach", "ACCESS_LOC": "201 West Atlantic Blvd", "LOCL_SPONS": "Atlantic Beach", "CAMA_SIGN": "Yes", "PARKING": 146.0, "DUNE_WALK": "Y", "OVERLOOK": "Yes", "HAND_DUNE": "Yes", "HAND_OVRLK": "Yes", "HAND_BEACH": "Y", "HAND_PRKG": 6.0, "RESTRM": "Y", "SHOWER": "Y", "PIC_TABLE": " ", "VEH_ACCESS": "No", "BIKE_RACK": "Yes", "SURV_DATE": 1052092800000.0, "COMMENT_": "", "PRKG_COMMENTS": "", "COUNTY": "Carteret", "DCM_RO": "Morehead City Regional Office", "NCDCM_ID": 352.0, "PHOTO": "AB15.png", "PRK_FEE": "Y", "DCM_Funded": "Y", "CONTRACT_YR": null, "CONTRACT_NUM": null, "ACESS_TYPE": "Beach", "KayakCanoeLaunch": "No", "PARKING_OPTIONS": "Both Parking Options", "BeachWheelchair": "Y", "BWC_Info": "http://atlanticbeach-nc.com/departments/fire-department/beach-wheelchair-program/", "PaidParkURL": "http://atlanticbeach-nc.com/departments/police-department/parking/", "WaterAccessTYPE": "Ocean", "BeachMat": null, "Land_Status": "Municipality", "NEAR_FID": 517.0, "NEAR_DIST": 472.42040667846129, "ACCESSIBILITY_NOTES": null, "LIFEGUARDS": null }, "geometry": { "type": "Point", "coordinates": [ -76.739057808520997, 34.698244234458997 ] } },
{ "type": "Feature", "properties": { "ACCESS_ID": "Raleigh Ave.", "OBJECTID": 514, "PLACE": "Atlantic Beach", "ACCESS_LOC": "Atlantic Blvd. and Raleigh Ave.", "LOCL_SPONS": "Atlantic Beach", "CAMA_SIGN": "Yes", "PARKING": 0.0, "DUNE_WALK": "Y", "OVERLOOK": "No", "HAND_DUNE": "Yes", "HAND_OVRLK": "No", "HAND_BEACH": "Y", "HAND_PRKG": 0.0, "RESTRM": "N", "SHOWER": "N", "PIC_TABLE": "No", "VEH_ACCESS": "Yes", "BIKE_RACK": "No", "SURV_DATE": 1500854400000.0, "COMMENT_": "ADA Boardwalk and vehicle beach access", "PRKG_COMMENTS": null, "COUNTY": "Carteret", "DCM_RO": "Morehead City Regional Office", "NCDCM_ID": 350.0, "PHOTO": "mhc_atlanticbeach_raleigh_ave.jpg", "PRK_FEE": null, "DCM_Funded": "Y", "CONTRACT_YR": "2016-17", "CONTRACT_NUM": "7058", "ACESS_TYPE": "Beach", "KayakCanoeLaunch": "No", "PARKING_OPTIONS": "No Parking", "BeachWheelchair": "Y", "BWC_Info": "http://atlanticbeach-nc.com/departments/fire-department/beach-wheelchair-program/", "PaidParkURL": "n/a", "WaterAccessTYPE": "Ocean", "BeachMat": null, "Land_Status": "Municipality", "NEAR_FID": 517.0, "NEAR_DIST": 358.7371548420337, "ACCESSIBILITY_NOTES": null, "LIFEGUARDS": null }, "geometry": { "type": "Point", "coordinates": [ -76.741820069629199, 34.698313859240997 ] } },
{ "type": "Feature", "properties": { "ACCESS_ID": "The Bathhouse", "OBJECTID": 517, "PLACE": "Atlantic Beach", "ACCESS_LOC": "West Drive and Atlantic Blvd.", "LOCL_SPONS": "Atlantic Beach", "CAMA_SIGN": "Yes", "PARKING": 64.0, "DUNE_WALK": "Y", "OVERLOOK": "Yes", "HAND_DUNE": "Yes", "HAND_OVRLK": "Yes", "HAND_BEACH": "Y", "HAND_PRKG": 1.0, "RESTRM": "Y", "SHOWER": "Y", "PIC_TABLE": "Yes", "VEH_ACCESS": "No", "BIKE_RACK": "Yes", "SURV_DATE": 1613433600000.0, "COMMENT_": "The Bathhouse facility is immediately west of the \"Circle\", which is located at the base of the Atlantic Beach Causeway continuing toward the Atlantic Ocean. ", "PRKG_COMMENTS": "", "COUNTY": "Carteret", "DCM_RO": "Morehead City Regional Office", "NCDCM_ID": 351.0, "PHOTO": "AB16.png", "PRK_FEE": "Y", "DCM_Funded": "Y", "CONTRACT_YR": null, "CONTRACT_NUM": null, "ACESS_TYPE": "Beach", "KayakCanoeLaunch": "No", "PARKING_OPTIONS": "Onsite Parking", "BeachWheelchair": "Y", "BWC_Info": "http://atlanticbeach-nc.com/departments/fire-department/beach-wheelchair-program/", "PaidParkURL": "http://atlanticbeach-nc.com/departments/police-department/parking/", "WaterAccessTYPE": "Ocean", "BeachMat": null, "Land_Status": "Municipality", "NEAR_FID": 514.0, "NEAR_DIST": 358.7371548420337, "ACCESSIBILITY_NOTES": null, "LIFEGUARDS": null }, "geometry": { "type": "Point", "coordinates": [ -76.740626611960195, 34.698323511475998 ] } },
{ "type": "Feature", "properties": { "ACCESS_ID": "Charlotte Ave.", "OBJECTID": 510, "PLACE": "Atlantic Beach", "ACCESS_LOC": "Atlantic Blvd. and Charlotte Ave.", "LOCL_SPONS": "Atlantic Beach", "CAMA_SIGN": "Yes", "PARKING": 0.0, "DUNE_WALK": "Y", "OVERLOOK": " ", "HAND_DUNE": " ", "HAND_OVRLK": " ", "HAND_BEACH": " ", "HAND_PRKG": 0.0, "RESTRM": " ", "SHOWER": " ", "PIC_TABLE": " ", "VEH_ACCESS": " ", "BIKE_RACK": " ", "SURV_DATE": 1052092800000.0, "COMMENT_": " ", "PRKG_COMMENTS": null, "COUNTY": "Carteret", "DCM_RO": "Morehead City Regional Office", "NCDCM_ID": 349.0, "PHOTO": "AB18.png", "PRK_FEE": null, "DCM_Funded": "Y", "CONTRACT_YR": null, "CONTRACT_NUM": null, "ACESS_TYPE": "Beach", "KayakCanoeLaunch": "No", "PARKING_OPTIONS": "No Parking", "BeachWheelchair": "Y", "BWC_Info": "http://atlanticbeach-nc.com/departments/fire-department/beach-wheelchair-program/", "PaidParkURL": "n/a", "WaterAccessTYPE": "Ocean", "BeachMat": null, "Land_Status": "Municipality", "NEAR_FID": 514.0, "NEAR_DIST": 398.54974722989118, "ACCESSIBILITY_NOTES": null, "LIFEGUARDS": null }, "geometry": { "type": "Point", "coordinates": [ -76.743144467530698, 34.698367198737301 ] } },
{ "type": "Feature", "properties": { "ACCESS_ID": "Durham Ave.", "OBJECTID": 508, "PLACE": "Atlantic Beach", "ACCESS_LOC": "Atlantic Blvd. and Durham Ave.", "LOCL_SPONS": "Atlantic Beach", "CAMA_SIGN": "Yes", "PARKING": 0.0, "DUNE_WALK": "Y", "OVERLOOK": "No", "HAND_DUNE": "Yes", "HAND_OVRLK": "No", "HAND_BEACH": "Y", "HAND_PRKG": 0.0, "RESTRM": "N", "SHOWER": "N", "PIC_TABLE": "No", "VEH_ACCESS": "No", "BIKE_RACK": "No", "SURV_DATE": 1603843200000.0, "COMMENT_": "ADA Beach Accessway.", "PRKG_COMMENTS": null, "COUNTY": "Carteret", "DCM_RO": "Morehead City Regional Office", "NCDCM_ID": 348.0, "PHOTO": "AB19.png", "PRK_FEE": null, "DCM_Funded": "Y", "CONTRACT_YR": "19-20", "CONTRACT_NUM": "8083", "ACESS_TYPE": "Beach", "KayakCanoeLaunch": "No", "PARKING_OPTIONS": "No Parking", "BeachWheelchair": "Y", "BWC_Info": "http://atlanticbeach-nc.com/departments/fire-department/beach-wheelchair-program/", "PaidParkURL": "n/a", "WaterAccessTYPE": "Ocean", "BeachMat": null, "Land_Status": "Municipality", "NEAR_FID": 510.0, "NEAR_DIST": 403.92603296847176, "ACCESSIBILITY_NOTES": null, "LIFEGUARDS": null }, "geometry": { "type": "Point", "coordinates": [ -76.744486994332902, 34.698416623099597 ] } },
{ "type": "Feature", "properties": { "ACCESS_ID": "NA", "OBJECTID": 504, "PLACE": "Atlantic Beach", "ACCESS_LOC": "1405 West Fort Macon Road", "LOCL_SPONS": "Atlantic Beach", "CAMA_SIGN": "Yes", "PARKING": 0.0, "DUNE_WALK": " ", "OVERLOOK": " ", "HAND_DUNE": " ", "HAND_OVRLK": " ", "HAND_BEACH": " ", "HAND_PRKG": 0.0, "RESTRM": "N", "SHOWER": "N", "PIC_TABLE": "No", "VEH_ACCESS": "E", "BIKE_RACK": "No", "SURV_DATE": 1615334400000.0, "COMMENT_": " ", "PRKG_COMMENTS": null, "COUNTY": "Carteret", "DCM_RO": "Morehead City Regional Office", "NCDCM_ID": 347.0, "PHOTO": "AB20.png", "PRK_FEE": null, "DCM_Funded": "N", "CONTRACT_YR": null, "CONTRACT_NUM": null, "ACESS_TYPE": "Beach", "KayakCanoeLaunch": "No", "PARKING_OPTIONS": "No Parking", "BeachWheelchair": "Y", "BWC_Info": "http://atlanticbeach-nc.com/departments/fire-department/beach-wheelchair-program/", "PaidParkURL": "n/a", "WaterAccessTYPE": "Ocean", "BeachMat": null, "Land_Status": "Municipality", "NEAR_FID": 500.0, "NEAR_DIST": 3407.3122241030273, "ACCESSIBILITY_NOTES": null, "LIFEGUARDS": null }, "geometry": { "type": "Point", "coordinates": [ -76.7680579052426, 34.698499648871604 ] } },
{ "type": "Feature", "properties": { "ACCESS_ID": "Pelican Drive Dock", "OBJECTID": 741, "PLACE": "Atlantic Beach", "ACCESS_LOC": "Pelican Drive & Shore Line Dr", "LOCL_SPONS": "Atlantic Beach", "CAMA_SIGN": "Yes", "PARKING": 10.0, "DUNE_WALK": "n/a", "OVERLOOK": "n/a", "HAND_DUNE": "n/a", "HAND_OVRLK": "n/a", "HAND_BEACH": "n/a", "HAND_PRKG": 0.0, "RESTRM": "N", "SHOWER": "N", "PIC_TABLE": "Yes", "VEH_ACCESS": "No", "BIKE_RACK": "No", "SURV_DATE": 1466640000000.0, "COMMENT_": "Fishing Pier, Small Boat Launch, No Trailer Parking", "PRKG_COMMENTS": "Gravel Parking Lot, No Trailer Spots", "COUNTY": "Carteret", "DCM_RO": "Morehead City Regional Office", "NCDCM_ID": null, "PHOTO": "mhc_atlanticbeach_pelicandrive.png", "PRK_FEE": "No", "DCM_Funded": "N", "CONTRACT_YR": null, "CONTRACT_NUM": null, "ACESS_TYPE": "Shoreline", "KayakCanoeLaunch": "No", "PARKING_OPTIONS": "Onsite Parking", "BeachWheelchair": "Y", "BWC_Info": "http://atlanticbeach-nc.com/departments/fire-department/beach-wheelchair-program/", "PaidParkURL": "n/a", "WaterAccessTYPE": "Estuarine", "BeachMat": null, "Land_Status": "Municipality", "NEAR_FID": 500.0, "NEAR_DIST": 2263.3945997105561, "ACCESSIBILITY_NOTES": null, "LIFEGUARDS": null }, "geometry": { "type": "Point", "coordinates": [ -76.781257949453405, 34.703556904295098 ] } },
{ "type": "Feature", "properties": { "ACCESS_ID": "Moonlight Drive Boat Ramp", "OBJECTID": 742, "PLACE": "Atlantic Beach", "ACCESS_LOC": "Moonlight Drive", "LOCL_SPONS": "Atlantic Beach", "CAMA_SIGN": "No", "PARKING": 3.0, "DUNE_WALK": "n/a", "OVERLOOK": "n/a", "HAND_DUNE": "n/a", "HAND_OVRLK": "n/a", "HAND_BEACH": "n/a", "HAND_PRKG": 0.0, "RESTRM": "N", "SHOWER": "N", "PIC_TABLE": "No", "VEH_ACCESS": "n/a", "BIKE_RACK": "No", "SURV_DATE": 1466640000000.0, "COMMENT_": "", "PRKG_COMMENTS": "Parking for 3 vehicles and trailers.", "COUNTY": "Carteret", "DCM_RO": "Morehead City Regional Office", "NCDCM_ID": null, "PHOTO": null, "PRK_FEE": "No", "DCM_Funded": "N", "CONTRACT_YR": null, "CONTRACT_NUM": null, "ACESS_TYPE": "Shoreline", "KayakCanoeLaunch": "No", "PARKING_OPTIONS": "Onsite Parking", "BeachWheelchair": "Y", "BWC_Info": "http://atlanticbeach-nc.com/departments/fire-department/beach-wheelchair-program/", "PaidParkURL": "n/a", "WaterAccessTYPE": "Estuarine", "BeachMat": null, "Land_Status": "Municipality", "NEAR_FID": 734.0, "NEAR_DIST": 902.45194412220076, "ACCESSIBILITY_NOTES": null, "LIFEGUARDS": null }, "geometry": { "type": "Point", "coordinates": [ -76.738269427264697, 34.7086337323693 ] } },
{ "type": "Feature", "properties": { "ACCESS_ID": "Old Bridge Abutment Access", "OBJECTID": 734, "PLACE": "Atlantic Beach", "ACCESS_LOC": "Atlantic Beach Causeway", "LOCL_SPONS": "Atlantic Beach", "CAMA_SIGN": "No", "PARKING": 20.0, "DUNE_WALK": "N", "OVERLOOK": "Yes", "HAND_DUNE": "No", "HAND_OVRLK": "Yes", "HAND_BEACH": "No", "HAND_PRKG": 2.0, "RESTRM": "N", "SHOWER": "N", "PIC_TABLE": "No", "VEH_ACCESS": "No", "BIKE_RACK": "No", "SURV_DATE": 1457481600000.0, "COMMENT_": "", "PRKG_COMMENTS": "Four Boat Trailer Parking Spaces.", "COUNTY": "Carteret", "DCM_RO": "Morehead City Regional Office", "NCDCM_ID": 0.0, "PHOTO": "mhc_atlanticbeach_bridgeabutement.png", "PRK_FEE": "No", "DCM_Funded": "Y", "CONTRACT_YR": null, "CONTRACT_NUM": null, "ACESS_TYPE": "Shoreline", "KayakCanoeLaunch": "No", "PARKING_OPTIONS": "Onsite Parking", "BeachWheelchair": "Y", "BWC_Info": "http://atlanticbeach-nc.com/departments/fire-department/beach-wheelchair-program/", "PaidParkURL": "n/a", "WaterAccessTYPE": "Estuarine", "BeachMat": null, "Land_Status": "Municipality", "NEAR_FID": 742.0, "NEAR_DIST": 902.45194412220076, "ACCESSIBILITY_NOTES": null, "LIFEGUARDS": null }, "geometry": { "type": "Point", "coordinates": [ -76.737162700139805, 34.710938912916298 ] } },
{ "type": "Feature", "properties": { "ACCESS_ID": "South 28th Street Water Access", "OBJECTID": 758, "PLACE": "Morehead City", "ACCESS_LOC": "South 28th & Evans Street", "LOCL_SPONS": "Morehead City", "CAMA_SIGN": "No", "PARKING": 2.0, "DUNE_WALK": "N", "OVERLOOK": "No", "HAND_DUNE": "No", "HAND_OVRLK": "No", "HAND_BEACH": "No", "HAND_PRKG": 0.0, "RESTRM": "N", "SHOWER": "N", "PIC_TABLE": "No", "VEH_ACCESS": "No", "BIKE_RACK": "No", "SURV_DATE": 1504742400000.0, "COMMENT_": null, "PRKG_COMMENTS": null, "COUNTY": "Carteret", "DCM_RO": "Morehead City Regional Office", "NCDCM_ID": null, "PHOTO": null, "PRK_FEE": "No", "DCM_Funded": "N", "CONTRACT_YR": null, "CONTRACT_NUM": null, "ACESS_TYPE": "Shoreline", "KayakCanoeLaunch": "No", "PARKING_OPTIONS": "Both Parking Options", "BeachWheelchair": "N", "BWC_Info": "n/a", "PaidParkURL": "n/a", "WaterAccessTYPE": "Estuarine", "BeachMat": null, "Land_Status": "Municipality", "NEAR_FID": 759.0, "NEAR_DIST": 1723.2704471838861, "ACCESSIBILITY_NOTES": null, "LIFEGUARDS": null }, "geometry": { "type": "Point", "coordinates": [ -76.741248290154203, 34.722541528664301 ] } },
{ "type": "Feature", "properties": { "ACCESS_ID": "Walter Lewis Landing", "OBJECTID": 755, "PLACE": "Morehead City", "ACCESS_LOC": "401 South 12th St", "LOCL_SPONS": "Morehead City", "CAMA_SIGN": "No", "PARKING": 0.0, "DUNE_WALK": "N", "OVERLOOK": "No", "HAND_DUNE": "No", "HAND_OVRLK": "No", "HAND_BEACH": "No", "HAND_PRKG": 0.0, "RESTRM": "N", "SHOWER": "N", "PIC_TABLE": "Yes", "VEH_ACCESS": "No", "BIKE_RACK": "No", "SURV_DATE": 1504742400000.0, "COMMENT_": "Bench and picnic table", "PRKG_COMMENTS": null, "COUNTY": "Carteret", "DCM_RO": "Morehead City Regional Office", "NCDCM_ID": null, "PHOTO": null, "PRK_FEE": null, "DCM_Funded": "N", "CONTRACT_YR": null, "CONTRACT_NUM": null, "ACESS_TYPE": "Shoreline", "KayakCanoeLaunch": "No", "PARKING_OPTIONS": "No Parking", "BeachWheelchair": "N", "BWC_Info": "n/a", "PaidParkURL": "n/a", "WaterAccessTYPE": "Estuarine", "BeachMat": null, "Land_Status": "Municipality", "NEAR_FID": 756.0, "NEAR_DIST": 461.97621732279714, "ACCESSIBILITY_NOTES": null, "LIFEGUARDS": null }, "geometry": { "type": "Point", "coordinates": [ -76.718667413417506, 34.719170724143098 ] } },
{ "type": "Feature", "properties": { "ACCESS_ID": "9th Street", "OBJECTID": 190, "PLACE": "Morehead City", "ACCESS_LOC": "Shepard Street and 9th Street", "LOCL_SPONS": "Morehead City", "CAMA_SIGN": "Yes", "PARKING": 20.0, "DUNE_WALK": "N", "OVERLOOK": "Yes", "HAND_DUNE": "No", "HAND_OVRLK": "Yes", "HAND_BEACH": "No", "HAND_PRKG": null, "RESTRM": "N", "SHOWER": "N", "PIC_TABLE": "No", "VEH_ACCESS": "No", "BIKE_RACK": "No", "SURV_DATE": 1095638400000.0, "COMMENT_": " ", "PRKG_COMMENTS": null, "COUNTY": "Carteret", "DCM_RO": "Morehead City Regional Office", "NCDCM_ID": 579.0, "PHOTO": "OD300.png", "PRK_FEE": "No", "DCM_Funded": "Y", "CONTRACT_YR": null, "CONTRACT_NUM": null, "ACESS_TYPE": "Shoreline", "KayakCanoeLaunch": "No", "PARKING_OPTIONS": "Both Parking Options", "BeachWheelchair": "N", "BWC_Info": "n/a", "PaidParkURL": "n/a", "WaterAccessTYPE": "Estuarine", "BeachMat": null, "Land_Status": "Municipality", "NEAR_FID": 546.0, "NEAR_DIST": 533.45334340814895, "ACCESSIBILITY_NOTES": null, "LIFEGUARDS": null }, "geometry": { "type": "Point", "coordinates": [ -76.714284264550002, 34.719413187155702 ] } },
{ "type": "Feature", "properties": { "ACCESS_ID": "Marshallberg", "OBJECTID": 554, "PLACE": "Marshallberg", "ACCESS_LOC": "Marshallberg Road", "LOCL_SPONS": " ", "CAMA_SIGN": "Yes", "PARKING": 10.0, "DUNE_WALK": "N", "OVERLOOK": "Yes", "HAND_DUNE": "No", "HAND_OVRLK": "No", "HAND_BEACH": "No", "HAND_PRKG": 1.0, "RESTRM": "N", "SHOWER": "N", "PIC_TABLE": "Yes", "VEH_ACCESS": "No", "BIKE_RACK": "No", "SURV_DATE": 1214265600000.0, "COMMENT_": "Park with picnic facilities", "PRKG_COMMENTS": "", "COUNTY": "Carteret", "DCM_RO": "Morehead City Regional Office", "NCDCM_ID": 997.0, "PHOTO": "marshallberg1park.png", "PRK_FEE": "No", "DCM_Funded": "Y", "CONTRACT_YR": null, "CONTRACT_NUM": null, "ACESS_TYPE": "Shoreline", "KayakCanoeLaunch": "No", "PARKING_OPTIONS": "Onsite Parking", "BeachWheelchair": "N", "BWC_Info": "n/a", "PaidParkURL": "n/a", "WaterAccessTYPE": "Estuarine", "BeachMat": null, "Land_Status": "County", "NEAR_FID": 224.0, "NEAR_DIST": 33899.262082876063, "ACCESSIBILITY_NOTES": null, "LIFEGUARDS": null }, "geometry": { "type": "Point", "coordinates": [ -76.519915527810198, 34.719433090688398 ] } },
{ "type": "Feature", "properties": { "ACCESS_ID": "South 16th Street Water Access", "OBJECTID": 757, "PLACE": "Morehead City", "ACCESS_LOC": "South 16th & Shackleford Street", "LOCL_SPONS": "Morehead City", "CAMA_SIGN": "No", "PARKING": 0.0, "DUNE_WALK": "N", "OVERLOOK": "No", "HAND_DUNE": "No", "HAND_OVRLK": "No", "HAND_BEACH": "No", "HAND_PRKG": 0.0, "RESTRM": "N", "SHOWER": "N", "PIC_TABLE": "No", "VEH_ACCESS": "No", "BIKE_RACK": "No", "SURV_DATE": 1504742400000.0, "COMMENT_": "Water access with concrete path.", "PRKG_COMMENTS": "", "COUNTY": "Carteret", "DCM_RO": "Morehead City Regional Office", "NCDCM_ID": null, "PHOTO": null, "PRK_FEE": null, "DCM_Funded": "N", "CONTRACT_YR": null, "CONTRACT_NUM": null, "ACESS_TYPE": "Shoreline", "KayakCanoeLaunch": "No", "PARKING_OPTIONS": "On-Street Parking", "BeachWheelchair": "N", "BWC_Info": "n/a", "PaidParkURL": "n/a", "WaterAccessTYPE": "Estuarine", "BeachMat": null, "Land_Status": "Municipality", "NEAR_FID": 756.0, "NEAR_DIST": 1298.3096527933451, "ACCESSIBILITY_NOTES": null, "LIFEGUARDS": null }, "geometry": { "type": "Point", "coordinates": [ -76.724349696865701, 34.719511769256698 ] } },
{ "type": "Feature", "properties": { "ACCESS_ID": "The Straits", "OBJECTID": 923, "PLACE": "Carteret County", "ACCESS_LOC": "Old Harkers Island Bridge", "LOCL_SPONS": "Carteret County", "CAMA_SIGN": "No", "PARKING": 47.0, "DUNE_WALK": "N", "OVERLOOK": "Y", "HAND_DUNE": "N", "HAND_OVRLK": "Y", "HAND_BEACH": "Y", "HAND_PRKG": 1.0, "RESTRM": "N", "SHOWER": "N", "PIC_TABLE": "N", "VEH_ACCESS": "No", "BIKE_RACK": "N", "SURV_DATE": 1727913600000.0, "COMMENT_": null, "PRKG_COMMENTS": null, "COUNTY": "Carteret", "DCM_RO": "MHC", "NCDCM_ID": null, "PHOTO": null, "PRK_FEE": "N", "DCM_Funded": "Y", "CONTRACT_YR": null, "CONTRACT_NUM": null, "ACESS_TYPE": "Shoreline", "KayakCanoeLaunch": "N", "PARKING_OPTIONS": "Onsite Parking", "BeachWheelchair": null, "BWC_Info": null, "PaidParkURL": null, "WaterAccessTYPE": null, "BeachMat": "No", "Land_Status": "Leased from DOT", "NEAR_FID": null, "NEAR_DIST": null, "ACCESSIBILITY_NOTES": null, "LIFEGUARDS": null }, "geometry": { "type": "Point", "coordinates": [ -76.576150806557706, 34.719709331290801 ] } },
{ "type": "Feature", "properties": { "ACCESS_ID": "South 11th Street Water Access", "OBJECTID": 754, "PLACE": "Morehead City", "ACCESS_LOC": "South 11th & Shepard St", "LOCL_SPONS": "Morehead City", "CAMA_SIGN": "No", "PARKING": 18.0, "DUNE_WALK": "N", "OVERLOOK": "No", "HAND_DUNE": "No", "HAND_OVRLK": "No", "HAND_BEACH": "No", "HAND_PRKG": 0.0, "RESTRM": "N", "SHOWER": "N", "PIC_TABLE": "No", "VEH_ACCESS": "No", "BIKE_RACK": "No", "SURV_DATE": 1504742400000.0, "COMMENT_": "Public water access with parking and hand launching capabilities for canoes, kayaks, and catamarans. Also includes EZ Dock Kayak/Canoe launch.", "PRKG_COMMENTS": null, "COUNTY": "Carteret", "DCM_RO": "Morehead City Regional Office", "NCDCM_ID": null, "PHOTO": null, "PRK_FEE": "N", "DCM_Funded": "Y", "CONTRACT_YR": null, "CONTRACT_NUM": null, "ACESS_TYPE": "Shoreline", "KayakCanoeLaunch": "Yes", "PARKING_OPTIONS": "Onsite Parking", "BeachWheelchair": "N", "BWC_Info": "n/a", "PaidParkURL": "n/a", "WaterAccessTYPE": "Estuarine", "BeachMat": null, "Land_Status": "Municipality", "NEAR_FID": 546.0, "NEAR_DIST": 413.20169411092195, "ACCESSIBILITY_NOTES": null, "LIFEGUARDS": null }, "geometry": { "type": "Point", "coordinates": [ -76.717124344914595, 34.719795631563699 ] } },
{ "type": "Feature", "properties": { "ACCESS_ID": "The Jib (aka Otis Landing Platform)", "OBJECTID": 740, "PLACE": "Morehead City", "ACCESS_LOC": "707 Shepard St", "LOCL_SPONS": "Morehead City", "CAMA_SIGN": "No", "PARKING": 0.0, "DUNE_WALK": "N", "OVERLOOK": "Y", "HAND_DUNE": "No", "HAND_OVRLK": "Y", "HAND_BEACH": "Y", "HAND_PRKG": 0.0, "RESTRM": "N", "SHOWER": "N", "PIC_TABLE": "Y", "VEH_ACCESS": "No", "BIKE_RACK": "No", "SURV_DATE": 1464220800000.0, "COMMENT_": "Open Air Pavillion/Deck with day dockage boat slips", "PRKG_COMMENTS": " ", "COUNTY": "Carteret", "DCM_RO": "Morehead City Regional Office", "NCDCM_ID": 0.0, "PHOTO": "mhc_moreheadcity_JIB.png", "PRK_FEE": null, "DCM_Funded": "Y", "CONTRACT_YR": "Multiple ", "CONTRACT_NUM": "Multiple", "ACESS_TYPE": "Shoreline", "KayakCanoeLaunch": "N", "PARKING_OPTIONS": "On-Street Parking", "BeachWheelchair": "N", "BWC_Info": "n/a", "PaidParkURL": "n/a", "WaterAccessTYPE": "Estuarine", "BeachMat": null, "Land_Status": "Municipality", "NEAR_FID": 826.0, "NEAR_DIST": 607.7835122611101, "ACCESSIBILITY_NOTES": null, "LIFEGUARDS": null }, "geometry": { "type": "Point", "coordinates": [ -76.711934366988203, 34.720004076230701 ] } },
{ "type": "Feature", "properties": { "ACCESS_ID": "Newport River Access", "OBJECTID": 552, "PLACE": "Beaufort", "ACCESS_LOC": "US Hwy 70", "LOCL_SPONS": "Carteret County", "CAMA_SIGN": "Yes", "PARKING": 40.0, "DUNE_WALK": "N", "OVERLOOK": "Yes", "HAND_DUNE": "No", "HAND_OVRLK": "Yes", "HAND_BEACH": "No", "HAND_PRKG": 3.0, "RESTRM": "Y", "SHOWER": "N", "PIC_TABLE": "Y", "VEH_ACCESS": "No", "BIKE_RACK": "N", "SURV_DATE": 1617062400000.0, "COMMENT_": "Fishing Pier and Kayak Launch. WRC Boat Launch with trailer parking availbable.", "PRKG_COMMENTS": "", "COUNTY": "Carteret", "DCM_RO": "Morehead City Regional Office", "NCDCM_ID": 996.0, "PHOTO": "mhc1radioislandnorth.png", "PRK_FEE": "No", "DCM_Funded": "Y", "CONTRACT_YR": null, "CONTRACT_NUM": null, "ACESS_TYPE": "Shoreline", "KayakCanoeLaunch": "Yes", "PARKING_OPTIONS": "Onsite Parking", "BeachWheelchair": "N", "BWC_Info": "n/a", "PaidParkURL": "n/a", "WaterAccessTYPE": "Estuarine", "BeachMat": null, "Land_Status": "Municipality", "NEAR_FID": 767.0, "NEAR_DIST": 3199.6383172251253, "ACCESSIBILITY_NOTES": null, "LIFEGUARDS": null }, "geometry": { "type": "Point", "coordinates": [ -76.686743855604902, 34.721779920343799 ] } },
{ "type": "Feature", "properties": { "ACCESS_ID": "Chonch's Point Access", "OBJECTID": 544, "PLACE": "Morehead City", "ACCESS_LOC": "608 Bay Street (7th & Bay St)", "LOCL_SPONS": "Morehead City", "CAMA_SIGN": "Yes", "PARKING": 4.0, "DUNE_WALK": "N", "OVERLOOK": "Yes", "HAND_DUNE": "No", "HAND_OVRLK": "Yes", "HAND_BEACH": "No", "HAND_PRKG": 1.0, "RESTRM": "N", "SHOWER": "N", "PIC_TABLE": "No", "VEH_ACCESS": "No", "BIKE_RACK": "No", "SURV_DATE": 1192665600000.0, "COMMENT_": "Gazebo, floating docks", "PRKG_COMMENTS": "", "COUNTY": "Carteret", "DCM_RO": "Morehead City Regional Office", "NCDCM_ID": 992.0, "PHOTO": "mhc2n7thstreet.png", "PRK_FEE": "No", "DCM_Funded": "N", "CONTRACT_YR": null, "CONTRACT_NUM": null, "ACESS_TYPE": "Shoreline", "KayakCanoeLaunch": "Yes", "PARKING_OPTIONS": "Both Parking Options", "BeachWheelchair": "N", "BWC_Info": "n/a", "PaidParkURL": "n/a", "WaterAccessTYPE": "Estuarine", "BeachMat": null, "Land_Status": "Municipality", "NEAR_FID": 740.0, "NEAR_DIST": 1825.1166643526653, "ACCESSIBILITY_NOTES": null, "LIFEGUARDS": null }, "geometry": { "type": "Point", "coordinates": [ -76.710185675913394, 34.7248067636908 ] } },
{ "type": "Feature", "properties": { "ACCESS_ID": "West Beaufort", "OBJECTID": 537, "PLACE": "Beaufort", "ACCESS_LOC": "West Beaufort Road", "LOCL_SPONS": "Carteret County", "CAMA_SIGN": "Yes", "PARKING": 100.0, "DUNE_WALK": "N", "OVERLOOK": "No", "HAND_DUNE": "No", "HAND_OVRLK": "No", "HAND_BEACH": "No", "HAND_PRKG": 1.0, "RESTRM": "Y", "SHOWER": "Y", "PIC_TABLE": "No", "VEH_ACCESS": "No", "BIKE_RACK": "No", "SURV_DATE": 1541116800000.0, "COMMENT_": "Regional Boat Ramp and hand kayak/canoe launching.", "PRKG_COMMENTS": "Single Vehicle & Boat Trailer Parking", "COUNTY": "Carteret", "DCM_RO": "Morehead City Regional Office", "NCDCM_ID": 989.0, "PHOTO": "carteretco1westbftrd.png", "PRK_FEE": "No", "DCM_Funded": "Y", "CONTRACT_YR": null, "CONTRACT_NUM": null, "ACESS_TYPE": "Shoreline", "KayakCanoeLaunch": "Yes", "PARKING_OPTIONS": "Onsite Parking", "BeachWheelchair": "N", "BWC_Info": "n/a", "PaidParkURL": "n/a", "WaterAccessTYPE": "Estuarine", "BeachMat": null, "Land_Status": "Municipality", "NEAR_FID": 541.0, "NEAR_DIST": 3176.0156362794814, "ACCESSIBILITY_NOTES": null, "LIFEGUARDS": null }, "geometry": { "type": "Point", "coordinates": [ -76.662797660908893, 34.725570969580197 ] } },
{ "type": "Feature", "properties": { "ACCESS_ID": "Port O' Swannsborough", "OBJECTID": 906, "PLACE": "Swansboro", "ACCESS_LOC": "Terminus of Church St", "LOCL_SPONS": "Swansboro", "CAMA_SIGN": "No", "PARKING": 0.0, "DUNE_WALK": "N", "OVERLOOK": "N", "HAND_DUNE": "N", "HAND_OVRLK": "N", "HAND_BEACH": "N", "HAND_PRKG": 0.0, "RESTRM": "N", "SHOWER": "N", "PIC_TABLE": "N", "VEH_ACCESS": "No", "BIKE_RACK": "N", "SURV_DATE": 1700524800000.0, "COMMENT_": null, "PRKG_COMMENTS": null, "COUNTY": "Carteret", "DCM_RO": "WILM", "NCDCM_ID": null, "PHOTO": null, "PRK_FEE": "N", "DCM_Funded": "Y", "CONTRACT_YR": "2014", "CONTRACT_NUM": "6299", "ACESS_TYPE": "Shoreline", "KayakCanoeLaunch": "N", "PARKING_OPTIONS": "On-Street Parking", "BeachWheelchair": "N", "BWC_Info": null, "PaidParkURL": null, "WaterAccessTYPE": "Estuarine", "BeachMat": "No", "Land_Status": "Municipality", "NEAR_FID": 222.0, "NEAR_DIST": 351.83093657250163, "ACCESSIBILITY_NOTES": null, "LIFEGUARDS": null }, "geometry": { "type": "Point", "coordinates": [ -77.119408508825799, 34.686567251515299 ] } },
{ "type": "Feature", "properties": { "ACCESS_ID": "Town Dinghy Dock (Public Day Dock)", "OBJECTID": 222, "PLACE": "Swansboro", "ACCESS_LOC": "Main Street and Front Street", "LOCL_SPONS": "Swansboro", "CAMA_SIGN": "Yes", "PARKING": 8.0, "DUNE_WALK": "Y", "OVERLOOK": "Yes", "HAND_DUNE": "Yes", "HAND_OVRLK": "Yes", "HAND_BEACH": "No", "HAND_PRKG": null, "RESTRM": "N", "SHOWER": "N", "PIC_TABLE": "No", "VEH_ACCESS": "No", "BIKE_RACK": "No", "SURV_DATE": 770947200000.0, "COMMENT_": "River Access", "PRKG_COMMENTS": null, "COUNTY": "Onslow", "DCM_RO": "Morehead City Regional Office", "NCDCM_ID": 605.0, "PHOTO": "OD259.png", "PRK_FEE": "No", "DCM_Funded": "Y", "CONTRACT_YR": null, "CONTRACT_NUM": null, "ACESS_TYPE": "Shoreline", "KayakCanoeLaunch": "No", "PARKING_OPTIONS": "Both Parking Options", "BeachWheelchair": "N", "BWC_Info": "n/a", "PaidParkURL": "n/a", "WaterAccessTYPE": "Estuarine", "BeachMat": null, "Land_Status": "Municipality", "NEAR_FID": 881.0, "NEAR_DIST": 215.4254197247194, "ACCESSIBILITY_NOTES": null, "LIFEGUARDS": null }, "geometry": { "type": "Point", "coordinates": [ -77.118273930506305, 34.686804513753202 ] } },
{ "type": "Feature", "properties": { "ACCESS_ID": "Moore St", "OBJECTID": 881, "PLACE": "Swansboro", "ACCESS_LOC": "Terminus of W Moore St", "LOCL_SPONS": "Swansboro", "CAMA_SIGN": "Yes", "PARKING": 0.0, "DUNE_WALK": "N", "OVERLOOK": "Y", "HAND_DUNE": "N", "HAND_OVRLK": "Y", "HAND_BEACH": "N", "HAND_PRKG": 0.0, "RESTRM": "N", "SHOWER": "N", "PIC_TABLE": "N", "VEH_ACCESS": "No", "BIKE_RACK": "N", "SURV_DATE": 1657811138000.0, "COMMENT_": "Pedestrian walkway plus two free boat slips for smaller vessels.  Boardwalk that leads to Bicentennial Park.", "PRKG_COMMENTS": null, "COUNTY": "Onslow", "DCM_RO": "WILM", "NCDCM_ID": null, "PHOTO": null, "PRK_FEE": null, "DCM_Funded": "Y", "CONTRACT_YR": null, "CONTRACT_NUM": null, "ACESS_TYPE": "Shoreline", "KayakCanoeLaunch": "N", "PARKING_OPTIONS": "No Parking", "BeachWheelchair": "N", "BWC_Info": null, "PaidParkURL": "n/a", "WaterAccessTYPE": "Estuarine", "BeachMat": null, "Land_Status": "Municipality", "NEAR_FID": 222.0, "NEAR_DIST": 215.4254197247194, "ACCESSIBILITY_NOTES": null, "LIFEGUARDS": null }, "geometry": { "type": "Point", "coordinates": [ -77.117667029696605, 34.687119285199103 ] } },
{ "type": "Feature", "properties": { "ACCESS_ID": "Bicentenntial Park", "OBJECTID": 812, "PLACE": "Swansboro", "ACCESS_LOC": "NC Hyw 24, Base of White Oak River Bridge", "LOCL_SPONS": "Swansboro", "CAMA_SIGN": "Yes", "PARKING": 10.0, "DUNE_WALK": "N", "OVERLOOK": "No", "HAND_DUNE": "No", "HAND_OVRLK": "No", "HAND_BEACH": "Y", "HAND_PRKG": 2.0, "RESTRM": "Y", "SHOWER": "N", "PIC_TABLE": "Yes", "VEH_ACCESS": "No", "BIKE_RACK": "No", "SURV_DATE": 1612953561193.0, "COMMENT_": "Fishing Pier, Boardwalk that leads to downtown.", "PRKG_COMMENTS": null, "COUNTY": "Onslow", "DCM_RO": "Wilmington Regional Office", "NCDCM_ID": null, "PHOTO": null, "PRK_FEE": null, "DCM_Funded": "Y", "CONTRACT_YR": "2014-15, 2016-17, 2020-21 ", "CONTRACT_NUM": "6028, 7138", "ACESS_TYPE": "Shoreline", "KayakCanoeLaunch": "Yes", "PARKING_OPTIONS": "Onsite Parking", "BeachWheelchair": "N", "BWC_Info": "n/a", "PaidParkURL": "n/a", "WaterAccessTYPE": "Estuarine", "BeachMat": null, "Land_Status": "Municipality", "NEAR_FID": 881.0, "NEAR_DIST": 330.99580985619139, "ACCESSIBILITY_NOTES": null, "LIFEGUARDS": null }, "geometry": { "type": "Point", "coordinates": [ -77.116895569907399, 34.6877682275693 ] } },
{ "type": "Feature", "properties": { "ACCESS_ID": "Boathouse Creek Walking Trails Park", "OBJECTID": 885, "PLACE": "Cedar Point", "ACCESS_LOC": "end of Masonic Avenue", "LOCL_SPONS": "Cedar Point", "CAMA_SIGN": "Yes", "PARKING": 12.0, "DUNE_WALK": "N", "OVERLOOK": "Y", "HAND_DUNE": "N", "HAND_OVRLK": "Y", "HAND_BEACH": "N", "HAND_PRKG": 2.0, "RESTRM": "N", "SHOWER": "N", "PIC_TABLE": "Y", "VEH_ACCESS": "No", "BIKE_RACK": "N", "SURV_DATE": 1721124994000.0, "COMMENT_": null, "PRKG_COMMENTS": null, "COUNTY": "Carteret", "DCM_RO": "MHC", "NCDCM_ID": null, "PHOTO": null, "PRK_FEE": "N", "DCM_Funded": "Y", "CONTRACT_YR": "2021", "CONTRACT_NUM": null, "ACESS_TYPE": "Shoreline", "KayakCanoeLaunch": "Y", "PARKING_OPTIONS": "Onsite Parking", "BeachWheelchair": "N", "BWC_Info": "Shaded ADA Kayak/Canoe Launch", "PaidParkURL": "n/a", "WaterAccessTYPE": "Estuarine", "BeachMat": null, "Land_Status": "Municipality", "NEAR_FID": 775.0, "NEAR_DIST": 6783.0042788552882, "ACCESSIBILITY_NOTES": null, "LIFEGUARDS": null }, "geometry": { "type": "Point", "coordinates": [ -77.090410835918306, 34.689088881594699 ] } },
{ "type": "Feature", "properties": { "ACCESS_ID": "Riverview Park", "OBJECTID": 888, "PLACE": "Swansboro", "ACCESS_LOC": "320 Corbett Ave", "LOCL_SPONS": "Swansboro\r\n", "CAMA_SIGN": "Yes", "PARKING": 10.0, "DUNE_WALK": "N", "OVERLOOK": "Y", "HAND_DUNE": null, "HAND_OVRLK": "Y", "HAND_BEACH": "N", "HAND_PRKG": 2.0, "RESTRM": "N", "SHOWER": "N", "PIC_TABLE": "Y", "VEH_ACCESS": "No", "BIKE_RACK": "N", "SURV_DATE": 1658150915000.0, "COMMENT_": "Features elevated shoreline walkways along the White Oak River and an excellent view of Jones Island. This park has two covered observation shelters and three picnic shelters. Interpretive signage about the coastal environment is along the walkways.", "PRKG_COMMENTS": null, "COUNTY": "Onslow", "DCM_RO": "WILM", "NCDCM_ID": null, "PHOTO": null, "PRK_FEE": "N", "DCM_Funded": "Y", "CONTRACT_YR": null, "CONTRACT_NUM": null, "ACESS_TYPE": "Shoreline", "KayakCanoeLaunch": "N", "PARKING_OPTIONS": "Onsite Parking", "BeachWheelchair": "N", "BWC_Info": null, "PaidParkURL": "n/a", "WaterAccessTYPE": "Estuarine", "BeachMat": null, "Land_Status": "Municipality", "NEAR_FID": 812.0, "NEAR_DIST": 1096.0078316769668, "ACCESSIBILITY_NOTES": null, "LIFEGUARDS": null }, "geometry": { "type": "Point", "coordinates": [ -77.119584922534102, 34.6898017006123 ] } },
{ "type": "Feature", "properties": { "ACCESS_ID": "Pettiford Creek Access", "OBJECTID": 788, "PLACE": "Cape Carteret", "ACCESS_LOC": "920 Highway 58", "LOCL_SPONS": "Cape Carteret", "CAMA_SIGN": "Yes", "PARKING": 15.0, "DUNE_WALK": "N", "OVERLOOK": "No", "HAND_DUNE": "No", "HAND_OVRLK": "No", "HAND_BEACH": "No", "HAND_PRKG": 2.0, "RESTRM": "N", "SHOWER": "N", "PIC_TABLE": "No", "VEH_ACCESS": "No", "BIKE_RACK": "No", "SURV_DATE": 1652745600000.0, "COMMENT_": "", "PRKG_COMMENTS": null, "COUNTY": "Carteret", "DCM_RO": "Morehead City Regional Office", "NCDCM_ID": null, "PHOTO": null, "PRK_FEE": "No", "DCM_Funded": "Y", "CONTRACT_YR": "2018-19", "CONTRACT_NUM": "7775/7777", "ACESS_TYPE": "Shoreline", "KayakCanoeLaunch": "Y", "PARKING_OPTIONS": "Onsite Parking", "BeachWheelchair": "N", "BWC_Info": "n/a", "PaidParkURL": "n/a", "WaterAccessTYPE": "Estuarine", "BeachMat": null, "Land_Status": "Municipality", "NEAR_FID": 885.0, "NEAR_DIST": 9856.227837978935, "ACCESSIBILITY_NOTES": null, "LIFEGUARDS": null }, "geometry": { "type": "Point", "coordinates": [ -77.067646927521295, 34.708565416405001 ] } },
{ "type": "Feature", "properties": { "ACCESS_ID": "Northeast Creek Park", "OBJECTID": 221, "PLACE": "Jacksonville", "ACCESS_LOC": "Northeast Creek Park Road", "LOCL_SPONS": "Jacksonville", "CAMA_SIGN": "Yes", "PARKING": 50.0, "DUNE_WALK": "Y", "OVERLOOK": "Yes", "HAND_DUNE": "Yes", "HAND_OVRLK": "Yes", "HAND_BEACH": "No", "HAND_PRKG": null, "RESTRM": "N", "SHOWER": "N", "PIC_TABLE": "Yes", "VEH_ACCESS": "No", "BIKE_RACK": "No", "SURV_DATE": 770947200000.0, "COMMENT_": "Creek Access Boatramp", "PRKG_COMMENTS": null, "COUNTY": "Onslow", "DCM_RO": "Morehead City Regional Office", "NCDCM_ID": 604.0, "PHOTO": "waterfront.png", "PRK_FEE": "No", "DCM_Funded": "Y", "CONTRACT_YR": null, "CONTRACT_NUM": null, "ACESS_TYPE": "Shoreline", "KayakCanoeLaunch": "No", "PARKING_OPTIONS": "Both Parking Options", "BeachWheelchair": "N", "BWC_Info": "n/a", "PaidParkURL": "n/a", "WaterAccessTYPE": "Estuarine", "BeachMat": null, "Land_Status": "Municipality", "NEAR_FID": 523.0, "NEAR_DIST": 21755.439935917391, "ACCESSIBILITY_NOTES": null, "LIFEGUARDS": null }, "geometry": { "type": "Point", "coordinates": [ -77.354101707950505, 34.744224344113803 ] } },
{ "type": "Feature", "properties": { "ACCESS_ID": "Creekside Park", "OBJECTID": 563, "PLACE": "New Bern", "ACCESS_LOC": "Creekside Park", "LOCL_SPONS": "New Bern", "CAMA_SIGN": "Yes", "PARKING": 30.0, "DUNE_WALK": "N", "OVERLOOK": "Y", "HAND_DUNE": "N", "HAND_OVRLK": "Y", "HAND_BEACH": "Y", "HAND_PRKG": 2.0, "RESTRM": "Y", "SHOWER": "N", "PIC_TABLE": "Yes", "VEH_ACCESS": "No", "BIKE_RACK": "No", "SURV_DATE": 1199404800000.0, "COMMENT_": "Playground", "PRKG_COMMENTS": "", "COUNTY": "Craven", "DCM_RO": "Morehead City Regional Office", "NCDCM_ID": 1002.0, "PHOTO": "cravenco1creekside.png", "PRK_FEE": "No", "DCM_Funded": "Y", "CONTRACT_YR": "Multiple", "CONTRACT_NUM": "Multiple", "ACESS_TYPE": "Shoreline", "KayakCanoeLaunch": "Y", "PARKING_OPTIONS": "Onsite Parking", "BeachWheelchair": "N", "BWC_Info": "n/a", "PaidParkURL": "n/a", "WaterAccessTYPE": "Estuarine", "BeachMat": null, "Land_Status": "County", "NEAR_FID": 556.0, "NEAR_DIST": 14957.890669310846, "ACCESSIBILITY_NOTES": null, "LIFEGUARDS": null }, "geometry": { "type": "Point", "coordinates": [ -77.048332088834997, 35.059446976278899 ] } },
{ "type": "Feature", "properties": { "ACCESS_ID": "River Bend Kayak/Canoe Launch", "OBJECTID": 794, "PLACE": "River Bend", "ACCESS_LOC": "Gull Pointe", "LOCL_SPONS": "River Bend", "CAMA_SIGN": "Unknown", "PARKING": 2.0, "DUNE_WALK": "N", "OVERLOOK": "No", "HAND_DUNE": "No", "HAND_OVRLK": "No", "HAND_BEACH": "No", "HAND_PRKG": 2.0, "RESTRM": "N", "SHOWER": "N", "PIC_TABLE": "No", "VEH_ACCESS": "No", "BIKE_RACK": "No", "SURV_DATE": 1602757554470.0, "COMMENT_": "Follow gravel road to access site.  There is a 60 ft concrete sidewalk leading to an elevated wooden walkway that is ~400 ft long. At the end of the walkway is a floating dock and attached launch dock.  Access to the Trest River.", "PRKG_COMMENTS": "A few paved spots, addtnl spots in adjacent field.", "COUNTY": "Craven", "DCM_RO": "Morehead City Regional Office", "NCDCM_ID": null, "PHOTO": null, "PRK_FEE": "No", "DCM_Funded": "Y", "CONTRACT_YR": "2010-11", "CONTRACT_NUM": "4401", "ACESS_TYPE": "Shoreline", "KayakCanoeLaunch": "Yes", "PARKING_OPTIONS": "Onsite Parking", "BeachWheelchair": "N", "BWC_Info": "n/a", "PaidParkURL": "n/a", "WaterAccessTYPE": "Estuarine", "BeachMat": null, "Land_Status": "Municipality", "NEAR_FID": 563.0, "NEAR_DIST": 26359.466069784019, "ACCESSIBILITY_NOTES": null, "LIFEGUARDS": null }, "geometry": { "type": "Point", "coordinates": [ -77.135394882878799, 35.070484311940497 ] } },
{ "type": "Feature", "properties": { "ACCESS_ID": "Morehead City Rec Center", "OBJECTID": 550, "PLACE": "Morehead City", "ACCESS_LOC": "N 17th and Bay Street", "LOCL_SPONS": " ", "CAMA_SIGN": "Yes", "PARKING": 23.0, "DUNE_WALK": "N", "OVERLOOK": "Yes", "HAND_DUNE": "No", "HAND_OVRLK": "Yes", "HAND_BEACH": "No", "HAND_PRKG": 2.0, "RESTRM": "N", "SHOWER": "N", "PIC_TABLE": "No", "VEH_ACCESS": "No", "BIKE_RACK": "No", "SURV_DATE": 1192665600000.0, "COMMENT_": "Pier on Calico Creek", "PRKG_COMMENTS": "Parking at Morehead City Rec Center on N 17th St.", "COUNTY": "Carteret", "DCM_RO": "Morehead City Regional Office", "NCDCM_ID": 995.0, "PHOTO": "mhc5n17thstreet.png", "PRK_FEE": "No", "DCM_Funded": "Y", "CONTRACT_YR": null, "CONTRACT_NUM": null, "ACESS_TYPE": "Shoreline", "KayakCanoeLaunch": "No", "PARKING_OPTIONS": "Onsite Parking", "BeachWheelchair": "N", "BWC_Info": "n/a", "PaidParkURL": "n/a", "WaterAccessTYPE": "Estuarine", "BeachMat": null, "Land_Status": "Municipality", "NEAR_FID": 827.0, "NEAR_DIST": 1346.8624594915882, "ACCESSIBILITY_NOTES": null, "LIFEGUARDS": null }, "geometry": { "type": "Point", "coordinates": [ -76.724879324692594, 34.725894991583203 ] } },
{ "type": "Feature", "properties": { "ACCESS_ID": "North 11th Street Water Access", "OBJECTID": 753, "PLACE": "Morehead City", "ACCESS_LOC": "North 11th & Edgewater Place", "LOCL_SPONS": null, "CAMA_SIGN": "No", "PARKING": 0.0, "DUNE_WALK": "N", "OVERLOOK": "No", "HAND_DUNE": "No", "HAND_OVRLK": "No", "HAND_BEACH": "No", "HAND_PRKG": 0.0, "RESTRM": "N", "SHOWER": "N", "PIC_TABLE": "No", "VEH_ACCESS": "No", "BIKE_RACK": "No", "SURV_DATE": 1504742400000.0, "COMMENT_": "Public water access with dock", "PRKG_COMMENTS": "", "COUNTY": "Carteret", "DCM_RO": "Morehead City Regional Office", "NCDCM_ID": null, "PHOTO": null, "PRK_FEE": null, "DCM_Funded": "N", "CONTRACT_YR": null, "CONTRACT_NUM": null, "ACESS_TYPE": "Shoreline", "KayakCanoeLaunch": "No", "PARKING_OPTIONS": "On-Street Parking", "BeachWheelchair": "N", "BWC_Info": "n/a", "PaidParkURL": "n/a", "WaterAccessTYPE": "Estuarine", "BeachMat": null, "Land_Status": "Municipality", "NEAR_FID": 544.0, "NEAR_DIST": 1927.1389365538378, "ACCESSIBILITY_NOTES": null, "LIFEGUARDS": null }, "geometry": { "type": "Point", "coordinates": [ -76.716368110769096, 34.726215926916801 ] } },
{ "type": "Feature", "properties": { "ACCESS_ID": "Southern Gateway for Outer Banks National Scenic Byway", "OBJECTID": 790, "PLACE": "Carteret County", "ACCESS_LOC": "Southside U.S. Hwy 70", "LOCL_SPONS": "Carteret County", "CAMA_SIGN": "Yes", "PARKING": 6.0, "DUNE_WALK": "N", "OVERLOOK": "No", "HAND_DUNE": "No", "HAND_OVRLK": "No", "HAND_BEACH": "No", "HAND_PRKG": 1.0, "RESTRM": "N", "SHOWER": "N", "PIC_TABLE": "No", "VEH_ACCESS": "No", "BIKE_RACK": "No", "SURV_DATE": 1567123200000.0, "COMMENT_": "Kiosk for Outer Banks Scenic Byway", "PRKG_COMMENTS": null, "COUNTY": "Carteret", "DCM_RO": "Morehead City Regional Office", "NCDCM_ID": null, "PHOTO": null, "PRK_FEE": "No", "DCM_Funded": "Y", "CONTRACT_YR": "2013-14", "CONTRACT_NUM": "6732", "ACESS_TYPE": "Shoreline", "KayakCanoeLaunch": "No", "PARKING_OPTIONS": "Onsite Parking", "BeachWheelchair": "N", "BWC_Info": "n/a", "PaidParkURL": "n/a", "WaterAccessTYPE": "Estuarine", "BeachMat": null, "Land_Status": "County", "NEAR_FID": 537.0, "NEAR_DIST": 24235.445248882097, "ACCESSIBILITY_NOTES": null, "LIFEGUARDS": null }, "geometry": { "type": "Point", "coordinates": [ -76.623525726507694, 34.783744353321403 ] } },
{ "type": "Feature", "properties": { "ACCESS_ID": "Styron Beach Access", "OBJECTID": 565, "PLACE": "Pamlico County", "ACCESS_LOC": "Styrontown Beach Road", "LOCL_SPONS": "Pamlico County", "CAMA_SIGN": "Yes", "PARKING": 10.0, "DUNE_WALK": "N", "OVERLOOK": "Yes", "HAND_DUNE": "No", "HAND_OVRLK": "Yes", "HAND_BEACH": "No", "HAND_PRKG": 1.0, "RESTRM": "Y", "SHOWER": "N", "PIC_TABLE": "No", "VEH_ACCESS": "No", "BIKE_RACK": "No", "SURV_DATE": 1565049600000.0, "COMMENT_": "Portable Restroom. River access and pier", "PRKG_COMMENTS": "", "COUNTY": "Pamlico", "DCM_RO": "Morehead City Regional Office", "NCDCM_ID": 1003.0, "PHOTO": "pamlico2styrontown.png", "PRK_FEE": "No", "DCM_Funded": "Y", "CONTRACT_YR": "1998-1999", "CONTRACT_NUM": "BA98-013", "ACESS_TYPE": "Shoreline", "KayakCanoeLaunch": "No", "PARKING_OPTIONS": "Onsite Parking", "BeachWheelchair": "N", "BWC_Info": "n/a", "PaidParkURL": "n/a", "WaterAccessTYPE": "Estuarine", "BeachMat": null, "Land_Status": "County", "NEAR_FID": 898.0, "NEAR_DIST": 6500.2227943713779, "ACCESSIBILITY_NOTES": null, "LIFEGUARDS": null }, "geometry": { "type": "Point", "coordinates": [ -76.710231891539806, 35.009367393503901 ] } },
{ "type": "Feature", "properties": { "ACCESS_ID": "South Avenue Boathouse", "OBJECTID": 735, "PLACE": "Oriental", "ACCESS_LOC": "301 South Avenue", "LOCL_SPONS": "Town of Oriental", "CAMA_SIGN": "No", "PARKING": 1.0, "DUNE_WALK": "N", "OVERLOOK": "Yes", "HAND_DUNE": "No", "HAND_OVRLK": "No", "HAND_BEACH": "No", "HAND_PRKG": 1.0, "RESTRM": "Y", "SHOWER": "N", "PIC_TABLE": "Yes", "VEH_ACCESS": "No", "BIKE_RACK": "No", "SURV_DATE": 1457481600000.0, "COMMENT_": "ADA accessible restrooms with changing tables, pier, day dockage, and pumpout station.", "PRKG_COMMENTS": " ", "COUNTY": "Pamlico ", "DCM_RO": "Morehead City Regional Office", "NCDCM_ID": 0.0, "PHOTO": "mhc_oriental_washhouse.JPG", "PRK_FEE": "No", "DCM_Funded": "Y", "CONTRACT_YR": null, "CONTRACT_NUM": null, "ACESS_TYPE": "Shoreline", "KayakCanoeLaunch": "No", "PARKING_OPTIONS": "Both Parking Options", "BeachWheelchair": "N", "BWC_Info": "n/a", "PaidParkURL": "n/a", "WaterAccessTYPE": "Estuarine", "BeachMat": null, "Land_Status": "Municipality", "NEAR_FID": 505.0, "NEAR_DIST": 719.49104936940444, "ACCESSIBILITY_NOTES": null, "LIFEGUARDS": null }, "geometry": { "type": "Point", "coordinates": [ -76.695340824489094, 35.024130376904601 ] } },
{ "type": "Feature", "properties": { "ACCESS_ID": "Water Street", "OBJECTID": 505, "PLACE": "Oriental", "ACCESS_LOC": "Water Street", "LOCL_SPONS": "Oriental", "CAMA_SIGN": "Yes", "PARKING": 0.0, "DUNE_WALK": "Y", "OVERLOOK": "Yes", "HAND_DUNE": "No", "HAND_OVRLK": "No", "HAND_BEACH": "No", "HAND_PRKG": 0.0, "RESTRM": "N", "SHOWER": "N", "PIC_TABLE": "No", "VEH_ACCESS": "No", "BIKE_RACK": "No", "SURV_DATE": 897436800000.0, "COMMENT_": "Sound Access", "PRKG_COMMENTS": " ", "COUNTY": "Pamlico", "DCM_RO": "Morehead City Regional Office", "NCDCM_ID": 612.0, "PHOTO": "OD371.png", "PRK_FEE": null, "DCM_Funded": "Y", "CONTRACT_YR": null, "CONTRACT_NUM": null, "ACESS_TYPE": "Shoreline", "KayakCanoeLaunch": "No", "PARKING_OPTIONS": "No Parking", "BeachWheelchair": "N", "BWC_Info": "n/a", "PaidParkURL": "n/a", "WaterAccessTYPE": "Estuarine", "BeachMat": null, "Land_Status": "Municipality", "NEAR_FID": 735.0, "NEAR_DIST": 719.49104936940444, "ACCESSIBILITY_NOTES": null, "LIFEGUARDS": null }, "geometry": { "type": "Point", "coordinates": [ -76.697724168138606, 35.024384586348397 ] } },
{ "type": "Feature", "properties": { "ACCESS_ID": "Lou Mac Park", "OBJECTID": 502, "PLACE": "Oriental", "ACCESS_LOC": "South Avenue and Freemason Street", "LOCL_SPONS": "Oriental", "CAMA_SIGN": "Yes", "PARKING": 10.0, "DUNE_WALK": "N", "OVERLOOK": "Yes", "HAND_DUNE": "No", "HAND_OVRLK": "Y", "HAND_BEACH": "No", "HAND_PRKG": 2.0, "RESTRM": "N", "SHOWER": "N", "PIC_TABLE": "Yes", "VEH_ACCESS": "No", "BIKE_RACK": "No", "SURV_DATE": 773539200000.0, "COMMENT_": "Pier", "PRKG_COMMENTS": " ", "COUNTY": "Pamlico", "DCM_RO": "Morehead City Regional Office", "NCDCM_ID": 611.0, "PHOTO": "waterfront.png", "PRK_FEE": "No", "DCM_Funded": "Y", "CONTRACT_YR": null, "CONTRACT_NUM": null, "ACESS_TYPE": "Shoreline", "KayakCanoeLaunch": "No", "PARKING_OPTIONS": "Onsite Parking", "BeachWheelchair": "N", "BWC_Info": "n/a", "PaidParkURL": "n/a", "WaterAccessTYPE": "Estuarine", "BeachMat": null, "Land_Status": "Municipality", "NEAR_FID": 735.0, "NEAR_DIST": 1066.8113922432074, "ACCESSIBILITY_NOTES": null, "LIFEGUARDS": null }, "geometry": { "type": "Point", "coordinates": [ -76.691861268520995, 35.024762683995696 ] } },
{ "type": "Feature", "properties": { "ACCESS_ID": "Oriental Small Craft Launch", "OBJECTID": 898, "PLACE": "Oriental", "ACCESS_LOC": "100 Midyette St", "LOCL_SPONS": "Oriental", "CAMA_SIGN": "Yes", "PARKING": 20.0, "DUNE_WALK": "N", "OVERLOOK": "Y", "HAND_DUNE": "Y", "HAND_OVRLK": "Y", "HAND_BEACH": "N", "HAND_PRKG": 1.0, "RESTRM": "Y", "SHOWER": "N", "PIC_TABLE": "N", "VEH_ACCESS": "No", "BIKE_RACK": "N", "SURV_DATE": 1658966400000.0, "COMMENT_": "Kayak racks (rented by the Town), porta-facility. Small ADA accessible ramp, gangway to accommodate floater, floater at the end- used for launching small craft and fishing.", "PRKG_COMMENTS": "Parking shared with WRC Boat Launch", "COUNTY": "Pamlico", "DCM_RO": "MHC", "NCDCM_ID": null, "PHOTO": null, "PRK_FEE": "N", "DCM_Funded": "N", "CONTRACT_YR": null, "CONTRACT_NUM": null, "ACESS_TYPE": "Shoreline", "KayakCanoeLaunch": "Y", "PARKING_OPTIONS": "Onsite Parking", "BeachWheelchair": "N", "BWC_Info": null, "PaidParkURL": "n/a", "WaterAccessTYPE": "Estuarine", "BeachMat": null, "Land_Status": "Municipality", "NEAR_FID": 505.0, "NEAR_DIST": 850.00630022707151, "ACCESSIBILITY_NOTES": null, "LIFEGUARDS": null }, "geometry": { "type": "Point", "coordinates": [ -76.700350869969299, 35.025271281013303 ] } },
{ "type": "Feature", "properties": { "ACCESS_ID": "Newton Creek Wetland Park", "OBJECTID": 558, "PLACE": "Bayboro", "ACCESS_LOC": "229 Matthew Rd", "LOCL_SPONS": "Pamlico County", "CAMA_SIGN": "Yes", "PARKING": 5.0, "DUNE_WALK": "N", "OVERLOOK": "Yes", "HAND_DUNE": "No", "HAND_OVRLK": "No", "HAND_BEACH": "No", "HAND_PRKG": null, "RESTRM": "N", "SHOWER": "N", "PIC_TABLE": "Y", "VEH_ACCESS": "No", "BIKE_RACK": "No", "SURV_DATE": 1628812800000.0, "COMMENT_": "Boat launch and dock on Newton Creek", "PRKG_COMMENTS": "Unmarked parking", "COUNTY": "Pamlico", "DCM_RO": "Morehead City Regional Office", "NCDCM_ID": 999.0, "PHOTO": "pamlico1newtoncreek.png", "PRK_FEE": "No", "DCM_Funded": "Y", "CONTRACT_YR": null, "CONTRACT_NUM": null, "ACESS_TYPE": "Shoreline", "KayakCanoeLaunch": "Yes", "PARKING_OPTIONS": "Onsite Parking", "BeachWheelchair": "N", "BWC_Info": "n/a", "PaidParkURL": "n/a", "WaterAccessTYPE": "Estuarine", "BeachMat": null, "Land_Status": "County", "NEAR_FID": 736.0, "NEAR_DIST": 8211.0407823674814, "ACCESSIBILITY_NOTES": null, "LIFEGUARDS": null }, "geometry": { "type": "Point", "coordinates": [ -76.681226290840499, 35.1671521373625 ] } },
{ "type": "Feature", "properties": { "ACCESS_ID": "Vandemere Waterfront Park", "OBJECTID": 736, "PLACE": "Vandemere", "ACCESS_LOC": "86 Griffin Road", "LOCL_SPONS": "Town of Vandemere", "CAMA_SIGN": "No", "PARKING": 14.0, "DUNE_WALK": "N", "OVERLOOK": "No", "HAND_DUNE": "No", "HAND_OVRLK": "No", "HAND_BEACH": "No", "HAND_PRKG": 14.0, "RESTRM": "N", "SHOWER": "N", "PIC_TABLE": " ", "VEH_ACCESS": "No", "BIKE_RACK": "No", "SURV_DATE": 1541116800000.0, "COMMENT_": "2 - 15ft wide boat ramps, 60 ft floating dock, 33 Boat Trailer Parking Spaces", "PRKG_COMMENTS": "33 Boat Trailer Parking Spaces", "COUNTY": "Pamlico ", "DCM_RO": "Morehead City Regional Office", "NCDCM_ID": 0.0, "PHOTO": "VandemereAccess_2NOV2018.JPG", "PRK_FEE": "No", "DCM_Funded": "Y", "CONTRACT_YR": null, "CONTRACT_NUM": null, "ACESS_TYPE": "Shoreline", "KayakCanoeLaunch": "Yes", "PARKING_OPTIONS": "Onsite Parking", "BeachWheelchair": "N", "BWC_Info": "n/a", "PaidParkURL": "n/a", "WaterAccessTYPE": "Estuarine", "BeachMat": null, "Land_Status": "Municipality", "NEAR_FID": 558.0, "NEAR_DIST": 8211.0407823674814, "ACCESSIBILITY_NOTES": null, "LIFEGUARDS": null }, "geometry": { "type": "Point", "coordinates": [ -76.665347069803801, 35.1855649425205 ] } },
{ "type": "Feature", "properties": { "ACCESS_ID": "Lawson Creek Park", "OBJECTID": 556, "PLACE": "New Bern", "ACCESS_LOC": "Lawson Creek Park Drive", "LOCL_SPONS": "New Bern", "CAMA_SIGN": "Yes", "PARKING": 25.0, "DUNE_WALK": "Y", "OVERLOOK": "Yes", "HAND_DUNE": "Yes", "HAND_OVRLK": "Yes", "HAND_BEACH": "No", "HAND_PRKG": null, "RESTRM": "Y", "SHOWER": "N", "PIC_TABLE": "Yes", "VEH_ACCESS": "No", "BIKE_RACK": "No", "SURV_DATE": 773539200000.0, "COMMENT_": "River Access", "PRKG_COMMENTS": " ", "COUNTY": "Craven", "DCM_RO": "Morehead City Regional Office", "NCDCM_ID": 998.0, "PHOTO": "newbern1lawsoncreek.png", "PRK_FEE": "No", "DCM_Funded": "Y", "CONTRACT_YR": null, "CONTRACT_NUM": null, "ACESS_TYPE": "Shoreline", "KayakCanoeLaunch": "No", "PARKING_OPTIONS": "Both Parking Options", "BeachWheelchair": "N", "BWC_Info": "n/a", "PaidParkURL": "n/a", "WaterAccessTYPE": "Estuarine", "BeachMat": "No", "Land_Status": "Municipality", "NEAR_FID": 829.0, "NEAR_DIST": 1518.2803602267306, "ACCESSIBILITY_NOTES": null, "LIFEGUARDS": null }, "geometry": { "type": "Point", "coordinates": [ -77.051892942076506, 35.100482208160003 ] } },
{ "type": "Feature", "properties": { "ACCESS_ID": "Lawson Creek Marshwalk", "OBJECTID": 920, "PLACE": "New Bern", "ACCESS_LOC": "1309 Country Club Rd", "LOCL_SPONS": "New Bern", "CAMA_SIGN": "", "PARKING": 3.0, "DUNE_WALK": "Y", "OVERLOOK": "Y", "HAND_DUNE": null, "HAND_OVRLK": "Y", "HAND_BEACH": "N", "HAND_PRKG": 1.0, "RESTRM": "Y", "SHOWER": "N", "PIC_TABLE": "N", "VEH_ACCESS": "No", "BIKE_RACK": null, "SURV_DATE": 1722384000000.0, "COMMENT_": "Restrooms and picnic tables in the park", "PRKG_COMMENTS": null, "COUNTY": "Craven", "DCM_RO": "MHC", "NCDCM_ID": null, "PHOTO": null, "PRK_FEE": "N", "DCM_Funded": "Y", "CONTRACT_YR": "2021", "CONTRACT_NUM": null, "ACESS_TYPE": "Shoreline", "KayakCanoeLaunch": "N", "PARKING_OPTIONS": null, "BeachWheelchair": "N", "BWC_Info": null, "PaidParkURL": null, "WaterAccessTYPE": "Estuarine", "BeachMat": "No", "Land_Status": "Municipality", "NEAR_FID": null, "NEAR_DIST": null, "ACCESSIBILITY_NOTES": null, "LIFEGUARDS": null }, "geometry": { "type": "Point", "coordinates": [ -77.049029706465902, 35.1020086451311 ] } },
{ "type": "Feature", "properties": { "ACCESS_ID": "Neuse River Gateway", "OBJECTID": 789, "PLACE": "New Bern", "ACCESS_LOC": "1307 Country Club Rd", "LOCL_SPONS": "New Bern", "CAMA_SIGN": "Yes", "PARKING": 10.0, "DUNE_WALK": "N", "OVERLOOK": "No", "HAND_DUNE": "No", "HAND_OVRLK": "No", "HAND_BEACH": "No", "HAND_PRKG": 2.0, "RESTRM": "N", "SHOWER": "N", "PIC_TABLE": "No", "VEH_ACCESS": "No", "BIKE_RACK": "No", "SURV_DATE": 1573776000000.0, "COMMENT_": "Paved path from parking lot leading to EZ Dock Kayak/Canoe Launch.", "PRKG_COMMENTS": null, "COUNTY": "Craven", "DCM_RO": "Morehead City Regional Office", "NCDCM_ID": null, "PHOTO": null, "PRK_FEE": "No", "DCM_Funded": "Y", "CONTRACT_YR": "2015-16, 2016-17", "CONTRACT_NUM": "6730, 7437", "ACESS_TYPE": "Shoreline", "KayakCanoeLaunch": "Yes", "PARKING_OPTIONS": "Onsite Parking", "BeachWheelchair": "N", "BWC_Info": "n/a", "PaidParkURL": "n/a", "WaterAccessTYPE": "Estuarine", "BeachMat": null, "Land_Status": "Municipality", "NEAR_FID": 556.0, "NEAR_DIST": 1657.9111535100287, "ACCESSIBILITY_NOTES": null, "LIFEGUARDS": null }, "geometry": { "type": "Point", "coordinates": [ -77.055979716343202, 35.102912259143501 ] } },
{ "type": "Feature", "properties": { "ACCESS_ID": "Waterfront Promenade", "OBJECTID": 908, "PLACE": "New Bern", "ACCESS_LOC": "New Bern Waterfront", "LOCL_SPONS": "New Bern", "CAMA_SIGN": "No", "PARKING": 0.0, "DUNE_WALK": "N", "OVERLOOK": "N", "HAND_DUNE": "N", "HAND_OVRLK": "N", "HAND_BEACH": "N", "HAND_PRKG": 0.0, "RESTRM": "N", "SHOWER": "N", "PIC_TABLE": "N", "VEH_ACCESS": "No", "BIKE_RACK": "N", "SURV_DATE": 1700571985037.0, "COMMENT_": null, "PRKG_COMMENTS": null, "COUNTY": "Craven", "DCM_RO": "MHC", "NCDCM_ID": null, "PHOTO": null, "PRK_FEE": "N", "DCM_Funded": "Y", "CONTRACT_YR": "2000", "CONTRACT_NUM": "BA00-12", "ACESS_TYPE": "Shoreline", "KayakCanoeLaunch": "N", "PARKING_OPTIONS": "On-Street Parking", "BeachWheelchair": "N", "BWC_Info": null, "PaidParkURL": null, "WaterAccessTYPE": "Estuarine", "BeachMat": "No", "Land_Status": "Municipality", "NEAR_FID": 225.0, "NEAR_DIST": 716.35188207815486, "ACCESSIBILITY_NOTES": null, "LIFEGUARDS": null }, "geometry": { "type": "Point", "coordinates": [ -77.0373689400854, 35.102931667779004 ] } },
{ "type": "Feature", "properties": { "ACCESS_ID": "Union Street Park", "OBJECTID": 225, "PLACE": "New Bern", "ACCESS_LOC": "East Front Street and South Front Street", "LOCL_SPONS": "New Bern", "CAMA_SIGN": "Yes", "PARKING": 44.0, "DUNE_WALK": "N", "OVERLOOK": "Yes", "HAND_DUNE": "N", "HAND_OVRLK": "Yes", "HAND_BEACH": "No", "HAND_PRKG": null, "RESTRM": "Y", "SHOWER": "N", "PIC_TABLE": "Yes", "VEH_ACCESS": "No", "BIKE_RACK": "No", "SURV_DATE": 1628812800000.0, "COMMENT_": "Boat Launch, Playground, Gazebo", "PRKG_COMMENTS": " ", "COUNTY": "Craven", "DCM_RO": "Morehead City Regional Office", "NCDCM_ID": 607.0, "PHOTO": "waterfront.png", "PRK_FEE": "No", "DCM_Funded": "Y", "CONTRACT_YR": null, "CONTRACT_NUM": null, "ACESS_TYPE": "Shoreline", "KayakCanoeLaunch": "No", "PARKING_OPTIONS": "Onsite Parking", "BeachWheelchair": "N", "BWC_Info": "n/a", "PaidParkURL": "n/a", "WaterAccessTYPE": "Estuarine", "BeachMat": null, "Land_Status": "Municipality", "NEAR_FID": 908.0, "NEAR_DIST": 716.35188207815486, "ACCESSIBILITY_NOTES": null, "LIFEGUARDS": null }, "geometry": { "type": "Point", "coordinates": [ -77.035069094282207, 35.1034813157695 ] } },
{ "type": "Feature", "properties": { "ACCESS_ID": "Leander R Morgan Park Neighborhood Access", "OBJECTID": 829, "PLACE": "New Bern", "ACCESS_LOC": "Walt Bellamy Drive between Liberty Street and Norwood Street", "LOCL_SPONS": "New Bern", "CAMA_SIGN": "No", "PARKING": 0.0, "DUNE_WALK": "N", "OVERLOOK": "Y", "HAND_DUNE": "N", "HAND_OVRLK": "Y", "HAND_BEACH": "Y", "HAND_PRKG": 0.0, "RESTRM": "N", "SHOWER": "N", "PIC_TABLE": "N", "VEH_ACCESS": "No", "BIKE_RACK": "N", "SURV_DATE": 1617273088000.0, "COMMENT_": null, "PRKG_COMMENTS": null, "COUNTY": "Craven", "DCM_RO": "MHC", "NCDCM_ID": null, "PHOTO": null, "PRK_FEE": null, "DCM_Funded": "Y", "CONTRACT_YR": "2006-2007", "CONTRACT_NUM": "S0717", "ACESS_TYPE": "Shoreline", "KayakCanoeLaunch": "N", "PARKING_OPTIONS": "On-Street Parking", "BeachWheelchair": "N", "BWC_Info": "n/a", "PaidParkURL": "n/a", "WaterAccessTYPE": "Estuarine", "BeachMat": null, "Land_Status": "Municipality", "NEAR_FID": 556.0, "NEAR_DIST": 1518.2803602267306, "ACCESSIBILITY_NOTES": null, "LIFEGUARDS": null }, "geometry": { "type": "Point", "coordinates": [ -77.050005266647702, 35.104509340449198 ] } },
{ "type": "Feature", "properties": { "ACCESS_ID": "Pollock Street River Access", "OBJECTID": 828, "PLACE": "New Bern", "ACCESS_LOC": "Terminus of Pollock St", "LOCL_SPONS": "New Bern", "CAMA_SIGN": "No", "PARKING": 0.0, "DUNE_WALK": "N", "OVERLOOK": "Y", "HAND_DUNE": null, "HAND_OVRLK": null, "HAND_BEACH": null, "HAND_PRKG": 0.0, "RESTRM": "N", "SHOWER": "N", "PIC_TABLE": "N", "VEH_ACCESS": "No", "BIKE_RACK": "N", "SURV_DATE": 1617272404846.0, "COMMENT_": null, "PRKG_COMMENTS": "", "COUNTY": "Craven", "DCM_RO": "MHC", "NCDCM_ID": null, "PHOTO": null, "PRK_FEE": null, "DCM_Funded": "Y", "CONTRACT_YR": "2007-2008", "CONTRACT_NUM": "905", "ACESS_TYPE": "Shoreline", "KayakCanoeLaunch": "N", "PARKING_OPTIONS": "On-Street Parking", "BeachWheelchair": "N", "BWC_Info": "n/a", "PaidParkURL": "n/a", "WaterAccessTYPE": "Estuarine", "BeachMat": null, "Land_Status": "Municipality", "NEAR_FID": 225.0, "NEAR_DIST": 1003.1092123588226, "ACCESSIBILITY_NOTES": null, "LIFEGUARDS": null }, "geometry": { "type": "Point", "coordinates": [ -77.034925782451694, 35.106235057516102 ] } },
{ "type": "Feature", "properties": { "ACCESS_ID": "Council Bluff Promenade", "OBJECTID": 830, "PLACE": "New Bern", "ACCESS_LOC": "East Front St between Broad St and Linden St", "LOCL_SPONS": "New Bern", "CAMA_SIGN": "No", "PARKING": 0.0, "DUNE_WALK": "N", "OVERLOOK": "Y", "HAND_DUNE": "N", "HAND_OVRLK": "Y", "HAND_BEACH": "Y", "HAND_PRKG": 0.0, "RESTRM": "N", "SHOWER": "N", "PIC_TABLE": "N", "VEH_ACCESS": "No", "BIKE_RACK": "N", "SURV_DATE": 1617273649000.0, "COMMENT_": null, "PRKG_COMMENTS": null, "COUNTY": "Craven", "DCM_RO": "MHC", "NCDCM_ID": null, "PHOTO": null, "PRK_FEE": null, "DCM_Funded": "Y", "CONTRACT_YR": "1998-1999", "CONTRACT_NUM": "BA98-012", "ACESS_TYPE": "Shoreline", "KayakCanoeLaunch": "N", "PARKING_OPTIONS": "On-Street Parking", "BeachWheelchair": "N", "BWC_Info": "n/a", "PaidParkURL": "n/a", "WaterAccessTYPE": "Estuarine", "BeachMat": null, "Land_Status": "Municipality", "NEAR_FID": 828.0, "NEAR_DIST": 1020.4260794344755, "ACCESSIBILITY_NOTES": null, "LIFEGUARDS": null }, "geometry": { "type": "Point", "coordinates": [ -77.035352875673794, 35.109016845334502 ] } },
{ "type": "Feature", "properties": { "ACCESS_ID": "Town of Bridgeton Park", "OBJECTID": 559, "PLACE": "Bridgeton", "ACCESS_LOC": "1311 N B St", "LOCL_SPONS": "Bridgeton", "CAMA_SIGN": "Yes", "PARKING": 5.0, "DUNE_WALK": "N", "OVERLOOK": "Yes", "HAND_DUNE": "No", "HAND_OVRLK": "Yes", "HAND_BEACH": "No", "HAND_PRKG": 1.0, "RESTRM": "N", "SHOWER": "N", "PIC_TABLE": "Yes", "VEH_ACCESS": "No", "BIKE_RACK": "Yes", "SURV_DATE": 1617148800000.0, "COMMENT_": "day dockage", "PRKG_COMMENTS": " ", "COUNTY": "Craven", "DCM_RO": "MHC", "NCDCM_ID": 1000.0, "PHOTO": "bridgeton1bstreet.png", "PRK_FEE": "No", "DCM_Funded": "Y", "CONTRACT_YR": "2003-2004", "CONTRACT_NUM": "BA04-002", "ACESS_TYPE": "Shoreline", "KayakCanoeLaunch": "N", "PARKING_OPTIONS": "Both Parking Options", "BeachWheelchair": "N", "BWC_Info": "n/a", "PaidParkURL": "n/a", "WaterAccessTYPE": "Estuarine", "BeachMat": null, "Land_Status": "Municipality", "NEAR_FID": 830.0, "NEAR_DIST": 7586.1818226112782, "ACCESSIBILITY_NOTES": null, "LIFEGUARDS": null }, "geometry": { "type": "Point", "coordinates": [ -77.0277453157221, 35.128902200698903 ] } },
{ "type": "Feature", "properties": { "ACCESS_ID": "Martin Marietta Park", "OBJECTID": 793, "PLACE": "New Bern", "ACCESS_LOC": "700 South Glenburnie Road", "LOCL_SPONS": "New Bern", "CAMA_SIGN": "Yes", "PARKING": 32.0, "DUNE_WALK": "N", "OVERLOOK": "Yes", "HAND_DUNE": "No", "HAND_OVRLK": "Yes", "HAND_BEACH": "No", "HAND_PRKG": 2.0, "RESTRM": "Y", "SHOWER": "N", "PIC_TABLE": "Yes", "VEH_ACCESS": "No", "BIKE_RACK": "No", "SURV_DATE": 1602756385658.0, "COMMENT_": "Kayak/Canoe Launches include EZ Dock Launch and Soft Beach Launch. Picnic Shelter with grills. ", "PRKG_COMMENTS": null, "COUNTY": "Craven", "DCM_RO": "Morehead City Regional Office", "NCDCM_ID": null, "PHOTO": null, "PRK_FEE": "No", "DCM_Funded": "Y", "CONTRACT_YR": "2017-18", "CONTRACT_NUM": "7772", "ACESS_TYPE": "Shoreline", "KayakCanoeLaunch": "Yes", "PARKING_OPTIONS": "Onsite Parking", "BeachWheelchair": "N", "BWC_Info": "n/a", "PaidParkURL": "n/a", "WaterAccessTYPE": "Estuarine", "BeachMat": null, "Land_Status": "Municipality", "NEAR_FID": 789.0, "NEAR_DIST": 14649.295076679471, "ACCESSIBILITY_NOTES": null, "LIFEGUARDS": null }, "geometry": { "type": "Point", "coordinates": [ -77.080267644546396, 35.1378692819344 ] } },
{ "type": "Feature", "properties": { "ACCESS_ID": "Sunset Drive Water Access ", "OBJECTID": 759, "PLACE": "Morehead City", "ACCESS_LOC": "South 32nd & Sunset Drive", "LOCL_SPONS": "Morehead City", "CAMA_SIGN": "No", "PARKING": 0.0, "DUNE_WALK": "N", "OVERLOOK": "No", "HAND_DUNE": "No", "HAND_OVRLK": "No", "HAND_BEACH": "No", "HAND_PRKG": 0.0, "RESTRM": "N", "SHOWER": "N", "PIC_TABLE": "No", "VEH_ACCESS": "No", "BIKE_RACK": "No", "SURV_DATE": 1504742400000.0, "COMMENT_": "Public water access with boardwalk", "PRKG_COMMENTS": "", "COUNTY": "Carteret", "DCM_RO": "Morehead City Regional Office", "NCDCM_ID": null, "PHOTO": null, "PRK_FEE": null, "DCM_Funded": "N", "CONTRACT_YR": null, "CONTRACT_NUM": null, "ACESS_TYPE": "Shoreline", "KayakCanoeLaunch": "No", "PARKING_OPTIONS": "On-Street Parking", "BeachWheelchair": "N", "BWC_Info": "n/a", "PaidParkURL": "n/a", "WaterAccessTYPE": "Estuarine", "BeachMat": null, "Land_Status": "Municipality", "NEAR_FID": 758.0, "NEAR_DIST": 1723.2704471838861, "ACCESSIBILITY_NOTES": null, "LIFEGUARDS": null }, "geometry": { "type": "Point", "coordinates": [ -76.746983096300497, 34.722580556005603 ] } },
{ "type": "Feature", "properties": { "ACCESS_ID": "Mitchell Village Park", "OBJECTID": 817, "PLACE": "Morehead City", "ACCESS_LOC": " 4907 Holly Ln", "LOCL_SPONS": "Morehead City", "CAMA_SIGN": "No", "PARKING": 0.0, "DUNE_WALK": "N", "OVERLOOK": "No", "HAND_DUNE": "No", "HAND_OVRLK": "No", "HAND_BEACH": "No", "HAND_PRKG": 0.0, "RESTRM": "N", "SHOWER": "N", "PIC_TABLE": "Yes", "VEH_ACCESS": "No", "BIKE_RACK": "No", "SURV_DATE": 1615487674000.0, "COMMENT_": "Covered bench swings, Gazebo, Grills, Playgound", "PRKG_COMMENTS": null, "COUNTY": "Carteret", "DCM_RO": "Morehead City Regional Office", "NCDCM_ID": null, "PHOTO": null, "PRK_FEE": null, "DCM_Funded": "N", "CONTRACT_YR": null, "CONTRACT_NUM": null, "ACESS_TYPE": "Shoreline", "KayakCanoeLaunch": "No", "PARKING_OPTIONS": "On-Street Parking", "BeachWheelchair": "N", "BWC_Info": "n/a", "PaidParkURL": "n/a", "WaterAccessTYPE": "Estuarine", "BeachMat": null, "Land_Status": "Municipality", "NEAR_FID": 741.0, "NEAR_DIST": 8570.3004753788864, "ACCESSIBILITY_NOTES": null, "LIFEGUARDS": null }, "geometry": { "type": "Point", "coordinates": [ -76.788893688657197, 34.726246457526599 ] } },
{ "type": "Feature", "properties": { "ACCESS_ID": "Calico Creek Boardwalk", "OBJECTID": 827, "PLACE": "Morehead City", "ACCESS_LOC": "Extends along Bay Street from North 19th Street to North 22nd Street", "LOCL_SPONS": "Morehead City", "CAMA_SIGN": "No", "PARKING": 0.0, "DUNE_WALK": "N", "OVERLOOK": "Y", "HAND_DUNE": "N", "HAND_OVRLK": "Y", "HAND_BEACH": "Y", "HAND_PRKG": 0.0, "RESTRM": "N", "SHOWER": "N", "PIC_TABLE": "N", "VEH_ACCESS": "No", "BIKE_RACK": "N", "SURV_DATE": 1617200556000.0, "COMMENT_": null, "PRKG_COMMENTS": null, "COUNTY": "Carteret", "DCM_RO": "MHC", "NCDCM_ID": null, "PHOTO": null, "PRK_FEE": null, "DCM_Funded": "Y", "CONTRACT_YR": "Multiple ", "CONTRACT_NUM": "Multiple", "ACESS_TYPE": "Shoreline", "KayakCanoeLaunch": "N", "PARKING_OPTIONS": "On-Street Parking", "BeachWheelchair": "N", "BWC_Info": "n/a", "PaidParkURL": "n/a", "WaterAccessTYPE": "Estuarine", "BeachMat": null, "Land_Status": "Municipality", "NEAR_FID": 548.0, "NEAR_DIST": 223.93334388142381, "ACCESSIBILITY_NOTES": null, "LIFEGUARDS": null }, "geometry": { "type": "Point", "coordinates": [ -76.729128939457297, 34.727072461903902 ] } },
{ "type": "Feature", "properties": { "ACCESS_ID": " ", "OBJECTID": 548, "PLACE": "Morehead City", "ACCESS_LOC": "20th Street", "LOCL_SPONS": " ", "CAMA_SIGN": "Yes", "PARKING": 0.0, "DUNE_WALK": "N", "OVERLOOK": "Yes", "HAND_DUNE": "No", "HAND_OVRLK": "Yes", "HAND_BEACH": "No", "HAND_PRKG": 0.0, "RESTRM": "N", "SHOWER": "N", "PIC_TABLE": "No", "VEH_ACCESS": "No", "BIKE_RACK": "No", "SURV_DATE": 1192665600000.0, "COMMENT_": "Fishing Bridge", "PRKG_COMMENTS": "", "COUNTY": "Carteret", "DCM_RO": "Morehead City Regional Office", "NCDCM_ID": 994.0, "PHOTO": "mch4n20thstreet.png", "PRK_FEE": null, "DCM_Funded": "N", "CONTRACT_YR": null, "CONTRACT_NUM": null, "ACESS_TYPE": "Shoreline", "KayakCanoeLaunch": "No", "PARKING_OPTIONS": "No Parking", "BeachWheelchair": "N", "BWC_Info": "n/a", "PaidParkURL": "n/a", "WaterAccessTYPE": "Estuarine", "BeachMat": null, "Land_Status": "Municipality", "NEAR_FID": 827.0, "NEAR_DIST": 223.93334388142381, "ACCESSIBILITY_NOTES": null, "LIFEGUARDS": null }, "geometry": { "type": "Point", "coordinates": [ -76.729042916321504, 34.727683669235397 ] } },
{ "type": "Feature", "properties": { "ACCESS_ID": "Slocum Creek Waterfront Park", "OBJECTID": 761, "PLACE": "Havelock", "ACCESS_LOC": "120 Church Rd.", "LOCL_SPONS": "City of Havelock", "CAMA_SIGN": "Yes", "PARKING": 25.0, "DUNE_WALK": "N", "OVERLOOK": "N", "HAND_DUNE": "No", "HAND_OVRLK": "No", "HAND_BEACH": "No", "HAND_PRKG": 2.0, "RESTRM": "Y", "SHOWER": "Y", "PIC_TABLE": "Yes", "VEH_ACCESS": "No", "BIKE_RACK": "No", "SURV_DATE": 1520208000000.0, "COMMENT_": "Paved path to EZ-Dock Kayak/Canoe Launch to Slocum Creek", "PRKG_COMMENTS": "Paved Parking", "COUNTY": "Craven", "DCM_RO": "Morehead City Regional Access", "NCDCM_ID": null, "PHOTO": "mhc_havelock_slocumcreek_aerial.png", "PRK_FEE": "N", "DCM_Funded": "Y", "CONTRACT_YR": "2013-14, 2014-15, 2016-17, 2017-18", "CONTRACT_NUM": "5849, 6294, 7061, 7429", "ACESS_TYPE": "Shoreline", "KayakCanoeLaunch": "Yes", "PARKING_OPTIONS": "Onsite Parking", "BeachWheelchair": "N", "BWC_Info": "n/a", "PaidParkURL": "n/a", "WaterAccessTYPE": "Estuarine", "BeachMat": null, "Land_Status": "Municipality", "NEAR_FID": 561.0, "NEAR_DIST": 985.42751686091538, "ACCESSIBILITY_NOTES": null, "LIFEGUARDS": null }, "geometry": { "type": "Point", "coordinates": [ -76.923446091774295, 34.8892681517585 ] } },
{ "type": "Feature", "properties": { "ACCESS_ID": "Slocum Creek Rotary Park", "OBJECTID": 561, "PLACE": "Havelock", "ACCESS_LOC": "Slocum Creek", "LOCL_SPONS": "City of Havelock", "CAMA_SIGN": "Yes", "PARKING": 6.0, "DUNE_WALK": "N", "OVERLOOK": "N", "HAND_DUNE": "No", "HAND_OVRLK": "N", "HAND_BEACH": "No", "HAND_PRKG": 1.0, "RESTRM": "N", "SHOWER": "N", "PIC_TABLE": "Yes", "VEH_ACCESS": "No", "BIKE_RACK": "No", "SURV_DATE": 1192665600000.0, "COMMENT_": "Boat Ramp and Boardwalks to creek", "PRKG_COMMENTS": " ", "COUNTY": "Craven", "DCM_RO": "Morehead City Regional Office", "NCDCM_ID": 1001.0, "PHOTO": "havelock1rotarypark.png", "PRK_FEE": "No", "DCM_Funded": "Y", "CONTRACT_YR": null, "CONTRACT_NUM": null, "ACESS_TYPE": "Shoreline", "KayakCanoeLaunch": "No", "PARKING_OPTIONS": "Onsite Parking", "BeachWheelchair": "N", "BWC_Info": "n/a", "PaidParkURL": "n/a", "WaterAccessTYPE": "Estuarine", "BeachMat": null, "Land_Status": "Municipality", "NEAR_FID": 761.0, "NEAR_DIST": 985.42751686091538, "ACCESSIBILITY_NOTES": null, "LIFEGUARDS": null }, "geometry": { "type": "Point", "coordinates": [ -76.923891042605902, 34.891950943466199 ] } },
{ "type": "Feature", "properties": { "ACCESS_ID": "Dawson’s Creek Beach Access", "OBJECTID": 783, "PLACE": "Arapahoe", "ACCESS_LOC": " 3886 Janiero Rd", "LOCL_SPONS": "Pamlico County", "CAMA_SIGN": "No", "PARKING": 0.0, "DUNE_WALK": "N", "OVERLOOK": "Yes", "HAND_DUNE": "No", "HAND_OVRLK": "Yes", "HAND_BEACH": "No", "HAND_PRKG": 0.0, "RESTRM": "N", "SHOWER": "N", "PIC_TABLE": "No", "VEH_ACCESS": "No", "BIKE_RACK": "No", "SURV_DATE": 1565049600000.0, "COMMENT_": "Benches", "PRKG_COMMENTS": "", "COUNTY": "Pamlico", "DCM_RO": "MHC", "NCDCM_ID": null, "PHOTO": null, "PRK_FEE": null, "DCM_Funded": "Y", "CONTRACT_YR": "1990 and 1991", "CONTRACT_NUM": "BA90-008, BA91-003", "ACESS_TYPE": "Shoreline", "KayakCanoeLaunch": "No", "PARKING_OPTIONS": "On-Street Parking", "BeachWheelchair": "N", "BWC_Info": "n/a", "PaidParkURL": "n/a", "WaterAccessTYPE": "Estuarine", "BeachMat": null, "Land_Status": "County", "NEAR_FID": 565.0, "NEAR_DIST": 14896.929630582539, "ACCESSIBILITY_NOTES": null, "LIFEGUARDS": null }, "geometry": { "type": "Point", "coordinates": [ -76.755788238985005, 34.992925872176102 ] } },
{ "type": "Feature", "properties": { "ACCESS_ID": "Hwy 304", "OBJECTID": 509, "PLACE": "Bayboro", "ACCESS_LOC": "North First Street and Vandemere Road", "LOCL_SPONS": "Bayboro", "CAMA_SIGN": "Yes", "PARKING": 20.0, "DUNE_WALK": "Y", "OVERLOOK": "Yes", "HAND_DUNE": "Yes", "HAND_OVRLK": "Yes", "HAND_BEACH": "No", "HAND_PRKG": null, "RESTRM": "N", "SHOWER": "N", "PIC_TABLE": "No", "VEH_ACCESS": "No", "BIKE_RACK": "No", "SURV_DATE": 859161600000.0, "COMMENT_": "River Access", "PRKG_COMMENTS": " ", "COUNTY": "Pamlico", "DCM_RO": "Morehead City Regional Office", "NCDCM_ID": 613.0, "PHOTO": "waterfront.png", "PRK_FEE": "No", "DCM_Funded": "Y", "CONTRACT_YR": null, "CONTRACT_NUM": null, "ACESS_TYPE": "Shoreline", "KayakCanoeLaunch": "No", "PARKING_OPTIONS": "Onsite Parking", "BeachWheelchair": "N", "BWC_Info": "n/a", "PaidParkURL": "n/a", "WaterAccessTYPE": "Estuarine", "BeachMat": null, "Land_Status": "Municipality", "NEAR_FID": 785.0, "NEAR_DIST": 9778.4404153288979, "ACCESSIBILITY_NOTES": null, "LIFEGUARDS": null }, "geometry": { "type": "Point", "coordinates": [ -76.766457026557902, 35.143937376124001 ] } },
{ "type": "Feature", "properties": { "ACCESS_ID": "Raccoon Creek Park", "OBJECTID": 785, "PLACE": "Bayboro", "ACCESS_LOC": "1206 NC 304", "LOCL_SPONS": "Pamlico", "CAMA_SIGN": "No", "PARKING": 0.0, "DUNE_WALK": "N", "OVERLOOK": "No", "HAND_DUNE": "No", "HAND_OVRLK": "No", "HAND_BEACH": "No", "HAND_PRKG": 0.0, "RESTRM": "N", "SHOWER": "N", "PIC_TABLE": "Yes", "VEH_ACCESS": "No", "BIKE_RACK": "No", "SURV_DATE": 1565049600000.0, "COMMENT_": "", "PRKG_COMMENTS": "Unmarked Parking", "COUNTY": "Pamlico", "DCM_RO": "Morehead City Regional Office", "NCDCM_ID": null, "PHOTO": null, "PRK_FEE": null, "DCM_Funded": "N", "CONTRACT_YR": null, "CONTRACT_NUM": null, "ACESS_TYPE": "Shoreline", "KayakCanoeLaunch": "Yes", "PARKING_OPTIONS": "Onsite Parking", "BeachWheelchair": "N", "BWC_Info": "n/a", "PaidParkURL": "n/a", "WaterAccessTYPE": "Estuarine", "BeachMat": null, "Land_Status": "County", "NEAR_FID": 509.0, "NEAR_DIST": 9778.4404153288979, "ACCESSIBILITY_NOTES": null, "LIFEGUARDS": null }, "geometry": { "type": "Point", "coordinates": [ -76.738351417399002, 35.157686553277799 ] } },
{ "type": "Feature", "properties": { "ACCESS_ID": "Cow Pen Landing", "OBJECTID": 499, "PLACE": "Vanceboro", "ACCESS_LOC": "1199 Cowpen Landing Road", "LOCL_SPONS": "Craven County", "CAMA_SIGN": "Yes", "PARKING": 15.0, "DUNE_WALK": "Y", "OVERLOOK": "Yes", "HAND_DUNE": "Yes", "HAND_OVRLK": "Yes", "HAND_BEACH": "No", "HAND_PRKG": 1.0, "RESTRM": "N", "SHOWER": "N", "PIC_TABLE": "No", "VEH_ACCESS": "No", "BIKE_RACK": "No", "SURV_DATE": 1541116800000.0, "COMMENT_": "Boat Ramp and Fishing Pier", "PRKG_COMMENTS": "Single Vehicle and Boat Trailer Parking", "COUNTY": "Craven", "DCM_RO": "Morehead City Regional Office", "NCDCM_ID": 610.0, "PHOTO": "waterfront.png", "PRK_FEE": "No", "DCM_Funded": "Y", "CONTRACT_YR": null, "CONTRACT_NUM": null, "ACESS_TYPE": "Shoreline", "KayakCanoeLaunch": "No", "PARKING_OPTIONS": "Onsite Parking", "BeachWheelchair": "N", "BWC_Info": "n/a", "PaidParkURL": "n/a", "WaterAccessTYPE": "Estuarine", "BeachMat": null, "Land_Status": "County", "NEAR_FID": 793.0, "NEAR_DIST": 44867.823413987993, "ACCESSIBILITY_NOTES": null, "LIFEGUARDS": null }, "geometry": { "type": "Point", "coordinates": [ -77.166750879704907, 35.238655915688398 ] } },
{ "type": "Feature", "properties": { "ACCESS_ID": "Blounts Creek Access", "OBJECTID": 819, "PLACE": "Chocowinity", "ACCESS_LOC": "350 Crisp Landing Rd", "LOCL_SPONS": "Beaufort County", "CAMA_SIGN": null, "PARKING": 11.0, "DUNE_WALK": "N", "OVERLOOK": "N", "HAND_DUNE": "N", "HAND_OVRLK": "N", "HAND_BEACH": "N", "HAND_PRKG": 2.0, "RESTRM": "N", "SHOWER": "N", "PIC_TABLE": "N", "VEH_ACCESS": "No", "BIKE_RACK": "N", "SURV_DATE": 1617187337868.0, "COMMENT_": "WRC Boat Launch, with fishing pier and canoe/kayak access.", "PRKG_COMMENTS": "Canoes, kayaks and other non-trailered vehicles mu", "COUNTY": "Beaufort", "DCM_RO": "MHC", "NCDCM_ID": null, "PHOTO": null, "PRK_FEE": "N", "DCM_Funded": "Y", "CONTRACT_YR": "2008-2009", "CONTRACT_NUM": "2348", "ACESS_TYPE": "Shoreline", "KayakCanoeLaunch": "Y", "PARKING_OPTIONS": "Onsite Parking", "BeachWheelchair": "N", "BWC_Info": "n/a", "PaidParkURL": "n/a", "WaterAccessTYPE": "Estuarine", "BeachMat": null, "Land_Status": "County", "NEAR_FID": 515.0, "NEAR_DIST": 52365.219858398174, "ACCESSIBILITY_NOTES": null, "LIFEGUARDS": null }, "geometry": { "type": "Point", "coordinates": [ -76.963012667839394, 35.407405985890897 ] } },
{ "type": "Feature", "properties": { "ACCESS_ID": "Havens Garden Park", "OBJECTID": 515, "PLACE": "City of Washington", "ACCESS_LOC": "East Main Street and Hudnell Street", "LOCL_SPONS": "City of Washington", "CAMA_SIGN": "Yes", "PARKING": 60.0, "DUNE_WALK": "Y", "OVERLOOK": "Yes", "HAND_DUNE": "Yes", "HAND_OVRLK": "Yes", "HAND_BEACH": "No", "HAND_PRKG": null, "RESTRM": "Y", "SHOWER": "Y", "PIC_TABLE": "Yes", "VEH_ACCESS": "No", "BIKE_RACK": "No", "SURV_DATE": 774144000000.0, "COMMENT_": "River Access", "PRKG_COMMENTS": " ", "COUNTY": "Beaufort County", "DCM_RO": "Washington Regional Office", "NCDCM_ID": 615.0, "PHOTO": "OD401.png", "PRK_FEE": "No", "DCM_Funded": "Y", "CONTRACT_YR": "2016-17", "CONTRACT_NUM": "7060", "ACESS_TYPE": "Shoreline", "KayakCanoeLaunch": "No", "PARKING_OPTIONS": "Onsite Parking", "BeachWheelchair": "N", "BWC_Info": "n/a", "PaidParkURL": "n/a", "WaterAccessTYPE": "Estuarine", "BeachMat": null, "Land_Status": "Municipality", "NEAR_FID": 822.0, "NEAR_DIST": 4054.1310285219024, "ACCESSIBILITY_NOTES": null, "LIFEGUARDS": null }, "geometry": { "type": "Point", "coordinates": [ -77.040714805518604, 35.536478922935999 ] } },
{ "type": "Feature", "properties": { "ACCESS_ID": "Wetlands Boardwalk", "OBJECTID": 822, "PLACE": "City of Washington", "ACCESS_LOC": "east of the North Carolina Estuarium", "LOCL_SPONS": "City of Washington", "CAMA_SIGN": "No", "PARKING": 0.0, "DUNE_WALK": "N", "OVERLOOK": "Y", "HAND_DUNE": "N", "HAND_OVRLK": "Y", "HAND_BEACH": "N", "HAND_PRKG": 0.0, "RESTRM": "N", "SHOWER": "N", "PIC_TABLE": "N", "VEH_ACCESS": "No", "BIKE_RACK": "N", "SURV_DATE": 1617192718000.0, "COMMENT_": null, "PRKG_COMMENTS": null, "COUNTY": "Beaufort", "DCM_RO": "MHC", "NCDCM_ID": null, "PHOTO": null, "PRK_FEE": null, "DCM_Funded": "Y", "CONTRACT_YR": "2001-2002", "CONTRACT_NUM": "BA02-020", "ACESS_TYPE": "Shoreline", "KayakCanoeLaunch": "N", "PARKING_OPTIONS": "On-Street Parking", "BeachWheelchair": "N", "BWC_Info": "n/a", "PaidParkURL": "n/a", "WaterAccessTYPE": "Estuarine", "BeachMat": null, "Land_Status": "Municipality", "NEAR_FID": 737.0, "NEAR_DIST": 796.6015978063889, "ACCESSIBILITY_NOTES": null, "LIFEGUARDS": null }, "geometry": { "type": "Point", "coordinates": [ -77.053833288989907, 35.539495157014699 ] } },
{ "type": "Feature", "properties": { "ACCESS_ID": "People's Pier", "OBJECTID": 737, "PLACE": "City of Washington", "ACCESS_LOC": "S Market St & E Water St", "LOCL_SPONS": "City of Washington", "CAMA_SIGN": "No", "PARKING": 0.0, "DUNE_WALK": "N", "OVERLOOK": "No", "HAND_DUNE": "No", "HAND_OVRLK": "No", "HAND_BEACH": "No", "HAND_PRKG": 0.0, "RESTRM": "N", "SHOWER": "N", "PIC_TABLE": "No", "VEH_ACCESS": "No", "BIKE_RACK": "No", "SURV_DATE": 1464134400000.0, "COMMENT_": " ", "PRKG_COMMENTS": " ", "COUNTY": "Beaufort County", "DCM_RO": "Morehead City Regional Office", "NCDCM_ID": 0.0, "PHOTO": "mhc_washington_peoplespier.JPG", "PRK_FEE": null, "DCM_Funded": "Y", "CONTRACT_YR": null, "CONTRACT_NUM": null, "ACESS_TYPE": "Shoreline", "KayakCanoeLaunch": "No", "PARKING_OPTIONS": "On-Street Parking", "BeachWheelchair": "N", "BWC_Info": "n/a", "PaidParkURL": "n/a", "WaterAccessTYPE": "Estuarine", "BeachMat": null, "Land_Status": "Municipality", "NEAR_FID": 513.0, "NEAR_DIST": 512.865056133439, "ACCESSIBILITY_NOTES": null, "LIFEGUARDS": null }, "geometry": { "type": "Point", "coordinates": [ -77.055974000363094, 35.540810000108401 ] } },
{ "type": "Feature", "properties": { "ACCESS_ID": "West Stewart", "OBJECTID": 513, "PLACE": "City of Washington", "ACCESS_LOC": "West Stewart Parkway", "LOCL_SPONS": "City of Washington", "CAMA_SIGN": "Yes", "PARKING": 0.0, "DUNE_WALK": "N", "OVERLOOK": "No", "HAND_DUNE": "No", "HAND_OVRLK": "No", "HAND_BEACH": "No", "HAND_PRKG": 0.0, "RESTRM": "N", "SHOWER": "N", "PIC_TABLE": "No", "VEH_ACCESS": "No", "BIKE_RACK": "No", "SURV_DATE": 1359676800000.0, "COMMENT_": "River Access", "PRKG_COMMENTS": "", "COUNTY": "Beaufort County", "DCM_RO": "Washington Regional Office", "NCDCM_ID": 614.0, "PHOTO": "waterfront.png", "PRK_FEE": null, "DCM_Funded": "Y", "CONTRACT_YR": null, "CONTRACT_NUM": null, "ACESS_TYPE": "Shoreline", "KayakCanoeLaunch": "No", "PARKING_OPTIONS": "On-Street Parking", "BeachWheelchair": "N", "BWC_Info": "n/a", "PaidParkURL": "n/a", "WaterAccessTYPE": "Estuarine", "BeachMat": null, "Land_Status": "Municipality", "NEAR_FID": 737.0, "NEAR_DIST": 512.865056133439, "ACCESSIBILITY_NOTES": null, "LIFEGUARDS": null }, "geometry": { "type": "Point", "coordinates": [ -77.057295398789805, 35.5417150449193 ] } },
{ "type": "Feature", "properties": { "ACCESS_ID": "Gallery Row", "OBJECTID": 287, "PLACE": "Nags Head", "ACCESS_LOC": "S. Virginia Dare Trail and Gallery Row", "LOCL_SPONS": "Town of Nags Head", "CAMA_SIGN": "Yes", "PARKING": 0.0, "DUNE_WALK": "N", "OVERLOOK": "No", "HAND_DUNE": "No", "HAND_OVRLK": "No", "HAND_BEACH": "No", "HAND_PRKG": 0.0, "RESTRM": "N", "SHOWER": "N", "PIC_TABLE": "No", "VEH_ACCESS": " ", "BIKE_RACK": "No", "SURV_DATE": 1520294400000.0, "COMMENT_": " ", "PRKG_COMMENTS": null, "COUNTY": "Dare", "DCM_RO": "Elizabeth City Regional Office", "NCDCM_ID": 1182.0, "PHOTO": "ecity_nh_egalleryrow_147.png", "PRK_FEE": null, "DCM_Funded": "N", "CONTRACT_YR": null, "CONTRACT_NUM": null, "ACESS_TYPE": "Beach", "KayakCanoeLaunch": "No", "PARKING_OPTIONS": "No Parking", "BeachWheelchair": "Y", "BWC_Info": "http://nagsheadnc.gov/309/Public-Beach-Accesses", "PaidParkURL": "n/a", "WaterAccessTYPE": "Ocean", "BeachMat": "No", "Land_Status": "Municipality", "NEAR_FID": 290.0, "NEAR_DIST": 1065.0336193791288, "ACCESSIBILITY_NOTES": null, "LIFEGUARDS": null }, "geometry": { "type": "Point", "coordinates": [ -75.642464052745495, 35.989383033880699 ] } },
{ "type": "Feature", "properties": { "ACCESS_ID": "Albatross Street", "OBJECTID": 284, "PLACE": "Nags Head", "ACCESS_LOC": "S. Virginia Dare Trail and Albatross Street", "LOCL_SPONS": "Town of Nags Head", "CAMA_SIGN": "No", "PARKING": 8.0, "DUNE_WALK": "Y", "OVERLOOK": "No", "HAND_DUNE": "No", "HAND_OVRLK": "No", "HAND_BEACH": "No", "HAND_PRKG": null, "RESTRM": "N", "SHOWER": "N", "PIC_TABLE": "No", "VEH_ACCESS": "No", "BIKE_RACK": "Yes", "SURV_DATE": 1197504000000.0, "COMMENT_": " ", "PRKG_COMMENTS": null, "COUNTY": "Dare", "DCM_RO": "Elizabeth City Regional Office", "NCDCM_ID": 1181.0, "PHOTO": "ecity_nh_albatross_146.png", "PRK_FEE": "No", "DCM_Funded": "Y", "CONTRACT_YR": null, "CONTRACT_NUM": null, "ACESS_TYPE": "Beach", "KayakCanoeLaunch": "No", "PARKING_OPTIONS": "Onsite Parking", "BeachWheelchair": "Y", "BWC_Info": "http://nagsheadnc.gov/309/Public-Beach-Accesses", "PaidParkURL": "n/a", "WaterAccessTYPE": "Ocean", "BeachMat": "No", "Land_Status": "Municipality", "NEAR_FID": 778.0, "NEAR_DIST": 647.08786518681484, "ACCESSIBILITY_NOTES": null, "LIFEGUARDS": null }, "geometry": { "type": "Point", "coordinates": [ -75.644084856063202, 35.992884561180396 ] } },
{ "type": "Feature", "properties": { "ACCESS_ID": "Eigth Street", "OBJECTID": 778, "PLACE": "Nags Head", "ACCESS_LOC": "S. Virginia Dare Trail and Eighth Street", "LOCL_SPONS": "Town of Nags Head/Kill Devil Hills", "CAMA_SIGN": "No", "PARKING": 18.0, "DUNE_WALK": "Y", "OVERLOOK": "No", "HAND_DUNE": "Yes", "HAND_OVRLK": "No", "HAND_BEACH": "Y", "HAND_PRKG": 1.0, "RESTRM": "N", "SHOWER": "Y", "PIC_TABLE": "No", "VEH_ACCESS": "No", "BIKE_RACK": "No", "SURV_DATE": 1433376000000.0, "COMMENT_": "Beach mat at this site. Accessible to wheelchairs/strollers for beach viewing.", "PRKG_COMMENTS": null, "COUNTY": "Dare", "DCM_RO": "Elizabeth City Regional Office", "NCDCM_ID": 1180.0, "PHOTO": "ecity_nh_eighthst_145.jpg", "PRK_FEE": "No", "DCM_Funded": "Y", "CONTRACT_YR": null, "CONTRACT_NUM": null, "ACESS_TYPE": "Beach", "KayakCanoeLaunch": "No", "PARKING_OPTIONS": "Onsite Parking", "BeachWheelchair": "Y", "BWC_Info": "http://nagsheadnc.gov/309/Public-Beach-Accesses", "PaidParkURL": "n/a", "WaterAccessTYPE": "Ocean", "BeachMat": "Yes", "Land_Status": "Municipality", "NEAR_FID": 284.0, "NEAR_DIST": 647.08786518681484, "ACCESSIBILITY_NOTES": "Accessible to wheelchairs/strollers for beach viewing", "LIFEGUARDS": null }, "geometry": { "type": "Point", "coordinates": [ -75.645225243960198, 35.9944014816897 ] } },
{ "type": "Feature", "properties": { "ACCESS_ID": "Lake Drive Ocean Access", "OBJECTID": 228, "PLACE": "Kill Devil Hills", "ACCESS_LOC": "Lake Drive and South Virginia Dare Trail", "LOCL_SPONS": "Town of Kill Devil Hills", "CAMA_SIGN": "Yes", "PARKING": 0.0, "DUNE_WALK": "N", "OVERLOOK": "No", "HAND_DUNE": "No", "HAND_OVRLK": "No", "HAND_BEACH": "No", "HAND_PRKG": 0.0, "RESTRM": "N", "SHOWER": "N", "PIC_TABLE": "No", "VEH_ACCESS": "S", "BIKE_RACK": "No", "SURV_DATE": 1197504000000.0, "COMMENT_": " ", "PRKG_COMMENTS": null, "COUNTY": "Dare", "DCM_RO": "Elizabeth City Regional Office", "NCDCM_ID": 1159.0, "PHOTO": "ecity_kdh_lake_120.png", "PRK_FEE": null, "DCM_Funded": "N", "CONTRACT_YR": null, "CONTRACT_NUM": null, "ACESS_TYPE": "Beach", "KayakCanoeLaunch": "No", "PARKING_OPTIONS": "No Parking", "BeachWheelchair": "Y", "BWC_Info": "https://www.kdhnc.com/257/Ocean-Rescue-Division", "PaidParkURL": "n/a", "WaterAccessTYPE": "Ocean", "BeachMat": null, "Land_Status": "Municipality", "NEAR_FID": 778.0, "NEAR_DIST": 1404.3700229737929, "ACCESSIBILITY_NOTES": null, "LIFEGUARDS": null }, "geometry": { "type": "Point", "coordinates": [ -75.647507688824007, 35.997784291834101 ] } },
{ "type": "Feature", "properties": { "ACCESS_ID": "Atlantic Street Ocean Access", "OBJECTID": 400, "PLACE": "Kill Devil Hills", "ACCESS_LOC": "Atlantic Street and South Virginia Dare Trail", "LOCL_SPONS": "Town of Kill Devil Hills", "CAMA_SIGN": "Yes", "PARKING": 15.0, "DUNE_WALK": "Y", "OVERLOOK": "Yes", "HAND_DUNE": "No", "HAND_OVRLK": "No", "HAND_BEACH": "No", "HAND_PRKG": 1.0, "RESTRM": "N", "SHOWER": "Y", "PIC_TABLE": "No", "VEH_ACCESS": "E", "BIKE_RACK": "Yes", "SURV_DATE": 1197504000000.0, "COMMENT_": null, "PRKG_COMMENTS": "", "COUNTY": "Dare", "DCM_RO": "Elizabeth City Regional Office", "NCDCM_ID": 1055.0, "PHOTO": "ecity_kdh_eatlantic_119.png", "PRK_FEE": "No", "DCM_Funded": "N", "CONTRACT_YR": null, "CONTRACT_NUM": null, "ACESS_TYPE": "Beach", "KayakCanoeLaunch": "No", "PARKING_OPTIONS": "Both Parking Options", "BeachWheelchair": "Y", "BWC_Info": "https://www.kdhnc.com/257/Ocean-Rescue-Division", "PaidParkURL": "n/a", "WaterAccessTYPE": "Ocean", "BeachMat": null, "Land_Status": "Municipality", "NEAR_FID": 227.0, "NEAR_DIST": 1164.9681801123297, "ACCESSIBILITY_NOTES": null, "LIFEGUARDS": null }, "geometry": { "type": "Point", "coordinates": [ -75.650339706808893, 36.0031842283476 ] } },
{ "type": "Feature", "properties": { "ACCESS_ID": "Martin Street Ocean Access", "OBJECTID": 227, "PLACE": "Kill Devil Hills", "ACCESS_LOC": "Martin Street and South Virginia Dare Trail", "LOCL_SPONS": "Town of Kill Devil Hills", "CAMA_SIGN": "Yes", "PARKING": 23.0, "DUNE_WALK": "Y", "OVERLOOK": "Yes", "HAND_DUNE": "No", "HAND_OVRLK": "No", "HAND_BEACH": "No", "HAND_PRKG": 1.0, "RESTRM": "N", "SHOWER": "Y", "PIC_TABLE": "No", "VEH_ACCESS": " ", "BIKE_RACK": "Yes", "SURV_DATE": 1197504000000.0, "COMMENT_": null, "PRKG_COMMENTS": null, "COUNTY": "Dare", "DCM_RO": "Elizabeth City Regional Office", "NCDCM_ID": 1158.0, "PHOTO": "ecity_kdh_emartin_118.png", "PRK_FEE": "No", "DCM_Funded": "N", "CONTRACT_YR": null, "CONTRACT_NUM": null, "ACESS_TYPE": "Beach", "KayakCanoeLaunch": "No", "PARKING_OPTIONS": "Both Parking Options", "BeachWheelchair": "Y", "BWC_Info": "https://www.kdhnc.com/257/Ocean-Rescue-Division", "PaidParkURL": "n/a", "WaterAccessTYPE": "Ocean", "BeachMat": null, "Land_Status": "Municipality", "NEAR_FID": 226.0, "NEAR_DIST": 454.44057724126992, "ACCESSIBILITY_NOTES": null, "LIFEGUARDS": null }, "geometry": { "type": "Point", "coordinates": [ -75.652017159685002, 36.006079725885201 ] } },
{ "type": "Feature", "properties": { "ACCESS_ID": "Calvin Street Ocean Access", "OBJECTID": 226, "PLACE": "Kill Devil Hills", "ACCESS_LOC": "Calvin Street and South Virginia Dare Trail", "LOCL_SPONS": "Town of Kill Devil Hills", "CAMA_SIGN": "Yes", "PARKING": 2.0, "DUNE_WALK": "Y", "OVERLOOK": "No", "HAND_DUNE": "No", "HAND_OVRLK": "No", "HAND_BEACH": "No", "HAND_PRKG": null, "RESTRM": "N", "SHOWER": "N", "PIC_TABLE": "No", "VEH_ACCESS": " ", "BIKE_RACK": "No", "SURV_DATE": 1197504000000.0, "COMMENT_": "", "PRKG_COMMENTS": "Unmarked Parking", "COUNTY": "Dare", "DCM_RO": "Elizabeth City Regional Office", "NCDCM_ID": 1157.0, "PHOTO": "ecity_kdh_calvin_117.png", "PRK_FEE": "No", "DCM_Funded": "N", "CONTRACT_YR": null, "CONTRACT_NUM": null, "ACESS_TYPE": "Beach", "KayakCanoeLaunch": "No", "PARKING_OPTIONS": "Onsite Parking", "BeachWheelchair": "Y", "BWC_Info": "https://www.kdhnc.com/257/Ocean-Rescue-Division", "PaidParkURL": "n/a", "WaterAccessTYPE": "Ocean", "BeachMat": null, "Land_Status": "Municipality", "NEAR_FID": 395.0, "NEAR_DIST": 450.41305658300752, "ACCESSIBILITY_NOTES": null, "LIFEGUARDS": null }, "geometry": { "type": "Point", "coordinates": [ -75.652632711368895, 36.0072235404689 ] } },
{ "type": "Feature", "properties": { "ACCESS_ID": "Clark Street Ocean Access", "OBJECTID": 395, "PLACE": "Kill Devil Hills", "ACCESS_LOC": "Clark Street and South Virginia Dare Trail", "LOCL_SPONS": "Town of Kill Devil Hills", "CAMA_SIGN": "Yes", "PARKING": 18.0, "DUNE_WALK": "Y", "OVERLOOK": "Yes", "HAND_DUNE": "No", "HAND_OVRLK": "No", "HAND_BEACH": "No", "HAND_PRKG": 1.0, "RESTRM": "N", "SHOWER": "Y", "PIC_TABLE": "No", "VEH_ACCESS": "E", "BIKE_RACK": "Yes", "SURV_DATE": 1197504000000.0, "COMMENT_": null, "PRKG_COMMENTS": null, "COUNTY": "Dare", "DCM_RO": "Elizabeth City Regional Office", "NCDCM_ID": 1054.0, "PHOTO": "ecity_kdh_clark_116.png", "PRK_FEE": "No", "DCM_Funded": "Y", "CONTRACT_YR": null, "CONTRACT_NUM": null, "ACESS_TYPE": "Beach", "KayakCanoeLaunch": "No", "PARKING_OPTIONS": "Onsite Parking", "BeachWheelchair": "Y", "BWC_Info": "https://www.kdhnc.com/257/Ocean-Rescue-Division", "PaidParkURL": "n/a", "WaterAccessTYPE": "Ocean", "BeachMat": null, "Land_Status": "Municipality", "NEAR_FID": 226.0, "NEAR_DIST": 450.41305658300752, "ACCESSIBILITY_NOTES": null, "LIFEGUARDS": null }, "geometry": { "type": "Point", "coordinates": [ -75.653378707415101, 36.008302229058998 ] } },
{ "type": "Feature", "properties": { "ACCESS_ID": "Oregon Avenue Ocean Access", "OBJECTID": 223, "PLACE": "Kill Devil Hills", "ACCESS_LOC": "Oregon Avenue and North Virginia Dare Trail", "LOCL_SPONS": "Town of Kill Devil Hills", "CAMA_SIGN": "Yes", "PARKING": 10.0, "DUNE_WALK": "N", "OVERLOOK": "No", "HAND_DUNE": "No", "HAND_OVRLK": "No", "HAND_BEACH": "No", "HAND_PRKG": null, "RESTRM": "N", "SHOWER": "Y", "PIC_TABLE": "No", "VEH_ACCESS": "E", "BIKE_RACK": "Yes", "SURV_DATE": 1197504000000.0, "COMMENT_": null, "PRKG_COMMENTS": null, "COUNTY": "Dare", "DCM_RO": "Elizabeth City Regional Office", "NCDCM_ID": 1156.0, "PHOTO": "ecity_kdh_oregon_115.png", "PRK_FEE": "No", "DCM_Funded": "N", "CONTRACT_YR": null, "CONTRACT_NUM": null, "ACESS_TYPE": "Beach", "KayakCanoeLaunch": "No", "PARKING_OPTIONS": "Onsite Parking", "BeachWheelchair": "Y", "BWC_Info": "https://www.kdhnc.com/257/Ocean-Rescue-Division", "PaidParkURL": "n/a", "WaterAccessTYPE": "Ocean", "BeachMat": null, "Land_Status": "Municipality", "NEAR_FID": 219.0, "NEAR_DIST": 301.00005416572094, "ACCESSIBILITY_NOTES": null, "LIFEGUARDS": null }, "geometry": { "type": "Point", "coordinates": [ -75.656441996669898, 36.013501309694199 ] } },
{ "type": "Feature", "properties": { "ACCESS_ID": "Carlton Avenue Ocean Access", "OBJECTID": 219, "PLACE": "Kill Devil Hills", "ACCESS_LOC": "Carlton Avenue and North Virginia Dare Trail", "LOCL_SPONS": "Town of Kill Devil Hills", "CAMA_SIGN": "Yes", "PARKING": 7.0, "DUNE_WALK": "Y", "OVERLOOK": "No", "HAND_DUNE": "No", "HAND_OVRLK": "No", "HAND_BEACH": "No", "HAND_PRKG": null, "RESTRM": "N", "SHOWER": "N", "PIC_TABLE": "No", "VEH_ACCESS": "E", "BIKE_RACK": "No", "SURV_DATE": 1197504000000.0, "COMMENT_": " ", "PRKG_COMMENTS": null, "COUNTY": "Dare", "DCM_RO": "Elizabeth City Regional Office", "NCDCM_ID": 1155.0, "PHOTO": "ecity_kdh_carlton_114.png", "PRK_FEE": "No", "DCM_Funded": "N", "CONTRACT_YR": null, "CONTRACT_NUM": null, "ACESS_TYPE": "Beach", "KayakCanoeLaunch": "No", "PARKING_OPTIONS": "Onsite Parking", "BeachWheelchair": "Y", "BWC_Info": "https://www.kdhnc.com/257/Ocean-Rescue-Division", "PaidParkURL": "n/a", "WaterAccessTYPE": "Ocean", "BeachMat": null, "Land_Status": "Municipality", "NEAR_FID": 223.0, "NEAR_DIST": 301.00005416572094, "ACCESSIBILITY_NOTES": null, "LIFEGUARDS": null }, "geometry": { "type": "Point", "coordinates": [ -75.6564077232469, 36.014327707978502 ] } },
{ "type": "Feature", "properties": { "ACCESS_ID": "Nags Head Woods Visitor Center", "OBJECTID": 402, "PLACE": "Kill Devil Hills", "ACCESS_LOC": "701 Ocean Acres Lane", "LOCL_SPONS": "The Nature Conservancy / Town of Kill Devil Hills", "CAMA_SIGN": "No", "PARKING": 16.0, "DUNE_WALK": "N", "OVERLOOK": "No", "HAND_DUNE": "No", "HAND_OVRLK": "No", "HAND_BEACH": "No", "HAND_PRKG": null, "RESTRM": "Y", "SHOWER": "N", "PIC_TABLE": "Yes", "VEH_ACCESS": " ", "BIKE_RACK": "Yes", "SURV_DATE": 1359504000000.0, "COMMENT_": "hiking trail from visitor center to the sound", "PRKG_COMMENTS": " ", "COUNTY": "Dare", "DCM_RO": "Elizabeth City Regional Office", "NCDCM_ID": 1057.0, "PHOTO": "ecity_kdh_nagsheadwoods_125.png", "PRK_FEE": "No", "DCM_Funded": "N", "CONTRACT_YR": null, "CONTRACT_NUM": null, "ACESS_TYPE": "Shoreline", "KayakCanoeLaunch": "No", "PARKING_OPTIONS": "Onsite Parking", "BeachWheelchair": "Y", "BWC_Info": "https://www.kdhnc.com/257/Ocean-Rescue-Division", "PaidParkURL": "n/a", "WaterAccessTYPE": "Estuarine", "BeachMat": null, "Land_Status": "Municipality", "NEAR_FID": 228.0, "NEAR_DIST": 5820.4033482581572, "ACCESSIBILITY_NOTES": null, "LIFEGUARDS": null }, "geometry": { "type": "Point", "coordinates": [ -75.664563710069402, 35.989813224790097 ] } },
{ "type": "Feature", "properties": { "ACCESS_ID": "Glenmere Avenue Ocean Access", "OBJECTID": 720, "PLACE": "Kill Devil Hills", "ACCESS_LOC": "Glenmere Avenue and North Virginia Dare Trail", "LOCL_SPONS": "Town of Kill Devil Hills", "CAMA_SIGN": "Yes", "PARKING": 29.0, "DUNE_WALK": "Y", "OVERLOOK": "Yes", "HAND_DUNE": "Yes", "HAND_OVRLK": "Yes", "HAND_BEACH": "No", "HAND_PRKG": 2.0, "RESTRM": "N", "SHOWER": "Y", "PIC_TABLE": "No", "VEH_ACCESS": " ", "BIKE_RACK": "Yes", "SURV_DATE": 1196812800000.0, "COMMENT_": null, "PRKG_COMMENTS": null, "COUNTY": "Dare", "DCM_RO": "Elizabeth City Regional Office", "NCDCM_ID": 1147.0, "PHOTO": "ecity_kdh_glenmere_106.png", "PRK_FEE": "No", "DCM_Funded": "Y", "CONTRACT_YR": "2017-18", "CONTRACT_NUM": "7385", "ACESS_TYPE": "Beach", "KayakCanoeLaunch": "No", "PARKING_OPTIONS": "Onsite Parking", "BeachWheelchair": "Y", "BWC_Info": "https://www.kdhnc.com/257/Ocean-Rescue-Division", "PaidParkURL": "n/a", "WaterAccessTYPE": "Ocean", "BeachMat": null, "Land_Status": "Municipality", "NEAR_FID": 719.0, "NEAR_DIST": 296.33063118538172, "ACCESSIBILITY_NOTES": null, "LIFEGUARDS": null }, "geometry": { "type": "Point", "coordinates": [ -75.661430278560601, 36.021144236126403 ] } },
{ "type": "Feature", "properties": { "ACCESS_ID": "Prospect Avenue Ocean Access", "OBJECTID": 719, "PLACE": "Kill Devil Hills", "ACCESS_LOC": "Prospect Avenue and North Virginia Dare Trail", "LOCL_SPONS": "Town of Kill Devil Hills", "CAMA_SIGN": "Yes", "PARKING": 26.0, "DUNE_WALK": "Y", "OVERLOOK": "Yes", "HAND_DUNE": "Yes", "HAND_OVRLK": "Yes", "HAND_BEACH": "No", "HAND_PRKG": 2.0, "RESTRM": "N", "SHOWER": "Y", "PIC_TABLE": "No", "VEH_ACCESS": " ", "BIKE_RACK": "Yes", "SURV_DATE": 1196812800000.0, "COMMENT_": null, "PRKG_COMMENTS": null, "COUNTY": "Dare", "DCM_RO": "Elizabeth City Regional Office", "NCDCM_ID": 1146.0, "PHOTO": "ecity_kdh_prospect_105.png", "PRK_FEE": "No", "DCM_Funded": "N", "CONTRACT_YR": null, "CONTRACT_NUM": null, "ACESS_TYPE": "Beach", "KayakCanoeLaunch": "No", "PARKING_OPTIONS": "Onsite Parking", "BeachWheelchair": "Y", "BWC_Info": "https://www.kdhnc.com/257/Ocean-Rescue-Division", "PaidParkURL": "n/a", "WaterAccessTYPE": "Ocean", "BeachMat": null, "Land_Status": "Municipality", "NEAR_FID": 720.0, "NEAR_DIST": 296.33063118538172, "ACCESSIBILITY_NOTES": null, "LIFEGUARDS": null }, "geometry": { "type": "Point", "coordinates": [ -75.661443936546107, 36.021958198564199 ] } },
{ "type": "Feature", "properties": { "ACCESS_ID": "Asheville Drive Ocean Access", "OBJECTID": 377, "PLACE": "Kill Devil Hills", "ACCESS_LOC": "Asheville Drive and North Virginia Dare Trail", "LOCL_SPONS": "Town of Kill Devil Hills", "CAMA_SIGN": "No", "PARKING": 34.0, "DUNE_WALK": "Y", "OVERLOOK": "No", "HAND_DUNE": "Yes", "HAND_OVRLK": "No", "HAND_BEACH": "Y", "HAND_PRKG": 2.0, "RESTRM": "N", "SHOWER": "Y", "PIC_TABLE": "No", "VEH_ACCESS": "E", "BIKE_RACK": "Yes", "SURV_DATE": 1196812800000.0, "COMMENT_": "", "PRKG_COMMENTS": null, "COUNTY": "Dare", "DCM_RO": "Elizabeth City Regional Office", "NCDCM_ID": 1053.0, "PHOTO": "ecity_kdh_asheville_104.png", "PRK_FEE": "No", "DCM_Funded": "N", "CONTRACT_YR": null, "CONTRACT_NUM": null, "ACESS_TYPE": "Beach", "KayakCanoeLaunch": "No", "PARKING_OPTIONS": "Onsite Parking", "BeachWheelchair": "Y", "BWC_Info": "https://www.kdhnc.com/257/Ocean-Rescue-Division", "PaidParkURL": "n/a", "WaterAccessTYPE": "Ocean", "BeachMat": null, "Land_Status": "Municipality", "NEAR_FID": 719.0, "NEAR_DIST": 732.09187919693932, "ACCESSIBILITY_NOTES": null, "LIFEGUARDS": null }, "geometry": { "type": "Point", "coordinates": [ -75.662091710799203, 36.023899231959803 ] } },
{ "type": "Feature", "properties": { "ACCESS_ID": "W. Third Street Estuarine Access", "OBJECTID": 232, "PLACE": "Kill Devil Hills", "ACCESS_LOC": "W. Third Street and Bay Drive", "LOCL_SPONS": "Town of Kill Devil Hills", "CAMA_SIGN": "Yes", "PARKING": null, "DUNE_WALK": "N", "OVERLOOK": "No", "HAND_DUNE": "No", "HAND_OVRLK": "No", "HAND_BEACH": "No", "HAND_PRKG": null, "RESTRM": "N", "SHOWER": "N", "PIC_TABLE": "No", "VEH_ACCESS": " ", "BIKE_RACK": "Yes", "SURV_DATE": 1197504000000.0, "COMMENT_": "overlook with gazebo - benches", "PRKG_COMMENTS": " ", "COUNTY": "Dare", "DCM_RO": "Elizabeth City Regional Office", "NCDCM_ID": 1162.0, "PHOTO": "ecity_kdh_wthird_124.png", "PRK_FEE": null, "DCM_Funded": "Y", "CONTRACT_YR": null, "CONTRACT_NUM": null, "ACESS_TYPE": "Shoreline", "KayakCanoeLaunch": "No", "PARKING_OPTIONS": "No Parking", "BeachWheelchair": "Y", "BWC_Info": "https://www.kdhnc.com/257/Ocean-Rescue-Division", "PaidParkURL": "n/a", "WaterAccessTYPE": "Estuarine", "BeachMat": null, "Land_Status": "Municipality", "NEAR_FID": 716.0, "NEAR_DIST": 4606.7329777890045, "ACCESSIBILITY_NOTES": null, "LIFEGUARDS": null }, "geometry": { "type": "Point", "coordinates": [ -75.683849768464896, 36.029564843896203 ] } },
{ "type": "Feature", "properties": { "ACCESS_ID": "First Street Ocean Access", "OBJECTID": 718, "PLACE": "Kill Devil Hills", "ACCESS_LOC": "First Street and North Virginia Dare Trail", "LOCL_SPONS": "Town of Kill Devil Hills", "CAMA_SIGN": "Yes", "PARKING": 26.0, "DUNE_WALK": "N", "OVERLOOK": "Yes", "HAND_DUNE": "Yes", "HAND_OVRLK": "No", "HAND_BEACH": "No", "HAND_PRKG": null, "RESTRM": "N", "SHOWER": "Y", "PIC_TABLE": "No", "VEH_ACCESS": "S", "BIKE_RACK": "No", "SURV_DATE": 1554940800000.0, "COMMENT_": " ", "PRKG_COMMENTS": null, "COUNTY": "Dare", "DCM_RO": "Elizabeth City Regional Office", "NCDCM_ID": 1145.0, "PHOTO": "ecity_kdh_efirst_103.png", "PRK_FEE": "No", "DCM_Funded": "N", "CONTRACT_YR": null, "CONTRACT_NUM": null, "ACESS_TYPE": "Beach", "KayakCanoeLaunch": "No", "PARKING_OPTIONS": "Onsite Parking", "BeachWheelchair": "Y", "BWC_Info": "https://www.kdhnc.com/257/Ocean-Rescue-Division", "PaidParkURL": "n/a", "WaterAccessTYPE": "Ocean", "BeachMat": null, "Land_Status": "Municipality", "NEAR_FID": 717.0, "NEAR_DIST": 978.27240428272239, "ACCESSIBILITY_NOTES": null, "LIFEGUARDS": null }, "geometry": { "type": "Point", "coordinates": [ -75.666274503018997, 36.029838440790101 ] } },
{ "type": "Feature", "properties": { "ACCESS_ID": "Second Street Ocean Access", "OBJECTID": 717, "PLACE": "Kill Devil Hills", "ACCESS_LOC": "Second Street and North Virginia Dare Trail", "LOCL_SPONS": "Town of Kill Devil Hills", "CAMA_SIGN": "Yes", "PARKING": 16.0, "DUNE_WALK": "N", "OVERLOOK": "No", "HAND_DUNE": "No", "HAND_OVRLK": "No", "HAND_BEACH": "No", "HAND_PRKG": null, "RESTRM": "N", "SHOWER": "Y", "PIC_TABLE": "No", "VEH_ACCESS": "S", "BIKE_RACK": "No", "SURV_DATE": 1554940800000.0, "COMMENT_": " ", "PRKG_COMMENTS": null, "COUNTY": "Dare", "DCM_RO": "Elizabeth City Regional Office", "NCDCM_ID": 1144.0, "PHOTO": "ecity_kdh_esecond_102.png", "PRK_FEE": "No", "DCM_Funded": "N", "CONTRACT_YR": null, "CONTRACT_NUM": null, "ACESS_TYPE": "Beach", "KayakCanoeLaunch": "No", "PARKING_OPTIONS": "Onsite Parking", "BeachWheelchair": "Y", "BWC_Info": "https://www.kdhnc.com/257/Ocean-Rescue-Division", "PaidParkURL": "n/a", "WaterAccessTYPE": "Ocean", "BeachMat": null, "Land_Status": "Municipality", "NEAR_FID": 718.0, "NEAR_DIST": 978.27240428272239, "ACCESSIBILITY_NOTES": null, "LIFEGUARDS": null }, "geometry": { "type": "Point", "coordinates": [ -75.667590389383193, 36.032304101593702 ] } },
{ "type": "Feature", "properties": { "ACCESS_ID": "Third Street Ocean Access", "OBJECTID": 716, "PLACE": "Kill Devil Hills", "ACCESS_LOC": "E. Third Street and North Virginia Dare Trail", "LOCL_SPONS": "Town of Kill Devil Hills", "CAMA_SIGN": "No", "PARKING": 0.0, "DUNE_WALK": "Y", "OVERLOOK": "No", "HAND_DUNE": "No", "HAND_OVRLK": "No", "HAND_BEACH": "No", "HAND_PRKG": 0.0, "RESTRM": "N", "SHOWER": "Y", "PIC_TABLE": "No", "VEH_ACCESS": "E", "BIKE_RACK": "Yes", "SURV_DATE": 1196812800000.0, "COMMENT_": null, "PRKG_COMMENTS": null, "COUNTY": "Dare", "DCM_RO": "Elizabeth City Regional Office", "NCDCM_ID": 1143.0, "PHOTO": "ecity_kdh_ethird_101.png", "PRK_FEE": null, "DCM_Funded": "Y", "CONTRACT_YR": null, "CONTRACT_NUM": null, "ACESS_TYPE": "Beach", "KayakCanoeLaunch": "No", "PARKING_OPTIONS": "No Parking", "BeachWheelchair": "Y", "BWC_Info": "https://www.kdhnc.com/257/Ocean-Rescue-Division", "PaidParkURL": "n/a", "WaterAccessTYPE": "Ocean", "BeachMat": null, "Land_Status": "Municipality", "NEAR_FID": 715.0, "NEAR_DIST": 987.19647121689047, "ACCESSIBILITY_NOTES": null, "LIFEGUARDS": null }, "geometry": { "type": "Point", "coordinates": [ -75.669531199554498, 36.034553150862997 ] } },
{ "type": "Feature", "properties": { "ACCESS_ID": "Fourth Street Ocean Access", "OBJECTID": 715, "PLACE": "Kill Devil Hills", "ACCESS_LOC": "Fourth Street and North Virginia Dare Trail", "LOCL_SPONS": "Town of Kill Devil Hills", "CAMA_SIGN": "No", "PARKING": 0.0, "DUNE_WALK": "Y", "OVERLOOK": "No", "HAND_DUNE": "No", "HAND_OVRLK": "No", "HAND_BEACH": "No", "HAND_PRKG": 0.0, "RESTRM": "N", "SHOWER": "N", "PIC_TABLE": "No", "VEH_ACCESS": " ", "BIKE_RACK": "No", "SURV_DATE": 1196812800000.0, "COMMENT_": " ", "PRKG_COMMENTS": null, "COUNTY": "Dare", "DCM_RO": "Elizabeth City Regional Office", "NCDCM_ID": 1142.0, "PHOTO": "ecity_kdh_fourth_100.png", "PRK_FEE": null, "DCM_Funded": "N", "CONTRACT_YR": null, "CONTRACT_NUM": null, "ACESS_TYPE": "Beach", "KayakCanoeLaunch": "No", "PARKING_OPTIONS": "No Parking", "BeachWheelchair": "Y", "BWC_Info": "https://www.kdhnc.com/257/Ocean-Rescue-Division", "PaidParkURL": "n/a", "WaterAccessTYPE": "Ocean", "BeachMat": null, "Land_Status": "Municipality", "NEAR_FID": 714.0, "NEAR_DIST": 972.71295704089539, "ACCESSIBILITY_NOTES": null, "LIFEGUARDS": null }, "geometry": { "type": "Point", "coordinates": [ -75.670983609180595, 36.036995001239703 ] } },
{ "type": "Feature", "properties": { "ACCESS_ID": "Fifth Street Ocean Access", "OBJECTID": 714, "PLACE": "Kill Devil Hills", "ACCESS_LOC": "Fifth Street and North Virginia Dare Trail", "LOCL_SPONS": "Town of Kill Devil Hills", "CAMA_SIGN": "No", "PARKING": 0.0, "DUNE_WALK": "N", "OVERLOOK": "No", "HAND_DUNE": "No", "HAND_OVRLK": "No", "HAND_BEACH": "No", "HAND_PRKG": 0.0, "RESTRM": "N", "SHOWER": "N", "PIC_TABLE": "No", "VEH_ACCESS": "E", "BIKE_RACK": "No", "SURV_DATE": 1196812800000.0, "COMMENT_": " ", "PRKG_COMMENTS": null, "COUNTY": "Dare", "DCM_RO": "Elizabeth City Regional Office", "NCDCM_ID": 1141.0, "PHOTO": "ecity_kdh_fifth_099.png", "PRK_FEE": null, "DCM_Funded": "N", "CONTRACT_YR": null, "CONTRACT_NUM": null, "ACESS_TYPE": "Beach", "KayakCanoeLaunch": "No", "PARKING_OPTIONS": "No Parking", "BeachWheelchair": "Y", "BWC_Info": "https://www.kdhnc.com/257/Ocean-Rescue-Division", "PaidParkURL": "n/a", "WaterAccessTYPE": "Ocean", "BeachMat": null, "Land_Status": "Municipality", "NEAR_FID": 715.0, "NEAR_DIST": 972.71295704089539, "ACCESSIBILITY_NOTES": null, "LIFEGUARDS": null }, "geometry": { "type": "Point", "coordinates": [ -75.672334807420199, 36.039431325085303 ] } },
{ "type": "Feature", "properties": { "ACCESS_ID": "Ocean Bay Boulevard Ocean Access", "OBJECTID": 217, "PLACE": "Kill Devil Hills", "ACCESS_LOC": "Ocean Bay Boulevard and North Virginia Dare Trail", "LOCL_SPONS": "Town of Kill Devil Hills", "CAMA_SIGN": "Yes", "PARKING": 35.0, "DUNE_WALK": "Y", "OVERLOOK": "Yes", "HAND_DUNE": "Y", "HAND_OVRLK": "Yes", "HAND_BEACH": "Y", "HAND_PRKG": 2.0, "RESTRM": "Y", "SHOWER": "Y", "PIC_TABLE": "No", "VEH_ACCESS": "E", "BIKE_RACK": "Yes", "SURV_DATE": 1197504000000.0, "COMMENT_": "Handicap accessible to beach", "PRKG_COMMENTS": "24 regular and 3 handicapped parking spaces across", "COUNTY": "Dare", "DCM_RO": "Elizabeth City Regional Office", "NCDCM_ID": 1154.0, "PHOTO": "ecity_kdh_oceanbay_113.png", "PRK_FEE": "No", "DCM_Funded": "Y", "CONTRACT_YR": null, "CONTRACT_NUM": null, "ACESS_TYPE": "Beach", "KayakCanoeLaunch": "No", "PARKING_OPTIONS": "Onsite Parking", "BeachWheelchair": "Y", "BWC_Info": "https://www.kdhnc.com/257/Ocean-Rescue-Division", "PaidParkURL": "n/a", "WaterAccessTYPE": "Ocean", "BeachMat": null, "Land_Status": "Municipality", "NEAR_FID": 219.0, "NEAR_DIST": 323.12528297837525, "ACCESSIBILITY_NOTES": null, "LIFEGUARDS": null }, "geometry": { "type": "Point", "coordinates": [ -75.657332007927494, 36.014801032087298 ] } },
{ "type": "Feature", "properties": { "ACCESS_ID": "Pinehurst Avenue Ocean Access", "OBJECTID": 214, "PLACE": "Kill Devil Hills", "ACCESS_LOC": "Pinehurst Avenue and North Virginia Dare Trail", "LOCL_SPONS": "Town of Kill Devil Hills", "CAMA_SIGN": "Yes", "PARKING": 10.0, "DUNE_WALK": "N", "OVERLOOK": "No", "HAND_DUNE": "No", "HAND_OVRLK": "No", "HAND_BEACH": "No", "HAND_PRKG": null, "RESTRM": "N", "SHOWER": "N", "PIC_TABLE": "No", "VEH_ACCESS": "E", "BIKE_RACK": "No", "SURV_DATE": 1197504000000.0, "COMMENT_": "", "PRKG_COMMENTS": "Unmarked parking", "COUNTY": "Dare", "DCM_RO": "Elizabeth City Regional Office", "NCDCM_ID": 1153.0, "PHOTO": "ecity_kdh_pinehurst_112.png", "PRK_FEE": "No", "DCM_Funded": "N", "CONTRACT_YR": null, "CONTRACT_NUM": null, "ACESS_TYPE": "Beach", "KayakCanoeLaunch": "No", "PARKING_OPTIONS": "Onsite Parking", "BeachWheelchair": "Y", "BWC_Info": "https://www.kdhnc.com/257/Ocean-Rescue-Division", "PaidParkURL": "n/a", "WaterAccessTYPE": "Ocean", "BeachMat": null, "Land_Status": "Municipality", "NEAR_FID": 211.0, "NEAR_DIST": 281.8387480505645, "ACCESSIBILITY_NOTES": null, "LIFEGUARDS": null }, "geometry": { "type": "Point", "coordinates": [ -75.658471849648805, 36.016767251275397 ] } },
{ "type": "Feature", "properties": { "ACCESS_ID": "Sutton Avenue Ocean Access", "OBJECTID": 211, "PLACE": "Kill Devil Hills", "ACCESS_LOC": "Sutton Avenue and North Virginia Dare Trail", "LOCL_SPONS": "Town of Kill Devil Hills", "CAMA_SIGN": "Yes", "PARKING": 44.0, "DUNE_WALK": "Y", "OVERLOOK": "No", "HAND_DUNE": "No", "HAND_OVRLK": "No", "HAND_BEACH": "No", "HAND_PRKG": 2.0, "RESTRM": "N", "SHOWER": "Y", "PIC_TABLE": "No", "VEH_ACCESS": " ", "BIKE_RACK": "Yes", "SURV_DATE": 1554940800000.0, "COMMENT_": "", "PRKG_COMMENTS": null, "COUNTY": "Dare", "DCM_RO": "Elizabeth City Regional Office", "NCDCM_ID": 1152.0, "PHOTO": "ecity_kdh_sutton_111.png", "PRK_FEE": "No", "DCM_Funded": "N", "CONTRACT_YR": null, "CONTRACT_NUM": null, "ACESS_TYPE": "Beach", "KayakCanoeLaunch": "No", "PARKING_OPTIONS": "Both Parking Options", "BeachWheelchair": "Y", "BWC_Info": "https://www.kdhnc.com/257/Ocean-Rescue-Division", "PaidParkURL": "n/a", "WaterAccessTYPE": "Ocean", "BeachMat": null, "Land_Status": "Municipality", "NEAR_FID": 208.0, "NEAR_DIST": 266.65491223497918, "ACCESSIBILITY_NOTES": null, "LIFEGUARDS": null }, "geometry": { "type": "Point", "coordinates": [ -75.658616060693006, 36.017532564281296 ] } },
{ "type": "Feature", "properties": { "ACCESS_ID": "Carlow Avenue Ocean Access", "OBJECTID": 208, "PLACE": "Kill Devil Hills", "ACCESS_LOC": "Carlow Avenue and North Virginia Dare Trail", "LOCL_SPONS": "Town of Kill Devil Hills", "CAMA_SIGN": "Yes", "PARKING": 26.0, "DUNE_WALK": "Y", "OVERLOOK": "Yes", "HAND_DUNE": "Yes", "HAND_OVRLK": "Yes", "HAND_BEACH": "No", "HAND_PRKG": 2.0, "RESTRM": "N", "SHOWER": "Y", "PIC_TABLE": "No", "VEH_ACCESS": " ", "BIKE_RACK": "Yes", "SURV_DATE": 1197504000000.0, "COMMENT_": "", "PRKG_COMMENTS": null, "COUNTY": "Dare", "DCM_RO": "Elizabeth City Regional Office", "NCDCM_ID": 1151.0, "PHOTO": "ecity_kdh_carlowe_110.png", "PRK_FEE": "No", "DCM_Funded": "Y", "CONTRACT_YR": null, "CONTRACT_NUM": null, "ACESS_TYPE": "Beach", "KayakCanoeLaunch": "No", "PARKING_OPTIONS": "Both Parking Options", "BeachWheelchair": "Y", "BWC_Info": "https://www.kdhnc.com/257/Ocean-Rescue-Division", "PaidParkURL": "n/a", "WaterAccessTYPE": "Ocean", "BeachMat": null, "Land_Status": "Municipality", "NEAR_FID": 206.0, "NEAR_DIST": 261.45165798803981, "ACCESSIBILITY_NOTES": null, "LIFEGUARDS": null }, "geometry": { "type": "Point", "coordinates": [ -75.659215927792005, 36.018079456322603 ] } },
{ "type": "Feature", "properties": { "ACCESS_ID": "Raleigh Avenue Ocean Access", "OBJECTID": 206, "PLACE": "Kill Devil Hills", "ACCESS_LOC": "Raleigh Avenue and North Virginia Dare Trail", "LOCL_SPONS": "Town of Kill DevilHills", "CAMA_SIGN": "No", "PARKING": 34.0, "DUNE_WALK": "N", "OVERLOOK": "Yes", "HAND_DUNE": "Yes", "HAND_OVRLK": "Yes", "HAND_BEACH": "No", "HAND_PRKG": 2.0, "RESTRM": "N", "SHOWER": "Y", "PIC_TABLE": "No", "VEH_ACCESS": "E", "BIKE_RACK": "Yes", "SURV_DATE": 1197504000000.0, "COMMENT_": null, "PRKG_COMMENTS": "", "COUNTY": "Dare", "DCM_RO": "Elizabeth City Regional Office", "NCDCM_ID": 1150.0, "PHOTO": "ecity_kdh_raleigh_109.png", "PRK_FEE": "No", "DCM_Funded": "N", "CONTRACT_YR": null, "CONTRACT_NUM": null, "ACESS_TYPE": "Beach", "KayakCanoeLaunch": "No", "PARKING_OPTIONS": "Onsite Parking", "BeachWheelchair": "Y", "BWC_Info": "https://www.kdhnc.com/257/Ocean-Rescue-Division", "PaidParkURL": "n/a", "WaterAccessTYPE": "Ocean", "BeachMat": null, "Land_Status": "Municipality", "NEAR_FID": 208.0, "NEAR_DIST": 261.45165798803981, "ACCESSIBILITY_NOTES": null, "LIFEGUARDS": null }, "geometry": { "type": "Point", "coordinates": [ -75.659797149458896, 36.018620648902797 ] } },
{ "type": "Feature", "properties": { "ACCESS_ID": "Ferris Avenue Ocean Access", "OBJECTID": 722, "PLACE": "Kill Devil Hills", "ACCESS_LOC": "Ferris Avenue and North Virginia Dare Trail", "LOCL_SPONS": "Town of Kill Devil Hills", "CAMA_SIGN": "Yes", "PARKING": 38.0, "DUNE_WALK": "Y", "OVERLOOK": "Yes", "HAND_DUNE": "Yes", "HAND_OVRLK": "Yes", "HAND_BEACH": "No", "HAND_PRKG": 2.0, "RESTRM": "N", "SHOWER": "Y", "PIC_TABLE": "No", "VEH_ACCESS": " ", "BIKE_RACK": "Yes", "SURV_DATE": 1554940800000.0, "COMMENT_": "", "PRKG_COMMENTS": "", "COUNTY": "Dare", "DCM_RO": "Elizabeth City Regional Office", "NCDCM_ID": 1149.0, "PHOTO": "ecity_kdh_ferris_108.png", "PRK_FEE": "No", "DCM_Funded": "Y", "CONTRACT_YR": "2017-18", "CONTRACT_NUM": "7384", "ACESS_TYPE": "Beach", "KayakCanoeLaunch": "No", "PARKING_OPTIONS": "Both Parking Options", "BeachWheelchair": "Y", "BWC_Info": "https://www.kdhnc.com/257/Ocean-Rescue-Division", "PaidParkURL": "n/a", "WaterAccessTYPE": "Ocean", "BeachMat": null, "Land_Status": "Municipality", "NEAR_FID": 721.0, "NEAR_DIST": 264.09299149094772, "ACCESSIBILITY_NOTES": null, "LIFEGUARDS": null }, "geometry": { "type": "Point", "coordinates": [ -75.6601832750124, 36.020046432906497 ] } },
{ "type": "Feature", "properties": { "ACCESS_ID": "Woodmere Avenue Ocean Access", "OBJECTID": 721, "PLACE": "Kill Devil Hills", "ACCESS_LOC": "Woodmere Avenue and North Virginia Dare Trail", "LOCL_SPONS": "Town of Kill Devil Hills", "CAMA_SIGN": "Yes", "PARKING": 54.0, "DUNE_WALK": "Y", "OVERLOOK": "No", "HAND_DUNE": "No", "HAND_OVRLK": "No", "HAND_BEACH": "No", "HAND_PRKG": 4.0, "RESTRM": "N", "SHOWER": "Y", "PIC_TABLE": "No", "VEH_ACCESS": " ", "BIKE_RACK": "Yes", "SURV_DATE": 1196812800000.0, "COMMENT_": null, "PRKG_COMMENTS": null, "COUNTY": "Dare", "DCM_RO": "Elizabeth City Regional Office", "NCDCM_ID": 1148.0, "PHOTO": "ecity_kdh_woodmere_107.png", "PRK_FEE": "No", "DCM_Funded": "Y", "CONTRACT_YR": null, "CONTRACT_NUM": null, "ACESS_TYPE": "Beach", "KayakCanoeLaunch": "No", "PARKING_OPTIONS": "Onsite Parking", "BeachWheelchair": "Y", "BWC_Info": "https://www.kdhnc.com/257/Ocean-Rescue-Division", "PaidParkURL": "n/a", "WaterAccessTYPE": "Ocean", "BeachMat": null, "Land_Status": "Municipality", "NEAR_FID": 722.0, "NEAR_DIST": 264.09299149094772, "ACCESSIBILITY_NOTES": null, "LIFEGUARDS": null }, "geometry": { "type": "Point", "coordinates": [ -75.660589591100205, 36.020692472323397 ] } },
{ "type": "Feature", "properties": { "ACCESS_ID": "W. Hayman Blvd. Estuarine Access", "OBJECTID": 230, "PLACE": "Kill Devil Hills", "ACCESS_LOC": "W. Hayman Blvd. and Bay Drive", "LOCL_SPONS": "Town of Kill Devil Hills", "CAMA_SIGN": "Yes", "PARKING": 5.0, "DUNE_WALK": "N", "OVERLOOK": "No", "HAND_DUNE": "No", "HAND_OVRLK": "No", "HAND_BEACH": "No", "HAND_PRKG": null, "RESTRM": "N", "SHOWER": "N", "PIC_TABLE": "No", "VEH_ACCESS": "No", "BIKE_RACK": "Yes", "SURV_DATE": 1197504000000.0, "COMMENT_": "pier with gazebo - benches", "PRKG_COMMENTS": "Unmarked Parking", "COUNTY": "Dare", "DCM_RO": "Elizabeth City Regional Office", "NCDCM_ID": 1161.0, "PHOTO": "ecity_kdh_whayman_123.png", "PRK_FEE": "No", "DCM_Funded": "Y", "CONTRACT_YR": null, "CONTRACT_NUM": null, "ACESS_TYPE": "Shoreline", "KayakCanoeLaunch": "No", "PARKING_OPTIONS": "Onsite Parking", "BeachWheelchair": "Y", "BWC_Info": "https://www.kdhnc.com/257/Ocean-Rescue-Division", "PaidParkURL": "n/a", "WaterAccessTYPE": "Estuarine", "BeachMat": null, "Land_Status": "Municipality", "NEAR_FID": 401.0, "NEAR_DIST": 1650.415068064875, "ACCESSIBILITY_NOTES": null, "LIFEGUARDS": null }, "geometry": { "type": "Point", "coordinates": [ -75.689069411456998, 36.043424068180897 ] } },
{ "type": "Feature", "properties": { "ACCESS_ID": "Eden Street Ocean Access", "OBJECTID": 713, "PLACE": "Kill Devil Hills", "ACCESS_LOC": "Eden Street and North Virginia Dare Trail", "LOCL_SPONS": "Town of Kill Devil Hills", "CAMA_SIGN": "Yes", "PARKING": 0.0, "DUNE_WALK": "N", "OVERLOOK": "No", "HAND_DUNE": "No", "HAND_OVRLK": "No", "HAND_BEACH": "No", "HAND_PRKG": 0.0, "RESTRM": "N", "SHOWER": "N", "PIC_TABLE": "No", "VEH_ACCESS": " ", "BIKE_RACK": "No", "SURV_DATE": 1196812800000.0, "COMMENT_": " ", "PRKG_COMMENTS": null, "COUNTY": "Dare", "DCM_RO": "Elizabeth City Regional Office", "NCDCM_ID": 1140.0, "PHOTO": "ecity_kdh_eden_098.png", "PRK_FEE": null, "DCM_Funded": "N", "CONTRACT_YR": null, "CONTRACT_NUM": null, "ACESS_TYPE": "Beach", "KayakCanoeLaunch": "No", "PARKING_OPTIONS": "No Parking", "BeachWheelchair": "Y", "BWC_Info": "https://www.kdhnc.com/257/Ocean-Rescue-Division", "PaidParkURL": "n/a", "WaterAccessTYPE": "Ocean", "BeachMat": null, "Land_Status": "Municipality", "NEAR_FID": 708.0, "NEAR_DIST": 522.89355837203584, "ACCESSIBILITY_NOTES": null, "LIFEGUARDS": null }, "geometry": { "type": "Point", "coordinates": [ -75.676327716450203, 36.0455154124788 ] } },
{ "type": "Feature", "properties": { "ACCESS_ID": "Walker Street Ocean Access", "OBJECTID": 708, "PLACE": "Kill Devil Hills", "ACCESS_LOC": "Walker Street and North Virginia Dare Trail", "LOCL_SPONS": "Town of Kill Devil Hills", "CAMA_SIGN": "Yes", "PARKING": 0.0, "DUNE_WALK": "N", "OVERLOOK": "No", "HAND_DUNE": "No", "HAND_OVRLK": "No", "HAND_BEACH": "No", "HAND_PRKG": 0.0, "RESTRM": "N", "SHOWER": "N", "PIC_TABLE": "No", "VEH_ACCESS": "E", "BIKE_RACK": "No", "SURV_DATE": 1196812800000.0, "COMMENT_": " ", "PRKG_COMMENTS": null, "COUNTY": "Dare", "DCM_RO": "Elizabeth City Regional Office", "NCDCM_ID": 1135.0, "PHOTO": "ecity_kdh_walker_093.png", "PRK_FEE": null, "DCM_Funded": "N", "CONTRACT_YR": null, "CONTRACT_NUM": null, "ACESS_TYPE": "Beach", "KayakCanoeLaunch": "No", "PARKING_OPTIONS": "No Parking", "BeachWheelchair": "Y", "BWC_Info": "https://www.kdhnc.com/257/Ocean-Rescue-Division", "PaidParkURL": "n/a", "WaterAccessTYPE": "Ocean", "BeachMat": null, "Land_Status": "Municipality", "NEAR_FID": 713.0, "NEAR_DIST": 522.89355837203584, "ACCESSIBILITY_NOTES": null, "LIFEGUARDS": null }, "geometry": { "type": "Point", "coordinates": [ -75.677096808182398, 36.046808918224599 ] } },
{ "type": "Feature", "properties": { "ACCESS_ID": "Moor Shores Estuarine Access", "OBJECTID": 401, "PLACE": "Kill Devil Hills", "ACCESS_LOC": "3136 Bay Drive", "LOCL_SPONS": "Town of Kill Devil Hills", "CAMA_SIGN": "Yes", "PARKING": 5.0, "DUNE_WALK": "N", "OVERLOOK": "No", "HAND_DUNE": "No", "HAND_OVRLK": "No", "HAND_BEACH": "No", "HAND_PRKG": 1.0, "RESTRM": "N", "SHOWER": "N", "PIC_TABLE": "No", "VEH_ACCESS": "No", "BIKE_RACK": "No", "SURV_DATE": 1647907200000.0, "COMMENT_": "pier with benches on terminus platform ", "PRKG_COMMENTS": " ", "COUNTY": "Dare", "DCM_RO": "WARO", "NCDCM_ID": 1056.0, "PHOTO": "ecity_kdh_moorshores_122.png", "PRK_FEE": "N", "DCM_Funded": "Y", "CONTRACT_YR": "2020-21", "CONTRACT_NUM": "CW17529", "ACESS_TYPE": "Shoreline", "KayakCanoeLaunch": "No", "PARKING_OPTIONS": "Onsite Parking", "BeachWheelchair": "Y", "BWC_Info": "https://www.kdhnc.com/257/Ocean-Rescue-Division", "PaidParkURL": "n/a", "WaterAccessTYPE": "Estuarine", "BeachMat": null, "Land_Status": "Municipality", "NEAR_FID": 229.0, "NEAR_DIST": 1130.7052540823572, "ACCESSIBILITY_NOTES": null, "LIFEGUARDS": null }, "geometry": { "type": "Point", "coordinates": [ -75.689823720512905, 36.047916236483402 ] } },
{ "type": "Feature", "properties": { "ACCESS_ID": "Hayman Boulevard Ocean Access", "OBJECTID": 712, "PLACE": "Kill Devil Hills", "ACCESS_LOC": "Hayman Boulevard and North Virginia Dare Trail", "LOCL_SPONS": "Town of Kill Devil Hills", "CAMA_SIGN": "Yes", "PARKING": 36.0, "DUNE_WALK": "N", "OVERLOOK": "No", "HAND_DUNE": "No", "HAND_OVRLK": "No", "HAND_BEACH": "N", "HAND_PRKG": 4.0, "RESTRM": "N", "SHOWER": "Y", "PIC_TABLE": "No", "VEH_ACCESS": "No", "BIKE_RACK": "No", "SURV_DATE": 1755129600000.0, "COMMENT_": "", "PRKG_COMMENTS": "Parking across N Virginia Dare Trl", "COUNTY": "Dare", "DCM_RO": "Elizabeth City Regional Office", "NCDCM_ID": 1139.0, "PHOTO": "ecity_kdh_ehayman_097.png", "PRK_FEE": "No", "DCM_Funded": "Y", "CONTRACT_YR": "2024-25", "CONTRACT_NUM": "CW53585", "ACESS_TYPE": "Beach", "KayakCanoeLaunch": "No", "PARKING_OPTIONS": "Onsite Parking", "BeachWheelchair": "Y", "BWC_Info": "https://www.kdhnc.com/257/Ocean-Rescue-Division", "PaidParkURL": "n/a", "WaterAccessTYPE": "Ocean", "BeachMat": null, "Land_Status": "Municipality", "NEAR_FID": 711.0, "NEAR_DIST": 531.12865223246672, "ACCESSIBILITY_NOTES": null, "LIFEGUARDS": null }, "geometry": { "type": "Point", "coordinates": [ -75.6778183529849, 36.048189079633602 ] } },
{ "type": "Feature", "properties": { "ACCESS_ID": "Chowan Street Ocean Access", "OBJECTID": 711, "PLACE": "Kill Devil Hills", "ACCESS_LOC": "Chowan Street and North Virginia Dare Trail", "LOCL_SPONS": "Town of Kill Devil Hills", "CAMA_SIGN": "Yes", "PARKING": 0.0, "DUNE_WALK": "N", "OVERLOOK": "No", "HAND_DUNE": "No", "HAND_OVRLK": "No", "HAND_BEACH": "No", "HAND_PRKG": 0.0, "RESTRM": "N", "SHOWER": "N", "PIC_TABLE": "No", "VEH_ACCESS": "S", "BIKE_RACK": "No", "SURV_DATE": 1196812800000.0, "COMMENT_": " ", "PRKG_COMMENTS": null, "COUNTY": "Dare", "DCM_RO": "Elizabeth City Regional Office", "NCDCM_ID": 1138.0, "PHOTO": "ecity_kdh_chowan_096.png", "PRK_FEE": null, "DCM_Funded": "N", "CONTRACT_YR": null, "CONTRACT_NUM": null, "ACESS_TYPE": "Beach", "KayakCanoeLaunch": "No", "PARKING_OPTIONS": "No Parking", "BeachWheelchair": "Y", "BWC_Info": "https://www.kdhnc.com/257/Ocean-Rescue-Division", "PaidParkURL": "n/a", "WaterAccessTYPE": "Ocean", "BeachMat": null, "Land_Status": "Municipality", "NEAR_FID": 712.0, "NEAR_DIST": 531.12865223246672, "ACCESSIBILITY_NOTES": null, "LIFEGUARDS": null }, "geometry": { "type": "Point", "coordinates": [ -75.678758799255903, 36.049432259231899 ] } },
{ "type": "Feature", "properties": { "ACCESS_ID": "W. Arch Street Estuarine Access", "OBJECTID": 229, "PLACE": "Kill Devil Hills", "ACCESS_LOC": "W. Arch Street and Bay Drive", "LOCL_SPONS": "Town of Kill Devil Hills", "CAMA_SIGN": "No", "PARKING": null, "DUNE_WALK": "N", "OVERLOOK": "No", "HAND_DUNE": "No", "HAND_OVRLK": "No", "HAND_BEACH": "No", "HAND_PRKG": null, "RESTRM": "N", "SHOWER": "N", "PIC_TABLE": "No", "VEH_ACCESS": " ", "BIKE_RACK": "Yes", "SURV_DATE": 1210896000000.0, "COMMENT_": "Overlook", "PRKG_COMMENTS": " ", "COUNTY": "Dare", "DCM_RO": "Elizabeth City Regional Office", "NCDCM_ID": 1160.0, "PHOTO": "ecity_kdh_warch_121.png", "PRK_FEE": null, "DCM_Funded": "Y", "CONTRACT_YR": null, "CONTRACT_NUM": null, "ACESS_TYPE": "Shoreline", "KayakCanoeLaunch": "No", "PARKING_OPTIONS": "No Parking", "BeachWheelchair": "Y", "BWC_Info": "https://www.kdhnc.com/257/Ocean-Rescue-Division", "PaidParkURL": "n/a", "WaterAccessTYPE": "Estuarine", "BeachMat": null, "Land_Status": "Municipality", "NEAR_FID": 401.0, "NEAR_DIST": 1130.7052540823572, "ACCESSIBILITY_NOTES": null, "LIFEGUARDS": null }, "geometry": { "type": "Point", "coordinates": [ -75.690755799875305, 36.050928678014898 ] } },
{ "type": "Feature", "properties": { "ACCESS_ID": "Helga Street Ocean Access", "OBJECTID": 710, "PLACE": "Kill Devil Hills", "ACCESS_LOC": "Helga Street and North Virginia Dare Trail", "LOCL_SPONS": "Town of Kill Devil Hills", "CAMA_SIGN": "Yes", "PARKING": 0.0, "DUNE_WALK": "N", "OVERLOOK": "No", "HAND_DUNE": "No", "HAND_OVRLK": "No", "HAND_BEACH": "No", "HAND_PRKG": 0.0, "RESTRM": "N", "SHOWER": "N", "PIC_TABLE": "No", "VEH_ACCESS": "E", "BIKE_RACK": "No", "SURV_DATE": 1196812800000.0, "COMMENT_": " ", "PRKG_COMMENTS": null, "COUNTY": "Dare", "DCM_RO": "Elizabeth City Regional Office", "NCDCM_ID": 1137.0, "PHOTO": "ecity_kdh_helga_095.png", "PRK_FEE": null, "DCM_Funded": "N", "CONTRACT_YR": null, "CONTRACT_NUM": null, "ACESS_TYPE": "Beach", "KayakCanoeLaunch": "No", "PARKING_OPTIONS": "No Parking", "BeachWheelchair": "Y", "BWC_Info": "https://www.kdhnc.com/257/Ocean-Rescue-Division", "PaidParkURL": "n/a", "WaterAccessTYPE": "Ocean", "BeachMat": null, "Land_Status": "Municipality", "NEAR_FID": 709.0, "NEAR_DIST": 461.18632288940694, "ACCESSIBILITY_NOTES": null, "LIFEGUARDS": null }, "geometry": { "type": "Point", "coordinates": [ -75.680937404262707, 36.0528282075623 ] } },
{ "type": "Feature", "properties": { "ACCESS_ID": "Arch Street Ocean Access", "OBJECTID": 709, "PLACE": "Kill Devil Hills", "ACCESS_LOC": "Arch Street and North Virginia Dare Trail", "LOCL_SPONS": "Town of Kill Devil Hills", "CAMA_SIGN": "Yes", "PARKING": 0.0, "DUNE_WALK": "N", "OVERLOOK": "No", "HAND_DUNE": "No", "HAND_OVRLK": "No", "HAND_BEACH": "No", "HAND_PRKG": 0.0, "RESTRM": "N", "SHOWER": "N", "PIC_TABLE": "No", "VEH_ACCESS": "E", "BIKE_RACK": "No", "SURV_DATE": 1196812800000.0, "COMMENT_": " ", "PRKG_COMMENTS": null, "COUNTY": "Dare", "DCM_RO": "Elizabeth City Regional Office", "NCDCM_ID": 1136.0, "PHOTO": "ecity_kdh_earch_094.png", "PRK_FEE": null, "DCM_Funded": "N", "CONTRACT_YR": null, "CONTRACT_NUM": null, "ACESS_TYPE": "Beach", "KayakCanoeLaunch": "No", "PARKING_OPTIONS": "No Parking", "BeachWheelchair": "Y", "BWC_Info": "https://www.kdhnc.com/257/Ocean-Rescue-Division", "PaidParkURL": "n/a", "WaterAccessTYPE": "Ocean", "BeachMat": null, "Land_Status": "Municipality", "NEAR_FID": 710.0, "NEAR_DIST": 461.18632288940694, "ACCESSIBILITY_NOTES": null, "LIFEGUARDS": null }, "geometry": { "type": "Point", "coordinates": [ -75.681680178052005, 36.053942305710798 ] } },
{ "type": "Feature", "properties": { "ACCESS_ID": "Windgrass Circle", "OBJECTID": 404, "PLACE": "Kitty Hawk", "ACCESS_LOC": "3613 Windgrass Circle", "LOCL_SPONS": "Town of Kitty Hawk", "CAMA_SIGN": "No", "PARKING": 6.0, "DUNE_WALK": "N", "OVERLOOK": "No", "HAND_DUNE": "No", "HAND_OVRLK": "No", "HAND_BEACH": "No", "HAND_PRKG": 1.0, "RESTRM": "N", "SHOWER": "N", "PIC_TABLE": "No", "VEH_ACCESS": " ", "BIKE_RACK": "No", "SURV_DATE": 1357776000000.0, "COMMENT_": "adjacent to watefront multi-use path with benches", "PRKG_COMMENTS": " ", "COUNTY": "Dare", "DCM_RO": "Elizabeth City Regional Office", "NCDCM_ID": 1059.0, "PHOTO": "ecity_kh_windgrass_141.png", "PRK_FEE": "No", "DCM_Funded": "Y", "CONTRACT_YR": null, "CONTRACT_NUM": null, "ACESS_TYPE": "Shoreline", "KayakCanoeLaunch": "No", "PARKING_OPTIONS": "Onsite Parking", "BeachWheelchair": "N", "BWC_Info": "n/a", "PaidParkURL": "n/a", "WaterAccessTYPE": "Estuarine", "BeachMat": null, "Land_Status": "Municipality", "NEAR_FID": 229.0, "NEAR_DIST": 1684.4763310425001, "ACCESSIBILITY_NOTES": null, "LIFEGUARDS": null }, "geometry": { "type": "Point", "coordinates": [ -75.693465722439996, 36.054999237700699 ] } },
{ "type": "Feature", "properties": { "ACCESS_ID": "Kitty Hawk Recycling Center and Boat Ramp", "OBJECTID": 266, "PLACE": "Kitty Hawk", "ACCESS_LOC": "4190 Bob Perry Road", "LOCL_SPONS": "Dare County", "CAMA_SIGN": "No", "PARKING": 20.0, "DUNE_WALK": "N", "OVERLOOK": "No", "HAND_DUNE": "No", "HAND_OVRLK": "No", "HAND_BEACH": "No", "HAND_PRKG": 2.0, "RESTRM": "N", "SHOWER": "N", "PIC_TABLE": "Yes", "VEH_ACCESS": " ", "BIKE_RACK": "Yes", "SURV_DATE": 1196812800000.0, "COMMENT_": "Pier with benches", "PRKG_COMMENTS": "Boat ramp and boat trailer parking", "COUNTY": "Dare", "DCM_RO": "Elizabeth City Regional Office", "NCDCM_ID": 1176.0, "PHOTO": "ecity_kh_recyclecenter_140.png", "PRK_FEE": "No", "DCM_Funded": "Y", "CONTRACT_YR": null, "CONTRACT_NUM": null, "ACESS_TYPE": "Shoreline", "KayakCanoeLaunch": "No", "PARKING_OPTIONS": "Both Parking Options", "BeachWheelchair": "N", "BWC_Info": "n/a", "PaidParkURL": "n/a", "WaterAccessTYPE": "Estuarine", "BeachMat": null, "Land_Status": "Municipality", "NEAR_FID": 403.0, "NEAR_DIST": 2990.2782760679811, "ACCESSIBILITY_NOTES": null, "LIFEGUARDS": null }, "geometry": { "type": "Point", "coordinates": [ -75.722379844998997, 36.0644722746772 ] } },
{ "type": "Feature", "properties": { "ACCESS_ID": "Kitty Hawk Bathhouse Ocean Access", "OBJECTID": 236, "PLACE": "Kitty Hawk", "ACCESS_LOC": "3840 North Virginia Dare Trail/NC 12", "LOCL_SPONS": "Town of Kitty Hawk", "CAMA_SIGN": "Yes", "PARKING": 28.0, "DUNE_WALK": "N", "OVERLOOK": "No", "HAND_DUNE": "No", "HAND_OVRLK": "No", "HAND_BEACH": "Y", "HAND_PRKG": 2.0, "RESTRM": "Y", "SHOWER": "Y", "PIC_TABLE": "No", "VEH_ACCESS": "E", "BIKE_RACK": "No", "SURV_DATE": 1194998400000.0, "COMMENT_": "Handicap accessible to beach", "PRKG_COMMENTS": null, "COUNTY": "Dare", "DCM_RO": "Elizabeth City Regional Office", "NCDCM_ID": 1164.0, "PHOTO": "ecity_kh_bathhouse_127.png", "PRK_FEE": "No", "DCM_Funded": "Y", "CONTRACT_YR": null, "CONTRACT_NUM": null, "ACESS_TYPE": "Beach", "KayakCanoeLaunch": "No", "PARKING_OPTIONS": "Onsite Parking", "BeachWheelchair": "N", "BWC_Info": "n/a", "PaidParkURL": "n/a", "WaterAccessTYPE": "Ocean", "BeachMat": null, "Land_Status": "Municipality", "NEAR_FID": 268.0, "NEAR_DIST": 437.43490578184725, "ACCESSIBILITY_NOTES": null, "LIFEGUARDS": null }, "geometry": { "type": "Point", "coordinates": [ -75.690410118272496, 36.066291873443397 ] } },
{ "type": "Feature", "properties": { "ACCESS_ID": "East Kitty Hawk Road", "OBJECTID": 268, "PLACE": "Kitty Hawk", "ACCESS_LOC": "East Kitty Hawk Rd and NC 12", "LOCL_SPONS": "Town of Kitty Hawk", "CAMA_SIGN": "No", "PARKING": null, "DUNE_WALK": "Y", "OVERLOOK": "Yes", "HAND_DUNE": "No", "HAND_OVRLK": "No", "HAND_BEACH": "No", "HAND_PRKG": null, "RESTRM": "N", "SHOWER": "N", "PIC_TABLE": "No", "VEH_ACCESS": " ", "BIKE_RACK": "Yes", "SURV_DATE": 1386201600000.0, "COMMENT_": " ", "PRKG_COMMENTS": " ", "COUNTY": "Dare", "DCM_RO": "Elizabeth City Regional Office", "NCDCM_ID": 1177.0, "PHOTO": "ecity_kh_ekittyhawk_142.png", "PRK_FEE": null, "DCM_Funded": "Y", "CONTRACT_YR": null, "CONTRACT_NUM": null, "ACESS_TYPE": "Beach", "KayakCanoeLaunch": "No", "PARKING_OPTIONS": "No Parking", "BeachWheelchair": "N", "BWC_Info": "n/a", "PaidParkURL": "n/a", "WaterAccessTYPE": "Ocean", "BeachMat": null, "Land_Status": "Municipality", "NEAR_FID": 236.0, "NEAR_DIST": 437.43490578184725, "ACCESSIBILITY_NOTES": null, "LIFEGUARDS": null }, "geometry": { "type": "Point", "coordinates": [ -75.690762360271805, 36.067458984557298 ] } },
{ "type": "Feature", "properties": { "ACCESS_ID": "Lillian St.", "OBJECTID": 263, "PLACE": "Kitty Hawk", "ACCESS_LOC": "Lillian St. and NC 12", "LOCL_SPONS": "Town of Kitty Hawk", "CAMA_SIGN": "No", "PARKING": 32.0, "DUNE_WALK": "Y", "OVERLOOK": "Yes", "HAND_DUNE": "Yes", "HAND_OVRLK": "Yes", "HAND_BEACH": "No", "HAND_PRKG": 2.0, "RESTRM": "N", "SHOWER": "Y", "PIC_TABLE": "No", "VEH_ACCESS": " ", "BIKE_RACK": "Yes", "SURV_DATE": 1526342400000.0, "COMMENT_": "", "PRKG_COMMENTS": null, "COUNTY": "Dare", "DCM_RO": "Elizabeth City Regional Office", "NCDCM_ID": 1175.0, "PHOTO": "ecity_kh_elillian_138.png", "PRK_FEE": "No", "DCM_Funded": "Y", "CONTRACT_YR": null, "CONTRACT_NUM": null, "ACESS_TYPE": "Beach", "KayakCanoeLaunch": "No", "PARKING_OPTIONS": "Both Parking Options", "BeachWheelchair": "N", "BWC_Info": "n/a", "PaidParkURL": "n/a", "WaterAccessTYPE": "Ocean", "BeachMat": null, "Land_Status": "Municipality", "NEAR_FID": 234.0, "NEAR_DIST": 694.7276479126399, "ACCESSIBILITY_NOTES": null, "LIFEGUARDS": null }, "geometry": { "type": "Point", "coordinates": [ -75.693189778849401, 36.071161482258297 ] } },
{ "type": "Feature", "properties": { "ACCESS_ID": "Sandy Run Park", "OBJECTID": 403, "PLACE": "Kitty Hawk", "ACCESS_LOC": "4343 The Woods Road", "LOCL_SPONS": "Town of Kitty Hawk", "CAMA_SIGN": "No", "PARKING": 19.0, "DUNE_WALK": "N", "OVERLOOK": "No", "HAND_DUNE": "No", "HAND_OVRLK": "No", "HAND_BEACH": "No", "HAND_PRKG": 1.0, "RESTRM": "N", "SHOWER": "N", "PIC_TABLE": "Yes", "VEH_ACCESS": " ", "BIKE_RACK": "No", "SURV_DATE": 1196812800000.0, "COMMENT_": "boardwalk with gazebos - picnic pavilion", "PRKG_COMMENTS": " ", "COUNTY": "Dare", "DCM_RO": "Elizabeth City Regional Office", "NCDCM_ID": 1058.0, "PHOTO": "ecity_kh_sandyrunpark_139.png", "PRK_FEE": "No", "DCM_Funded": "N", "CONTRACT_YR": null, "CONTRACT_NUM": null, "ACESS_TYPE": "Shoreline", "KayakCanoeLaunch": "Yes", "PARKING_OPTIONS": "Onsite Parking", "BeachWheelchair": "N", "BWC_Info": "n/a", "PaidParkURL": "n/a", "WaterAccessTYPE": "Estuarine", "BeachMat": null, "Land_Status": "Municipality", "NEAR_FID": 266.0, "NEAR_DIST": 2990.2782760679811, "ACCESSIBILITY_NOTES": null, "LIFEGUARDS": null }, "geometry": { "type": "Point", "coordinates": [ -75.719633731108104, 36.072378240517502 ] } },
{ "type": "Feature", "properties": { "ACCESS_ID": "Starfish Lane", "OBJECTID": 234, "PLACE": "Kitty Hawk", "ACCESS_LOC": "Starfish Lane & NC 12", "LOCL_SPONS": "Town of Kitty Hawk", "CAMA_SIGN": "Yes", "PARKING": 0.0, "DUNE_WALK": "N", "OVERLOOK": "No", "HAND_DUNE": "No", "HAND_OVRLK": "No", "HAND_BEACH": "No", "HAND_PRKG": 0.0, "RESTRM": "N", "SHOWER": "N", "PIC_TABLE": "No", "VEH_ACCESS": " ", "BIKE_RACK": "No", "SURV_DATE": 1194998400000.0, "COMMENT_": " ", "PRKG_COMMENTS": null, "COUNTY": "Dare", "DCM_RO": "Elizabeth City Regional Office", "NCDCM_ID": 1163.0, "PHOTO": "ecity_kh_starfish_126.png", "PRK_FEE": null, "DCM_Funded": "N", "CONTRACT_YR": null, "CONTRACT_NUM": null, "ACESS_TYPE": "Beach", "KayakCanoeLaunch": "No", "PARKING_OPTIONS": "No Parking", "BeachWheelchair": "N", "BWC_Info": "n/a", "PaidParkURL": "n/a", "WaterAccessTYPE": "Ocean", "BeachMat": null, "Land_Status": "Municipality", "NEAR_FID": 263.0, "NEAR_DIST": 694.7276479126399, "ACCESSIBILITY_NOTES": null, "LIFEGUARDS": null }, "geometry": { "type": "Point", "coordinates": [ -75.694326036292694, 36.072832152535497 ] } },
{ "type": "Feature", "properties": { "ACCESS_ID": "Balchen St.", "OBJECTID": 258, "PLACE": "Kitty Hawk", "ACCESS_LOC": "Balchen St. and NC 12", "LOCL_SPONS": "Town of Kitty Hawk", "CAMA_SIGN": "Yes", "PARKING": 0.0, "DUNE_WALK": "N", "OVERLOOK": "No", "HAND_DUNE": "No", "HAND_OVRLK": "No", "HAND_BEACH": "Y", "HAND_PRKG": 0.0, "RESTRM": "N", "SHOWER": "N", "PIC_TABLE": "No", "VEH_ACCESS": "E", "BIKE_RACK": "No", "SURV_DATE": 1194998400000.0, "COMMENT_": "Handicap accessible to beach", "PRKG_COMMENTS": null, "COUNTY": "Dare", "DCM_RO": "Elizabeth City Regional Office", "NCDCM_ID": 1173.0, "PHOTO": "ecity_kh_balchen_136.png", "PRK_FEE": null, "DCM_Funded": "Y", "CONTRACT_YR": null, "CONTRACT_NUM": null, "ACESS_TYPE": "Beach", "KayakCanoeLaunch": "No", "PARKING_OPTIONS": "On-Street Parking", "BeachWheelchair": "N", "BWC_Info": "n/a", "PaidParkURL": "n/a", "WaterAccessTYPE": "Ocean", "BeachMat": null, "Land_Status": "Municipality", "NEAR_FID": 238.0, "NEAR_DIST": 866.94423461886026, "ACCESSIBILITY_NOTES": null, "LIFEGUARDS": null }, "geometry": { "type": "Point", "coordinates": [ -75.698330837220396, 36.079036603716801 ] } },
{ "type": "Feature", "properties": { "ACCESS_ID": "Hawks St.", "OBJECTID": 238, "PLACE": "Kitty Hawk", "ACCESS_LOC": "Hawks St. and NC 12", "LOCL_SPONS": "Town of Kitty Hawk", "CAMA_SIGN": "Yes", "PARKING": 0.0, "DUNE_WALK": "N", "OVERLOOK": "No", "HAND_DUNE": "No", "HAND_OVRLK": "No", "HAND_BEACH": "Y", "HAND_PRKG": 0.0, "RESTRM": "N", "SHOWER": "N", "PIC_TABLE": "No", "VEH_ACCESS": " ", "BIKE_RACK": "No", "SURV_DATE": 1194998400000.0, "COMMENT_": "Handicap accessible to beach", "PRKG_COMMENTS": null, "COUNTY": "Dare", "DCM_RO": "Elizabeth City Regional Office", "NCDCM_ID": 1165.0, "PHOTO": "ecity_kh_hawks_128.png", "PRK_FEE": null, "DCM_Funded": "N", "CONTRACT_YR": null, "CONTRACT_NUM": null, "ACESS_TYPE": "Beach", "KayakCanoeLaunch": "No", "PARKING_OPTIONS": "On-Street Parking", "BeachWheelchair": "N", "BWC_Info": "n/a", "PaidParkURL": "n/a", "WaterAccessTYPE": "Ocean", "BeachMat": null, "Land_Status": "Municipality", "NEAR_FID": 240.0, "NEAR_DIST": 856.02853208270551, "ACCESSIBILITY_NOTES": null, "LIFEGUARDS": null }, "geometry": { "type": "Point", "coordinates": [ -75.699617812205403, 36.0811767169413 ] } },
{ "type": "Feature", "properties": { "ACCESS_ID": "Wilkins St.", "OBJECTID": 240, "PLACE": "Kitty Hawk", "ACCESS_LOC": "Wilkins St. and NC 12", "LOCL_SPONS": "Town of Kitty Hawk", "CAMA_SIGN": "No", "PARKING": 0.0, "DUNE_WALK": "N", "OVERLOOK": "No", "HAND_DUNE": "No", "HAND_OVRLK": "No", "HAND_BEACH": "Y", "HAND_PRKG": 0.0, "RESTRM": "N", "SHOWER": "N", "PIC_TABLE": "No", "VEH_ACCESS": " ", "BIKE_RACK": "No", "SURV_DATE": 1194998400000.0, "COMMENT_": "Handicap accessible to beach", "PRKG_COMMENTS": null, "COUNTY": "Dare", "DCM_RO": "Elizabeth City Regional Office", "NCDCM_ID": 1166.0, "PHOTO": "ecity_kh_wilkins_129.png", "PRK_FEE": null, "DCM_Funded": "N", "CONTRACT_YR": null, "CONTRACT_NUM": null, "ACESS_TYPE": "Beach", "KayakCanoeLaunch": "No", "PARKING_OPTIONS": "On-Street Parking", "BeachWheelchair": "N", "BWC_Info": "n/a", "PaidParkURL": "n/a", "WaterAccessTYPE": "Ocean", "BeachMat": null, "Land_Status": "Municipality", "NEAR_FID": 238.0, "NEAR_DIST": 856.02853208270551, "ACCESSIBILITY_NOTES": null, "LIFEGUARDS": null }, "geometry": { "type": "Point", "coordinates": [ -75.700916577578596, 36.083278651226401 ] } },
{ "type": "Feature", "properties": { "ACCESS_ID": "Bleriot St.", "OBJECTID": 242, "PLACE": "Kitty Hawk", "ACCESS_LOC": "Bleriot St. and NC 12", "LOCL_SPONS": "Town of Kitty Hawk", "CAMA_SIGN": "No", "PARKING": 0.0, "DUNE_WALK": "N", "OVERLOOK": "No", "HAND_DUNE": "No", "HAND_OVRLK": "No", "HAND_BEACH": "Y", "HAND_PRKG": 0.0, "RESTRM": "N", "SHOWER": "N", "PIC_TABLE": "No", "VEH_ACCESS": " ", "BIKE_RACK": "No", "SURV_DATE": 1194998400000.0, "COMMENT_": "Handicap accessible to beach", "PRKG_COMMENTS": null, "COUNTY": "Dare", "DCM_RO": "Elizabeth City Regional Office", "NCDCM_ID": 1167.0, "PHOTO": "ecity_kh_bleriot_130.png", "PRK_FEE": null, "DCM_Funded": "N", "CONTRACT_YR": null, "CONTRACT_NUM": null, "ACESS_TYPE": "Beach", "KayakCanoeLaunch": "No", "PARKING_OPTIONS": "On-Street Parking", "BeachWheelchair": "N", "BWC_Info": "n/a", "PaidParkURL": "n/a", "WaterAccessTYPE": "Ocean", "BeachMat": null, "Land_Status": "Municipality", "NEAR_FID": 240.0, "NEAR_DIST": 857.64856996225615, "ACCESSIBILITY_NOTES": null, "LIFEGUARDS": null }, "geometry": { "type": "Point", "coordinates": [ -75.702201430743003, 36.085391187204102 ] } },
{ "type": "Feature", "properties": { "ACCESS_ID": "Eckner St.", "OBJECTID": 244, "PLACE": "Kitty Hawk", "ACCESS_LOC": "Eckner St. and NC 12", "LOCL_SPONS": "Town of Kitty Hawk", "CAMA_SIGN": "No", "PARKING": 0.0, "DUNE_WALK": "N", "OVERLOOK": "No", "HAND_DUNE": "No", "HAND_OVRLK": "No", "HAND_BEACH": "Y", "HAND_PRKG": 0.0, "RESTRM": "N", "SHOWER": "N", "PIC_TABLE": "No", "VEH_ACCESS": " ", "BIKE_RACK": "No", "SURV_DATE": 1194998400000.0, "COMMENT_": "Handicap accessible to beach", "PRKG_COMMENTS": null, "COUNTY": "Dare", "DCM_RO": "Elizabeth City Regional Office", "NCDCM_ID": 1168.0, "PHOTO": "ecity_kh_eckner_131.png", "PRK_FEE": null, "DCM_Funded": "N", "CONTRACT_YR": null, "CONTRACT_NUM": null, "ACESS_TYPE": "Beach", "KayakCanoeLaunch": "No", "PARKING_OPTIONS": "On-Street Parking", "BeachWheelchair": "N", "BWC_Info": "n/a", "PaidParkURL": "n/a", "WaterAccessTYPE": "Ocean", "BeachMat": null, "Land_Status": "Municipality", "NEAR_FID": 261.0, "NEAR_DIST": 855.48262146429522, "ACCESSIBILITY_NOTES": null, "LIFEGUARDS": null }, "geometry": { "type": "Point", "coordinates": [ -75.703379471525096, 36.087550298935398 ] } },
{ "type": "Feature", "properties": { "ACCESS_ID": "Luke St.", "OBJECTID": 261, "PLACE": "Kitty Hawk", "ACCESS_LOC": "Luke St. and NC 12", "LOCL_SPONS": "Town of Kitty Hawk", "CAMA_SIGN": "No", "PARKING": null, "DUNE_WALK": "N", "OVERLOOK": "No", "HAND_DUNE": "No", "HAND_OVRLK": "No", "HAND_BEACH": "Y", "HAND_PRKG": null, "RESTRM": "N", "SHOWER": "N", "PIC_TABLE": "No", "VEH_ACCESS": " ", "BIKE_RACK": "No", "SURV_DATE": 1194998400000.0, "COMMENT_": "Handicap accessible to beach", "PRKG_COMMENTS": " ", "COUNTY": "Dare", "DCM_RO": "Elizabeth City Regional Office", "NCDCM_ID": 1174.0, "PHOTO": "ecity_kh_eluke_137.png", "PRK_FEE": null, "DCM_Funded": "N", "CONTRACT_YR": null, "CONTRACT_NUM": null, "ACESS_TYPE": "Beach", "KayakCanoeLaunch": "No", "PARKING_OPTIONS": "No Parking", "BeachWheelchair": "N", "BWC_Info": "n/a", "PaidParkURL": "n/a", "WaterAccessTYPE": "Ocean", "BeachMat": null, "Land_Status": "Municipality", "NEAR_FID": 244.0, "NEAR_DIST": 855.48262146429522, "ACCESSIBILITY_NOTES": null, "LIFEGUARDS": null }, "geometry": { "type": "Point", "coordinates": [ -75.704706235589001, 36.089639029554 ] } },
{ "type": "Feature", "properties": { "ACCESS_ID": "Bennet St.", "OBJECTID": 246, "PLACE": "Kitty Hawk", "ACCESS_LOC": "Bennet St. and NC 12", "LOCL_SPONS": "Town of Kitty Hawk", "CAMA_SIGN": "Yes", "PARKING": 0.0, "DUNE_WALK": "N", "OVERLOOK": "No", "HAND_DUNE": "No", "HAND_OVRLK": "No", "HAND_BEACH": "Y", "HAND_PRKG": 0.0, "RESTRM": "N", "SHOWER": "N", "PIC_TABLE": "No", "VEH_ACCESS": " ", "BIKE_RACK": "No", "SURV_DATE": 1194998400000.0, "COMMENT_": "Handicap accessible to beach", "PRKG_COMMENTS": null, "COUNTY": "Dare", "DCM_RO": "Elizabeth City Regional Office", "NCDCM_ID": 1169.0, "PHOTO": "ecity_kh_bennet_132.png", "PRK_FEE": null, "DCM_Funded": "N", "CONTRACT_YR": null, "CONTRACT_NUM": null, "ACESS_TYPE": "Beach", "KayakCanoeLaunch": "No", "PARKING_OPTIONS": "On-Street Parking", "BeachWheelchair": "N", "BWC_Info": "n/a", "PaidParkURL": "n/a", "WaterAccessTYPE": "Ocean", "BeachMat": null, "Land_Status": "Municipality", "NEAR_FID": 248.0, "NEAR_DIST": 844.02880687314246, "ACCESSIBILITY_NOTES": null, "LIFEGUARDS": null }, "geometry": { "type": "Point", "coordinates": [ -75.7060325055796, 36.0918160110933 ] } },
{ "type": "Feature", "properties": { "ACCESS_ID": "Maynard St.", "OBJECTID": 248, "PLACE": "Kitty Hawk", "ACCESS_LOC": "Maynard St. and NC 12", "LOCL_SPONS": "Town of Kitty Hawk", "CAMA_SIGN": "No", "PARKING": 0.0, "DUNE_WALK": "N", "OVERLOOK": "No", "HAND_DUNE": "No", "HAND_OVRLK": "No", "HAND_BEACH": "No", "HAND_PRKG": 0.0, "RESTRM": "N", "SHOWER": "N", "PIC_TABLE": "No", "VEH_ACCESS": " ", "BIKE_RACK": "No", "SURV_DATE": 1194998400000.0, "COMMENT_": " ", "PRKG_COMMENTS": null, "COUNTY": "Dare", "DCM_RO": "Elizabeth City Regional Office", "NCDCM_ID": 1170.0, "PHOTO": "ecity_kh_maynard_133.png", "PRK_FEE": null, "DCM_Funded": "N", "CONTRACT_YR": null, "CONTRACT_NUM": null, "ACESS_TYPE": "Beach", "KayakCanoeLaunch": "No", "PARKING_OPTIONS": "On-Street Parking", "BeachWheelchair": "N", "BWC_Info": "n/a", "PaidParkURL": "n/a", "WaterAccessTYPE": "Ocean", "BeachMat": null, "Land_Status": "Municipality", "NEAR_FID": 246.0, "NEAR_DIST": 844.02880687314246, "ACCESSIBILITY_NOTES": null, "LIFEGUARDS": null }, "geometry": { "type": "Point", "coordinates": [ -75.707271168270296, 36.093905246086102 ] } },
{ "type": "Feature", "properties": { "ACCESS_ID": "Fonck St.", "OBJECTID": 250, "PLACE": "Kitty Hawk", "ACCESS_LOC": "Fonck St. and NC 12", "LOCL_SPONS": "Town of Kitty Hawk", "CAMA_SIGN": "No", "PARKING": 0.0, "DUNE_WALK": "N", "OVERLOOK": "No", "HAND_DUNE": "No", "HAND_OVRLK": "No", "HAND_BEACH": "Y", "HAND_PRKG": 0.0, "RESTRM": "N", "SHOWER": "N", "PIC_TABLE": "No", "VEH_ACCESS": " ", "BIKE_RACK": "No", "SURV_DATE": 1194998400000.0, "COMMENT_": "Handicap accessible to beach", "PRKG_COMMENTS": null, "COUNTY": "Dare", "DCM_RO": "Elizabeth City Regional Office", "NCDCM_ID": 1171.0, "PHOTO": "ecity_kh_fonck_134.png", "PRK_FEE": null, "DCM_Funded": "N", "CONTRACT_YR": null, "CONTRACT_NUM": null, "ACESS_TYPE": "Beach", "KayakCanoeLaunch": "No", "PARKING_OPTIONS": "On-Street Parking", "BeachWheelchair": "N", "BWC_Info": "n/a", "PaidParkURL": "n/a", "WaterAccessTYPE": "Ocean", "BeachMat": null, "Land_Status": "Municipality", "NEAR_FID": 248.0, "NEAR_DIST": 859.58656848202725, "ACCESSIBILITY_NOTES": null, "LIFEGUARDS": null }, "geometry": { "type": "Point", "coordinates": [ -75.708511370673506, 36.096041231586 ] } },
{ "type": "Feature", "properties": { "ACCESS_ID": "Byrd St.", "OBJECTID": 253, "PLACE": "Kitty Hawk", "ACCESS_LOC": "Byrd St. and NC 12", "LOCL_SPONS": "Town of Kitty Hawk", "CAMA_SIGN": "No", "PARKING": 0.0, "DUNE_WALK": "Y", "OVERLOOK": "Yes", "HAND_DUNE": "Yes", "HAND_OVRLK": "Yes", "HAND_BEACH": "Y", "HAND_PRKG": 3.0, "RESTRM": "N", "SHOWER": "Y", "PIC_TABLE": "No", "VEH_ACCESS": "E", "BIKE_RACK": "Yes", "SURV_DATE": 1194998400000.0, "COMMENT_": "", "PRKG_COMMENTS": "", "COUNTY": "Dare", "DCM_RO": "Elizabeth City Regional Office", "NCDCM_ID": 1172.0, "PHOTO": "ecity_kh_byrd_135.png", "PRK_FEE": "No", "DCM_Funded": "Y", "CONTRACT_YR": null, "CONTRACT_NUM": null, "ACESS_TYPE": "Beach", "KayakCanoeLaunch": "No", "PARKING_OPTIONS": "Both Parking Options", "BeachWheelchair": "N", "BWC_Info": "n/a", "PaidParkURL": "n/a", "WaterAccessTYPE": "Ocean", "BeachMat": null, "Land_Status": "Municipality", "NEAR_FID": 250.0, "NEAR_DIST": 873.76713966984062, "ACCESSIBILITY_NOTES": null, "LIFEGUARDS": null }, "geometry": { "type": "Point", "coordinates": [ -75.709822119572493, 36.098192840941202 ] } },
{ "type": "Feature", "properties": { "ACCESS_ID": "Soundside Park & Boardwalk", "OBJECTID": 582, "PLACE": "Duck", "ACCESS_LOC": "1200 Duck Road", "LOCL_SPONS": "Town of Duck", "CAMA_SIGN": "Yes", "PARKING": 50.0, "DUNE_WALK": "N", "OVERLOOK": "No", "HAND_DUNE": "No", "HAND_OVRLK": "No", "HAND_BEACH": "No", "HAND_PRKG": 3.0, "RESTRM": "N", "SHOWER": "N", "PIC_TABLE": "Yes", "VEH_ACCESS": " ", "BIKE_RACK": "Yes", "SURV_DATE": 1433376000000.0, "COMMENT_": "boardwalk with benches - overlook -  fishing and crabbing area - pier with boat slips - play equipment -walking trail", "PRKG_COMMENTS": " ", "COUNTY": "Dare", "DCM_RO": "Elizabeth City Regional Office", "NCDCM_ID": 1043.0, "PHOTO": "ecity_duck_currsound_069.png", "PRK_FEE": "No", "DCM_Funded": "Y", "CONTRACT_YR": null, "CONTRACT_NUM": null, "ACESS_TYPE": "Shoreline", "KayakCanoeLaunch": "No", "PARKING_OPTIONS": "Onsite Parking", "BeachWheelchair": "N", "BWC_Info": "n/a", "PaidParkURL": "n/a", "WaterAccessTYPE": "Estuarine", "BeachMat": null, "Land_Status": "Municipality", "NEAR_FID": 478.0, "NEAR_DIST": 23485.104389615866, "ACCESSIBILITY_NOTES": null, "LIFEGUARDS": null }, "geometry": { "type": "Point", "coordinates": [ -75.754286896909406, 36.165145736395999 ] } }
]
}
